

INSERT INTO map_places VALUES ('MAP_00000000001296788648248',null,0,0,1,1,null,null,null);
INSERT INTO map_places VALUES ('MAP_00000000001296788648248',null,0,1,1,1,null,null,null);
INSERT INTO map_places VALUES ('MAP_00000000001296788648248',null,0,2,1,1,null,null,null);
INSERT INTO map_places VALUES ('MAP_00000000001296788648248',null,0,3,1,1,null,null,null);
INSERT INTO map_places VALUES ('MAP_00000000001296788648248',null,0,4,1,1,null,null,null);
INSERT INTO map_places VALUES ('MAP_00000000001296788648248',null,0,5,1,1,null,null,null);
INSERT INTO map_places VALUES ('MAP_00000000001296788648248',null,0,6,1,1,null,null,null);
INSERT INTO map_places VALUES ('MAP_00000000001296788648248',null,0,7,1,1,null,null,null);
INSERT INTO map_places VALUES ('MAP_00000000001296788648248',null,0,8,1,1,null,null,null);
INSERT INTO map_places VALUES ('MAP_00000000001296788648248',null,0,9,1,1,null,null,null);
INSERT INTO map_places VALUES ('MAP_00000000001296788648248',null,0,10,1,1,null,null,null);
INSERT INTO map_places VALUES ('MAP_00000000001296788648248',null,0,11,1,1,null,null,null);
INSERT INTO map_places VALUES ('MAP_00000000001296788648248',null,0,12,1,1,null,null,null);
INSERT INTO map_places VALUES ('MAP_00000000001296788648248',null,0,13,1,1,null,null,null);
INSERT INTO map_places VALUES ('MAP_00000000001296788648248',null,0,14,1,1,null,null,null);
INSERT INTO map_places VALUES ('MAP_00000000001296788648248',null,0,15,1,1,null,null,null);
INSERT INTO map_places VALUES ('MAP_00000000001296788648248',null,0,16,1,1,null,null,null);
INSERT INTO map_places VALUES ('MAP_00000000001296788648248',null,0,17,1,1,null,null,null);
INSERT INTO map_places VALUES ('MAP_00000000001296788648248',null,0,18,1,1,null,null,null);
INSERT INTO map_places VALUES ('MAP_00000000001296788648248',null,0,19,1,1,null,null,null);
INSERT INTO map_places VALUES ('MAP_00000000001296788648248',null,0,20,1,1,null,null,null);
INSERT INTO map_places VALUES ('MAP_00000000001296788648248',null,0,21,1,1,null,null,null);
INSERT INTO map_places VALUES ('MAP_00000000001296788648248',null,0,22,0,1,'MAP_00000000000000000000002',128,52);
INSERT INTO map_places VALUES ('MAP_00000000001296788648248',null,0,23,0,1,'MAP_00000000000000000000002',128,52);
INSERT INTO map_places VALUES ('MAP_00000000001296788648248',null,0,24,0,1,'MAP_00000000000000000000002',128,52);
INSERT INTO map_places VALUES ('MAP_00000000001296788648248',null,0,25,1,1,null,null,null);
INSERT INTO map_places VALUES ('MAP_00000000001296788648248',null,0,26,1,1,null,null,null);
INSERT INTO map_places VALUES ('MAP_00000000001296788648248',null,0,27,1,1,null,null,null);
INSERT INTO map_places VALUES ('MAP_00000000001296788648248',null,0,28,1,1,null,null,null);
INSERT INTO map_places VALUES ('MAP_00000000001296788648248',null,0,29,1,1,null,null,null);
INSERT INTO map_places VALUES ('MAP_00000000001296788648248',null,0,30,1,1,null,null,null);
INSERT INTO map_places VALUES ('MAP_00000000001296788648248',null,0,31,1,1,null,null,null);
INSERT INTO map_places VALUES ('MAP_00000000001296788648248',null,0,32,1,1,null,null,null);
INSERT INTO map_places VALUES ('MAP_00000000001296788648248',null,0,33,1,1,null,null,null);
INSERT INTO map_places VALUES ('MAP_00000000001296788648248',null,0,34,1,1,null,null,null);
INSERT INTO map_places VALUES ('MAP_00000000001296788648248',null,0,35,1,1,null,null,null);
INSERT INTO map_places VALUES ('MAP_00000000001296788648248',null,0,36,1,1,null,null,null);
INSERT INTO map_places VALUES ('MAP_00000000001296788648248',null,0,37,1,1,null,null,null);
INSERT INTO map_places VALUES ('MAP_00000000001296788648248',null,0,38,1,1,null,null,null);
INSERT INTO map_places VALUES ('MAP_00000000001296788648248',null,0,39,1,1,null,null,null);
INSERT INTO map_places VALUES ('MAP_00000000001296788648248',null,0,40,1,1,null,null,null);
INSERT INTO map_places VALUES ('MAP_00000000001296788648248',null,0,41,1,1,null,null,null);
INSERT INTO map_places VALUES ('MAP_00000000001296788648248',null,0,42,1,1,null,null,null);
INSERT INTO map_places VALUES ('MAP_00000000001296788648248',null,0,43,1,1,null,null,null);
INSERT INTO map_places VALUES ('MAP_00000000001296788648248',null,0,44,1,1,null,null,null);
INSERT INTO map_places VALUES ('MAP_00000000001296788648248',null,0,45,1,1,null,null,null);
INSERT INTO map_places VALUES ('MAP_00000000001296788648248',null,0,46,1,1,null,null,null);
INSERT INTO map_places VALUES ('MAP_00000000001296788648248',null,0,47,1,1,null,null,null);
INSERT INTO map_places VALUES ('MAP_00000000001296788648248',null,0,48,1,1,null,null,null);
INSERT INTO map_places VALUES ('MAP_00000000001296788648248',null,0,49,1,1,null,null,null);
INSERT INTO map_places VALUES ('MAP_00000000001296788648248',null,0,50,1,1,null,null,null);
INSERT INTO map_places VALUES ('MAP_00000000001296788648248',null,0,51,1,1,null,null,null);
INSERT INTO map_places VALUES ('MAP_00000000001296788648248',null,0,52,1,1,null,null,null);
INSERT INTO map_places VALUES ('MAP_00000000001296788648248',null,0,53,1,1,null,null,null);
INSERT INTO map_places VALUES ('MAP_00000000001296788648248',null,0,54,1,1,null,null,null);
INSERT INTO map_places VALUES ('MAP_00000000001296788648248',null,0,55,1,1,null,null,null);
INSERT INTO map_places VALUES ('MAP_00000000001296788648248',null,0,56,1,1,null,null,null);
INSERT INTO map_places VALUES ('MAP_00000000001296788648248',null,0,57,1,1,null,null,null);
INSERT INTO map_places VALUES ('MAP_00000000001296788648248',null,0,58,1,1,null,null,null);
INSERT INTO map_places VALUES ('MAP_00000000001296788648248',null,0,59,1,1,null,null,null);
INSERT INTO map_places VALUES ('MAP_00000000001296788648248',null,0,60,1,1,null,null,null);
INSERT INTO map_places VALUES ('MAP_00000000001296788648248',null,0,61,1,1,null,null,null);
INSERT INTO map_places VALUES ('MAP_00000000001296788648248',null,0,62,1,1,null,null,null);
INSERT INTO map_places VALUES ('MAP_00000000001296788648248',null,0,63,1,1,null,null,null);
INSERT INTO map_places VALUES ('MAP_00000000001296788648248',null,1,0,1,1,null,null,null);
INSERT INTO map_places VALUES ('MAP_00000000001296788648248',null,1,1,0,1,null,null,null);
INSERT INTO map_places VALUES ('MAP_00000000001296788648248',null,1,2,0,1,null,null,null);
INSERT INTO map_places VALUES ('MAP_00000000001296788648248',null,1,3,0,1,null,null,null);
INSERT INTO map_places VALUES ('MAP_00000000001296788648248',null,1,4,1,1,null,null,null);
INSERT INTO map_places VALUES ('MAP_00000000001296788648248',null,1,5,0,1,null,null,null);
INSERT INTO map_places VALUES ('MAP_00000000001296788648248',null,1,6,0,1,null,null,null);
INSERT INTO map_places VALUES ('MAP_00000000001296788648248',null,1,7,0,1,null,null,null);
INSERT INTO map_places VALUES ('MAP_00000000001296788648248',null,1,8,0,1,null,null,null);
INSERT INTO map_places VALUES ('MAP_00000000001296788648248',null,1,9,0,1,null,null,null);
INSERT INTO map_places VALUES ('MAP_00000000001296788648248',null,1,10,0,1,null,null,null);
INSERT INTO map_places VALUES ('MAP_00000000001296788648248',null,1,11,0,1,null,null,null);
INSERT INTO map_places VALUES ('MAP_00000000001296788648248',null,1,12,0,1,null,null,null);
INSERT INTO map_places VALUES ('MAP_00000000001296788648248',null,1,13,0,1,null,null,null);
INSERT INTO map_places VALUES ('MAP_00000000001296788648248',null,1,14,0,1,null,null,null);
INSERT INTO map_places VALUES ('MAP_00000000001296788648248',null,1,15,0,1,null,null,null);
INSERT INTO map_places VALUES ('MAP_00000000001296788648248',null,1,16,1,1,null,null,null);
INSERT INTO map_places VALUES ('MAP_00000000001296788648248',null,1,17,0,1,null,null,null);
INSERT INTO map_places VALUES ('MAP_00000000001296788648248',null,1,18,0,1,null,null,null);
INSERT INTO map_places VALUES ('MAP_00000000001296788648248',null,1,19,0,1,null,null,null);
INSERT INTO map_places VALUES ('MAP_00000000001296788648248',null,1,20,1,1,null,null,null);
INSERT INTO map_places VALUES ('MAP_00000000001296788648248',null,1,21,0,1,null,null,null);
INSERT INTO map_places VALUES ('MAP_00000000001296788648248',null,1,22,0,1,null,null,null);
INSERT INTO map_places VALUES ('MAP_00000000001296788648248',null,1,23,0,1,null,null,null);
INSERT INTO map_places VALUES ('MAP_00000000001296788648248',null,1,24,0,1,null,null,null);
INSERT INTO map_places VALUES ('MAP_00000000001296788648248','PLAC_00000000000000000000002',1,25,0,1,null,null,null);
INSERT INTO map_places VALUES ('MAP_00000000001296788648248',null,1,26,1,1,null,null,null);
INSERT INTO map_places VALUES ('MAP_00000000001296788648248',null,1,27,0,1,null,null,null);
INSERT INTO map_places VALUES ('MAP_00000000001296788648248',null,1,28,0,1,null,null,null);
INSERT INTO map_places VALUES ('MAP_00000000001296788648248',null,1,29,0,1,null,null,null);
INSERT INTO map_places VALUES ('MAP_00000000001296788648248',null,1,30,1,1,null,null,null);
INSERT INTO map_places VALUES ('MAP_00000000001296788648248',null,1,31,0,1,null,null,null);
INSERT INTO map_places VALUES ('MAP_00000000001296788648248',null,1,32,0,1,null,null,null);
INSERT INTO map_places VALUES ('MAP_00000000001296788648248',null,1,33,0,1,null,null,null);
INSERT INTO map_places VALUES ('MAP_00000000001296788648248',null,1,34,0,1,null,null,null);
INSERT INTO map_places VALUES ('MAP_00000000001296788648248',null,1,35,0,1,null,null,null);
INSERT INTO map_places VALUES ('MAP_00000000001296788648248',null,1,36,0,1,null,null,null);
INSERT INTO map_places VALUES ('MAP_00000000001296788648248',null,1,37,0,1,null,null,null);
INSERT INTO map_places VALUES ('MAP_00000000001296788648248',null,1,38,0,1,null,null,null);
INSERT INTO map_places VALUES ('MAP_00000000001296788648248',null,1,39,0,1,null,null,null);
INSERT INTO map_places VALUES ('MAP_00000000001296788648248',null,1,40,0,1,null,null,null);
INSERT INTO map_places VALUES ('MAP_00000000001296788648248',null,1,41,0,1,null,null,null);
INSERT INTO map_places VALUES ('MAP_00000000001296788648248',null,1,42,0,1,null,null,null);
INSERT INTO map_places VALUES ('MAP_00000000001296788648248',null,1,43,0,1,null,null,null);
INSERT INTO map_places VALUES ('MAP_00000000001296788648248',null,1,44,0,1,null,null,null);
INSERT INTO map_places VALUES ('MAP_00000000001296788648248',null,1,45,0,1,null,null,null);
INSERT INTO map_places VALUES ('MAP_00000000001296788648248',null,1,46,0,1,null,null,null);
INSERT INTO map_places VALUES ('MAP_00000000001296788648248',null,1,47,0,1,null,null,null);
INSERT INTO map_places VALUES ('MAP_00000000001296788648248',null,1,48,0,1,null,null,null);
INSERT INTO map_places VALUES ('MAP_00000000001296788648248',null,1,49,0,1,null,null,null);
INSERT INTO map_places VALUES ('MAP_00000000001296788648248',null,1,50,0,1,null,null,null);
INSERT INTO map_places VALUES ('MAP_00000000001296788648248',null,1,51,0,1,null,null,null);
INSERT INTO map_places VALUES ('MAP_00000000001296788648248',null,1,52,0,1,null,null,null);
INSERT INTO map_places VALUES ('MAP_00000000001296788648248',null,1,53,0,1,null,null,null);
INSERT INTO map_places VALUES ('MAP_00000000001296788648248',null,1,54,0,1,null,null,null);
INSERT INTO map_places VALUES ('MAP_00000000001296788648248',null,1,55,0,1,null,null,null);
INSERT INTO map_places VALUES ('MAP_00000000001296788648248',null,1,56,0,1,null,null,null);
INSERT INTO map_places VALUES ('MAP_00000000001296788648248',null,1,57,0,1,null,null,null);
INSERT INTO map_places VALUES ('MAP_00000000001296788648248',null,1,58,0,1,null,null,null);
INSERT INTO map_places VALUES ('MAP_00000000001296788648248',null,1,59,0,1,null,null,null);
INSERT INTO map_places VALUES ('MAP_00000000001296788648248',null,1,60,0,1,null,null,null);
INSERT INTO map_places VALUES ('MAP_00000000001296788648248',null,1,61,0,1,null,null,null);
INSERT INTO map_places VALUES ('MAP_00000000001296788648248',null,1,62,0,1,null,null,null);
INSERT INTO map_places VALUES ('MAP_00000000001296788648248',null,1,63,1,1,null,null,null);
INSERT INTO map_places VALUES ('MAP_00000000001296788648248',null,2,0,1,1,null,null,null);
INSERT INTO map_places VALUES ('MAP_00000000001296788648248',null,2,1,0,1,null,null,null);
INSERT INTO map_places VALUES ('MAP_00000000001296788648248',null,2,2,0,1,null,null,null);
INSERT INTO map_places VALUES ('MAP_00000000001296788648248',null,2,3,0,1,null,null,null);
INSERT INTO map_places VALUES ('MAP_00000000001296788648248',null,2,4,0,1,null,null,null);
INSERT INTO map_places VALUES ('MAP_00000000001296788648248',null,2,5,0,1,null,null,null);
INSERT INTO map_places VALUES ('MAP_00000000001296788648248',null,2,6,0,1,null,null,null);
INSERT INTO map_places VALUES ('MAP_00000000001296788648248',null,2,7,0,1,null,null,null);
INSERT INTO map_places VALUES ('MAP_00000000001296788648248',null,2,8,0,1,null,null,null);
INSERT INTO map_places VALUES ('MAP_00000000001296788648248',null,2,9,0,1,null,null,null);
INSERT INTO map_places VALUES ('MAP_00000000001296788648248',null,2,10,0,1,null,null,null);
INSERT INTO map_places VALUES ('MAP_00000000001296788648248',null,2,11,0,1,null,null,null);
INSERT INTO map_places VALUES ('MAP_00000000001296788648248',null,2,12,0,1,null,null,null);
INSERT INTO map_places VALUES ('MAP_00000000001296788648248',null,2,13,0,1,null,null,null);
INSERT INTO map_places VALUES ('MAP_00000000001296788648248',null,2,14,0,1,null,null,null);
INSERT INTO map_places VALUES ('MAP_00000000001296788648248',null,2,15,0,1,null,null,null);
INSERT INTO map_places VALUES ('MAP_00000000001296788648248',null,2,16,1,1,null,null,null);
INSERT INTO map_places VALUES ('MAP_00000000001296788648248',null,2,17,0,1,null,null,null);
INSERT INTO map_places VALUES ('MAP_00000000001296788648248',null,2,18,0,1,null,null,null);
INSERT INTO map_places VALUES ('MAP_00000000001296788648248',null,2,19,0,1,null,null,null);
INSERT INTO map_places VALUES ('MAP_00000000001296788648248',null,2,20,0,1,null,null,null);
INSERT INTO map_places VALUES ('MAP_00000000001296788648248',null,2,21,0,1,null,null,null);
INSERT INTO map_places VALUES ('MAP_00000000001296788648248',null,2,22,0,1,null,null,null);
INSERT INTO map_places VALUES ('MAP_00000000001296788648248',null,2,23,0,1,null,null,null);
INSERT INTO map_places VALUES ('MAP_00000000001296788648248',null,2,24,0,1,null,null,null);
INSERT INTO map_places VALUES ('MAP_00000000001296788648248',null,2,25,0,1,null,null,null);
INSERT INTO map_places VALUES ('MAP_00000000001296788648248',null,2,26,0,1,null,null,null);
INSERT INTO map_places VALUES ('MAP_00000000001296788648248',null,2,27,0,1,null,null,null);
INSERT INTO map_places VALUES ('MAP_00000000001296788648248',null,2,28,0,1,null,null,null);
INSERT INTO map_places VALUES ('MAP_00000000001296788648248',null,2,29,0,1,null,null,null);
INSERT INTO map_places VALUES ('MAP_00000000001296788648248',null,2,30,1,1,null,null,null);
INSERT INTO map_places VALUES ('MAP_00000000001296788648248',null,2,31,0,1,null,null,null);
INSERT INTO map_places VALUES ('MAP_00000000001296788648248',null,2,32,0,1,null,null,null);
INSERT INTO map_places VALUES ('MAP_00000000001296788648248',null,2,33,0,1,null,null,null);
INSERT INTO map_places VALUES ('MAP_00000000001296788648248',null,2,34,0,1,null,null,null);
INSERT INTO map_places VALUES ('MAP_00000000001296788648248',null,2,35,0,1,null,null,null);
INSERT INTO map_places VALUES ('MAP_00000000001296788648248',null,2,36,0,1,null,null,null);
INSERT INTO map_places VALUES ('MAP_00000000001296788648248',null,2,37,0,1,null,null,null);
INSERT INTO map_places VALUES ('MAP_00000000001296788648248',null,2,38,0,1,null,null,null);
INSERT INTO map_places VALUES ('MAP_00000000001296788648248',null,2,39,0,1,null,null,null);
INSERT INTO map_places VALUES ('MAP_00000000001296788648248',null,2,40,0,1,null,null,null);
INSERT INTO map_places VALUES ('MAP_00000000001296788648248',null,2,41,0,1,null,null,null);
INSERT INTO map_places VALUES ('MAP_00000000001296788648248',null,2,42,0,1,null,null,null);
INSERT INTO map_places VALUES ('MAP_00000000001296788648248',null,2,43,0,1,null,null,null);
INSERT INTO map_places VALUES ('MAP_00000000001296788648248',null,2,44,0,1,null,null,null);
INSERT INTO map_places VALUES ('MAP_00000000001296788648248',null,2,45,0,1,null,null,null);
INSERT INTO map_places VALUES ('MAP_00000000001296788648248',null,2,46,0,1,null,null,null);
INSERT INTO map_places VALUES ('MAP_00000000001296788648248',null,2,47,0,1,null,null,null);
INSERT INTO map_places VALUES ('MAP_00000000001296788648248',null,2,48,0,1,null,null,null);
INSERT INTO map_places VALUES ('MAP_00000000001296788648248',null,2,49,0,1,null,null,null);
INSERT INTO map_places VALUES ('MAP_00000000001296788648248',null,2,50,0,1,null,null,null);
INSERT INTO map_places VALUES ('MAP_00000000001296788648248',null,2,51,0,1,null,null,null);
INSERT INTO map_places VALUES ('MAP_00000000001296788648248',null,2,52,0,1,null,null,null);
INSERT INTO map_places VALUES ('MAP_00000000001296788648248',null,2,53,0,1,null,null,null);
INSERT INTO map_places VALUES ('MAP_00000000001296788648248',null,2,54,0,1,null,null,null);
INSERT INTO map_places VALUES ('MAP_00000000001296788648248',null,2,55,0,1,null,null,null);
INSERT INTO map_places VALUES ('MAP_00000000001296788648248',null,2,56,0,1,null,null,null);
INSERT INTO map_places VALUES ('MAP_00000000001296788648248',null,2,57,0,1,null,null,null);
INSERT INTO map_places VALUES ('MAP_00000000001296788648248',null,2,58,0,1,null,null,null);
INSERT INTO map_places VALUES ('MAP_00000000001296788648248',null,2,59,0,1,null,null,null);
INSERT INTO map_places VALUES ('MAP_00000000001296788648248',null,2,60,0,1,null,null,null);
INSERT INTO map_places VALUES ('MAP_00000000001296788648248',null,2,61,0,1,null,null,null);
INSERT INTO map_places VALUES ('MAP_00000000001296788648248',null,2,62,0,1,null,null,null);
INSERT INTO map_places VALUES ('MAP_00000000001296788648248',null,2,63,1,1,null,null,null);
INSERT INTO map_places VALUES ('MAP_00000000001296788648248',null,3,0,1,1,null,null,null);
INSERT INTO map_places VALUES ('MAP_00000000001296788648248',null,3,1,0,1,null,null,null);
INSERT INTO map_places VALUES ('MAP_00000000001296788648248',null,3,2,0,1,null,null,null);
INSERT INTO map_places VALUES ('MAP_00000000001296788648248',null,3,3,0,1,null,null,null);
INSERT INTO map_places VALUES ('MAP_00000000001296788648248',null,3,4,1,1,null,null,null);
INSERT INTO map_places VALUES ('MAP_00000000001296788648248','PLAC_00000000001297393036550',3,5,0,1,null,null,null);
INSERT INTO map_places VALUES ('MAP_00000000001296788648248',null,3,6,0,1,null,null,null);
INSERT INTO map_places VALUES ('MAP_00000000001296788648248',null,3,7,0,1,null,null,null);
INSERT INTO map_places VALUES ('MAP_00000000001296788648248',null,3,8,0,1,null,null,null);
INSERT INTO map_places VALUES ('MAP_00000000001296788648248',null,3,9,0,1,null,null,null);
INSERT INTO map_places VALUES ('MAP_00000000001296788648248',null,3,10,0,1,null,null,null);
INSERT INTO map_places VALUES ('MAP_00000000001296788648248',null,3,11,0,1,null,null,null);
INSERT INTO map_places VALUES ('MAP_00000000001296788648248',null,3,12,0,1,null,null,null);
INSERT INTO map_places VALUES ('MAP_00000000001296788648248',null,3,13,0,1,null,null,null);
INSERT INTO map_places VALUES ('MAP_00000000001296788648248',null,3,14,0,1,null,null,null);
INSERT INTO map_places VALUES ('MAP_00000000001296788648248',null,3,15,0,1,null,null,null);
INSERT INTO map_places VALUES ('MAP_00000000001296788648248',null,3,16,1,1,null,null,null);
INSERT INTO map_places VALUES ('MAP_00000000001296788648248',null,3,17,0,1,null,null,null);
INSERT INTO map_places VALUES ('MAP_00000000001296788648248',null,3,18,0,1,null,null,null);
INSERT INTO map_places VALUES ('MAP_00000000001296788648248',null,3,19,0,1,null,null,null);
INSERT INTO map_places VALUES ('MAP_00000000001296788648248',null,3,20,1,1,null,null,null);
INSERT INTO map_places VALUES ('MAP_00000000001296788648248',null,3,21,0,1,null,null,null);
INSERT INTO map_places VALUES ('MAP_00000000001296788648248',null,3,22,0,1,null,null,null);
INSERT INTO map_places VALUES ('MAP_00000000001296788648248',null,3,23,0,1,null,null,null);
INSERT INTO map_places VALUES ('MAP_00000000001296788648248',null,3,24,0,1,null,null,null);
INSERT INTO map_places VALUES ('MAP_00000000001296788648248','PLAC_00000000000000000000001',3,25,0,1,null,null,null);
INSERT INTO map_places VALUES ('MAP_00000000001296788648248',null,3,26,1,1,null,null,null);
INSERT INTO map_places VALUES ('MAP_00000000001296788648248',null,3,27,0,1,null,null,null);
INSERT INTO map_places VALUES ('MAP_00000000001296788648248',null,3,28,0,1,null,null,null);
INSERT INTO map_places VALUES ('MAP_00000000001296788648248',null,3,29,0,1,null,null,null);
INSERT INTO map_places VALUES ('MAP_00000000001296788648248',null,3,30,1,1,null,null,null);
INSERT INTO map_places VALUES ('MAP_00000000001296788648248',null,3,31,0,1,null,null,null);
INSERT INTO map_places VALUES ('MAP_00000000001296788648248',null,3,32,0,1,null,null,null);
INSERT INTO map_places VALUES ('MAP_00000000001296788648248',null,3,33,0,1,null,null,null);
INSERT INTO map_places VALUES ('MAP_00000000001296788648248',null,3,34,0,1,null,null,null);
INSERT INTO map_places VALUES ('MAP_00000000001296788648248',null,3,35,0,1,null,null,null);
INSERT INTO map_places VALUES ('MAP_00000000001296788648248',null,3,36,0,1,null,null,null);
INSERT INTO map_places VALUES ('MAP_00000000001296788648248',null,3,37,0,1,null,null,null);
INSERT INTO map_places VALUES ('MAP_00000000001296788648248',null,3,38,0,1,null,null,null);
INSERT INTO map_places VALUES ('MAP_00000000001296788648248',null,3,39,0,1,null,null,null);
INSERT INTO map_places VALUES ('MAP_00000000001296788648248',null,3,40,0,1,null,null,null);
INSERT INTO map_places VALUES ('MAP_00000000001296788648248',null,3,41,0,1,null,null,null);
INSERT INTO map_places VALUES ('MAP_00000000001296788648248',null,3,42,0,1,null,null,null);
INSERT INTO map_places VALUES ('MAP_00000000001296788648248',null,3,43,0,1,null,null,null);
INSERT INTO map_places VALUES ('MAP_00000000001296788648248',null,3,44,1,1,null,null,null);
INSERT INTO map_places VALUES ('MAP_00000000001296788648248',null,3,45,1,1,null,null,null);
INSERT INTO map_places VALUES ('MAP_00000000001296788648248',null,3,46,1,1,null,null,null);
INSERT INTO map_places VALUES ('MAP_00000000001296788648248',null,3,47,1,1,null,null,null);
INSERT INTO map_places VALUES ('MAP_00000000001296788648248',null,3,48,1,1,null,null,null);
INSERT INTO map_places VALUES ('MAP_00000000001296788648248',null,3,49,1,1,null,null,null);
INSERT INTO map_places VALUES ('MAP_00000000001296788648248',null,3,50,1,1,null,null,null);
INSERT INTO map_places VALUES ('MAP_00000000001296788648248',null,3,51,1,1,null,null,null);
INSERT INTO map_places VALUES ('MAP_00000000001296788648248',null,3,52,1,1,null,null,null);
INSERT INTO map_places VALUES ('MAP_00000000001296788648248',null,3,53,1,1,null,null,null);
INSERT INTO map_places VALUES ('MAP_00000000001296788648248',null,3,54,1,1,null,null,null);
INSERT INTO map_places VALUES ('MAP_00000000001296788648248',null,3,55,1,1,null,null,null);
INSERT INTO map_places VALUES ('MAP_00000000001296788648248',null,3,56,1,1,null,null,null);
INSERT INTO map_places VALUES ('MAP_00000000001296788648248',null,3,57,1,1,null,null,null);
INSERT INTO map_places VALUES ('MAP_00000000001296788648248',null,3,58,1,1,null,null,null);
INSERT INTO map_places VALUES ('MAP_00000000001296788648248',null,3,59,1,1,null,null,null);
INSERT INTO map_places VALUES ('MAP_00000000001296788648248',null,3,60,0,1,null,null,null);
INSERT INTO map_places VALUES ('MAP_00000000001296788648248',null,3,61,0,1,null,null,null);
INSERT INTO map_places VALUES ('MAP_00000000001296788648248',null,3,62,0,1,null,null,null);
INSERT INTO map_places VALUES ('MAP_00000000001296788648248',null,3,63,1,1,null,null,null);
INSERT INTO map_places VALUES ('MAP_00000000001296788648248',null,4,0,1,1,null,null,null);
INSERT INTO map_places VALUES ('MAP_00000000001296788648248',null,4,1,1,1,null,null,null);
INSERT INTO map_places VALUES ('MAP_00000000001296788648248',null,4,2,0,1,null,null,null);
INSERT INTO map_places VALUES ('MAP_00000000001296788648248',null,4,3,1,1,null,null,null);
INSERT INTO map_places VALUES ('MAP_00000000001296788648248',null,4,4,1,1,null,null,null);
INSERT INTO map_places VALUES ('MAP_00000000001296788648248',null,4,5,0,1,null,null,null);
INSERT INTO map_places VALUES ('MAP_00000000001296788648248',null,4,6,0,1,null,null,null);
INSERT INTO map_places VALUES ('MAP_00000000001296788648248',null,4,7,0,1,null,null,null);
INSERT INTO map_places VALUES ('MAP_00000000001296788648248',null,4,8,0,1,null,null,null);
INSERT INTO map_places VALUES ('MAP_00000000001296788648248',null,4,9,0,1,null,null,null);
INSERT INTO map_places VALUES ('MAP_00000000001296788648248',null,4,10,0,1,null,null,null);
INSERT INTO map_places VALUES ('MAP_00000000001296788648248',null,4,11,0,1,null,null,null);
INSERT INTO map_places VALUES ('MAP_00000000001296788648248',null,4,12,0,1,null,null,null);
INSERT INTO map_places VALUES ('MAP_00000000001296788648248',null,4,13,0,1,null,null,null);
INSERT INTO map_places VALUES ('MAP_00000000001296788648248',null,4,14,0,1,null,null,null);
INSERT INTO map_places VALUES ('MAP_00000000001296788648248',null,4,15,0,1,null,null,null);
INSERT INTO map_places VALUES ('MAP_00000000001296788648248',null,4,16,1,1,null,null,null);
INSERT INTO map_places VALUES ('MAP_00000000001296788648248',null,4,17,1,1,null,null,null);
INSERT INTO map_places VALUES ('MAP_00000000001296788648248',null,4,18,0,1,null,null,null);
INSERT INTO map_places VALUES ('MAP_00000000001296788648248',null,4,19,1,1,null,null,null);
INSERT INTO map_places VALUES ('MAP_00000000001296788648248',null,4,20,1,1,null,null,null);
INSERT INTO map_places VALUES ('MAP_00000000001296788648248',null,4,21,0,1,null,null,null);
INSERT INTO map_places VALUES ('MAP_00000000001296788648248',null,4,22,0,1,null,null,null);
INSERT INTO map_places VALUES ('MAP_00000000001296788648248',null,4,23,0,1,null,null,null);
INSERT INTO map_places VALUES ('MAP_00000000001296788648248',null,4,24,0,1,null,null,null);
INSERT INTO map_places VALUES ('MAP_00000000001296788648248','PLAC_00000000000000000000003',4,25,0,1,null,null,null);
INSERT INTO map_places VALUES ('MAP_00000000001296788648248',null,4,26,1,1,null,null,null);
INSERT INTO map_places VALUES ('MAP_00000000001296788648248',null,4,27,1,1,null,null,null);
INSERT INTO map_places VALUES ('MAP_00000000001296788648248',null,4,28,0,1,null,null,null);
INSERT INTO map_places VALUES ('MAP_00000000001296788648248',null,4,29,1,1,null,null,null);
INSERT INTO map_places VALUES ('MAP_00000000001296788648248',null,4,30,1,1,null,null,null);
INSERT INTO map_places VALUES ('MAP_00000000001296788648248',null,4,31,0,1,null,null,null);
INSERT INTO map_places VALUES ('MAP_00000000001296788648248',null,4,32,0,1,null,null,null);
INSERT INTO map_places VALUES ('MAP_00000000001296788648248',null,4,33,0,1,null,null,null);
INSERT INTO map_places VALUES ('MAP_00000000001296788648248',null,4,34,0,1,null,null,null);
INSERT INTO map_places VALUES ('MAP_00000000001296788648248',null,4,35,0,1,null,null,null);
INSERT INTO map_places VALUES ('MAP_00000000001296788648248',null,4,36,0,1,null,null,null);
INSERT INTO map_places VALUES ('MAP_00000000001296788648248',null,4,37,0,1,null,null,null);
INSERT INTO map_places VALUES ('MAP_00000000001296788648248',null,4,38,0,1,null,null,null);
INSERT INTO map_places VALUES ('MAP_00000000001296788648248',null,4,39,0,1,null,null,null);
INSERT INTO map_places VALUES ('MAP_00000000001296788648248',null,4,40,0,1,null,null,null);
INSERT INTO map_places VALUES ('MAP_00000000001296788648248',null,4,41,0,1,null,null,null);
INSERT INTO map_places VALUES ('MAP_00000000001296788648248',null,4,42,0,1,null,null,null);
INSERT INTO map_places VALUES ('MAP_00000000001296788648248',null,4,43,0,1,null,null,null);
INSERT INTO map_places VALUES ('MAP_00000000001296788648248',null,4,44,1,1,null,null,null);
INSERT INTO map_places VALUES ('MAP_00000000001296788648248',null,4,45,0,1,null,null,null);
INSERT INTO map_places VALUES ('MAP_00000000001296788648248',null,4,46,0,1,null,null,null);
INSERT INTO map_places VALUES ('MAP_00000000001296788648248',null,4,47,0,1,null,null,null);
INSERT INTO map_places VALUES ('MAP_00000000001296788648248',null,4,48,0,1,null,null,null);
INSERT INTO map_places VALUES ('MAP_00000000001296788648248',null,4,49,0,1,null,null,null);
INSERT INTO map_places VALUES ('MAP_00000000001296788648248',null,4,50,0,1,null,null,null);
INSERT INTO map_places VALUES ('MAP_00000000001296788648248',null,4,51,0,1,null,null,null);
INSERT INTO map_places VALUES ('MAP_00000000001296788648248',null,4,52,0,1,null,null,null);
INSERT INTO map_places VALUES ('MAP_00000000001296788648248',null,4,53,0,1,null,null,null);
INSERT INTO map_places VALUES ('MAP_00000000001296788648248',null,4,54,0,1,null,null,null);
INSERT INTO map_places VALUES ('MAP_00000000001296788648248',null,4,55,0,1,null,null,null);
INSERT INTO map_places VALUES ('MAP_00000000001296788648248',null,4,56,0,1,null,null,null);
INSERT INTO map_places VALUES ('MAP_00000000001296788648248',null,4,57,1,1,null,null,null);
INSERT INTO map_places VALUES ('MAP_00000000001296788648248',null,4,58,1,1,null,null,null);
INSERT INTO map_places VALUES ('MAP_00000000001296788648248',null,4,59,0,1,null,null,null);
INSERT INTO map_places VALUES ('MAP_00000000001296788648248',null,4,60,0,1,null,null,null);
INSERT INTO map_places VALUES ('MAP_00000000001296788648248',null,4,61,0,1,null,null,null);
INSERT INTO map_places VALUES ('MAP_00000000001296788648248',null,4,62,1,1,null,null,null);
INSERT INTO map_places VALUES ('MAP_00000000001296788648248',null,4,63,1,1,null,null,null);
INSERT INTO map_places VALUES ('MAP_00000000001296788648248',null,5,0,1,1,null,null,null);
INSERT INTO map_places VALUES ('MAP_00000000001296788648248',null,5,1,0,1,null,null,null);
INSERT INTO map_places VALUES ('MAP_00000000001296788648248',null,5,2,0,1,null,null,null);
INSERT INTO map_places VALUES ('MAP_00000000001296788648248',null,5,3,0,1,null,null,null);
INSERT INTO map_places VALUES ('MAP_00000000001296788648248',null,5,4,0,1,null,null,null);
INSERT INTO map_places VALUES ('MAP_00000000001296788648248',null,5,5,0,1,null,null,null);
INSERT INTO map_places VALUES ('MAP_00000000001296788648248',null,5,6,0,1,null,null,null);
INSERT INTO map_places VALUES ('MAP_00000000001296788648248',null,5,7,0,1,null,null,null);
INSERT INTO map_places VALUES ('MAP_00000000001296788648248',null,5,8,0,1,null,null,null);
INSERT INTO map_places VALUES ('MAP_00000000001296788648248',null,5,9,0,1,null,null,null);
INSERT INTO map_places VALUES ('MAP_00000000001296788648248',null,5,10,0,1,null,null,null);
INSERT INTO map_places VALUES ('MAP_00000000001296788648248',null,5,11,0,1,null,null,null);
INSERT INTO map_places VALUES ('MAP_00000000001296788648248',null,5,12,0,1,null,null,null);
INSERT INTO map_places VALUES ('MAP_00000000001296788648248',null,5,13,0,1,null,null,null);
INSERT INTO map_places VALUES ('MAP_00000000001296788648248',null,5,14,0,1,null,null,null);
INSERT INTO map_places VALUES ('MAP_00000000001296788648248',null,5,15,0,1,null,null,null);
INSERT INTO map_places VALUES ('MAP_00000000001296788648248',null,5,16,0,1,null,null,null);
INSERT INTO map_places VALUES ('MAP_00000000001296788648248',null,5,17,0,1,null,null,null);
INSERT INTO map_places VALUES ('MAP_00000000001296788648248',null,5,18,0,1,null,null,null);
INSERT INTO map_places VALUES ('MAP_00000000001296788648248',null,5,19,0,1,null,null,null);
INSERT INTO map_places VALUES ('MAP_00000000001296788648248',null,5,20,0,1,null,null,null);
INSERT INTO map_places VALUES ('MAP_00000000001296788648248',null,5,21,0,1,null,null,null);
INSERT INTO map_places VALUES ('MAP_00000000001296788648248',null,5,22,0,1,null,null,null);
INSERT INTO map_places VALUES ('MAP_00000000001296788648248',null,5,23,0,1,null,null,null);
INSERT INTO map_places VALUES ('MAP_00000000001296788648248',null,5,24,0,1,null,null,null);
INSERT INTO map_places VALUES ('MAP_00000000001296788648248',null,5,25,0,1,null,null,null);
INSERT INTO map_places VALUES ('MAP_00000000001296788648248',null,5,26,0,1,null,null,null);
INSERT INTO map_places VALUES ('MAP_00000000001296788648248',null,5,27,0,1,null,null,null);
INSERT INTO map_places VALUES ('MAP_00000000001296788648248',null,5,28,0,1,null,null,null);
INSERT INTO map_places VALUES ('MAP_00000000001296788648248',null,5,29,0,1,null,null,null);
INSERT INTO map_places VALUES ('MAP_00000000001296788648248',null,5,30,0,1,null,null,null);
INSERT INTO map_places VALUES ('MAP_00000000001296788648248',null,5,31,0,1,null,null,null);
INSERT INTO map_places VALUES ('MAP_00000000001296788648248',null,5,32,0,1,null,null,null);
INSERT INTO map_places VALUES ('MAP_00000000001296788648248',null,5,33,0,1,null,null,null);
INSERT INTO map_places VALUES ('MAP_00000000001296788648248',null,5,34,0,1,null,null,null);
INSERT INTO map_places VALUES ('MAP_00000000001296788648248',null,5,35,0,1,null,null,null);
INSERT INTO map_places VALUES ('MAP_00000000001296788648248',null,5,36,0,1,null,null,null);
INSERT INTO map_places VALUES ('MAP_00000000001296788648248',null,5,37,0,1,null,null,null);
INSERT INTO map_places VALUES ('MAP_00000000001296788648248',null,5,38,0,1,null,null,null);
INSERT INTO map_places VALUES ('MAP_00000000001296788648248',null,5,39,0,1,null,null,null);
INSERT INTO map_places VALUES ('MAP_00000000001296788648248',null,5,40,0,1,null,null,null);
INSERT INTO map_places VALUES ('MAP_00000000001296788648248',null,5,41,0,1,null,null,null);
INSERT INTO map_places VALUES ('MAP_00000000001296788648248',null,5,42,0,1,null,null,null);
INSERT INTO map_places VALUES ('MAP_00000000001296788648248',null,5,43,0,1,null,null,null);
INSERT INTO map_places VALUES ('MAP_00000000001296788648248',null,5,44,1,1,null,null,null);
INSERT INTO map_places VALUES ('MAP_00000000001296788648248',null,5,45,0,1,null,null,null);
INSERT INTO map_places VALUES ('MAP_00000000001296788648248',null,5,46,0,1,null,null,null);
INSERT INTO map_places VALUES ('MAP_00000000001296788648248',null,5,47,0,1,null,null,null);
INSERT INTO map_places VALUES ('MAP_00000000001296788648248',null,5,48,0,1,null,null,null);
INSERT INTO map_places VALUES ('MAP_00000000001296788648248',null,5,49,0,1,null,null,null);
INSERT INTO map_places VALUES ('MAP_00000000001296788648248',null,5,50,0,1,null,null,null);
INSERT INTO map_places VALUES ('MAP_00000000001296788648248',null,5,51,0,1,null,null,null);
INSERT INTO map_places VALUES ('MAP_00000000001296788648248',null,5,52,0,1,null,null,null);
INSERT INTO map_places VALUES ('MAP_00000000001296788648248',null,5,53,0,1,null,null,null);
INSERT INTO map_places VALUES ('MAP_00000000001296788648248',null,5,54,0,1,null,null,null);
INSERT INTO map_places VALUES ('MAP_00000000001296788648248',null,5,55,0,1,null,null,null);
INSERT INTO map_places VALUES ('MAP_00000000001296788648248',null,5,56,0,1,null,null,null);
INSERT INTO map_places VALUES ('MAP_00000000001296788648248',null,5,57,0,1,null,null,null);
INSERT INTO map_places VALUES ('MAP_00000000001296788648248',null,5,58,0,1,null,null,null);
INSERT INTO map_places VALUES ('MAP_00000000001296788648248',null,5,59,0,1,null,null,null);
INSERT INTO map_places VALUES ('MAP_00000000001296788648248',null,5,60,0,1,null,null,null);
INSERT INTO map_places VALUES ('MAP_00000000001296788648248',null,5,61,0,1,null,null,null);
INSERT INTO map_places VALUES ('MAP_00000000001296788648248',null,5,62,0,1,null,null,null);
INSERT INTO map_places VALUES ('MAP_00000000001296788648248',null,5,63,1,1,null,null,null);
INSERT INTO map_places VALUES ('MAP_00000000001296788648248',null,6,0,1,1,null,null,null);
INSERT INTO map_places VALUES ('MAP_00000000001296788648248',null,6,1,0,1,null,null,null);
INSERT INTO map_places VALUES ('MAP_00000000001296788648248',null,6,2,0,1,null,null,null);
INSERT INTO map_places VALUES ('MAP_00000000001296788648248',null,6,3,0,1,null,null,null);
INSERT INTO map_places VALUES ('MAP_00000000001296788648248',null,6,4,0,1,null,null,null);
INSERT INTO map_places VALUES ('MAP_00000000001296788648248',null,6,5,0,1,null,null,null);
INSERT INTO map_places VALUES ('MAP_00000000001296788648248',null,6,6,0,1,null,null,null);
INSERT INTO map_places VALUES ('MAP_00000000001296788648248',null,6,7,0,1,null,null,null);
INSERT INTO map_places VALUES ('MAP_00000000001296788648248',null,6,8,0,1,null,null,null);
INSERT INTO map_places VALUES ('MAP_00000000001296788648248',null,6,9,1,1,null,null,null);
INSERT INTO map_places VALUES ('MAP_00000000001296788648248',null,6,10,1,1,null,null,null);
INSERT INTO map_places VALUES ('MAP_00000000001296788648248',null,6,11,1,1,null,null,null);
INSERT INTO map_places VALUES ('MAP_00000000001296788648248',null,6,12,1,1,null,null,null);
INSERT INTO map_places VALUES ('MAP_00000000001296788648248',null,6,13,1,1,null,null,null);
INSERT INTO map_places VALUES ('MAP_00000000001296788648248',null,6,14,1,1,null,null,null);
INSERT INTO map_places VALUES ('MAP_00000000001296788648248',null,6,15,1,1,null,null,null);
INSERT INTO map_places VALUES ('MAP_00000000001296788648248',null,6,16,1,1,null,null,null);
INSERT INTO map_places VALUES ('MAP_00000000001296788648248',null,6,17,1,1,null,null,null);
INSERT INTO map_places VALUES ('MAP_00000000001296788648248',null,6,18,1,1,null,null,null);
INSERT INTO map_places VALUES ('MAP_00000000001296788648248',null,6,19,1,1,null,null,null);
INSERT INTO map_places VALUES ('MAP_00000000001296788648248',null,6,20,1,1,null,null,null);
INSERT INTO map_places VALUES ('MAP_00000000001296788648248',null,6,21,1,1,null,null,null);
INSERT INTO map_places VALUES ('MAP_00000000001296788648248',null,6,22,0,1,null,null,null);
INSERT INTO map_places VALUES ('MAP_00000000001296788648248',null,6,23,0,1,null,null,null);
INSERT INTO map_places VALUES ('MAP_00000000001296788648248',null,6,24,0,1,null,null,null);
INSERT INTO map_places VALUES ('MAP_00000000001296788648248',null,6,25,1,1,null,null,null);
INSERT INTO map_places VALUES ('MAP_00000000001296788648248',null,6,26,1,1,null,null,null);
INSERT INTO map_places VALUES ('MAP_00000000001296788648248',null,6,27,1,1,null,null,null);
INSERT INTO map_places VALUES ('MAP_00000000001296788648248',null,6,28,1,1,null,null,null);
INSERT INTO map_places VALUES ('MAP_00000000001296788648248',null,6,29,1,1,null,null,null);
INSERT INTO map_places VALUES ('MAP_00000000001296788648248',null,6,30,1,1,null,null,null);
INSERT INTO map_places VALUES ('MAP_00000000001296788648248',null,6,31,1,1,null,null,null);
INSERT INTO map_places VALUES ('MAP_00000000001296788648248',null,6,32,1,1,null,null,null);
INSERT INTO map_places VALUES ('MAP_00000000001296788648248',null,6,33,1,1,null,null,null);
INSERT INTO map_places VALUES ('MAP_00000000001296788648248',null,6,34,1,1,null,null,null);
INSERT INTO map_places VALUES ('MAP_00000000001296788648248',null,6,35,1,1,null,null,null);
INSERT INTO map_places VALUES ('MAP_00000000001296788648248',null,6,36,1,1,null,null,null);
INSERT INTO map_places VALUES ('MAP_00000000001296788648248',null,6,37,1,1,null,null,null);
INSERT INTO map_places VALUES ('MAP_00000000001296788648248',null,6,38,1,1,null,null,null);
INSERT INTO map_places VALUES ('MAP_00000000001296788648248',null,6,39,1,1,null,null,null);
INSERT INTO map_places VALUES ('MAP_00000000001296788648248',null,6,40,1,1,null,null,null);
INSERT INTO map_places VALUES ('MAP_00000000001296788648248',null,6,41,0,1,null,null,null);
INSERT INTO map_places VALUES ('MAP_00000000001296788648248',null,6,42,0,1,null,null,null);
INSERT INTO map_places VALUES ('MAP_00000000001296788648248',null,6,43,0,1,null,null,null);
INSERT INTO map_places VALUES ('MAP_00000000001296788648248',null,6,44,1,1,null,null,null);
INSERT INTO map_places VALUES ('MAP_00000000001296788648248',null,6,45,0,1,null,null,null);
INSERT INTO map_places VALUES ('MAP_00000000001296788648248',null,6,46,0,1,null,null,null);
INSERT INTO map_places VALUES ('MAP_00000000001296788648248',null,6,47,0,1,null,null,null);
INSERT INTO map_places VALUES ('MAP_00000000001296788648248',null,6,48,0,1,null,null,null);
INSERT INTO map_places VALUES ('MAP_00000000001296788648248',null,6,49,0,1,null,null,null);
INSERT INTO map_places VALUES ('MAP_00000000001296788648248',null,6,50,0,1,null,null,null);
INSERT INTO map_places VALUES ('MAP_00000000001296788648248',null,6,51,0,1,null,null,null);
INSERT INTO map_places VALUES ('MAP_00000000001296788648248',null,6,52,0,1,null,null,null);
INSERT INTO map_places VALUES ('MAP_00000000001296788648248',null,6,53,0,1,null,null,null);
INSERT INTO map_places VALUES ('MAP_00000000001296788648248',null,6,54,0,1,null,null,null);
INSERT INTO map_places VALUES ('MAP_00000000001296788648248',null,6,55,0,1,null,null,null);
INSERT INTO map_places VALUES ('MAP_00000000001296788648248',null,6,56,0,1,null,null,null);
INSERT INTO map_places VALUES ('MAP_00000000001296788648248',null,6,57,0,1,null,null,null);
INSERT INTO map_places VALUES ('MAP_00000000001296788648248',null,6,58,0,1,null,null,null);
INSERT INTO map_places VALUES ('MAP_00000000001296788648248',null,6,59,0,1,null,null,null);
INSERT INTO map_places VALUES ('MAP_00000000001296788648248',null,6,60,0,1,null,null,null);
INSERT INTO map_places VALUES ('MAP_00000000001296788648248',null,6,61,0,1,null,null,null);
INSERT INTO map_places VALUES ('MAP_00000000001296788648248',null,6,62,0,1,null,null,null);
INSERT INTO map_places VALUES ('MAP_00000000001296788648248',null,6,63,1,1,null,null,null);
INSERT INTO map_places VALUES ('MAP_00000000001296788648248',null,7,0,1,1,null,null,null);
INSERT INTO map_places VALUES ('MAP_00000000001296788648248',null,7,1,0,1,null,null,null);
INSERT INTO map_places VALUES ('MAP_00000000001296788648248',null,7,2,0,1,null,null,null);
INSERT INTO map_places VALUES ('MAP_00000000001296788648248',null,7,3,0,1,null,null,null);
INSERT INTO map_places VALUES ('MAP_00000000001296788648248',null,7,4,0,1,null,null,null);
INSERT INTO map_places VALUES ('MAP_00000000001296788648248',null,7,5,0,1,null,null,null);
INSERT INTO map_places VALUES ('MAP_00000000001296788648248',null,7,6,0,1,null,null,null);
INSERT INTO map_places VALUES ('MAP_00000000001296788648248',null,7,7,0,1,null,null,null);
INSERT INTO map_places VALUES ('MAP_00000000001296788648248',null,7,8,0,1,null,null,null);
INSERT INTO map_places VALUES ('MAP_00000000001296788648248',null,7,9,1,1,null,null,null);
INSERT INTO map_places VALUES ('MAP_00000000001296788648248',null,7,10,0,1,null,null,null);
INSERT INTO map_places VALUES ('MAP_00000000001296788648248',null,7,11,0,1,null,null,null);
INSERT INTO map_places VALUES ('MAP_00000000001296788648248',null,7,12,0,1,null,null,null);
INSERT INTO map_places VALUES ('MAP_00000000001296788648248',null,7,13,0,1,null,null,null);
INSERT INTO map_places VALUES ('MAP_00000000001296788648248',null,7,14,0,1,null,null,null);
INSERT INTO map_places VALUES ('MAP_00000000001296788648248',null,7,15,0,1,null,null,null);
INSERT INTO map_places VALUES ('MAP_00000000001296788648248',null,7,16,0,1,null,null,null);
INSERT INTO map_places VALUES ('MAP_00000000001296788648248',null,7,17,0,1,null,null,null);
INSERT INTO map_places VALUES ('MAP_00000000001296788648248',null,7,18,0,1,null,null,null);
INSERT INTO map_places VALUES ('MAP_00000000001296788648248',null,7,19,0,1,null,null,null);
INSERT INTO map_places VALUES ('MAP_00000000001296788648248',null,7,20,0,1,null,null,null);
INSERT INTO map_places VALUES ('MAP_00000000001296788648248',null,7,21,1,1,null,null,null);
INSERT INTO map_places VALUES ('MAP_00000000001296788648248',null,7,22,0,1,null,null,null);
INSERT INTO map_places VALUES ('MAP_00000000001296788648248',null,7,23,0,1,null,null,null);
INSERT INTO map_places VALUES ('MAP_00000000001296788648248',null,7,24,0,1,null,null,null);
INSERT INTO map_places VALUES ('MAP_00000000001296788648248',null,7,25,1,1,null,null,null);
INSERT INTO map_places VALUES ('MAP_00000000001296788648248',null,7,26,0,1,null,null,null);
INSERT INTO map_places VALUES ('MAP_00000000001296788648248',null,7,27,0,1,null,null,null);
INSERT INTO map_places VALUES ('MAP_00000000001296788648248',null,7,28,0,1,null,null,null);
INSERT INTO map_places VALUES ('MAP_00000000001296788648248',null,7,29,0,1,null,null,null);
INSERT INTO map_places VALUES ('MAP_00000000001296788648248',null,7,30,0,1,null,null,null);
INSERT INTO map_places VALUES ('MAP_00000000001296788648248',null,7,31,0,1,null,null,null);
INSERT INTO map_places VALUES ('MAP_00000000001296788648248',null,7,32,0,1,null,null,null);
INSERT INTO map_places VALUES ('MAP_00000000001296788648248',null,7,33,0,1,null,null,null);
INSERT INTO map_places VALUES ('MAP_00000000001296788648248',null,7,34,0,1,null,null,null);
INSERT INTO map_places VALUES ('MAP_00000000001296788648248',null,7,35,0,1,null,null,null);
INSERT INTO map_places VALUES ('MAP_00000000001296788648248',null,7,36,0,1,null,null,null);
INSERT INTO map_places VALUES ('MAP_00000000001296788648248',null,7,37,0,1,null,null,null);
INSERT INTO map_places VALUES ('MAP_00000000001296788648248',null,7,38,0,1,null,null,null);
INSERT INTO map_places VALUES ('MAP_00000000001296788648248',null,7,39,0,1,null,null,null);
INSERT INTO map_places VALUES ('MAP_00000000001296788648248',null,7,40,1,1,null,null,null);
INSERT INTO map_places VALUES ('MAP_00000000001296788648248',null,7,41,0,1,null,null,null);
INSERT INTO map_places VALUES ('MAP_00000000001296788648248',null,7,42,0,1,null,null,null);
INSERT INTO map_places VALUES ('MAP_00000000001296788648248',null,7,43,0,1,null,null,null);
INSERT INTO map_places VALUES ('MAP_00000000001296788648248',null,7,44,1,1,null,null,null);
INSERT INTO map_places VALUES ('MAP_00000000001296788648248',null,7,45,0,1,null,null,null);
INSERT INTO map_places VALUES ('MAP_00000000001296788648248',null,7,46,0,1,null,null,null);
INSERT INTO map_places VALUES ('MAP_00000000001296788648248',null,7,47,0,1,null,null,null);
INSERT INTO map_places VALUES ('MAP_00000000001296788648248',null,7,48,1,1,null,null,null);
INSERT INTO map_places VALUES ('MAP_00000000001296788648248',null,7,49,1,1,null,null,null);
INSERT INTO map_places VALUES ('MAP_00000000001296788648248',null,7,50,1,1,null,null,null);
INSERT INTO map_places VALUES ('MAP_00000000001296788648248',null,7,51,1,1,null,null,null);
INSERT INTO map_places VALUES ('MAP_00000000001296788648248',null,7,52,1,1,null,null,null);
INSERT INTO map_places VALUES ('MAP_00000000001296788648248',null,7,53,1,1,null,null,null);
INSERT INTO map_places VALUES ('MAP_00000000001296788648248',null,7,54,1,1,null,null,null);
INSERT INTO map_places VALUES ('MAP_00000000001296788648248',null,7,55,1,1,null,null,null);
INSERT INTO map_places VALUES ('MAP_00000000001296788648248',null,7,56,1,1,null,null,null);
INSERT INTO map_places VALUES ('MAP_00000000001296788648248',null,7,57,1,1,null,null,null);
INSERT INTO map_places VALUES ('MAP_00000000001296788648248',null,7,58,1,1,null,null,null);
INSERT INTO map_places VALUES ('MAP_00000000001296788648248',null,7,59,1,1,null,null,null);
INSERT INTO map_places VALUES ('MAP_00000000001296788648248',null,7,60,1,1,null,null,null);
INSERT INTO map_places VALUES ('MAP_00000000001296788648248',null,7,61,1,1,null,null,null);
INSERT INTO map_places VALUES ('MAP_00000000001296788648248',null,7,62,1,1,null,null,null);
INSERT INTO map_places VALUES ('MAP_00000000001296788648248',null,7,63,1,1,null,null,null);
INSERT INTO map_places VALUES ('MAP_00000000001296788648248',null,8,0,1,1,null,null,null);
INSERT INTO map_places VALUES ('MAP_00000000001296788648248',null,8,1,0,1,null,null,null);
INSERT INTO map_places VALUES ('MAP_00000000001296788648248',null,8,2,0,1,null,null,null);
INSERT INTO map_places VALUES ('MAP_00000000001296788648248',null,8,3,0,1,null,null,null);
INSERT INTO map_places VALUES ('MAP_00000000001296788648248',null,8,4,0,1,null,null,null);
INSERT INTO map_places VALUES ('MAP_00000000001296788648248',null,8,5,0,1,null,null,null);
INSERT INTO map_places VALUES ('MAP_00000000001296788648248',null,8,6,0,1,null,null,null);
INSERT INTO map_places VALUES ('MAP_00000000001296788648248',null,8,7,0,1,null,null,null);
INSERT INTO map_places VALUES ('MAP_00000000001296788648248',null,8,8,0,1,null,null,null);
INSERT INTO map_places VALUES ('MAP_00000000001296788648248',null,8,9,1,1,null,null,null);
INSERT INTO map_places VALUES ('MAP_00000000001296788648248',null,8,10,0,1,null,null,null);
INSERT INTO map_places VALUES ('MAP_00000000001296788648248',null,8,11,0,1,null,null,null);
INSERT INTO map_places VALUES ('MAP_00000000001296788648248',null,8,12,0,1,null,null,null);
INSERT INTO map_places VALUES ('MAP_00000000001296788648248',null,8,13,0,1,null,null,null);
INSERT INTO map_places VALUES ('MAP_00000000001296788648248',null,8,14,0,1,null,null,null);
INSERT INTO map_places VALUES ('MAP_00000000001296788648248',null,8,15,0,1,null,null,null);
INSERT INTO map_places VALUES ('MAP_00000000001296788648248',null,8,16,0,1,null,null,null);
INSERT INTO map_places VALUES ('MAP_00000000001296788648248',null,8,17,0,1,null,null,null);
INSERT INTO map_places VALUES ('MAP_00000000001296788648248',null,8,18,0,1,null,null,null);
INSERT INTO map_places VALUES ('MAP_00000000001296788648248',null,8,19,0,1,null,null,null);
INSERT INTO map_places VALUES ('MAP_00000000001296788648248',null,8,20,0,1,null,null,null);
INSERT INTO map_places VALUES ('MAP_00000000001296788648248',null,8,21,1,1,null,null,null);
INSERT INTO map_places VALUES ('MAP_00000000001296788648248',null,8,22,0,1,null,null,null);
INSERT INTO map_places VALUES ('MAP_00000000001296788648248',null,8,23,0,1,null,null,null);
INSERT INTO map_places VALUES ('MAP_00000000001296788648248',null,8,24,0,1,null,null,null);
INSERT INTO map_places VALUES ('MAP_00000000001296788648248',null,8,25,1,1,null,null,null);
INSERT INTO map_places VALUES ('MAP_00000000001296788648248',null,8,26,0,1,null,null,null);
INSERT INTO map_places VALUES ('MAP_00000000001296788648248',null,8,27,0,1,null,null,null);
INSERT INTO map_places VALUES ('MAP_00000000001296788648248',null,8,28,0,1,null,null,null);
INSERT INTO map_places VALUES ('MAP_00000000001296788648248',null,8,29,0,1,null,null,null);
INSERT INTO map_places VALUES ('MAP_00000000001296788648248',null,8,30,0,1,null,null,null);
INSERT INTO map_places VALUES ('MAP_00000000001296788648248',null,8,31,0,1,null,null,null);
INSERT INTO map_places VALUES ('MAP_00000000001296788648248',null,8,32,0,1,null,null,null);
INSERT INTO map_places VALUES ('MAP_00000000001296788648248',null,8,33,0,1,null,null,null);
INSERT INTO map_places VALUES ('MAP_00000000001296788648248',null,8,34,0,1,null,null,null);
INSERT INTO map_places VALUES ('MAP_00000000001296788648248',null,8,35,0,1,null,null,null);
INSERT INTO map_places VALUES ('MAP_00000000001296788648248',null,8,36,0,1,null,null,null);
INSERT INTO map_places VALUES ('MAP_00000000001296788648248',null,8,37,0,1,null,null,null);
INSERT INTO map_places VALUES ('MAP_00000000001296788648248',null,8,38,0,1,null,null,null);
INSERT INTO map_places VALUES ('MAP_00000000001296788648248',null,8,39,0,1,null,null,null);
INSERT INTO map_places VALUES ('MAP_00000000001296788648248',null,8,40,1,1,null,null,null);
INSERT INTO map_places VALUES ('MAP_00000000001296788648248',null,8,41,0,1,null,null,null);
INSERT INTO map_places VALUES ('MAP_00000000001296788648248',null,8,42,0,1,null,null,null);
INSERT INTO map_places VALUES ('MAP_00000000001296788648248',null,8,43,0,1,null,null,null);
INSERT INTO map_places VALUES ('MAP_00000000001296788648248',null,8,44,1,1,null,null,null);
INSERT INTO map_places VALUES ('MAP_00000000001296788648248',null,8,45,0,1,null,null,null);
INSERT INTO map_places VALUES ('MAP_00000000001296788648248',null,8,46,0,1,null,null,null);
INSERT INTO map_places VALUES ('MAP_00000000001296788648248',null,8,47,0,1,null,null,null);
INSERT INTO map_places VALUES ('MAP_00000000001296788648248',null,8,48,1,1,null,null,null);
INSERT INTO map_places VALUES ('MAP_00000000001296788648248',null,8,49,0,1,null,null,null);
INSERT INTO map_places VALUES ('MAP_00000000001296788648248',null,8,50,0,1,null,null,null);
INSERT INTO map_places VALUES ('MAP_00000000001296788648248',null,8,51,0,1,null,null,null);
INSERT INTO map_places VALUES ('MAP_00000000001296788648248',null,8,52,0,1,null,null,null);
INSERT INTO map_places VALUES ('MAP_00000000001296788648248',null,8,53,0,1,null,null,null);
INSERT INTO map_places VALUES ('MAP_00000000001296788648248',null,8,54,0,1,null,null,null);
INSERT INTO map_places VALUES ('MAP_00000000001296788648248',null,8,55,0,1,null,null,null);
INSERT INTO map_places VALUES ('MAP_00000000001296788648248',null,8,56,0,1,null,null,null);
INSERT INTO map_places VALUES ('MAP_00000000001296788648248',null,8,57,0,1,null,null,null);
INSERT INTO map_places VALUES ('MAP_00000000001296788648248',null,8,58,0,1,null,null,null);
INSERT INTO map_places VALUES ('MAP_00000000001296788648248',null,8,59,0,1,null,null,null);
INSERT INTO map_places VALUES ('MAP_00000000001296788648248',null,8,60,0,1,null,null,null);
INSERT INTO map_places VALUES ('MAP_00000000001296788648248',null,8,61,0,1,null,null,null);
INSERT INTO map_places VALUES ('MAP_00000000001296788648248',null,8,62,0,1,null,null,null);
INSERT INTO map_places VALUES ('MAP_00000000001296788648248',null,8,63,1,1,null,null,null);
INSERT INTO map_places VALUES ('MAP_00000000001296788648248',null,9,0,1,1,null,null,null);
INSERT INTO map_places VALUES ('MAP_00000000001296788648248',null,9,1,1,1,null,null,null);
INSERT INTO map_places VALUES ('MAP_00000000001296788648248',null,9,2,0,1,null,null,null);
INSERT INTO map_places VALUES ('MAP_00000000001296788648248',null,9,3,1,1,null,null,null);
INSERT INTO map_places VALUES ('MAP_00000000001296788648248',null,9,4,1,1,null,null,null);
INSERT INTO map_places VALUES ('MAP_00000000001296788648248',null,9,5,0,1,null,null,null);
INSERT INTO map_places VALUES ('MAP_00000000001296788648248',null,9,6,0,1,null,null,null);
INSERT INTO map_places VALUES ('MAP_00000000001296788648248',null,9,7,0,1,null,null,null);
INSERT INTO map_places VALUES ('MAP_00000000001296788648248',null,9,8,0,1,null,null,null);
INSERT INTO map_places VALUES ('MAP_00000000001296788648248',null,9,9,1,1,null,null,null);
INSERT INTO map_places VALUES ('MAP_00000000001296788648248',null,9,10,0,1,null,null,null);
INSERT INTO map_places VALUES ('MAP_00000000001296788648248',null,9,11,0,1,null,null,null);
INSERT INTO map_places VALUES ('MAP_00000000001296788648248',null,9,12,0,1,null,null,null);
INSERT INTO map_places VALUES ('MAP_00000000001296788648248',null,9,13,0,1,null,null,null);
INSERT INTO map_places VALUES ('MAP_00000000001296788648248',null,9,14,0,1,null,null,null);
INSERT INTO map_places VALUES ('MAP_00000000001296788648248',null,9,15,0,1,null,null,null);
INSERT INTO map_places VALUES ('MAP_00000000001296788648248',null,9,16,0,1,null,null,null);
INSERT INTO map_places VALUES ('MAP_00000000001296788648248',null,9,17,0,1,null,null,null);
INSERT INTO map_places VALUES ('MAP_00000000001296788648248',null,9,18,0,1,null,null,null);
INSERT INTO map_places VALUES ('MAP_00000000001296788648248',null,9,19,0,1,null,null,null);
INSERT INTO map_places VALUES ('MAP_00000000001296788648248',null,9,20,0,1,null,null,null);
INSERT INTO map_places VALUES ('MAP_00000000001296788648248',null,9,21,1,1,null,null,null);
INSERT INTO map_places VALUES ('MAP_00000000001296788648248',null,9,22,0,1,null,null,null);
INSERT INTO map_places VALUES ('MAP_00000000001296788648248',null,9,23,0,1,null,null,null);
INSERT INTO map_places VALUES ('MAP_00000000001296788648248',null,9,24,0,1,null,null,null);
INSERT INTO map_places VALUES ('MAP_00000000001296788648248',null,9,25,1,1,null,null,null);
INSERT INTO map_places VALUES ('MAP_00000000001296788648248',null,9,26,0,1,null,null,null);
INSERT INTO map_places VALUES ('MAP_00000000001296788648248',null,9,27,0,1,null,null,null);
INSERT INTO map_places VALUES ('MAP_00000000001296788648248',null,9,28,0,1,null,null,null);
INSERT INTO map_places VALUES ('MAP_00000000001296788648248',null,9,29,0,1,null,null,null);
INSERT INTO map_places VALUES ('MAP_00000000001296788648248',null,9,30,0,1,null,null,null);
INSERT INTO map_places VALUES ('MAP_00000000001296788648248',null,9,31,0,1,null,null,null);
INSERT INTO map_places VALUES ('MAP_00000000001296788648248',null,9,32,0,1,null,null,null);
INSERT INTO map_places VALUES ('MAP_00000000001296788648248',null,9,33,0,1,null,null,null);
INSERT INTO map_places VALUES ('MAP_00000000001296788648248',null,9,34,0,1,null,null,null);
INSERT INTO map_places VALUES ('MAP_00000000001296788648248',null,9,35,0,1,null,null,null);
INSERT INTO map_places VALUES ('MAP_00000000001296788648248',null,9,36,0,1,null,null,null);
INSERT INTO map_places VALUES ('MAP_00000000001296788648248',null,9,37,0,1,null,null,null);
INSERT INTO map_places VALUES ('MAP_00000000001296788648248',null,9,38,0,1,null,null,null);
INSERT INTO map_places VALUES ('MAP_00000000001296788648248',null,9,39,0,1,null,null,null);
INSERT INTO map_places VALUES ('MAP_00000000001296788648248',null,9,40,1,1,null,null,null);
INSERT INTO map_places VALUES ('MAP_00000000001296788648248',null,9,41,0,1,null,null,null);
INSERT INTO map_places VALUES ('MAP_00000000001296788648248',null,9,42,0,1,null,null,null);
INSERT INTO map_places VALUES ('MAP_00000000001296788648248',null,9,43,0,1,null,null,null);
INSERT INTO map_places VALUES ('MAP_00000000001296788648248',null,9,44,1,1,null,null,null);
INSERT INTO map_places VALUES ('MAP_00000000001296788648248',null,9,45,0,1,null,null,null);
INSERT INTO map_places VALUES ('MAP_00000000001296788648248',null,9,46,0,1,null,null,null);
INSERT INTO map_places VALUES ('MAP_00000000001296788648248',null,9,47,0,1,null,null,null);
INSERT INTO map_places VALUES ('MAP_00000000001296788648248',null,9,48,0,1,null,null,null);
INSERT INTO map_places VALUES ('MAP_00000000001296788648248',null,9,49,0,1,null,null,null);
INSERT INTO map_places VALUES ('MAP_00000000001296788648248',null,9,50,0,1,null,null,null);
INSERT INTO map_places VALUES ('MAP_00000000001296788648248',null,9,51,0,1,null,null,null);
INSERT INTO map_places VALUES ('MAP_00000000001296788648248',null,9,52,0,1,null,null,null);
INSERT INTO map_places VALUES ('MAP_00000000001296788648248',null,9,53,0,1,null,null,null);
INSERT INTO map_places VALUES ('MAP_00000000001296788648248',null,9,54,0,1,null,null,null);
INSERT INTO map_places VALUES ('MAP_00000000001296788648248',null,9,55,0,1,null,null,null);
INSERT INTO map_places VALUES ('MAP_00000000001296788648248',null,9,56,0,1,null,null,null);
INSERT INTO map_places VALUES ('MAP_00000000001296788648248',null,9,57,0,1,null,null,null);
INSERT INTO map_places VALUES ('MAP_00000000001296788648248',null,9,58,0,1,null,null,null);
INSERT INTO map_places VALUES ('MAP_00000000001296788648248',null,9,59,0,1,null,null,null);
INSERT INTO map_places VALUES ('MAP_00000000001296788648248',null,9,60,0,1,null,null,null);
INSERT INTO map_places VALUES ('MAP_00000000001296788648248',null,9,61,0,1,null,null,null);
INSERT INTO map_places VALUES ('MAP_00000000001296788648248',null,9,62,0,1,null,null,null);
INSERT INTO map_places VALUES ('MAP_00000000001296788648248',null,9,63,1,1,null,null,null);
INSERT INTO map_places VALUES ('MAP_00000000001296788648248',null,10,0,1,1,null,null,null);
INSERT INTO map_places VALUES ('MAP_00000000001296788648248',null,10,1,0,1,null,null,null);
INSERT INTO map_places VALUES ('MAP_00000000001296788648248',null,10,2,0,1,null,null,null);
INSERT INTO map_places VALUES ('MAP_00000000001296788648248',null,10,3,0,1,null,null,null);
INSERT INTO map_places VALUES ('MAP_00000000001296788648248',null,10,4,1,1,null,null,null);
INSERT INTO map_places VALUES ('MAP_00000000001296788648248',null,10,5,0,1,null,null,null);
INSERT INTO map_places VALUES ('MAP_00000000001296788648248',null,10,6,0,1,null,null,null);
INSERT INTO map_places VALUES ('MAP_00000000001296788648248',null,10,7,0,1,null,null,null);
INSERT INTO map_places VALUES ('MAP_00000000001296788648248',null,10,8,0,1,null,null,null);
INSERT INTO map_places VALUES ('MAP_00000000001296788648248',null,10,9,1,1,null,null,null);
INSERT INTO map_places VALUES ('MAP_00000000001296788648248',null,10,10,0,1,null,null,null);
INSERT INTO map_places VALUES ('MAP_00000000001296788648248',null,10,11,0,1,null,null,null);
INSERT INTO map_places VALUES ('MAP_00000000001296788648248',null,10,12,0,1,null,null,null);
INSERT INTO map_places VALUES ('MAP_00000000001296788648248',null,10,13,0,1,null,null,null);
INSERT INTO map_places VALUES ('MAP_00000000001296788648248',null,10,14,0,1,null,null,null);
INSERT INTO map_places VALUES ('MAP_00000000001296788648248',null,10,15,0,1,null,null,null);
INSERT INTO map_places VALUES ('MAP_00000000001296788648248',null,10,16,0,1,null,null,null);
INSERT INTO map_places VALUES ('MAP_00000000001296788648248',null,10,17,0,1,null,null,null);
INSERT INTO map_places VALUES ('MAP_00000000001296788648248',null,10,18,0,1,null,null,null);
INSERT INTO map_places VALUES ('MAP_00000000001296788648248',null,10,19,0,1,null,null,null);
INSERT INTO map_places VALUES ('MAP_00000000001296788648248',null,10,20,0,1,null,null,null);
INSERT INTO map_places VALUES ('MAP_00000000001296788648248',null,10,21,0,1,null,null,null);
INSERT INTO map_places VALUES ('MAP_00000000001296788648248',null,10,22,0,1,null,null,null);
INSERT INTO map_places VALUES ('MAP_00000000001296788648248',null,10,23,0,1,null,null,null);
INSERT INTO map_places VALUES ('MAP_00000000001296788648248',null,10,24,0,1,null,null,null);
INSERT INTO map_places VALUES ('MAP_00000000001296788648248',null,10,25,0,1,null,null,null);
INSERT INTO map_places VALUES ('MAP_00000000001296788648248',null,10,26,0,1,null,null,null);
INSERT INTO map_places VALUES ('MAP_00000000001296788648248',null,10,27,0,1,null,null,null);
INSERT INTO map_places VALUES ('MAP_00000000001296788648248',null,10,28,0,1,null,null,null);
INSERT INTO map_places VALUES ('MAP_00000000001296788648248',null,10,29,0,1,null,null,null);
INSERT INTO map_places VALUES ('MAP_00000000001296788648248',null,10,30,0,1,null,null,null);
INSERT INTO map_places VALUES ('MAP_00000000001296788648248',null,10,31,0,1,null,null,null);
INSERT INTO map_places VALUES ('MAP_00000000001296788648248',null,10,32,0,1,null,null,null);
INSERT INTO map_places VALUES ('MAP_00000000001296788648248',null,10,33,0,1,null,null,null);
INSERT INTO map_places VALUES ('MAP_00000000001296788648248',null,10,34,0,1,null,null,null);
INSERT INTO map_places VALUES ('MAP_00000000001296788648248',null,10,35,0,1,null,null,null);
INSERT INTO map_places VALUES ('MAP_00000000001296788648248',null,10,36,0,1,null,null,null);
INSERT INTO map_places VALUES ('MAP_00000000001296788648248',null,10,37,0,1,null,null,null);
INSERT INTO map_places VALUES ('MAP_00000000001296788648248',null,10,38,0,1,null,null,null);
INSERT INTO map_places VALUES ('MAP_00000000001296788648248',null,10,39,0,1,null,null,null);
INSERT INTO map_places VALUES ('MAP_00000000001296788648248',null,10,40,1,1,null,null,null);
INSERT INTO map_places VALUES ('MAP_00000000001296788648248',null,10,41,0,1,null,null,null);
INSERT INTO map_places VALUES ('MAP_00000000001296788648248',null,10,42,0,1,null,null,null);
INSERT INTO map_places VALUES ('MAP_00000000001296788648248',null,10,43,0,1,null,null,null);
INSERT INTO map_places VALUES ('MAP_00000000001296788648248',null,10,44,1,1,null,null,null);
INSERT INTO map_places VALUES ('MAP_00000000001296788648248',null,10,45,0,1,null,null,null);
INSERT INTO map_places VALUES ('MAP_00000000001296788648248',null,10,46,0,1,null,null,null);
INSERT INTO map_places VALUES ('MAP_00000000001296788648248',null,10,47,0,1,null,null,null);
INSERT INTO map_places VALUES ('MAP_00000000001296788648248',null,10,48,0,1,null,null,null);
INSERT INTO map_places VALUES ('MAP_00000000001296788648248',null,10,49,0,1,null,null,null);
INSERT INTO map_places VALUES ('MAP_00000000001296788648248',null,10,50,0,1,null,null,null);
INSERT INTO map_places VALUES ('MAP_00000000001296788648248',null,10,51,0,1,null,null,null);
INSERT INTO map_places VALUES ('MAP_00000000001296788648248',null,10,52,0,1,null,null,null);
INSERT INTO map_places VALUES ('MAP_00000000001296788648248',null,10,53,0,1,null,null,null);
INSERT INTO map_places VALUES ('MAP_00000000001296788648248',null,10,54,0,1,null,null,null);
INSERT INTO map_places VALUES ('MAP_00000000001296788648248',null,10,55,0,1,null,null,null);
INSERT INTO map_places VALUES ('MAP_00000000001296788648248',null,10,56,0,1,null,null,null);
INSERT INTO map_places VALUES ('MAP_00000000001296788648248',null,10,57,0,1,null,null,null);
INSERT INTO map_places VALUES ('MAP_00000000001296788648248',null,10,58,0,1,null,null,null);
INSERT INTO map_places VALUES ('MAP_00000000001296788648248',null,10,59,0,1,null,null,null);
INSERT INTO map_places VALUES ('MAP_00000000001296788648248',null,10,60,0,1,null,null,null);
INSERT INTO map_places VALUES ('MAP_00000000001296788648248',null,10,61,0,1,null,null,null);
INSERT INTO map_places VALUES ('MAP_00000000001296788648248',null,10,62,0,1,null,null,null);
INSERT INTO map_places VALUES ('MAP_00000000001296788648248',null,10,63,1,1,null,null,null);
INSERT INTO map_places VALUES ('MAP_00000000001296788648248',null,11,0,1,1,null,null,null);
INSERT INTO map_places VALUES ('MAP_00000000001296788648248',null,11,1,0,1,null,null,null);
INSERT INTO map_places VALUES ('MAP_00000000001296788648248',null,11,2,0,1,null,null,null);
INSERT INTO map_places VALUES ('MAP_00000000001296788648248',null,11,3,0,1,null,null,null);
INSERT INTO map_places VALUES ('MAP_00000000001296788648248',null,11,4,0,1,null,null,null);
INSERT INTO map_places VALUES ('MAP_00000000001296788648248',null,11,5,0,1,null,null,null);
INSERT INTO map_places VALUES ('MAP_00000000001296788648248',null,11,6,0,1,null,null,null);
INSERT INTO map_places VALUES ('MAP_00000000001296788648248',null,11,7,0,1,null,null,null);
INSERT INTO map_places VALUES ('MAP_00000000001296788648248',null,11,8,0,1,null,null,null);
INSERT INTO map_places VALUES ('MAP_00000000001296788648248',null,11,9,1,1,null,null,null);
INSERT INTO map_places VALUES ('MAP_00000000001296788648248',null,11,10,0,1,null,null,null);
INSERT INTO map_places VALUES ('MAP_00000000001296788648248',null,11,11,0,1,null,null,null);
INSERT INTO map_places VALUES ('MAP_00000000001296788648248',null,11,12,0,1,null,null,null);
INSERT INTO map_places VALUES ('MAP_00000000001296788648248',null,11,13,0,1,null,null,null);
INSERT INTO map_places VALUES ('MAP_00000000001296788648248',null,11,14,0,1,null,null,null);
INSERT INTO map_places VALUES ('MAP_00000000001296788648248',null,11,15,0,1,null,null,null);
INSERT INTO map_places VALUES ('MAP_00000000001296788648248',null,11,16,0,1,null,null,null);
INSERT INTO map_places VALUES ('MAP_00000000001296788648248',null,11,17,0,1,null,null,null);
INSERT INTO map_places VALUES ('MAP_00000000001296788648248',null,11,18,0,1,null,null,null);
INSERT INTO map_places VALUES ('MAP_00000000001296788648248',null,11,19,0,1,null,null,null);
INSERT INTO map_places VALUES ('MAP_00000000001296788648248','PLAC_00000000001297393164799',11,20,0,1,null,null,null);
INSERT INTO map_places VALUES ('MAP_00000000001296788648248','PLAC_00000000001297393164799',11,21,0,1,null,null,null);
INSERT INTO map_places VALUES ('MAP_00000000001296788648248',null,11,22,0,1,null,null,null);
INSERT INTO map_places VALUES ('MAP_00000000001296788648248',null,11,23,0,1,null,null,null);
INSERT INTO map_places VALUES ('MAP_00000000001296788648248',null,11,24,0,1,null,null,null);
INSERT INTO map_places VALUES ('MAP_00000000001296788648248',null,11,25,0,1,null,null,null);
INSERT INTO map_places VALUES ('MAP_00000000001296788648248',null,11,26,0,1,null,null,null);
INSERT INTO map_places VALUES ('MAP_00000000001296788648248',null,11,27,0,1,null,null,null);
INSERT INTO map_places VALUES ('MAP_00000000001296788648248',null,11,28,0,1,null,null,null);
INSERT INTO map_places VALUES ('MAP_00000000001296788648248',null,11,29,0,1,null,null,null);
INSERT INTO map_places VALUES ('MAP_00000000001296788648248',null,11,30,0,1,null,null,null);
INSERT INTO map_places VALUES ('MAP_00000000001296788648248',null,11,31,0,1,null,null,null);
INSERT INTO map_places VALUES ('MAP_00000000001296788648248',null,11,32,0,1,null,null,null);
INSERT INTO map_places VALUES ('MAP_00000000001296788648248',null,11,33,0,1,null,null,null);
INSERT INTO map_places VALUES ('MAP_00000000001296788648248',null,11,34,0,1,null,null,null);
INSERT INTO map_places VALUES ('MAP_00000000001296788648248',null,11,35,0,1,null,null,null);
INSERT INTO map_places VALUES ('MAP_00000000001296788648248',null,11,36,0,1,null,null,null);
INSERT INTO map_places VALUES ('MAP_00000000001296788648248',null,11,37,0,1,null,null,null);
INSERT INTO map_places VALUES ('MAP_00000000001296788648248',null,11,38,0,1,null,null,null);
INSERT INTO map_places VALUES ('MAP_00000000001296788648248',null,11,39,1,1,null,null,null);
INSERT INTO map_places VALUES ('MAP_00000000001296788648248',null,11,40,1,1,null,null,null);
INSERT INTO map_places VALUES ('MAP_00000000001296788648248',null,11,41,1,1,null,null,null);
INSERT INTO map_places VALUES ('MAP_00000000001296788648248',null,11,42,0,1,null,null,null);
INSERT INTO map_places VALUES ('MAP_00000000001296788648248',null,11,43,0,1,null,null,null);
INSERT INTO map_places VALUES ('MAP_00000000001296788648248',null,11,44,1,1,null,null,null);
INSERT INTO map_places VALUES ('MAP_00000000001296788648248',null,11,45,0,1,null,null,null);
INSERT INTO map_places VALUES ('MAP_00000000001296788648248',null,11,46,1,1,null,null,null);
INSERT INTO map_places VALUES ('MAP_00000000001296788648248',null,11,47,0,1,null,null,null);
INSERT INTO map_places VALUES ('MAP_00000000001296788648248',null,11,48,0,1,null,null,null);
INSERT INTO map_places VALUES ('MAP_00000000001296788648248',null,11,49,0,1,null,null,null);
INSERT INTO map_places VALUES ('MAP_00000000001296788648248',null,11,50,1,1,null,null,null);
INSERT INTO map_places VALUES ('MAP_00000000001296788648248',null,11,51,1,1,null,null,null);
INSERT INTO map_places VALUES ('MAP_00000000001296788648248',null,11,52,1,1,null,null,null);
INSERT INTO map_places VALUES ('MAP_00000000001296788648248',null,11,53,1,1,null,null,null);
INSERT INTO map_places VALUES ('MAP_00000000001296788648248',null,11,54,1,1,null,null,null);
INSERT INTO map_places VALUES ('MAP_00000000001296788648248',null,11,55,1,1,null,null,null);
INSERT INTO map_places VALUES ('MAP_00000000001296788648248',null,11,56,1,1,null,null,null);
INSERT INTO map_places VALUES ('MAP_00000000001296788648248',null,11,57,1,1,null,null,null);
INSERT INTO map_places VALUES ('MAP_00000000001296788648248',null,11,58,1,1,null,null,null);
INSERT INTO map_places VALUES ('MAP_00000000001296788648248',null,11,59,1,1,null,null,null);
INSERT INTO map_places VALUES ('MAP_00000000001296788648248',null,11,60,1,1,null,null,null);
INSERT INTO map_places VALUES ('MAP_00000000001296788648248',null,11,61,1,1,null,null,null);
INSERT INTO map_places VALUES ('MAP_00000000001296788648248',null,11,62,1,1,null,null,null);
INSERT INTO map_places VALUES ('MAP_00000000001296788648248',null,11,63,1,1,null,null,null);
INSERT INTO map_places VALUES ('MAP_00000000001296788648248',null,12,0,1,1,null,null,null);
INSERT INTO map_places VALUES ('MAP_00000000001296788648248',null,12,1,0,1,null,null,null);
INSERT INTO map_places VALUES ('MAP_00000000001296788648248',null,12,2,0,1,null,null,null);
INSERT INTO map_places VALUES ('MAP_00000000001296788648248',null,12,3,0,1,null,null,null);
INSERT INTO map_places VALUES ('MAP_00000000001296788648248',null,12,4,1,1,null,null,null);
INSERT INTO map_places VALUES ('MAP_00000000001296788648248',null,12,5,0,1,null,null,null);
INSERT INTO map_places VALUES ('MAP_00000000001296788648248',null,12,6,0,1,null,null,null);
INSERT INTO map_places VALUES ('MAP_00000000001296788648248',null,12,7,0,1,null,null,null);
INSERT INTO map_places VALUES ('MAP_00000000001296788648248',null,12,8,0,1,null,null,null);
INSERT INTO map_places VALUES ('MAP_00000000001296788648248',null,12,9,1,1,null,null,null);
INSERT INTO map_places VALUES ('MAP_00000000001296788648248',null,12,10,0,1,null,null,null);
INSERT INTO map_places VALUES ('MAP_00000000001296788648248',null,12,11,0,1,null,null,null);
INSERT INTO map_places VALUES ('MAP_00000000001296788648248',null,12,12,0,1,null,null,null);
INSERT INTO map_places VALUES ('MAP_00000000001296788648248',null,12,13,0,1,null,null,null);
INSERT INTO map_places VALUES ('MAP_00000000001296788648248',null,12,14,0,1,null,null,null);
INSERT INTO map_places VALUES ('MAP_00000000001296788648248',null,12,15,0,1,null,null,null);
INSERT INTO map_places VALUES ('MAP_00000000001296788648248',null,12,16,0,1,null,null,null);
INSERT INTO map_places VALUES ('MAP_00000000001296788648248',null,12,17,0,1,null,null,null);
INSERT INTO map_places VALUES ('MAP_00000000001296788648248',null,12,18,0,1,null,null,null);
INSERT INTO map_places VALUES ('MAP_00000000001296788648248','PLAC_00000000001297393164799',12,19,0,1,null,null,null);
INSERT INTO map_places VALUES ('MAP_00000000001296788648248',null,12,20,0,1,null,null,null);
INSERT INTO map_places VALUES ('MAP_00000000001296788648248',null,12,21,0,1,null,null,null);
INSERT INTO map_places VALUES ('MAP_00000000001296788648248',null,12,22,0,1,null,null,null);
INSERT INTO map_places VALUES ('MAP_00000000001296788648248',null,12,23,0,1,null,null,null);
INSERT INTO map_places VALUES ('MAP_00000000001296788648248',null,12,24,0,1,null,null,null);
INSERT INTO map_places VALUES ('MAP_00000000001296788648248',null,12,25,0,1,null,null,null);
INSERT INTO map_places VALUES ('MAP_00000000001296788648248',null,12,26,0,1,null,null,null);
INSERT INTO map_places VALUES ('MAP_00000000001296788648248',null,12,27,0,1,null,null,null);
INSERT INTO map_places VALUES ('MAP_00000000001296788648248',null,12,28,0,1,null,null,null);
INSERT INTO map_places VALUES ('MAP_00000000001296788648248',null,12,29,0,1,null,null,null);
INSERT INTO map_places VALUES ('MAP_00000000001296788648248',null,12,30,0,1,null,null,null);
INSERT INTO map_places VALUES ('MAP_00000000001296788648248',null,12,31,0,1,null,null,null);
INSERT INTO map_places VALUES ('MAP_00000000001296788648248',null,12,32,0,1,null,null,null);
INSERT INTO map_places VALUES ('MAP_00000000001296788648248',null,12,33,0,1,null,null,null);
INSERT INTO map_places VALUES ('MAP_00000000001296788648248',null,12,34,0,1,null,null,null);
INSERT INTO map_places VALUES ('MAP_00000000001296788648248',null,12,35,0,1,null,null,null);
INSERT INTO map_places VALUES ('MAP_00000000001296788648248',null,12,36,0,1,null,null,null);
INSERT INTO map_places VALUES ('MAP_00000000001296788648248',null,12,37,0,1,null,null,null);
INSERT INTO map_places VALUES ('MAP_00000000001296788648248',null,12,38,0,1,null,null,null);
INSERT INTO map_places VALUES ('MAP_00000000001296788648248',null,12,39,0,1,null,null,null);
INSERT INTO map_places VALUES ('MAP_00000000001296788648248',null,12,40,0,1,null,null,null);
INSERT INTO map_places VALUES ('MAP_00000000001296788648248',null,12,41,0,1,null,null,null);
INSERT INTO map_places VALUES ('MAP_00000000001296788648248',null,12,42,0,1,null,null,null);
INSERT INTO map_places VALUES ('MAP_00000000001296788648248',null,12,43,0,1,null,null,null);
INSERT INTO map_places VALUES ('MAP_00000000001296788648248',null,12,44,1,1,null,null,null);
INSERT INTO map_places VALUES ('MAP_00000000001296788648248',null,12,45,0,1,null,null,null);
INSERT INTO map_places VALUES ('MAP_00000000001296788648248',null,12,46,0,1,null,null,null);
INSERT INTO map_places VALUES ('MAP_00000000001296788648248',null,12,47,0,1,null,null,null);
INSERT INTO map_places VALUES ('MAP_00000000001296788648248',null,12,48,1,1,null,null,null);
INSERT INTO map_places VALUES ('MAP_00000000001296788648248',null,12,49,0,1,null,null,null);
INSERT INTO map_places VALUES ('MAP_00000000001296788648248',null,12,50,0,1,null,null,null);
INSERT INTO map_places VALUES ('MAP_00000000001296788648248',null,12,51,0,1,null,null,null);
INSERT INTO map_places VALUES ('MAP_00000000001296788648248',null,12,52,1,1,null,null,null);
INSERT INTO map_places VALUES ('MAP_00000000001296788648248',null,12,53,0,1,null,null,null);
INSERT INTO map_places VALUES ('MAP_00000000001296788648248',null,12,54,0,1,null,null,null);
INSERT INTO map_places VALUES ('MAP_00000000001296788648248',null,12,55,1,1,null,null,null);
INSERT INTO map_places VALUES ('MAP_00000000001296788648248',null,12,56,0,1,null,null,null);
INSERT INTO map_places VALUES ('MAP_00000000001296788648248',null,12,57,0,1,null,null,null);
INSERT INTO map_places VALUES ('MAP_00000000001296788648248',null,12,58,0,1,null,null,null);
INSERT INTO map_places VALUES ('MAP_00000000001296788648248',null,12,59,0,1,null,null,null);
INSERT INTO map_places VALUES ('MAP_00000000001296788648248',null,12,60,1,1,null,null,null);
INSERT INTO map_places VALUES ('MAP_00000000001296788648248',null,12,61,0,1,null,null,null);
INSERT INTO map_places VALUES ('MAP_00000000001296788648248',null,12,62,0,1,null,null,null);
INSERT INTO map_places VALUES ('MAP_00000000001296788648248',null,12,63,1,1,null,null,null);
INSERT INTO map_places VALUES ('MAP_00000000001296788648248',null,13,0,1,1,null,null,null);
INSERT INTO map_places VALUES ('MAP_00000000001296788648248',null,13,1,1,1,null,null,null);
INSERT INTO map_places VALUES ('MAP_00000000001296788648248',null,13,2,1,1,null,null,null);
INSERT INTO map_places VALUES ('MAP_00000000001296788648248',null,13,3,1,1,null,null,null);
INSERT INTO map_places VALUES ('MAP_00000000001296788648248',null,13,4,1,1,null,null,null);
INSERT INTO map_places VALUES ('MAP_00000000001296788648248',null,13,5,0,1,null,null,null);
INSERT INTO map_places VALUES ('MAP_00000000001296788648248',null,13,6,0,1,null,null,null);
INSERT INTO map_places VALUES ('MAP_00000000001296788648248',null,13,7,0,1,null,null,null);
INSERT INTO map_places VALUES ('MAP_00000000001296788648248',null,13,8,0,1,null,null,null);
INSERT INTO map_places VALUES ('MAP_00000000001296788648248',null,13,9,1,1,null,null,null);
INSERT INTO map_places VALUES ('MAP_00000000001296788648248',null,13,10,1,1,null,null,null);
INSERT INTO map_places VALUES ('MAP_00000000001296788648248',null,13,11,0,1,null,null,null);
INSERT INTO map_places VALUES ('MAP_00000000001296788648248',null,13,12,0,1,null,null,null);
INSERT INTO map_places VALUES ('MAP_00000000001296788648248',null,13,13,0,1,null,null,null);
INSERT INTO map_places VALUES ('MAP_00000000001296788648248',null,13,14,0,1,null,null,null);
INSERT INTO map_places VALUES ('MAP_00000000001296788648248',null,13,15,0,1,null,null,null);
INSERT INTO map_places VALUES ('MAP_00000000001296788648248',null,13,16,0,1,null,null,null);
INSERT INTO map_places VALUES ('MAP_00000000001296788648248',null,13,17,0,1,null,null,null);
INSERT INTO map_places VALUES ('MAP_00000000001296788648248',null,13,18,0,1,null,null,null);
INSERT INTO map_places VALUES ('MAP_00000000001296788648248',null,13,19,0,1,null,null,null);
INSERT INTO map_places VALUES ('MAP_00000000001296788648248',null,13,20,0,1,null,null,null);
INSERT INTO map_places VALUES ('MAP_00000000001296788648248',null,13,21,0,1,null,null,null);
INSERT INTO map_places VALUES ('MAP_00000000001296788648248',null,13,22,0,1,null,null,null);
INSERT INTO map_places VALUES ('MAP_00000000001296788648248',null,13,23,0,1,null,null,null);
INSERT INTO map_places VALUES ('MAP_00000000001296788648248',null,13,24,0,1,null,null,null);
INSERT INTO map_places VALUES ('MAP_00000000001296788648248',null,13,25,0,1,null,null,null);
INSERT INTO map_places VALUES ('MAP_00000000001296788648248',null,13,26,0,1,null,null,null);
INSERT INTO map_places VALUES ('MAP_00000000001296788648248',null,13,27,0,1,null,null,null);
INSERT INTO map_places VALUES ('MAP_00000000001296788648248',null,13,28,0,1,null,null,null);
INSERT INTO map_places VALUES ('MAP_00000000001296788648248',null,13,29,0,1,null,null,null);
INSERT INTO map_places VALUES ('MAP_00000000001296788648248',null,13,30,0,1,null,null,null);
INSERT INTO map_places VALUES ('MAP_00000000001296788648248',null,13,31,0,1,null,null,null);
INSERT INTO map_places VALUES ('MAP_00000000001296788648248',null,13,32,0,1,null,null,null);
INSERT INTO map_places VALUES ('MAP_00000000001296788648248',null,13,33,0,1,null,null,null);
INSERT INTO map_places VALUES ('MAP_00000000001296788648248',null,13,34,0,1,null,null,null);
INSERT INTO map_places VALUES ('MAP_00000000001296788648248',null,13,35,0,1,null,null,null);
INSERT INTO map_places VALUES ('MAP_00000000001296788648248',null,13,36,0,1,null,null,null);
INSERT INTO map_places VALUES ('MAP_00000000001296788648248',null,13,37,0,1,null,null,null);
INSERT INTO map_places VALUES ('MAP_00000000001296788648248',null,13,38,0,1,null,null,null);
INSERT INTO map_places VALUES ('MAP_00000000001296788648248',null,13,39,0,1,null,null,null);
INSERT INTO map_places VALUES ('MAP_00000000001296788648248',null,13,40,0,1,null,null,null);
INSERT INTO map_places VALUES ('MAP_00000000001296788648248',null,13,41,0,1,null,null,null);
INSERT INTO map_places VALUES ('MAP_00000000001296788648248',null,13,42,0,1,null,null,null);
INSERT INTO map_places VALUES ('MAP_00000000001296788648248',null,13,43,0,1,null,null,null);
INSERT INTO map_places VALUES ('MAP_00000000001296788648248',null,13,44,1,1,null,null,null);
INSERT INTO map_places VALUES ('MAP_00000000001296788648248',null,13,45,0,1,null,null,null);
INSERT INTO map_places VALUES ('MAP_00000000001296788648248',null,13,46,0,1,null,null,null);
INSERT INTO map_places VALUES ('MAP_00000000001296788648248',null,13,47,0,1,null,null,null);
INSERT INTO map_places VALUES ('MAP_00000000001296788648248',null,13,48,1,1,null,null,null);
INSERT INTO map_places VALUES ('MAP_00000000001296788648248',null,13,49,0,1,null,null,null);
INSERT INTO map_places VALUES ('MAP_00000000001296788648248',null,13,50,0,1,null,null,null);
INSERT INTO map_places VALUES ('MAP_00000000001296788648248',null,13,51,0,1,null,null,null);
INSERT INTO map_places VALUES ('MAP_00000000001296788648248',null,13,52,1,1,null,null,null);
INSERT INTO map_places VALUES ('MAP_00000000001296788648248',null,13,53,0,1,null,null,null);
INSERT INTO map_places VALUES ('MAP_00000000001296788648248',null,13,54,0,1,null,null,null);
INSERT INTO map_places VALUES ('MAP_00000000001296788648248',null,13,55,1,1,null,null,null);
INSERT INTO map_places VALUES ('MAP_00000000001296788648248',null,13,56,0,1,null,null,null);
INSERT INTO map_places VALUES ('MAP_00000000001296788648248',null,13,57,1,1,null,null,null);
INSERT INTO map_places VALUES ('MAP_00000000001296788648248',null,13,58,0,1,null,null,null);
INSERT INTO map_places VALUES ('MAP_00000000001296788648248',null,13,59,0,1,null,null,null);
INSERT INTO map_places VALUES ('MAP_00000000001296788648248',null,13,60,0,1,null,null,null);
INSERT INTO map_places VALUES ('MAP_00000000001296788648248',null,13,61,0,1,null,null,null);
INSERT INTO map_places VALUES ('MAP_00000000001296788648248',null,13,62,0,1,null,null,null);
INSERT INTO map_places VALUES ('MAP_00000000001296788648248',null,13,63,1,1,null,null,null);
INSERT INTO map_places VALUES ('MAP_00000000001296788648248',null,14,0,1,1,null,null,null);
INSERT INTO map_places VALUES ('MAP_00000000001296788648248',null,14,1,0,1,null,null,null);
INSERT INTO map_places VALUES ('MAP_00000000001296788648248',null,14,2,0,1,null,null,null);
INSERT INTO map_places VALUES ('MAP_00000000001296788648248',null,14,3,0,1,null,null,null);
INSERT INTO map_places VALUES ('MAP_00000000001296788648248',null,14,4,0,1,null,null,null);
INSERT INTO map_places VALUES ('MAP_00000000001296788648248',null,14,5,0,1,null,null,null);
INSERT INTO map_places VALUES ('MAP_00000000001296788648248',null,14,6,0,1,null,null,null);
INSERT INTO map_places VALUES ('MAP_00000000001296788648248',null,14,7,0,1,null,null,null);
INSERT INTO map_places VALUES ('MAP_00000000001296788648248',null,14,8,0,1,null,null,null);
INSERT INTO map_places VALUES ('MAP_00000000001296788648248',null,14,9,0,1,null,null,null);
INSERT INTO map_places VALUES ('MAP_00000000001296788648248',null,14,10,0,1,null,null,null);
INSERT INTO map_places VALUES ('MAP_00000000001296788648248',null,14,11,0,1,null,null,null);
INSERT INTO map_places VALUES ('MAP_00000000001296788648248',null,14,12,0,1,null,null,null);
INSERT INTO map_places VALUES ('MAP_00000000001296788648248',null,14,13,0,1,null,null,null);
INSERT INTO map_places VALUES ('MAP_00000000001296788648248',null,14,14,0,1,null,null,null);
INSERT INTO map_places VALUES ('MAP_00000000001296788648248',null,14,15,0,1,null,null,null);
INSERT INTO map_places VALUES ('MAP_00000000001296788648248',null,14,16,0,1,null,null,null);
INSERT INTO map_places VALUES ('MAP_00000000001296788648248',null,14,17,0,1,null,null,null);
INSERT INTO map_places VALUES ('MAP_00000000001296788648248',null,14,18,0,1,null,null,null);
INSERT INTO map_places VALUES ('MAP_00000000001296788648248',null,14,19,0,1,null,null,null);
INSERT INTO map_places VALUES ('MAP_00000000001296788648248',null,14,20,0,1,null,null,null);
INSERT INTO map_places VALUES ('MAP_00000000001296788648248',null,14,21,0,1,null,null,null);
INSERT INTO map_places VALUES ('MAP_00000000001296788648248',null,14,22,1,1,null,null,null);
INSERT INTO map_places VALUES ('MAP_00000000001296788648248',null,14,23,0,1,null,null,null);
INSERT INTO map_places VALUES ('MAP_00000000001296788648248',null,14,24,0,1,null,null,null);
INSERT INTO map_places VALUES ('MAP_00000000001296788648248',null,14,25,0,1,null,null,null);
INSERT INTO map_places VALUES ('MAP_00000000001296788648248',null,14,26,0,1,null,null,null);
INSERT INTO map_places VALUES ('MAP_00000000001296788648248',null,14,27,0,1,null,null,null);
INSERT INTO map_places VALUES ('MAP_00000000001296788648248',null,14,28,0,1,null,null,null);
INSERT INTO map_places VALUES ('MAP_00000000001296788648248',null,14,29,0,1,null,null,null);
INSERT INTO map_places VALUES ('MAP_00000000001296788648248',null,14,30,0,1,null,null,null);
INSERT INTO map_places VALUES ('MAP_00000000001296788648248',null,14,31,0,1,null,null,null);
INSERT INTO map_places VALUES ('MAP_00000000001296788648248',null,14,32,0,1,null,null,null);
INSERT INTO map_places VALUES ('MAP_00000000001296788648248',null,14,33,0,1,null,null,null);
INSERT INTO map_places VALUES ('MAP_00000000001296788648248',null,14,34,0,1,null,null,null);
INSERT INTO map_places VALUES ('MAP_00000000001296788648248',null,14,35,0,1,null,null,null);
INSERT INTO map_places VALUES ('MAP_00000000001296788648248',null,14,36,0,1,null,null,null);
INSERT INTO map_places VALUES ('MAP_00000000001296788648248',null,14,37,0,1,null,null,null);
INSERT INTO map_places VALUES ('MAP_00000000001296788648248',null,14,38,0,1,null,null,null);
INSERT INTO map_places VALUES ('MAP_00000000001296788648248',null,14,39,0,1,null,null,null);
INSERT INTO map_places VALUES ('MAP_00000000001296788648248',null,14,40,0,1,null,null,null);
INSERT INTO map_places VALUES ('MAP_00000000001296788648248',null,14,41,1,1,null,null,null);
INSERT INTO map_places VALUES ('MAP_00000000001296788648248',null,14,42,1,1,null,null,null);
INSERT INTO map_places VALUES ('MAP_00000000001296788648248',null,14,43,1,1,null,null,null);
INSERT INTO map_places VALUES ('MAP_00000000001296788648248',null,14,44,1,1,null,null,null);
INSERT INTO map_places VALUES ('MAP_00000000001296788648248',null,14,45,0,1,null,null,null);
INSERT INTO map_places VALUES ('MAP_00000000001296788648248',null,14,46,0,1,null,null,null);
INSERT INTO map_places VALUES ('MAP_00000000001296788648248',null,14,47,0,1,null,null,null);
INSERT INTO map_places VALUES ('MAP_00000000001296788648248',null,14,48,1,1,null,null,null);
INSERT INTO map_places VALUES ('MAP_00000000001296788648248',null,14,49,0,1,null,null,null);
INSERT INTO map_places VALUES ('MAP_00000000001296788648248',null,14,50,0,1,null,null,null);
INSERT INTO map_places VALUES ('MAP_00000000001296788648248',null,14,51,0,1,null,null,null);
INSERT INTO map_places VALUES ('MAP_00000000001296788648248',null,14,52,1,1,null,null,null);
INSERT INTO map_places VALUES ('MAP_00000000001296788648248',null,14,53,1,1,null,null,null);
INSERT INTO map_places VALUES ('MAP_00000000001296788648248',null,14,54,0,1,null,null,null);
INSERT INTO map_places VALUES ('MAP_00000000001296788648248',null,14,55,1,1,null,null,null);
INSERT INTO map_places VALUES ('MAP_00000000001296788648248',null,14,56,0,1,null,null,null);
INSERT INTO map_places VALUES ('MAP_00000000001296788648248',null,14,57,1,1,null,null,null);
INSERT INTO map_places VALUES ('MAP_00000000001296788648248',null,14,58,0,1,null,null,null);
INSERT INTO map_places VALUES ('MAP_00000000001296788648248',null,14,59,1,1,null,null,null);
INSERT INTO map_places VALUES ('MAP_00000000001296788648248',null,14,60,1,1,null,null,null);
INSERT INTO map_places VALUES ('MAP_00000000001296788648248',null,14,61,0,1,null,null,null);
INSERT INTO map_places VALUES ('MAP_00000000001296788648248',null,14,62,1,1,null,null,null);
INSERT INTO map_places VALUES ('MAP_00000000001296788648248',null,14,63,1,1,null,null,null);
INSERT INTO map_places VALUES ('MAP_00000000001296788648248',null,15,0,0,1,'MAP_00000000000000000000002',129,51);
INSERT INTO map_places VALUES ('MAP_00000000001296788648248',null,15,1,0,1,'MAP_00000000000000000000002',129,51);
INSERT INTO map_places VALUES ('MAP_00000000001296788648248',null,15,2,0,1,null,null,null);
INSERT INTO map_places VALUES ('MAP_00000000001296788648248',null,15,3,0,1,null,null,null);
INSERT INTO map_places VALUES ('MAP_00000000001296788648248',null,15,4,0,1,null,null,null);
INSERT INTO map_places VALUES ('MAP_00000000001296788648248',null,15,5,0,1,null,null,null);
INSERT INTO map_places VALUES ('MAP_00000000001296788648248',null,15,6,0,1,null,null,null);
INSERT INTO map_places VALUES ('MAP_00000000001296788648248',null,15,7,0,1,null,null,null);
INSERT INTO map_places VALUES ('MAP_00000000001296788648248',null,15,8,0,1,null,null,null);
INSERT INTO map_places VALUES ('MAP_00000000001296788648248',null,15,9,0,1,null,null,null);
INSERT INTO map_places VALUES ('MAP_00000000001296788648248',null,15,10,0,1,null,null,null);
INSERT INTO map_places VALUES ('MAP_00000000001296788648248',null,15,11,0,1,null,null,null);
INSERT INTO map_places VALUES ('MAP_00000000001296788648248',null,15,12,0,1,null,null,null);
INSERT INTO map_places VALUES ('MAP_00000000001296788648248',null,15,13,0,1,null,null,null);
INSERT INTO map_places VALUES ('MAP_00000000001296788648248',null,15,14,0,1,null,null,null);
INSERT INTO map_places VALUES ('MAP_00000000001296788648248',null,15,15,0,1,null,null,null);
INSERT INTO map_places VALUES ('MAP_00000000001296788648248',null,15,16,1,1,null,null,null);
INSERT INTO map_places VALUES ('MAP_00000000001296788648248',null,15,17,1,1,null,null,null);
INSERT INTO map_places VALUES ('MAP_00000000001296788648248',null,15,18,1,1,null,null,null);
INSERT INTO map_places VALUES ('MAP_00000000001296788648248',null,15,19,0,1,null,null,null);
INSERT INTO map_places VALUES ('MAP_00000000001296788648248',null,15,20,0,1,null,null,null);
INSERT INTO map_places VALUES ('MAP_00000000001296788648248',null,15,21,0,1,null,null,null);
INSERT INTO map_places VALUES ('MAP_00000000001296788648248',null,15,22,0,1,null,null,null);
INSERT INTO map_places VALUES ('MAP_00000000001296788648248',null,15,23,0,1,null,null,null);
INSERT INTO map_places VALUES ('MAP_00000000001296788648248',null,15,24,0,1,null,null,null);
INSERT INTO map_places VALUES ('MAP_00000000001296788648248',null,15,25,0,1,null,null,null);
INSERT INTO map_places VALUES ('MAP_00000000001296788648248',null,15,26,0,1,null,null,null);
INSERT INTO map_places VALUES ('MAP_00000000001296788648248',null,15,27,0,1,null,null,null);
INSERT INTO map_places VALUES ('MAP_00000000001296788648248',null,15,28,0,1,null,null,null);
INSERT INTO map_places VALUES ('MAP_00000000001296788648248',null,15,29,0,1,null,null,null);
INSERT INTO map_places VALUES ('MAP_00000000001296788648248',null,15,30,0,1,null,null,null);
INSERT INTO map_places VALUES ('MAP_00000000001296788648248',null,15,31,0,1,null,null,null);
INSERT INTO map_places VALUES ('MAP_00000000001296788648248',null,15,32,0,1,null,null,null);
INSERT INTO map_places VALUES ('MAP_00000000001296788648248',null,15,33,0,1,null,null,null);
INSERT INTO map_places VALUES ('MAP_00000000001296788648248',null,15,34,0,1,null,null,null);
INSERT INTO map_places VALUES ('MAP_00000000001296788648248',null,15,35,0,1,null,null,null);
INSERT INTO map_places VALUES ('MAP_00000000001296788648248',null,15,36,0,1,null,null,null);
INSERT INTO map_places VALUES ('MAP_00000000001296788648248',null,15,37,0,1,null,null,null);
INSERT INTO map_places VALUES ('MAP_00000000001296788648248',null,15,38,0,1,null,null,null);
INSERT INTO map_places VALUES ('MAP_00000000001296788648248',null,15,39,0,1,null,null,null);
INSERT INTO map_places VALUES ('MAP_00000000001296788648248',null,15,40,0,1,null,null,null);
INSERT INTO map_places VALUES ('MAP_00000000001296788648248',null,15,41,0,1,null,null,null);
INSERT INTO map_places VALUES ('MAP_00000000001296788648248',null,15,42,0,1,null,null,null);
INSERT INTO map_places VALUES ('MAP_00000000001296788648248',null,15,43,0,1,null,null,null);
INSERT INTO map_places VALUES ('MAP_00000000001296788648248',null,15,44,0,1,null,null,null);
INSERT INTO map_places VALUES ('MAP_00000000001296788648248',null,15,45,0,1,null,null,null);
INSERT INTO map_places VALUES ('MAP_00000000001296788648248',null,15,46,0,1,null,null,null);
INSERT INTO map_places VALUES ('MAP_00000000001296788648248',null,15,47,0,1,null,null,null);
INSERT INTO map_places VALUES ('MAP_00000000001296788648248',null,15,48,1,1,null,null,null);
INSERT INTO map_places VALUES ('MAP_00000000001296788648248',null,15,49,0,1,null,null,null);
INSERT INTO map_places VALUES ('MAP_00000000001296788648248',null,15,50,0,1,null,null,null);
INSERT INTO map_places VALUES ('MAP_00000000001296788648248',null,15,51,0,1,null,null,null);
INSERT INTO map_places VALUES ('MAP_00000000001296788648248',null,15,52,0,1,null,null,null);
INSERT INTO map_places VALUES ('MAP_00000000001296788648248',null,15,53,0,1,null,null,null);
INSERT INTO map_places VALUES ('MAP_00000000001296788648248',null,15,54,0,1,null,null,null);
INSERT INTO map_places VALUES ('MAP_00000000001296788648248',null,15,55,0,1,null,null,null);
INSERT INTO map_places VALUES ('MAP_00000000001296788648248',null,15,56,0,1,null,null,null);
INSERT INTO map_places VALUES ('MAP_00000000001296788648248',null,15,57,1,1,null,null,null);
INSERT INTO map_places VALUES ('MAP_00000000001296788648248',null,15,58,0,1,null,null,null);
INSERT INTO map_places VALUES ('MAP_00000000001296788648248',null,15,59,0,1,null,null,null);
INSERT INTO map_places VALUES ('MAP_00000000001296788648248',null,15,60,1,1,null,null,null);
INSERT INTO map_places VALUES ('MAP_00000000001296788648248',null,15,61,0,1,null,null,null);
INSERT INTO map_places VALUES ('MAP_00000000001296788648248',null,15,62,0,1,null,null,null);
INSERT INTO map_places VALUES ('MAP_00000000001296788648248',null,15,63,1,1,null,null,null);
INSERT INTO map_places VALUES ('MAP_00000000001296788648248',null,16,0,0,1,null,null,null);
INSERT INTO map_places VALUES ('MAP_00000000001296788648248',null,16,1,0,1,null,null,null);
INSERT INTO map_places VALUES ('MAP_00000000001296788648248',null,16,2,0,1,null,null,null);
INSERT INTO map_places VALUES ('MAP_00000000001296788648248',null,16,3,0,1,null,null,null);
INSERT INTO map_places VALUES ('MAP_00000000001296788648248',null,16,4,0,1,null,null,null);
INSERT INTO map_places VALUES ('MAP_00000000001296788648248',null,16,5,0,1,null,null,null);
INSERT INTO map_places VALUES ('MAP_00000000001296788648248',null,16,6,0,1,null,null,null);
INSERT INTO map_places VALUES ('MAP_00000000001296788648248',null,16,7,0,1,null,null,null);
INSERT INTO map_places VALUES ('MAP_00000000001296788648248',null,16,8,0,1,null,null,null);
INSERT INTO map_places VALUES ('MAP_00000000001296788648248',null,16,9,0,1,null,null,null);
INSERT INTO map_places VALUES ('MAP_00000000001296788648248',null,16,10,0,1,null,null,null);
INSERT INTO map_places VALUES ('MAP_00000000001296788648248',null,16,11,0,1,null,null,null);
INSERT INTO map_places VALUES ('MAP_00000000001296788648248',null,16,12,0,1,null,null,null);
INSERT INTO map_places VALUES ('MAP_00000000001296788648248',null,16,13,0,1,null,null,null);
INSERT INTO map_places VALUES ('MAP_00000000001296788648248',null,16,14,0,1,null,null,null);
INSERT INTO map_places VALUES ('MAP_00000000001296788648248',null,16,15,0,1,null,null,null);
INSERT INTO map_places VALUES ('MAP_00000000001296788648248',null,16,16,1,1,null,null,null);
INSERT INTO map_places VALUES ('MAP_00000000001296788648248',null,16,17,1,1,null,null,null);
INSERT INTO map_places VALUES ('MAP_00000000001296788648248',null,16,18,1,1,null,null,null);
INSERT INTO map_places VALUES ('MAP_00000000001296788648248',null,16,19,0,1,null,null,null);
INSERT INTO map_places VALUES ('MAP_00000000001296788648248',null,16,20,0,1,null,null,null);
INSERT INTO map_places VALUES ('MAP_00000000001296788648248',null,16,21,0,1,null,null,null);
INSERT INTO map_places VALUES ('MAP_00000000001296788648248',null,16,22,0,1,null,null,null);
INSERT INTO map_places VALUES ('MAP_00000000001296788648248',null,16,23,0,1,null,null,null);
INSERT INTO map_places VALUES ('MAP_00000000001296788648248',null,16,24,0,1,null,null,null);
INSERT INTO map_places VALUES ('MAP_00000000001296788648248',null,16,25,0,1,null,null,null);
INSERT INTO map_places VALUES ('MAP_00000000001296788648248',null,16,26,0,1,null,null,null);
INSERT INTO map_places VALUES ('MAP_00000000001296788648248',null,16,27,0,1,null,null,null);
INSERT INTO map_places VALUES ('MAP_00000000001296788648248',null,16,28,0,1,null,null,null);
INSERT INTO map_places VALUES ('MAP_00000000001296788648248',null,16,29,0,1,null,null,null);
INSERT INTO map_places VALUES ('MAP_00000000001296788648248',null,16,30,0,1,null,null,null);
INSERT INTO map_places VALUES ('MAP_00000000001296788648248',null,16,31,0,1,null,null,null);
INSERT INTO map_places VALUES ('MAP_00000000001296788648248',null,16,32,0,1,null,null,null);
INSERT INTO map_places VALUES ('MAP_00000000001296788648248',null,16,33,0,1,null,null,null);
INSERT INTO map_places VALUES ('MAP_00000000001296788648248',null,16,34,0,1,null,null,null);
INSERT INTO map_places VALUES ('MAP_00000000001296788648248',null,16,35,0,1,null,null,null);
INSERT INTO map_places VALUES ('MAP_00000000001296788648248',null,16,36,0,1,null,null,null);
INSERT INTO map_places VALUES ('MAP_00000000001296788648248',null,16,37,0,1,null,null,null);
INSERT INTO map_places VALUES ('MAP_00000000001296788648248',null,16,38,0,1,null,null,null);
INSERT INTO map_places VALUES ('MAP_00000000001296788648248',null,16,39,0,1,null,null,null);
INSERT INTO map_places VALUES ('MAP_00000000001296788648248',null,16,40,0,1,null,null,null);
INSERT INTO map_places VALUES ('MAP_00000000001296788648248',null,16,41,0,1,null,null,null);
INSERT INTO map_places VALUES ('MAP_00000000001296788648248',null,16,42,0,1,null,null,null);
INSERT INTO map_places VALUES ('MAP_00000000001296788648248',null,16,43,0,1,null,null,null);
INSERT INTO map_places VALUES ('MAP_00000000001296788648248',null,16,44,0,1,null,null,null);
INSERT INTO map_places VALUES ('MAP_00000000001296788648248',null,16,45,0,1,null,null,null);
INSERT INTO map_places VALUES ('MAP_00000000001296788648248',null,16,46,0,1,null,null,null);
INSERT INTO map_places VALUES ('MAP_00000000001296788648248',null,16,47,0,1,null,null,null);
INSERT INTO map_places VALUES ('MAP_00000000001296788648248',null,16,48,1,1,null,null,null);
INSERT INTO map_places VALUES ('MAP_00000000001296788648248',null,16,49,0,1,null,null,null);
INSERT INTO map_places VALUES ('MAP_00000000001296788648248',null,16,50,0,1,null,null,null);
INSERT INTO map_places VALUES ('MAP_00000000001296788648248',null,16,51,0,1,null,null,null);
INSERT INTO map_places VALUES ('MAP_00000000001296788648248',null,16,52,0,1,null,null,null);
INSERT INTO map_places VALUES ('MAP_00000000001296788648248',null,16,53,0,1,null,null,null);
INSERT INTO map_places VALUES ('MAP_00000000001296788648248',null,16,54,0,1,null,null,null);
INSERT INTO map_places VALUES ('MAP_00000000001296788648248',null,16,55,0,1,null,null,null);
INSERT INTO map_places VALUES ('MAP_00000000001296788648248',null,16,56,0,1,null,null,null);
INSERT INTO map_places VALUES ('MAP_00000000001296788648248',null,16,57,1,1,null,null,null);
INSERT INTO map_places VALUES ('MAP_00000000001296788648248',null,16,58,0,1,null,null,null);
INSERT INTO map_places VALUES ('MAP_00000000001296788648248',null,16,59,0,1,null,null,null);
INSERT INTO map_places VALUES ('MAP_00000000001296788648248',null,16,60,1,1,null,null,null);
INSERT INTO map_places VALUES ('MAP_00000000001296788648248',null,16,61,0,1,null,null,null);
INSERT INTO map_places VALUES ('MAP_00000000001296788648248',null,16,62,0,1,null,null,null);
INSERT INTO map_places VALUES ('MAP_00000000001296788648248',null,16,63,1,1,null,null,null);
INSERT INTO map_places VALUES ('MAP_00000000001296788648248',null,17,0,1,1,null,null,null);
INSERT INTO map_places VALUES ('MAP_00000000001296788648248',null,17,1,0,1,null,null,null);
INSERT INTO map_places VALUES ('MAP_00000000001296788648248',null,17,2,0,1,null,null,null);
INSERT INTO map_places VALUES ('MAP_00000000001296788648248',null,17,3,0,1,null,null,null);
INSERT INTO map_places VALUES ('MAP_00000000001296788648248',null,17,4,0,1,null,null,null);
INSERT INTO map_places VALUES ('MAP_00000000001296788648248',null,17,5,0,1,null,null,null);
INSERT INTO map_places VALUES ('MAP_00000000001296788648248',null,17,6,0,1,null,null,null);
INSERT INTO map_places VALUES ('MAP_00000000001296788648248',null,17,7,0,1,null,null,null);
INSERT INTO map_places VALUES ('MAP_00000000001296788648248',null,17,8,0,1,null,null,null);
INSERT INTO map_places VALUES ('MAP_00000000001296788648248',null,17,9,0,1,null,null,null);
INSERT INTO map_places VALUES ('MAP_00000000001296788648248',null,17,10,0,1,null,null,null);
INSERT INTO map_places VALUES ('MAP_00000000001296788648248',null,17,11,0,1,null,null,null);
INSERT INTO map_places VALUES ('MAP_00000000001296788648248',null,17,12,0,1,null,null,null);
INSERT INTO map_places VALUES ('MAP_00000000001296788648248',null,17,13,0,1,null,null,null);
INSERT INTO map_places VALUES ('MAP_00000000001296788648248',null,17,14,0,1,null,null,null);
INSERT INTO map_places VALUES ('MAP_00000000001296788648248',null,17,15,0,1,null,null,null);
INSERT INTO map_places VALUES ('MAP_00000000001296788648248',null,17,16,0,1,null,null,null);
INSERT INTO map_places VALUES ('MAP_00000000001296788648248',null,17,17,0,1,null,null,null);
INSERT INTO map_places VALUES ('MAP_00000000001296788648248',null,17,18,0,1,null,null,null);
INSERT INTO map_places VALUES ('MAP_00000000001296788648248',null,17,19,0,1,null,null,null);
INSERT INTO map_places VALUES ('MAP_00000000001296788648248',null,17,20,0,1,null,null,null);
INSERT INTO map_places VALUES ('MAP_00000000001296788648248',null,17,21,0,1,null,null,null);
INSERT INTO map_places VALUES ('MAP_00000000001296788648248',null,17,22,1,1,null,null,null);
INSERT INTO map_places VALUES ('MAP_00000000001296788648248',null,17,23,0,1,null,null,null);
INSERT INTO map_places VALUES ('MAP_00000000001296788648248',null,17,24,0,1,null,null,null);
INSERT INTO map_places VALUES ('MAP_00000000001296788648248',null,17,25,0,1,null,null,null);
INSERT INTO map_places VALUES ('MAP_00000000001296788648248',null,17,26,0,1,null,null,null);
INSERT INTO map_places VALUES ('MAP_00000000001296788648248',null,17,27,0,1,null,null,null);
INSERT INTO map_places VALUES ('MAP_00000000001296788648248',null,17,28,0,1,null,null,null);
INSERT INTO map_places VALUES ('MAP_00000000001296788648248',null,17,29,0,1,null,null,null);
INSERT INTO map_places VALUES ('MAP_00000000001296788648248',null,17,30,0,1,null,null,null);
INSERT INTO map_places VALUES ('MAP_00000000001296788648248',null,17,31,0,1,null,null,null);
INSERT INTO map_places VALUES ('MAP_00000000001296788648248',null,17,32,0,1,null,null,null);
INSERT INTO map_places VALUES ('MAP_00000000001296788648248',null,17,33,0,1,null,null,null);
INSERT INTO map_places VALUES ('MAP_00000000001296788648248',null,17,34,0,1,null,null,null);
INSERT INTO map_places VALUES ('MAP_00000000001296788648248',null,17,35,0,1,null,null,null);
INSERT INTO map_places VALUES ('MAP_00000000001296788648248',null,17,36,0,1,null,null,null);
INSERT INTO map_places VALUES ('MAP_00000000001296788648248',null,17,37,0,1,null,null,null);
INSERT INTO map_places VALUES ('MAP_00000000001296788648248',null,17,38,0,1,null,null,null);
INSERT INTO map_places VALUES ('MAP_00000000001296788648248',null,17,39,0,1,null,null,null);
INSERT INTO map_places VALUES ('MAP_00000000001296788648248',null,17,40,0,1,null,null,null);
INSERT INTO map_places VALUES ('MAP_00000000001296788648248',null,17,41,1,1,null,null,null);
INSERT INTO map_places VALUES ('MAP_00000000001296788648248',null,17,42,1,1,null,null,null);
INSERT INTO map_places VALUES ('MAP_00000000001296788648248',null,17,43,1,1,null,null,null);
INSERT INTO map_places VALUES ('MAP_00000000001296788648248',null,17,44,1,1,null,null,null);
INSERT INTO map_places VALUES ('MAP_00000000001296788648248',null,17,45,0,1,null,null,null);
INSERT INTO map_places VALUES ('MAP_00000000001296788648248',null,17,46,0,1,null,null,null);
INSERT INTO map_places VALUES ('MAP_00000000001296788648248',null,17,47,0,1,null,null,null);
INSERT INTO map_places VALUES ('MAP_00000000001296788648248',null,17,48,1,1,null,null,null);
INSERT INTO map_places VALUES ('MAP_00000000001296788648248',null,17,49,0,1,null,null,null);
INSERT INTO map_places VALUES ('MAP_00000000001296788648248',null,17,50,0,1,null,null,null);
INSERT INTO map_places VALUES ('MAP_00000000001296788648248',null,17,51,0,1,null,null,null);
INSERT INTO map_places VALUES ('MAP_00000000001296788648248',null,17,52,1,1,null,null,null);
INSERT INTO map_places VALUES ('MAP_00000000001296788648248',null,17,53,1,1,null,null,null);
INSERT INTO map_places VALUES ('MAP_00000000001296788648248',null,17,54,0,1,null,null,null);
INSERT INTO map_places VALUES ('MAP_00000000001296788648248',null,17,55,1,1,null,null,null);
INSERT INTO map_places VALUES ('MAP_00000000001296788648248',null,17,56,0,1,null,null,null);
INSERT INTO map_places VALUES ('MAP_00000000001296788648248',null,17,57,1,1,null,null,null);
INSERT INTO map_places VALUES ('MAP_00000000001296788648248',null,17,58,0,1,null,null,null);
INSERT INTO map_places VALUES ('MAP_00000000001296788648248',null,17,59,1,1,null,null,null);
INSERT INTO map_places VALUES ('MAP_00000000001296788648248',null,17,60,1,1,null,null,null);
INSERT INTO map_places VALUES ('MAP_00000000001296788648248',null,17,61,0,1,null,null,null);
INSERT INTO map_places VALUES ('MAP_00000000001296788648248',null,17,62,1,1,null,null,null);
INSERT INTO map_places VALUES ('MAP_00000000001296788648248',null,17,63,1,1,null,null,null);
INSERT INTO map_places VALUES ('MAP_00000000001296788648248',null,18,0,1,1,null,null,null);
INSERT INTO map_places VALUES ('MAP_00000000001296788648248',null,18,1,1,1,null,null,null);
INSERT INTO map_places VALUES ('MAP_00000000001296788648248',null,18,2,1,1,null,null,null);
INSERT INTO map_places VALUES ('MAP_00000000001296788648248',null,18,3,1,1,null,null,null);
INSERT INTO map_places VALUES ('MAP_00000000001296788648248',null,18,4,1,1,null,null,null);
INSERT INTO map_places VALUES ('MAP_00000000001296788648248',null,18,5,0,1,null,null,null);
INSERT INTO map_places VALUES ('MAP_00000000001296788648248',null,18,6,0,1,null,null,null);
INSERT INTO map_places VALUES ('MAP_00000000001296788648248',null,18,7,0,1,null,null,null);
INSERT INTO map_places VALUES ('MAP_00000000001296788648248',null,18,8,0,1,null,null,null);
INSERT INTO map_places VALUES ('MAP_00000000001296788648248',null,18,9,1,1,null,null,null);
INSERT INTO map_places VALUES ('MAP_00000000001296788648248',null,18,10,1,1,null,null,null);
INSERT INTO map_places VALUES ('MAP_00000000001296788648248',null,18,11,0,1,null,null,null);
INSERT INTO map_places VALUES ('MAP_00000000001296788648248',null,18,12,0,1,null,null,null);
INSERT INTO map_places VALUES ('MAP_00000000001296788648248',null,18,13,0,1,null,null,null);
INSERT INTO map_places VALUES ('MAP_00000000001296788648248',null,18,14,0,1,null,null,null);
INSERT INTO map_places VALUES ('MAP_00000000001296788648248',null,18,15,0,1,null,null,null);
INSERT INTO map_places VALUES ('MAP_00000000001296788648248',null,18,16,0,1,null,null,null);
INSERT INTO map_places VALUES ('MAP_00000000001296788648248',null,18,17,0,1,null,null,null);
INSERT INTO map_places VALUES ('MAP_00000000001296788648248',null,18,18,0,1,null,null,null);
INSERT INTO map_places VALUES ('MAP_00000000001296788648248',null,18,19,0,1,null,null,null);
INSERT INTO map_places VALUES ('MAP_00000000001296788648248',null,18,20,0,1,null,null,null);
INSERT INTO map_places VALUES ('MAP_00000000001296788648248',null,18,21,0,1,null,null,null);
INSERT INTO map_places VALUES ('MAP_00000000001296788648248',null,18,22,0,1,null,null,null);
INSERT INTO map_places VALUES ('MAP_00000000001296788648248',null,18,23,0,1,null,null,null);
INSERT INTO map_places VALUES ('MAP_00000000001296788648248',null,18,24,0,1,null,null,null);
INSERT INTO map_places VALUES ('MAP_00000000001296788648248',null,18,25,0,1,null,null,null);
INSERT INTO map_places VALUES ('MAP_00000000001296788648248',null,18,26,0,1,null,null,null);
INSERT INTO map_places VALUES ('MAP_00000000001296788648248',null,18,27,0,1,null,null,null);
INSERT INTO map_places VALUES ('MAP_00000000001296788648248',null,18,28,0,1,null,null,null);
INSERT INTO map_places VALUES ('MAP_00000000001296788648248',null,18,29,0,1,null,null,null);
INSERT INTO map_places VALUES ('MAP_00000000001296788648248',null,18,30,0,1,null,null,null);
INSERT INTO map_places VALUES ('MAP_00000000001296788648248',null,18,31,0,1,null,null,null);
INSERT INTO map_places VALUES ('MAP_00000000001296788648248',null,18,32,0,1,null,null,null);
INSERT INTO map_places VALUES ('MAP_00000000001296788648248',null,18,33,0,1,null,null,null);
INSERT INTO map_places VALUES ('MAP_00000000001296788648248',null,18,34,0,1,null,null,null);
INSERT INTO map_places VALUES ('MAP_00000000001296788648248',null,18,35,0,1,null,null,null);
INSERT INTO map_places VALUES ('MAP_00000000001296788648248',null,18,36,0,1,null,null,null);
INSERT INTO map_places VALUES ('MAP_00000000001296788648248',null,18,37,0,1,null,null,null);
INSERT INTO map_places VALUES ('MAP_00000000001296788648248',null,18,38,0,1,null,null,null);
INSERT INTO map_places VALUES ('MAP_00000000001296788648248',null,18,39,0,1,null,null,null);
INSERT INTO map_places VALUES ('MAP_00000000001296788648248',null,18,40,0,1,null,null,null);
INSERT INTO map_places VALUES ('MAP_00000000001296788648248',null,18,41,0,1,null,null,null);
INSERT INTO map_places VALUES ('MAP_00000000001296788648248',null,18,42,0,1,null,null,null);
INSERT INTO map_places VALUES ('MAP_00000000001296788648248',null,18,43,0,1,null,null,null);
INSERT INTO map_places VALUES ('MAP_00000000001296788648248',null,18,44,1,1,null,null,null);
INSERT INTO map_places VALUES ('MAP_00000000001296788648248',null,18,45,0,1,null,null,null);
INSERT INTO map_places VALUES ('MAP_00000000001296788648248',null,18,46,0,1,null,null,null);
INSERT INTO map_places VALUES ('MAP_00000000001296788648248',null,18,47,0,1,null,null,null);
INSERT INTO map_places VALUES ('MAP_00000000001296788648248',null,18,48,1,1,null,null,null);
INSERT INTO map_places VALUES ('MAP_00000000001296788648248',null,18,49,0,1,null,null,null);
INSERT INTO map_places VALUES ('MAP_00000000001296788648248',null,18,50,0,1,null,null,null);
INSERT INTO map_places VALUES ('MAP_00000000001296788648248',null,18,51,0,1,null,null,null);
INSERT INTO map_places VALUES ('MAP_00000000001296788648248',null,18,52,1,1,null,null,null);
INSERT INTO map_places VALUES ('MAP_00000000001296788648248',null,18,53,0,1,null,null,null);
INSERT INTO map_places VALUES ('MAP_00000000001296788648248',null,18,54,0,1,null,null,null);
INSERT INTO map_places VALUES ('MAP_00000000001296788648248',null,18,55,1,1,null,null,null);
INSERT INTO map_places VALUES ('MAP_00000000001296788648248',null,18,56,0,1,null,null,null);
INSERT INTO map_places VALUES ('MAP_00000000001296788648248',null,18,57,1,1,null,null,null);
INSERT INTO map_places VALUES ('MAP_00000000001296788648248',null,18,58,0,1,null,null,null);
INSERT INTO map_places VALUES ('MAP_00000000001296788648248',null,18,59,0,1,null,null,null);
INSERT INTO map_places VALUES ('MAP_00000000001296788648248',null,18,60,0,1,null,null,null);
INSERT INTO map_places VALUES ('MAP_00000000001296788648248',null,18,61,0,1,null,null,null);
INSERT INTO map_places VALUES ('MAP_00000000001296788648248',null,18,62,0,1,null,null,null);
INSERT INTO map_places VALUES ('MAP_00000000001296788648248',null,18,63,1,1,null,null,null);
INSERT INTO map_places VALUES ('MAP_00000000001296788648248',null,19,0,1,1,null,null,null);
INSERT INTO map_places VALUES ('MAP_00000000001296788648248',null,19,1,0,1,null,null,null);
INSERT INTO map_places VALUES ('MAP_00000000001296788648248',null,19,2,0,1,null,null,null);
INSERT INTO map_places VALUES ('MAP_00000000001296788648248',null,19,3,0,1,null,null,null);
INSERT INTO map_places VALUES ('MAP_00000000001296788648248',null,19,4,1,1,null,null,null);
INSERT INTO map_places VALUES ('MAP_00000000001296788648248',null,19,5,0,1,null,null,null);
INSERT INTO map_places VALUES ('MAP_00000000001296788648248',null,19,6,0,1,null,null,null);
INSERT INTO map_places VALUES ('MAP_00000000001296788648248',null,19,7,0,1,null,null,null);
INSERT INTO map_places VALUES ('MAP_00000000001296788648248',null,19,8,0,1,null,null,null);
INSERT INTO map_places VALUES ('MAP_00000000001296788648248',null,19,9,1,1,null,null,null);
INSERT INTO map_places VALUES ('MAP_00000000001296788648248',null,19,10,0,1,null,null,null);
INSERT INTO map_places VALUES ('MAP_00000000001296788648248',null,19,11,0,1,null,null,null);
INSERT INTO map_places VALUES ('MAP_00000000001296788648248',null,19,12,0,1,null,null,null);
INSERT INTO map_places VALUES ('MAP_00000000001296788648248',null,19,13,0,1,null,null,null);
INSERT INTO map_places VALUES ('MAP_00000000001296788648248',null,19,14,0,1,null,null,null);
INSERT INTO map_places VALUES ('MAP_00000000001296788648248',null,19,15,0,1,null,null,null);
INSERT INTO map_places VALUES ('MAP_00000000001296788648248',null,19,16,0,1,null,null,null);
INSERT INTO map_places VALUES ('MAP_00000000001296788648248',null,19,17,0,1,null,null,null);
INSERT INTO map_places VALUES ('MAP_00000000001296788648248',null,19,18,0,1,null,null,null);
INSERT INTO map_places VALUES ('MAP_00000000001296788648248','PLAC_00000000001297393088971',19,19,0,1,null,null,null);
INSERT INTO map_places VALUES ('MAP_00000000001296788648248',null,19,20,0,1,null,null,null);
INSERT INTO map_places VALUES ('MAP_00000000001296788648248',null,19,21,0,1,null,null,null);
INSERT INTO map_places VALUES ('MAP_00000000001296788648248',null,19,22,0,1,null,null,null);
INSERT INTO map_places VALUES ('MAP_00000000001296788648248',null,19,23,0,1,null,null,null);
INSERT INTO map_places VALUES ('MAP_00000000001296788648248',null,19,24,0,1,null,null,null);
INSERT INTO map_places VALUES ('MAP_00000000001296788648248',null,19,25,0,1,null,null,null);
INSERT INTO map_places VALUES ('MAP_00000000001296788648248',null,19,26,0,1,null,null,null);
INSERT INTO map_places VALUES ('MAP_00000000001296788648248',null,19,27,0,1,null,null,null);
INSERT INTO map_places VALUES ('MAP_00000000001296788648248',null,19,28,0,1,null,null,null);
INSERT INTO map_places VALUES ('MAP_00000000001296788648248',null,19,29,0,1,null,null,null);
INSERT INTO map_places VALUES ('MAP_00000000001296788648248',null,19,30,0,1,null,null,null);
INSERT INTO map_places VALUES ('MAP_00000000001296788648248',null,19,31,0,1,null,null,null);
INSERT INTO map_places VALUES ('MAP_00000000001296788648248',null,19,32,0,1,null,null,null);
INSERT INTO map_places VALUES ('MAP_00000000001296788648248',null,19,33,0,1,null,null,null);
INSERT INTO map_places VALUES ('MAP_00000000001296788648248',null,19,34,0,1,null,null,null);
INSERT INTO map_places VALUES ('MAP_00000000001296788648248',null,19,35,0,1,null,null,null);
INSERT INTO map_places VALUES ('MAP_00000000001296788648248',null,19,36,0,1,null,null,null);
INSERT INTO map_places VALUES ('MAP_00000000001296788648248',null,19,37,0,1,null,null,null);
INSERT INTO map_places VALUES ('MAP_00000000001296788648248',null,19,38,0,1,null,null,null);
INSERT INTO map_places VALUES ('MAP_00000000001296788648248',null,19,39,0,1,null,null,null);
INSERT INTO map_places VALUES ('MAP_00000000001296788648248',null,19,40,0,1,null,null,null);
INSERT INTO map_places VALUES ('MAP_00000000001296788648248',null,19,41,0,1,null,null,null);
INSERT INTO map_places VALUES ('MAP_00000000001296788648248',null,19,42,0,1,null,null,null);
INSERT INTO map_places VALUES ('MAP_00000000001296788648248',null,19,43,0,1,null,null,null);
INSERT INTO map_places VALUES ('MAP_00000000001296788648248',null,19,44,1,1,null,null,null);
INSERT INTO map_places VALUES ('MAP_00000000001296788648248',null,19,45,0,1,null,null,null);
INSERT INTO map_places VALUES ('MAP_00000000001296788648248',null,19,46,0,1,null,null,null);
INSERT INTO map_places VALUES ('MAP_00000000001296788648248',null,19,47,0,1,null,null,null);
INSERT INTO map_places VALUES ('MAP_00000000001296788648248',null,19,48,1,1,null,null,null);
INSERT INTO map_places VALUES ('MAP_00000000001296788648248',null,19,49,0,1,null,null,null);
INSERT INTO map_places VALUES ('MAP_00000000001296788648248',null,19,50,0,1,null,null,null);
INSERT INTO map_places VALUES ('MAP_00000000001296788648248',null,19,51,0,1,null,null,null);
INSERT INTO map_places VALUES ('MAP_00000000001296788648248',null,19,52,1,1,null,null,null);
INSERT INTO map_places VALUES ('MAP_00000000001296788648248',null,19,53,0,1,null,null,null);
INSERT INTO map_places VALUES ('MAP_00000000001296788648248',null,19,54,0,1,null,null,null);
INSERT INTO map_places VALUES ('MAP_00000000001296788648248',null,19,55,1,1,null,null,null);
INSERT INTO map_places VALUES ('MAP_00000000001296788648248',null,19,56,0,1,null,null,null);
INSERT INTO map_places VALUES ('MAP_00000000001296788648248',null,19,57,0,1,null,null,null);
INSERT INTO map_places VALUES ('MAP_00000000001296788648248',null,19,58,0,1,null,null,null);
INSERT INTO map_places VALUES ('MAP_00000000001296788648248',null,19,59,0,1,null,null,null);
INSERT INTO map_places VALUES ('MAP_00000000001296788648248',null,19,60,1,1,null,null,null);
INSERT INTO map_places VALUES ('MAP_00000000001296788648248',null,19,61,0,1,null,null,null);
INSERT INTO map_places VALUES ('MAP_00000000001296788648248',null,19,62,0,1,null,null,null);
INSERT INTO map_places VALUES ('MAP_00000000001296788648248',null,19,63,1,1,null,null,null);
INSERT INTO map_places VALUES ('MAP_00000000001296788648248',null,20,0,1,1,null,null,null);
INSERT INTO map_places VALUES ('MAP_00000000001296788648248',null,20,1,0,1,null,null,null);
INSERT INTO map_places VALUES ('MAP_00000000001296788648248',null,20,2,0,1,null,null,null);
INSERT INTO map_places VALUES ('MAP_00000000001296788648248',null,20,3,0,1,null,null,null);
INSERT INTO map_places VALUES ('MAP_00000000001296788648248',null,20,4,0,1,null,null,null);
INSERT INTO map_places VALUES ('MAP_00000000001296788648248',null,20,5,0,1,null,null,null);
INSERT INTO map_places VALUES ('MAP_00000000001296788648248',null,20,6,0,1,null,null,null);
INSERT INTO map_places VALUES ('MAP_00000000001296788648248',null,20,7,0,1,null,null,null);
INSERT INTO map_places VALUES ('MAP_00000000001296788648248',null,20,8,0,1,null,null,null);
INSERT INTO map_places VALUES ('MAP_00000000001296788648248',null,20,9,1,1,null,null,null);
INSERT INTO map_places VALUES ('MAP_00000000001296788648248',null,20,10,0,1,null,null,null);
INSERT INTO map_places VALUES ('MAP_00000000001296788648248',null,20,11,0,1,null,null,null);
INSERT INTO map_places VALUES ('MAP_00000000001296788648248',null,20,12,0,1,null,null,null);
INSERT INTO map_places VALUES ('MAP_00000000001296788648248',null,20,13,0,1,null,null,null);
INSERT INTO map_places VALUES ('MAP_00000000001296788648248',null,20,14,0,1,null,null,null);
INSERT INTO map_places VALUES ('MAP_00000000001296788648248',null,20,15,0,1,null,null,null);
INSERT INTO map_places VALUES ('MAP_00000000001296788648248',null,20,16,0,1,null,null,null);
INSERT INTO map_places VALUES ('MAP_00000000001296788648248',null,20,17,0,1,null,null,null);
INSERT INTO map_places VALUES ('MAP_00000000001296788648248',null,20,18,0,1,null,null,null);
INSERT INTO map_places VALUES ('MAP_00000000001296788648248',null,20,19,0,1,null,null,null);
INSERT INTO map_places VALUES ('MAP_00000000001296788648248','PLAC_00000000001297393088971',20,20,0,1,null,null,null);
INSERT INTO map_places VALUES ('MAP_00000000001296788648248','PLAC_00000000001297393088971',20,21,0,1,null,null,null);
INSERT INTO map_places VALUES ('MAP_00000000001296788648248',null,20,22,0,1,null,null,null);
INSERT INTO map_places VALUES ('MAP_00000000001296788648248',null,20,23,0,1,null,null,null);
INSERT INTO map_places VALUES ('MAP_00000000001296788648248',null,20,24,0,1,null,null,null);
INSERT INTO map_places VALUES ('MAP_00000000001296788648248',null,20,25,0,1,null,null,null);
INSERT INTO map_places VALUES ('MAP_00000000001296788648248',null,20,26,0,1,null,null,null);
INSERT INTO map_places VALUES ('MAP_00000000001296788648248',null,20,27,0,1,null,null,null);
INSERT INTO map_places VALUES ('MAP_00000000001296788648248',null,20,28,0,1,null,null,null);
INSERT INTO map_places VALUES ('MAP_00000000001296788648248',null,20,29,0,1,null,null,null);
INSERT INTO map_places VALUES ('MAP_00000000001296788648248',null,20,30,0,1,null,null,null);
INSERT INTO map_places VALUES ('MAP_00000000001296788648248',null,20,31,0,1,null,null,null);
INSERT INTO map_places VALUES ('MAP_00000000001296788648248',null,20,32,0,1,null,null,null);
INSERT INTO map_places VALUES ('MAP_00000000001296788648248',null,20,33,0,1,null,null,null);
INSERT INTO map_places VALUES ('MAP_00000000001296788648248',null,20,34,0,1,null,null,null);
INSERT INTO map_places VALUES ('MAP_00000000001296788648248',null,20,35,0,1,null,null,null);
INSERT INTO map_places VALUES ('MAP_00000000001296788648248',null,20,36,0,1,null,null,null);
INSERT INTO map_places VALUES ('MAP_00000000001296788648248',null,20,37,0,1,null,null,null);
INSERT INTO map_places VALUES ('MAP_00000000001296788648248',null,20,38,0,1,null,null,null);
INSERT INTO map_places VALUES ('MAP_00000000001296788648248',null,20,39,1,1,null,null,null);
INSERT INTO map_places VALUES ('MAP_00000000001296788648248',null,20,40,1,1,null,null,null);
INSERT INTO map_places VALUES ('MAP_00000000001296788648248',null,20,41,1,1,null,null,null);
INSERT INTO map_places VALUES ('MAP_00000000001296788648248',null,20,42,0,1,null,null,null);
INSERT INTO map_places VALUES ('MAP_00000000001296788648248',null,20,43,0,1,null,null,null);
INSERT INTO map_places VALUES ('MAP_00000000001296788648248',null,20,44,1,1,null,null,null);
INSERT INTO map_places VALUES ('MAP_00000000001296788648248',null,20,45,0,1,null,null,null);
INSERT INTO map_places VALUES ('MAP_00000000001296788648248',null,20,46,1,1,null,null,null);
INSERT INTO map_places VALUES ('MAP_00000000001296788648248',null,20,47,0,1,null,null,null);
INSERT INTO map_places VALUES ('MAP_00000000001296788648248',null,20,48,0,1,null,null,null);
INSERT INTO map_places VALUES ('MAP_00000000001296788648248',null,20,49,0,1,null,null,null);
INSERT INTO map_places VALUES ('MAP_00000000001296788648248',null,20,50,1,1,null,null,null);
INSERT INTO map_places VALUES ('MAP_00000000001296788648248',null,20,51,1,1,null,null,null);
INSERT INTO map_places VALUES ('MAP_00000000001296788648248',null,20,52,1,1,null,null,null);
INSERT INTO map_places VALUES ('MAP_00000000001296788648248',null,20,53,1,1,null,null,null);
INSERT INTO map_places VALUES ('MAP_00000000001296788648248',null,20,54,1,1,null,null,null);
INSERT INTO map_places VALUES ('MAP_00000000001296788648248',null,20,55,1,1,null,null,null);
INSERT INTO map_places VALUES ('MAP_00000000001296788648248',null,20,56,1,1,null,null,null);
INSERT INTO map_places VALUES ('MAP_00000000001296788648248',null,20,57,1,1,null,null,null);
INSERT INTO map_places VALUES ('MAP_00000000001296788648248',null,20,58,1,1,null,null,null);
INSERT INTO map_places VALUES ('MAP_00000000001296788648248',null,20,59,1,1,null,null,null);
INSERT INTO map_places VALUES ('MAP_00000000001296788648248',null,20,60,1,1,null,null,null);
INSERT INTO map_places VALUES ('MAP_00000000001296788648248',null,20,61,1,1,null,null,null);
INSERT INTO map_places VALUES ('MAP_00000000001296788648248',null,20,62,1,1,null,null,null);
INSERT INTO map_places VALUES ('MAP_00000000001296788648248',null,20,63,1,1,null,null,null);
INSERT INTO map_places VALUES ('MAP_00000000001296788648248',null,21,0,1,1,null,null,null);
INSERT INTO map_places VALUES ('MAP_00000000001296788648248',null,21,1,0,1,null,null,null);
INSERT INTO map_places VALUES ('MAP_00000000001296788648248',null,21,2,0,1,null,null,null);
INSERT INTO map_places VALUES ('MAP_00000000001296788648248',null,21,3,0,1,null,null,null);
INSERT INTO map_places VALUES ('MAP_00000000001296788648248',null,21,4,1,1,null,null,null);
INSERT INTO map_places VALUES ('MAP_00000000001296788648248',null,21,5,0,1,null,null,null);
INSERT INTO map_places VALUES ('MAP_00000000001296788648248',null,21,6,0,1,null,null,null);
INSERT INTO map_places VALUES ('MAP_00000000001296788648248',null,21,7,0,1,null,null,null);
INSERT INTO map_places VALUES ('MAP_00000000001296788648248',null,21,8,0,1,null,null,null);
INSERT INTO map_places VALUES ('MAP_00000000001296788648248',null,21,9,1,1,null,null,null);
INSERT INTO map_places VALUES ('MAP_00000000001296788648248',null,21,10,0,1,null,null,null);
INSERT INTO map_places VALUES ('MAP_00000000001296788648248',null,21,11,0,1,null,null,null);
INSERT INTO map_places VALUES ('MAP_00000000001296788648248',null,21,12,0,1,null,null,null);
INSERT INTO map_places VALUES ('MAP_00000000001296788648248',null,21,13,0,1,null,null,null);
INSERT INTO map_places VALUES ('MAP_00000000001296788648248',null,21,14,0,1,null,null,null);
INSERT INTO map_places VALUES ('MAP_00000000001296788648248',null,21,15,0,1,null,null,null);
INSERT INTO map_places VALUES ('MAP_00000000001296788648248',null,21,16,0,1,null,null,null);
INSERT INTO map_places VALUES ('MAP_00000000001296788648248',null,21,17,0,1,null,null,null);
INSERT INTO map_places VALUES ('MAP_00000000001296788648248',null,21,18,0,1,null,null,null);
INSERT INTO map_places VALUES ('MAP_00000000001296788648248',null,21,19,0,1,null,null,null);
INSERT INTO map_places VALUES ('MAP_00000000001296788648248',null,21,20,0,1,null,null,null);
INSERT INTO map_places VALUES ('MAP_00000000001296788648248',null,21,21,0,1,null,null,null);
INSERT INTO map_places VALUES ('MAP_00000000001296788648248',null,21,22,0,1,null,null,null);
INSERT INTO map_places VALUES ('MAP_00000000001296788648248',null,21,23,0,1,null,null,null);
INSERT INTO map_places VALUES ('MAP_00000000001296788648248',null,21,24,0,1,null,null,null);
INSERT INTO map_places VALUES ('MAP_00000000001296788648248',null,21,25,0,1,null,null,null);
INSERT INTO map_places VALUES ('MAP_00000000001296788648248',null,21,26,0,1,null,null,null);
INSERT INTO map_places VALUES ('MAP_00000000001296788648248',null,21,27,0,1,null,null,null);
INSERT INTO map_places VALUES ('MAP_00000000001296788648248',null,21,28,0,1,null,null,null);
INSERT INTO map_places VALUES ('MAP_00000000001296788648248',null,21,29,0,1,null,null,null);
INSERT INTO map_places VALUES ('MAP_00000000001296788648248',null,21,30,0,1,null,null,null);
INSERT INTO map_places VALUES ('MAP_00000000001296788648248',null,21,31,0,1,null,null,null);
INSERT INTO map_places VALUES ('MAP_00000000001296788648248',null,21,32,0,1,null,null,null);
INSERT INTO map_places VALUES ('MAP_00000000001296788648248',null,21,33,0,1,null,null,null);
INSERT INTO map_places VALUES ('MAP_00000000001296788648248',null,21,34,0,1,null,null,null);
INSERT INTO map_places VALUES ('MAP_00000000001296788648248',null,21,35,0,1,null,null,null);
INSERT INTO map_places VALUES ('MAP_00000000001296788648248',null,21,36,0,1,null,null,null);
INSERT INTO map_places VALUES ('MAP_00000000001296788648248',null,21,37,0,1,null,null,null);
INSERT INTO map_places VALUES ('MAP_00000000001296788648248',null,21,38,0,1,null,null,null);
INSERT INTO map_places VALUES ('MAP_00000000001296788648248',null,21,39,0,1,null,null,null);
INSERT INTO map_places VALUES ('MAP_00000000001296788648248',null,21,40,1,1,null,null,null);
INSERT INTO map_places VALUES ('MAP_00000000001296788648248',null,21,41,0,1,null,null,null);
INSERT INTO map_places VALUES ('MAP_00000000001296788648248',null,21,42,0,1,null,null,null);
INSERT INTO map_places VALUES ('MAP_00000000001296788648248',null,21,43,0,1,null,null,null);
INSERT INTO map_places VALUES ('MAP_00000000001296788648248',null,21,44,1,1,null,null,null);
INSERT INTO map_places VALUES ('MAP_00000000001296788648248',null,21,45,0,1,null,null,null);
INSERT INTO map_places VALUES ('MAP_00000000001296788648248',null,21,46,0,1,null,null,null);
INSERT INTO map_places VALUES ('MAP_00000000001296788648248',null,21,47,0,1,null,null,null);
INSERT INTO map_places VALUES ('MAP_00000000001296788648248',null,21,48,0,1,null,null,null);
INSERT INTO map_places VALUES ('MAP_00000000001296788648248',null,21,49,0,1,null,null,null);
INSERT INTO map_places VALUES ('MAP_00000000001296788648248',null,21,50,0,1,null,null,null);
INSERT INTO map_places VALUES ('MAP_00000000001296788648248',null,21,51,0,1,null,null,null);
INSERT INTO map_places VALUES ('MAP_00000000001296788648248',null,21,52,0,1,null,null,null);
INSERT INTO map_places VALUES ('MAP_00000000001296788648248',null,21,53,0,1,null,null,null);
INSERT INTO map_places VALUES ('MAP_00000000001296788648248',null,21,54,0,1,null,null,null);
INSERT INTO map_places VALUES ('MAP_00000000001296788648248',null,21,55,0,1,null,null,null);
INSERT INTO map_places VALUES ('MAP_00000000001296788648248',null,21,56,0,1,null,null,null);
INSERT INTO map_places VALUES ('MAP_00000000001296788648248',null,21,57,0,1,null,null,null);
INSERT INTO map_places VALUES ('MAP_00000000001296788648248',null,21,58,0,1,null,null,null);
INSERT INTO map_places VALUES ('MAP_00000000001296788648248',null,21,59,0,1,null,null,null);
INSERT INTO map_places VALUES ('MAP_00000000001296788648248',null,21,60,0,1,null,null,null);
INSERT INTO map_places VALUES ('MAP_00000000001296788648248',null,21,61,0,1,null,null,null);
INSERT INTO map_places VALUES ('MAP_00000000001296788648248',null,21,62,0,1,null,null,null);
INSERT INTO map_places VALUES ('MAP_00000000001296788648248',null,21,63,1,1,null,null,null);
INSERT INTO map_places VALUES ('MAP_00000000001296788648248',null,22,0,1,1,null,null,null);
INSERT INTO map_places VALUES ('MAP_00000000001296788648248',null,22,1,1,1,null,null,null);
INSERT INTO map_places VALUES ('MAP_00000000001296788648248',null,22,2,0,1,null,null,null);
INSERT INTO map_places VALUES ('MAP_00000000001296788648248',null,22,3,1,1,null,null,null);
INSERT INTO map_places VALUES ('MAP_00000000001296788648248',null,22,4,1,1,null,null,null);
INSERT INTO map_places VALUES ('MAP_00000000001296788648248',null,22,5,0,1,null,null,null);
INSERT INTO map_places VALUES ('MAP_00000000001296788648248',null,22,6,0,1,null,null,null);
INSERT INTO map_places VALUES ('MAP_00000000001296788648248',null,22,7,0,1,null,null,null);
INSERT INTO map_places VALUES ('MAP_00000000001296788648248',null,22,8,0,1,null,null,null);
INSERT INTO map_places VALUES ('MAP_00000000001296788648248',null,22,9,1,1,null,null,null);
INSERT INTO map_places VALUES ('MAP_00000000001296788648248',null,22,10,0,1,null,null,null);
INSERT INTO map_places VALUES ('MAP_00000000001296788648248',null,22,11,0,1,null,null,null);
INSERT INTO map_places VALUES ('MAP_00000000001296788648248',null,22,12,0,1,null,null,null);
INSERT INTO map_places VALUES ('MAP_00000000001296788648248',null,22,13,0,1,null,null,null);
INSERT INTO map_places VALUES ('MAP_00000000001296788648248',null,22,14,0,1,null,null,null);
INSERT INTO map_places VALUES ('MAP_00000000001296788648248',null,22,15,0,1,null,null,null);
INSERT INTO map_places VALUES ('MAP_00000000001296788648248',null,22,16,0,1,null,null,null);
INSERT INTO map_places VALUES ('MAP_00000000001296788648248',null,22,17,0,1,null,null,null);
INSERT INTO map_places VALUES ('MAP_00000000001296788648248',null,22,18,0,1,null,null,null);
INSERT INTO map_places VALUES ('MAP_00000000001296788648248',null,22,19,0,1,null,null,null);
INSERT INTO map_places VALUES ('MAP_00000000001296788648248',null,22,20,0,1,null,null,null);
INSERT INTO map_places VALUES ('MAP_00000000001296788648248',null,22,21,1,1,null,null,null);
INSERT INTO map_places VALUES ('MAP_00000000001296788648248',null,22,22,0,1,null,null,null);
INSERT INTO map_places VALUES ('MAP_00000000001296788648248',null,22,23,0,1,null,null,null);
INSERT INTO map_places VALUES ('MAP_00000000001296788648248',null,22,24,0,1,null,null,null);
INSERT INTO map_places VALUES ('MAP_00000000001296788648248',null,22,25,1,1,null,null,null);
INSERT INTO map_places VALUES ('MAP_00000000001296788648248',null,22,26,0,1,null,null,null);
INSERT INTO map_places VALUES ('MAP_00000000001296788648248',null,22,27,0,1,null,null,null);
INSERT INTO map_places VALUES ('MAP_00000000001296788648248',null,22,28,0,1,null,null,null);
INSERT INTO map_places VALUES ('MAP_00000000001296788648248',null,22,29,0,1,null,null,null);
INSERT INTO map_places VALUES ('MAP_00000000001296788648248',null,22,30,0,1,null,null,null);
INSERT INTO map_places VALUES ('MAP_00000000001296788648248',null,22,31,0,1,null,null,null);
INSERT INTO map_places VALUES ('MAP_00000000001296788648248',null,22,32,0,1,null,null,null);
INSERT INTO map_places VALUES ('MAP_00000000001296788648248',null,22,33,0,1,null,null,null);
INSERT INTO map_places VALUES ('MAP_00000000001296788648248',null,22,34,0,1,null,null,null);
INSERT INTO map_places VALUES ('MAP_00000000001296788648248',null,22,35,0,1,null,null,null);
INSERT INTO map_places VALUES ('MAP_00000000001296788648248',null,22,36,0,1,null,null,null);
INSERT INTO map_places VALUES ('MAP_00000000001296788648248',null,22,37,0,1,null,null,null);
INSERT INTO map_places VALUES ('MAP_00000000001296788648248',null,22,38,0,1,null,null,null);
INSERT INTO map_places VALUES ('MAP_00000000001296788648248',null,22,39,0,1,null,null,null);
INSERT INTO map_places VALUES ('MAP_00000000001296788648248',null,22,40,1,1,null,null,null);
INSERT INTO map_places VALUES ('MAP_00000000001296788648248',null,22,41,0,1,null,null,null);
INSERT INTO map_places VALUES ('MAP_00000000001296788648248',null,22,42,0,1,null,null,null);
INSERT INTO map_places VALUES ('MAP_00000000001296788648248',null,22,43,0,1,null,null,null);
INSERT INTO map_places VALUES ('MAP_00000000001296788648248',null,22,44,1,1,null,null,null);
INSERT INTO map_places VALUES ('MAP_00000000001296788648248',null,22,45,0,1,null,null,null);
INSERT INTO map_places VALUES ('MAP_00000000001296788648248',null,22,46,0,1,null,null,null);
INSERT INTO map_places VALUES ('MAP_00000000001296788648248',null,22,47,0,1,null,null,null);
INSERT INTO map_places VALUES ('MAP_00000000001296788648248',null,22,48,0,1,null,null,null);
INSERT INTO map_places VALUES ('MAP_00000000001296788648248',null,22,49,0,1,null,null,null);
INSERT INTO map_places VALUES ('MAP_00000000001296788648248',null,22,50,0,1,null,null,null);
INSERT INTO map_places VALUES ('MAP_00000000001296788648248',null,22,51,0,1,null,null,null);
INSERT INTO map_places VALUES ('MAP_00000000001296788648248',null,22,52,0,1,null,null,null);
INSERT INTO map_places VALUES ('MAP_00000000001296788648248',null,22,53,0,1,null,null,null);
INSERT INTO map_places VALUES ('MAP_00000000001296788648248',null,22,54,0,1,null,null,null);
INSERT INTO map_places VALUES ('MAP_00000000001296788648248',null,22,55,0,1,null,null,null);
INSERT INTO map_places VALUES ('MAP_00000000001296788648248',null,22,56,0,1,null,null,null);
INSERT INTO map_places VALUES ('MAP_00000000001296788648248',null,22,57,0,1,null,null,null);
INSERT INTO map_places VALUES ('MAP_00000000001296788648248',null,22,58,0,1,null,null,null);
INSERT INTO map_places VALUES ('MAP_00000000001296788648248',null,22,59,0,1,null,null,null);
INSERT INTO map_places VALUES ('MAP_00000000001296788648248',null,22,60,0,1,null,null,null);
INSERT INTO map_places VALUES ('MAP_00000000001296788648248',null,22,61,0,1,null,null,null);
INSERT INTO map_places VALUES ('MAP_00000000001296788648248',null,22,62,0,1,null,null,null);
INSERT INTO map_places VALUES ('MAP_00000000001296788648248',null,22,63,1,1,null,null,null);
INSERT INTO map_places VALUES ('MAP_00000000001296788648248',null,23,0,1,1,null,null,null);
INSERT INTO map_places VALUES ('MAP_00000000001296788648248',null,23,1,0,1,null,null,null);
INSERT INTO map_places VALUES ('MAP_00000000001296788648248',null,23,2,0,1,null,null,null);
INSERT INTO map_places VALUES ('MAP_00000000001296788648248',null,23,3,0,1,null,null,null);
INSERT INTO map_places VALUES ('MAP_00000000001296788648248',null,23,4,0,1,null,null,null);
INSERT INTO map_places VALUES ('MAP_00000000001296788648248',null,23,5,0,1,null,null,null);
INSERT INTO map_places VALUES ('MAP_00000000001296788648248',null,23,6,0,1,null,null,null);
INSERT INTO map_places VALUES ('MAP_00000000001296788648248',null,23,7,0,1,null,null,null);
INSERT INTO map_places VALUES ('MAP_00000000001296788648248',null,23,8,0,1,null,null,null);
INSERT INTO map_places VALUES ('MAP_00000000001296788648248',null,23,9,1,1,null,null,null);
INSERT INTO map_places VALUES ('MAP_00000000001296788648248',null,23,10,0,1,null,null,null);
INSERT INTO map_places VALUES ('MAP_00000000001296788648248',null,23,11,0,1,null,null,null);
INSERT INTO map_places VALUES ('MAP_00000000001296788648248',null,23,12,0,1,null,null,null);
INSERT INTO map_places VALUES ('MAP_00000000001296788648248',null,23,13,0,1,null,null,null);
INSERT INTO map_places VALUES ('MAP_00000000001296788648248',null,23,14,0,1,null,null,null);
INSERT INTO map_places VALUES ('MAP_00000000001296788648248',null,23,15,0,1,null,null,null);
INSERT INTO map_places VALUES ('MAP_00000000001296788648248',null,23,16,0,1,null,null,null);
INSERT INTO map_places VALUES ('MAP_00000000001296788648248',null,23,17,0,1,null,null,null);
INSERT INTO map_places VALUES ('MAP_00000000001296788648248',null,23,18,0,1,null,null,null);
INSERT INTO map_places VALUES ('MAP_00000000001296788648248',null,23,19,0,1,null,null,null);
INSERT INTO map_places VALUES ('MAP_00000000001296788648248',null,23,20,0,1,null,null,null);
INSERT INTO map_places VALUES ('MAP_00000000001296788648248',null,23,21,1,1,null,null,null);
INSERT INTO map_places VALUES ('MAP_00000000001296788648248',null,23,22,0,1,null,null,null);
INSERT INTO map_places VALUES ('MAP_00000000001296788648248',null,23,23,0,1,null,null,null);
INSERT INTO map_places VALUES ('MAP_00000000001296788648248',null,23,24,0,1,null,null,null);
INSERT INTO map_places VALUES ('MAP_00000000001296788648248',null,23,25,1,1,null,null,null);
INSERT INTO map_places VALUES ('MAP_00000000001296788648248',null,23,26,0,1,null,null,null);
INSERT INTO map_places VALUES ('MAP_00000000001296788648248',null,23,27,0,1,null,null,null);
INSERT INTO map_places VALUES ('MAP_00000000001296788648248',null,23,28,0,1,null,null,null);
INSERT INTO map_places VALUES ('MAP_00000000001296788648248',null,23,29,0,1,null,null,null);
INSERT INTO map_places VALUES ('MAP_00000000001296788648248',null,23,30,0,1,null,null,null);
INSERT INTO map_places VALUES ('MAP_00000000001296788648248',null,23,31,0,1,null,null,null);
INSERT INTO map_places VALUES ('MAP_00000000001296788648248',null,23,32,0,1,null,null,null);
INSERT INTO map_places VALUES ('MAP_00000000001296788648248',null,23,33,0,1,null,null,null);
INSERT INTO map_places VALUES ('MAP_00000000001296788648248',null,23,34,0,1,null,null,null);
INSERT INTO map_places VALUES ('MAP_00000000001296788648248',null,23,35,0,1,null,null,null);
INSERT INTO map_places VALUES ('MAP_00000000001296788648248',null,23,36,0,1,null,null,null);
INSERT INTO map_places VALUES ('MAP_00000000001296788648248',null,23,37,0,1,null,null,null);
INSERT INTO map_places VALUES ('MAP_00000000001296788648248',null,23,38,0,1,null,null,null);
INSERT INTO map_places VALUES ('MAP_00000000001296788648248',null,23,39,0,1,null,null,null);
INSERT INTO map_places VALUES ('MAP_00000000001296788648248',null,23,40,1,1,null,null,null);
INSERT INTO map_places VALUES ('MAP_00000000001296788648248',null,23,41,0,1,null,null,null);
INSERT INTO map_places VALUES ('MAP_00000000001296788648248',null,23,42,0,1,null,null,null);
INSERT INTO map_places VALUES ('MAP_00000000001296788648248',null,23,43,0,1,null,null,null);
INSERT INTO map_places VALUES ('MAP_00000000001296788648248',null,23,44,1,1,null,null,null);
INSERT INTO map_places VALUES ('MAP_00000000001296788648248',null,23,45,0,1,null,null,null);
INSERT INTO map_places VALUES ('MAP_00000000001296788648248',null,23,46,0,1,null,null,null);
INSERT INTO map_places VALUES ('MAP_00000000001296788648248',null,23,47,0,1,null,null,null);
INSERT INTO map_places VALUES ('MAP_00000000001296788648248',null,23,48,1,1,null,null,null);
INSERT INTO map_places VALUES ('MAP_00000000001296788648248',null,23,49,0,1,null,null,null);
INSERT INTO map_places VALUES ('MAP_00000000001296788648248',null,23,50,0,1,null,null,null);
INSERT INTO map_places VALUES ('MAP_00000000001296788648248',null,23,51,0,1,null,null,null);
INSERT INTO map_places VALUES ('MAP_00000000001296788648248',null,23,52,0,1,null,null,null);
INSERT INTO map_places VALUES ('MAP_00000000001296788648248',null,23,53,0,1,null,null,null);
INSERT INTO map_places VALUES ('MAP_00000000001296788648248',null,23,54,0,1,null,null,null);
INSERT INTO map_places VALUES ('MAP_00000000001296788648248',null,23,55,0,1,null,null,null);
INSERT INTO map_places VALUES ('MAP_00000000001296788648248',null,23,56,0,1,null,null,null);
INSERT INTO map_places VALUES ('MAP_00000000001296788648248',null,23,57,0,1,null,null,null);
INSERT INTO map_places VALUES ('MAP_00000000001296788648248',null,23,58,0,1,null,null,null);
INSERT INTO map_places VALUES ('MAP_00000000001296788648248',null,23,59,0,1,null,null,null);
INSERT INTO map_places VALUES ('MAP_00000000001296788648248',null,23,60,0,1,null,null,null);
INSERT INTO map_places VALUES ('MAP_00000000001296788648248',null,23,61,0,1,null,null,null);
INSERT INTO map_places VALUES ('MAP_00000000001296788648248',null,23,62,0,1,null,null,null);
INSERT INTO map_places VALUES ('MAP_00000000001296788648248',null,23,63,1,1,null,null,null);
INSERT INTO map_places VALUES ('MAP_00000000001296788648248',null,24,0,1,1,null,null,null);
INSERT INTO map_places VALUES ('MAP_00000000001296788648248',null,24,1,0,1,null,null,null);
INSERT INTO map_places VALUES ('MAP_00000000001296788648248',null,24,2,0,1,null,null,null);
INSERT INTO map_places VALUES ('MAP_00000000001296788648248',null,24,3,0,1,null,null,null);
INSERT INTO map_places VALUES ('MAP_00000000001296788648248',null,24,4,0,1,null,null,null);
INSERT INTO map_places VALUES ('MAP_00000000001296788648248',null,24,5,0,1,null,null,null);
INSERT INTO map_places VALUES ('MAP_00000000001296788648248',null,24,6,0,1,null,null,null);
INSERT INTO map_places VALUES ('MAP_00000000001296788648248',null,24,7,0,1,null,null,null);
INSERT INTO map_places VALUES ('MAP_00000000001296788648248',null,24,8,0,1,null,null,null);
INSERT INTO map_places VALUES ('MAP_00000000001296788648248',null,24,9,1,1,null,null,null);
INSERT INTO map_places VALUES ('MAP_00000000001296788648248',null,24,10,0,1,null,null,null);
INSERT INTO map_places VALUES ('MAP_00000000001296788648248',null,24,11,0,1,null,null,null);
INSERT INTO map_places VALUES ('MAP_00000000001296788648248',null,24,12,0,1,null,null,null);
INSERT INTO map_places VALUES ('MAP_00000000001296788648248',null,24,13,0,1,null,null,null);
INSERT INTO map_places VALUES ('MAP_00000000001296788648248',null,24,14,0,1,null,null,null);
INSERT INTO map_places VALUES ('MAP_00000000001296788648248',null,24,15,0,1,null,null,null);
INSERT INTO map_places VALUES ('MAP_00000000001296788648248',null,24,16,0,1,null,null,null);
INSERT INTO map_places VALUES ('MAP_00000000001296788648248',null,24,17,0,1,null,null,null);
INSERT INTO map_places VALUES ('MAP_00000000001296788648248',null,24,18,0,1,null,null,null);
INSERT INTO map_places VALUES ('MAP_00000000001296788648248',null,24,19,0,1,null,null,null);
INSERT INTO map_places VALUES ('MAP_00000000001296788648248',null,24,20,0,1,null,null,null);
INSERT INTO map_places VALUES ('MAP_00000000001296788648248',null,24,21,1,1,null,null,null);
INSERT INTO map_places VALUES ('MAP_00000000001296788648248',null,24,22,0,1,null,null,null);
INSERT INTO map_places VALUES ('MAP_00000000001296788648248',null,24,23,0,1,null,null,null);
INSERT INTO map_places VALUES ('MAP_00000000001296788648248',null,24,24,0,1,null,null,null);
INSERT INTO map_places VALUES ('MAP_00000000001296788648248',null,24,25,1,1,null,null,null);
INSERT INTO map_places VALUES ('MAP_00000000001296788648248',null,24,26,0,1,null,null,null);
INSERT INTO map_places VALUES ('MAP_00000000001296788648248',null,24,27,0,1,null,null,null);
INSERT INTO map_places VALUES ('MAP_00000000001296788648248',null,24,28,0,1,null,null,null);
INSERT INTO map_places VALUES ('MAP_00000000001296788648248',null,24,29,0,1,null,null,null);
INSERT INTO map_places VALUES ('MAP_00000000001296788648248',null,24,30,0,1,null,null,null);
INSERT INTO map_places VALUES ('MAP_00000000001296788648248',null,24,31,0,1,null,null,null);
INSERT INTO map_places VALUES ('MAP_00000000001296788648248',null,24,32,0,1,null,null,null);
INSERT INTO map_places VALUES ('MAP_00000000001296788648248',null,24,33,0,1,null,null,null);
INSERT INTO map_places VALUES ('MAP_00000000001296788648248',null,24,34,0,1,null,null,null);
INSERT INTO map_places VALUES ('MAP_00000000001296788648248',null,24,35,0,1,null,null,null);
INSERT INTO map_places VALUES ('MAP_00000000001296788648248',null,24,36,0,1,null,null,null);
INSERT INTO map_places VALUES ('MAP_00000000001296788648248',null,24,37,0,1,null,null,null);
INSERT INTO map_places VALUES ('MAP_00000000001296788648248',null,24,38,0,1,null,null,null);
INSERT INTO map_places VALUES ('MAP_00000000001296788648248',null,24,39,0,1,null,null,null);
INSERT INTO map_places VALUES ('MAP_00000000001296788648248',null,24,40,1,1,null,null,null);
INSERT INTO map_places VALUES ('MAP_00000000001296788648248',null,24,41,0,1,null,null,null);
INSERT INTO map_places VALUES ('MAP_00000000001296788648248',null,24,42,0,1,null,null,null);
INSERT INTO map_places VALUES ('MAP_00000000001296788648248',null,24,43,0,1,null,null,null);
INSERT INTO map_places VALUES ('MAP_00000000001296788648248',null,24,44,1,1,null,null,null);
INSERT INTO map_places VALUES ('MAP_00000000001296788648248',null,24,45,0,1,null,null,null);
INSERT INTO map_places VALUES ('MAP_00000000001296788648248',null,24,46,0,1,null,null,null);
INSERT INTO map_places VALUES ('MAP_00000000001296788648248',null,24,47,0,1,null,null,null);
INSERT INTO map_places VALUES ('MAP_00000000001296788648248',null,24,48,1,1,null,null,null);
INSERT INTO map_places VALUES ('MAP_00000000001296788648248',null,24,49,1,1,null,null,null);
INSERT INTO map_places VALUES ('MAP_00000000001296788648248',null,24,50,1,1,null,null,null);
INSERT INTO map_places VALUES ('MAP_00000000001296788648248',null,24,51,1,1,null,null,null);
INSERT INTO map_places VALUES ('MAP_00000000001296788648248',null,24,52,1,1,null,null,null);
INSERT INTO map_places VALUES ('MAP_00000000001296788648248',null,24,53,1,1,null,null,null);
INSERT INTO map_places VALUES ('MAP_00000000001296788648248',null,24,54,1,1,null,null,null);
INSERT INTO map_places VALUES ('MAP_00000000001296788648248',null,24,55,1,1,null,null,null);
INSERT INTO map_places VALUES ('MAP_00000000001296788648248',null,24,56,1,1,null,null,null);
INSERT INTO map_places VALUES ('MAP_00000000001296788648248',null,24,57,1,1,null,null,null);
INSERT INTO map_places VALUES ('MAP_00000000001296788648248',null,24,58,1,1,null,null,null);
INSERT INTO map_places VALUES ('MAP_00000000001296788648248',null,24,59,1,1,null,null,null);
INSERT INTO map_places VALUES ('MAP_00000000001296788648248',null,24,60,1,1,null,null,null);
INSERT INTO map_places VALUES ('MAP_00000000001296788648248',null,24,61,1,1,null,null,null);
INSERT INTO map_places VALUES ('MAP_00000000001296788648248',null,24,62,1,1,null,null,null);
INSERT INTO map_places VALUES ('MAP_00000000001296788648248',null,24,63,1,1,null,null,null);
INSERT INTO map_places VALUES ('MAP_00000000001296788648248',null,25,0,1,1,null,null,null);
INSERT INTO map_places VALUES ('MAP_00000000001296788648248',null,25,1,0,1,null,null,null);
INSERT INTO map_places VALUES ('MAP_00000000001296788648248',null,25,2,0,1,null,null,null);
INSERT INTO map_places VALUES ('MAP_00000000001296788648248',null,25,3,0,1,null,null,null);
INSERT INTO map_places VALUES ('MAP_00000000001296788648248',null,25,4,0,1,null,null,null);
INSERT INTO map_places VALUES ('MAP_00000000001296788648248',null,25,5,0,1,null,null,null);
INSERT INTO map_places VALUES ('MAP_00000000001296788648248',null,25,6,0,1,null,null,null);
INSERT INTO map_places VALUES ('MAP_00000000001296788648248',null,25,7,0,1,null,null,null);
INSERT INTO map_places VALUES ('MAP_00000000001296788648248',null,25,8,0,1,null,null,null);
INSERT INTO map_places VALUES ('MAP_00000000001296788648248',null,25,9,1,1,null,null,null);
INSERT INTO map_places VALUES ('MAP_00000000001296788648248',null,25,10,1,1,null,null,null);
INSERT INTO map_places VALUES ('MAP_00000000001296788648248',null,25,11,1,1,null,null,null);
INSERT INTO map_places VALUES ('MAP_00000000001296788648248',null,25,12,1,1,null,null,null);
INSERT INTO map_places VALUES ('MAP_00000000001296788648248',null,25,13,1,1,null,null,null);
INSERT INTO map_places VALUES ('MAP_00000000001296788648248',null,25,14,1,1,null,null,null);
INSERT INTO map_places VALUES ('MAP_00000000001296788648248',null,25,15,1,1,null,null,null);
INSERT INTO map_places VALUES ('MAP_00000000001296788648248',null,25,16,1,1,null,null,null);
INSERT INTO map_places VALUES ('MAP_00000000001296788648248',null,25,17,1,1,null,null,null);
INSERT INTO map_places VALUES ('MAP_00000000001296788648248',null,25,18,1,1,null,null,null);
INSERT INTO map_places VALUES ('MAP_00000000001296788648248',null,25,19,1,1,null,null,null);
INSERT INTO map_places VALUES ('MAP_00000000001296788648248',null,25,20,1,1,null,null,null);
INSERT INTO map_places VALUES ('MAP_00000000001296788648248',null,25,21,1,1,null,null,null);
INSERT INTO map_places VALUES ('MAP_00000000001296788648248',null,25,22,0,1,null,null,null);
INSERT INTO map_places VALUES ('MAP_00000000001296788648248',null,25,23,0,1,null,null,null);
INSERT INTO map_places VALUES ('MAP_00000000001296788648248',null,25,24,0,1,null,null,null);
INSERT INTO map_places VALUES ('MAP_00000000001296788648248',null,25,25,1,1,null,null,null);
INSERT INTO map_places VALUES ('MAP_00000000001296788648248',null,25,26,1,1,null,null,null);
INSERT INTO map_places VALUES ('MAP_00000000001296788648248',null,25,27,1,1,null,null,null);
INSERT INTO map_places VALUES ('MAP_00000000001296788648248',null,25,28,1,1,null,null,null);
INSERT INTO map_places VALUES ('MAP_00000000001296788648248',null,25,29,1,1,null,null,null);
INSERT INTO map_places VALUES ('MAP_00000000001296788648248',null,25,30,1,1,null,null,null);
INSERT INTO map_places VALUES ('MAP_00000000001296788648248',null,25,31,1,1,null,null,null);
INSERT INTO map_places VALUES ('MAP_00000000001296788648248',null,25,32,1,1,null,null,null);
INSERT INTO map_places VALUES ('MAP_00000000001296788648248',null,25,33,1,1,null,null,null);
INSERT INTO map_places VALUES ('MAP_00000000001296788648248',null,25,34,1,1,null,null,null);
INSERT INTO map_places VALUES ('MAP_00000000001296788648248',null,25,35,1,1,null,null,null);
INSERT INTO map_places VALUES ('MAP_00000000001296788648248',null,25,36,1,1,null,null,null);
INSERT INTO map_places VALUES ('MAP_00000000001296788648248',null,25,37,1,1,null,null,null);
INSERT INTO map_places VALUES ('MAP_00000000001296788648248',null,25,38,1,1,null,null,null);
INSERT INTO map_places VALUES ('MAP_00000000001296788648248',null,25,39,1,1,null,null,null);
INSERT INTO map_places VALUES ('MAP_00000000001296788648248',null,25,40,1,1,null,null,null);
INSERT INTO map_places VALUES ('MAP_00000000001296788648248',null,25,41,0,1,null,null,null);
INSERT INTO map_places VALUES ('MAP_00000000001296788648248',null,25,42,0,1,null,null,null);
INSERT INTO map_places VALUES ('MAP_00000000001296788648248',null,25,43,0,1,null,null,null);
INSERT INTO map_places VALUES ('MAP_00000000001296788648248',null,25,44,1,1,null,null,null);
INSERT INTO map_places VALUES ('MAP_00000000001296788648248',null,25,45,0,1,null,null,null);
INSERT INTO map_places VALUES ('MAP_00000000001296788648248',null,25,46,0,1,null,null,null);
INSERT INTO map_places VALUES ('MAP_00000000001296788648248',null,25,47,0,1,null,null,null);
INSERT INTO map_places VALUES ('MAP_00000000001296788648248',null,25,48,0,1,null,null,null);
INSERT INTO map_places VALUES ('MAP_00000000001296788648248',null,25,49,0,1,null,null,null);
INSERT INTO map_places VALUES ('MAP_00000000001296788648248',null,25,50,0,1,null,null,null);
INSERT INTO map_places VALUES ('MAP_00000000001296788648248',null,25,51,0,1,null,null,null);
INSERT INTO map_places VALUES ('MAP_00000000001296788648248',null,25,52,0,1,null,null,null);
INSERT INTO map_places VALUES ('MAP_00000000001296788648248',null,25,53,0,1,null,null,null);
INSERT INTO map_places VALUES ('MAP_00000000001296788648248',null,25,54,0,1,null,null,null);
INSERT INTO map_places VALUES ('MAP_00000000001296788648248',null,25,55,0,1,null,null,null);
INSERT INTO map_places VALUES ('MAP_00000000001296788648248',null,25,56,0,1,null,null,null);
INSERT INTO map_places VALUES ('MAP_00000000001296788648248',null,25,57,0,1,null,null,null);
INSERT INTO map_places VALUES ('MAP_00000000001296788648248',null,25,58,0,1,null,null,null);
INSERT INTO map_places VALUES ('MAP_00000000001296788648248',null,25,59,0,1,null,null,null);
INSERT INTO map_places VALUES ('MAP_00000000001296788648248',null,25,60,0,1,null,null,null);
INSERT INTO map_places VALUES ('MAP_00000000001296788648248',null,25,61,0,1,null,null,null);
INSERT INTO map_places VALUES ('MAP_00000000001296788648248',null,25,62,0,1,null,null,null);
INSERT INTO map_places VALUES ('MAP_00000000001296788648248',null,25,63,1,1,null,null,null);
INSERT INTO map_places VALUES ('MAP_00000000001296788648248',null,26,0,1,1,null,null,null);
INSERT INTO map_places VALUES ('MAP_00000000001296788648248',null,26,1,0,1,null,null,null);
INSERT INTO map_places VALUES ('MAP_00000000001296788648248',null,26,2,0,1,null,null,null);
INSERT INTO map_places VALUES ('MAP_00000000001296788648248',null,26,3,0,1,null,null,null);
INSERT INTO map_places VALUES ('MAP_00000000001296788648248',null,26,4,0,1,null,null,null);
INSERT INTO map_places VALUES ('MAP_00000000001296788648248',null,26,5,0,1,null,null,null);
INSERT INTO map_places VALUES ('MAP_00000000001296788648248',null,26,6,0,1,null,null,null);
INSERT INTO map_places VALUES ('MAP_00000000001296788648248',null,26,7,0,1,null,null,null);
INSERT INTO map_places VALUES ('MAP_00000000001296788648248',null,26,8,0,1,null,null,null);
INSERT INTO map_places VALUES ('MAP_00000000001296788648248',null,26,9,0,1,null,null,null);
INSERT INTO map_places VALUES ('MAP_00000000001296788648248',null,26,10,0,1,null,null,null);
INSERT INTO map_places VALUES ('MAP_00000000001296788648248',null,26,11,0,1,null,null,null);
INSERT INTO map_places VALUES ('MAP_00000000001296788648248',null,26,12,0,1,null,null,null);
INSERT INTO map_places VALUES ('MAP_00000000001296788648248',null,26,13,0,1,null,null,null);
INSERT INTO map_places VALUES ('MAP_00000000001296788648248',null,26,14,0,1,null,null,null);
INSERT INTO map_places VALUES ('MAP_00000000001296788648248',null,26,15,0,1,null,null,null);
INSERT INTO map_places VALUES ('MAP_00000000001296788648248',null,26,16,0,1,null,null,null);
INSERT INTO map_places VALUES ('MAP_00000000001296788648248',null,26,17,0,1,null,null,null);
INSERT INTO map_places VALUES ('MAP_00000000001296788648248',null,26,18,0,1,null,null,null);
INSERT INTO map_places VALUES ('MAP_00000000001296788648248',null,26,19,0,1,null,null,null);
INSERT INTO map_places VALUES ('MAP_00000000001296788648248',null,26,20,0,1,null,null,null);
INSERT INTO map_places VALUES ('MAP_00000000001296788648248',null,26,21,0,1,null,null,null);
INSERT INTO map_places VALUES ('MAP_00000000001296788648248',null,26,22,0,1,null,null,null);
INSERT INTO map_places VALUES ('MAP_00000000001296788648248',null,26,23,0,1,null,null,null);
INSERT INTO map_places VALUES ('MAP_00000000001296788648248',null,26,24,0,1,null,null,null);
INSERT INTO map_places VALUES ('MAP_00000000001296788648248',null,26,25,0,1,null,null,null);
INSERT INTO map_places VALUES ('MAP_00000000001296788648248',null,26,26,0,1,null,null,null);
INSERT INTO map_places VALUES ('MAP_00000000001296788648248',null,26,27,0,1,null,null,null);
INSERT INTO map_places VALUES ('MAP_00000000001296788648248',null,26,28,0,1,null,null,null);
INSERT INTO map_places VALUES ('MAP_00000000001296788648248',null,26,29,0,1,null,null,null);
INSERT INTO map_places VALUES ('MAP_00000000001296788648248',null,26,30,0,1,null,null,null);
INSERT INTO map_places VALUES ('MAP_00000000001296788648248',null,26,31,0,1,null,null,null);
INSERT INTO map_places VALUES ('MAP_00000000001296788648248',null,26,32,0,1,null,null,null);
INSERT INTO map_places VALUES ('MAP_00000000001296788648248',null,26,33,0,1,null,null,null);
INSERT INTO map_places VALUES ('MAP_00000000001296788648248',null,26,34,0,1,null,null,null);
INSERT INTO map_places VALUES ('MAP_00000000001296788648248',null,26,35,0,1,null,null,null);
INSERT INTO map_places VALUES ('MAP_00000000001296788648248',null,26,36,0,1,null,null,null);
INSERT INTO map_places VALUES ('MAP_00000000001296788648248',null,26,37,0,1,null,null,null);
INSERT INTO map_places VALUES ('MAP_00000000001296788648248',null,26,38,0,1,null,null,null);
INSERT INTO map_places VALUES ('MAP_00000000001296788648248',null,26,39,0,1,null,null,null);
INSERT INTO map_places VALUES ('MAP_00000000001296788648248',null,26,40,0,1,null,null,null);
INSERT INTO map_places VALUES ('MAP_00000000001296788648248',null,26,41,0,1,null,null,null);
INSERT INTO map_places VALUES ('MAP_00000000001296788648248',null,26,42,0,1,null,null,null);
INSERT INTO map_places VALUES ('MAP_00000000001296788648248',null,26,43,0,1,null,null,null);
INSERT INTO map_places VALUES ('MAP_00000000001296788648248',null,26,44,1,1,null,null,null);
INSERT INTO map_places VALUES ('MAP_00000000001296788648248',null,26,45,0,1,null,null,null);
INSERT INTO map_places VALUES ('MAP_00000000001296788648248',null,26,46,0,1,null,null,null);
INSERT INTO map_places VALUES ('MAP_00000000001296788648248',null,26,47,0,1,null,null,null);
INSERT INTO map_places VALUES ('MAP_00000000001296788648248',null,26,48,0,1,null,null,null);
INSERT INTO map_places VALUES ('MAP_00000000001296788648248',null,26,49,0,1,null,null,null);
INSERT INTO map_places VALUES ('MAP_00000000001296788648248',null,26,50,0,1,null,null,null);
INSERT INTO map_places VALUES ('MAP_00000000001296788648248',null,26,51,0,1,null,null,null);
INSERT INTO map_places VALUES ('MAP_00000000001296788648248',null,26,52,0,1,null,null,null);
INSERT INTO map_places VALUES ('MAP_00000000001296788648248',null,26,53,0,1,null,null,null);
INSERT INTO map_places VALUES ('MAP_00000000001296788648248',null,26,54,0,1,null,null,null);
INSERT INTO map_places VALUES ('MAP_00000000001296788648248',null,26,55,0,1,null,null,null);
INSERT INTO map_places VALUES ('MAP_00000000001296788648248',null,26,56,0,1,null,null,null);
INSERT INTO map_places VALUES ('MAP_00000000001296788648248',null,26,57,0,1,null,null,null);
INSERT INTO map_places VALUES ('MAP_00000000001296788648248',null,26,58,0,1,null,null,null);
INSERT INTO map_places VALUES ('MAP_00000000001296788648248',null,26,59,0,1,null,null,null);
INSERT INTO map_places VALUES ('MAP_00000000001296788648248',null,26,60,0,1,null,null,null);
INSERT INTO map_places VALUES ('MAP_00000000001296788648248',null,26,61,0,1,null,null,null);
INSERT INTO map_places VALUES ('MAP_00000000001296788648248',null,26,62,0,1,null,null,null);
INSERT INTO map_places VALUES ('MAP_00000000001296788648248',null,26,63,1,1,null,null,null);
INSERT INTO map_places VALUES ('MAP_00000000001296788648248',null,27,0,1,1,null,null,null);
INSERT INTO map_places VALUES ('MAP_00000000001296788648248',null,27,1,1,1,null,null,null);
INSERT INTO map_places VALUES ('MAP_00000000001296788648248',null,27,2,0,1,null,null,null);
INSERT INTO map_places VALUES ('MAP_00000000001296788648248',null,27,3,1,1,null,null,null);
INSERT INTO map_places VALUES ('MAP_00000000001296788648248',null,27,4,1,1,null,null,null);
INSERT INTO map_places VALUES ('MAP_00000000001296788648248',null,27,5,0,1,null,null,null);
INSERT INTO map_places VALUES ('MAP_00000000001296788648248',null,27,6,0,1,null,null,null);
INSERT INTO map_places VALUES ('MAP_00000000001296788648248',null,27,7,0,1,null,null,null);
INSERT INTO map_places VALUES ('MAP_00000000001296788648248',null,27,8,0,1,null,null,null);
INSERT INTO map_places VALUES ('MAP_00000000001296788648248',null,27,9,0,1,null,null,null);
INSERT INTO map_places VALUES ('MAP_00000000001296788648248',null,27,10,0,1,null,null,null);
INSERT INTO map_places VALUES ('MAP_00000000001296788648248',null,27,11,0,1,null,null,null);
INSERT INTO map_places VALUES ('MAP_00000000001296788648248',null,27,12,0,1,null,null,null);
INSERT INTO map_places VALUES ('MAP_00000000001296788648248',null,27,13,0,1,null,null,null);
INSERT INTO map_places VALUES ('MAP_00000000001296788648248',null,27,14,0,1,null,null,null);
INSERT INTO map_places VALUES ('MAP_00000000001296788648248',null,27,15,0,1,null,null,null);
INSERT INTO map_places VALUES ('MAP_00000000001296788648248',null,27,16,1,1,null,null,null);
INSERT INTO map_places VALUES ('MAP_00000000001296788648248',null,27,17,1,1,null,null,null);
INSERT INTO map_places VALUES ('MAP_00000000001296788648248',null,27,18,0,1,null,null,null);
INSERT INTO map_places VALUES ('MAP_00000000001296788648248',null,27,19,1,1,null,null,null);
INSERT INTO map_places VALUES ('MAP_00000000001296788648248',null,27,20,1,1,null,null,null);
INSERT INTO map_places VALUES ('MAP_00000000001296788648248',null,27,21,0,1,null,null,null);
INSERT INTO map_places VALUES ('MAP_00000000001296788648248',null,27,22,0,1,null,null,null);
INSERT INTO map_places VALUES ('MAP_00000000001296788648248',null,27,23,0,1,null,null,null);
INSERT INTO map_places VALUES ('MAP_00000000001296788648248',null,27,24,0,1,null,null,null);
INSERT INTO map_places VALUES ('MAP_00000000001296788648248','PLAC_00000000000000000000003',27,25,0,1,null,null,null);
INSERT INTO map_places VALUES ('MAP_00000000001296788648248',null,27,26,1,1,null,null,null);
INSERT INTO map_places VALUES ('MAP_00000000001296788648248',null,27,27,1,1,null,null,null);
INSERT INTO map_places VALUES ('MAP_00000000001296788648248',null,27,28,0,1,null,null,null);
INSERT INTO map_places VALUES ('MAP_00000000001296788648248',null,27,29,1,1,null,null,null);
INSERT INTO map_places VALUES ('MAP_00000000001296788648248',null,27,30,1,1,null,null,null);
INSERT INTO map_places VALUES ('MAP_00000000001296788648248',null,27,31,0,1,null,null,null);
INSERT INTO map_places VALUES ('MAP_00000000001296788648248',null,27,32,0,1,null,null,null);
INSERT INTO map_places VALUES ('MAP_00000000001296788648248',null,27,33,0,1,null,null,null);
INSERT INTO map_places VALUES ('MAP_00000000001296788648248',null,27,34,0,1,null,null,null);
INSERT INTO map_places VALUES ('MAP_00000000001296788648248',null,27,35,0,1,null,null,null);
INSERT INTO map_places VALUES ('MAP_00000000001296788648248',null,27,36,0,1,null,null,null);
INSERT INTO map_places VALUES ('MAP_00000000001296788648248',null,27,37,0,1,null,null,null);
INSERT INTO map_places VALUES ('MAP_00000000001296788648248',null,27,38,0,1,null,null,null);
INSERT INTO map_places VALUES ('MAP_00000000001296788648248',null,27,39,0,1,null,null,null);
INSERT INTO map_places VALUES ('MAP_00000000001296788648248',null,27,40,0,1,null,null,null);
INSERT INTO map_places VALUES ('MAP_00000000001296788648248',null,27,41,0,1,null,null,null);
INSERT INTO map_places VALUES ('MAP_00000000001296788648248',null,27,42,0,1,null,null,null);
INSERT INTO map_places VALUES ('MAP_00000000001296788648248',null,27,43,0,1,null,null,null);
INSERT INTO map_places VALUES ('MAP_00000000001296788648248',null,27,44,1,1,null,null,null);
INSERT INTO map_places VALUES ('MAP_00000000001296788648248',null,27,45,0,1,null,null,null);
INSERT INTO map_places VALUES ('MAP_00000000001296788648248',null,27,46,0,1,null,null,null);
INSERT INTO map_places VALUES ('MAP_00000000001296788648248',null,27,47,0,1,null,null,null);
INSERT INTO map_places VALUES ('MAP_00000000001296788648248',null,27,48,0,1,null,null,null);
INSERT INTO map_places VALUES ('MAP_00000000001296788648248',null,27,49,0,1,null,null,null);
INSERT INTO map_places VALUES ('MAP_00000000001296788648248',null,27,50,0,1,null,null,null);
INSERT INTO map_places VALUES ('MAP_00000000001296788648248',null,27,51,0,1,null,null,null);
INSERT INTO map_places VALUES ('MAP_00000000001296788648248',null,27,52,0,1,null,null,null);
INSERT INTO map_places VALUES ('MAP_00000000001296788648248',null,27,53,0,1,null,null,null);
INSERT INTO map_places VALUES ('MAP_00000000001296788648248',null,27,54,0,1,null,null,null);
INSERT INTO map_places VALUES ('MAP_00000000001296788648248',null,27,55,0,1,null,null,null);
INSERT INTO map_places VALUES ('MAP_00000000001296788648248',null,27,56,0,1,null,null,null);
INSERT INTO map_places VALUES ('MAP_00000000001296788648248',null,27,57,1,1,null,null,null);
INSERT INTO map_places VALUES ('MAP_00000000001296788648248',null,27,58,1,1,null,null,null);
INSERT INTO map_places VALUES ('MAP_00000000001296788648248',null,27,59,0,1,null,null,null);
INSERT INTO map_places VALUES ('MAP_00000000001296788648248',null,27,60,0,1,null,null,null);
INSERT INTO map_places VALUES ('MAP_00000000001296788648248',null,27,61,0,1,null,null,null);
INSERT INTO map_places VALUES ('MAP_00000000001296788648248',null,27,62,1,1,null,null,null);
INSERT INTO map_places VALUES ('MAP_00000000001296788648248',null,27,63,1,1,null,null,null);
INSERT INTO map_places VALUES ('MAP_00000000001296788648248',null,28,0,1,1,null,null,null);
INSERT INTO map_places VALUES ('MAP_00000000001296788648248',null,28,1,0,1,null,null,null);
INSERT INTO map_places VALUES ('MAP_00000000001296788648248',null,28,2,0,1,null,null,null);
INSERT INTO map_places VALUES ('MAP_00000000001296788648248',null,28,3,0,1,null,null,null);
INSERT INTO map_places VALUES ('MAP_00000000001296788648248',null,28,4,1,1,null,null,null);
INSERT INTO map_places VALUES ('MAP_00000000001296788648248','PLAC_00000000001297393036550',28,5,0,1,null,null,null);
INSERT INTO map_places VALUES ('MAP_00000000001296788648248',null,28,6,0,1,null,null,null);
INSERT INTO map_places VALUES ('MAP_00000000001296788648248',null,28,7,0,1,null,null,null);
INSERT INTO map_places VALUES ('MAP_00000000001296788648248',null,28,8,0,1,null,null,null);
INSERT INTO map_places VALUES ('MAP_00000000001296788648248',null,28,9,0,1,null,null,null);
INSERT INTO map_places VALUES ('MAP_00000000001296788648248',null,28,10,0,1,null,null,null);
INSERT INTO map_places VALUES ('MAP_00000000001296788648248',null,28,11,0,1,null,null,null);
INSERT INTO map_places VALUES ('MAP_00000000001296788648248',null,28,12,0,1,null,null,null);
INSERT INTO map_places VALUES ('MAP_00000000001296788648248',null,28,13,0,1,null,null,null);
INSERT INTO map_places VALUES ('MAP_00000000001296788648248',null,28,14,0,1,null,null,null);
INSERT INTO map_places VALUES ('MAP_00000000001296788648248',null,28,15,0,1,null,null,null);
INSERT INTO map_places VALUES ('MAP_00000000001296788648248',null,28,16,1,1,null,null,null);
INSERT INTO map_places VALUES ('MAP_00000000001296788648248',null,28,17,0,1,null,null,null);
INSERT INTO map_places VALUES ('MAP_00000000001296788648248',null,28,18,0,1,null,null,null);
INSERT INTO map_places VALUES ('MAP_00000000001296788648248',null,28,19,0,1,null,null,null);
INSERT INTO map_places VALUES ('MAP_00000000001296788648248',null,28,20,1,1,null,null,null);
INSERT INTO map_places VALUES ('MAP_00000000001296788648248',null,28,21,0,1,null,null,null);
INSERT INTO map_places VALUES ('MAP_00000000001296788648248',null,28,22,0,1,null,null,null);
INSERT INTO map_places VALUES ('MAP_00000000001296788648248',null,28,23,0,1,null,null,null);
INSERT INTO map_places VALUES ('MAP_00000000001296788648248',null,28,24,0,1,null,null,null);
INSERT INTO map_places VALUES ('MAP_00000000001296788648248','PLAC_00000000000000000000001',28,25,0,1,null,null,null);
INSERT INTO map_places VALUES ('MAP_00000000001296788648248',null,28,26,1,1,null,null,null);
INSERT INTO map_places VALUES ('MAP_00000000001296788648248',null,28,27,0,1,null,null,null);
INSERT INTO map_places VALUES ('MAP_00000000001296788648248',null,28,28,0,1,null,null,null);
INSERT INTO map_places VALUES ('MAP_00000000001296788648248',null,28,29,0,1,null,null,null);
INSERT INTO map_places VALUES ('MAP_00000000001296788648248',null,28,30,1,1,null,null,null);
INSERT INTO map_places VALUES ('MAP_00000000001296788648248',null,28,31,0,1,null,null,null);
INSERT INTO map_places VALUES ('MAP_00000000001296788648248',null,28,32,0,1,null,null,null);
INSERT INTO map_places VALUES ('MAP_00000000001296788648248',null,28,33,0,1,null,null,null);
INSERT INTO map_places VALUES ('MAP_00000000001296788648248',null,28,34,0,1,null,null,null);
INSERT INTO map_places VALUES ('MAP_00000000001296788648248',null,28,35,0,1,null,null,null);
INSERT INTO map_places VALUES ('MAP_00000000001296788648248',null,28,36,0,1,null,null,null);
INSERT INTO map_places VALUES ('MAP_00000000001296788648248',null,28,37,0,1,null,null,null);
INSERT INTO map_places VALUES ('MAP_00000000001296788648248',null,28,38,0,1,null,null,null);
INSERT INTO map_places VALUES ('MAP_00000000001296788648248',null,28,39,0,1,null,null,null);
INSERT INTO map_places VALUES ('MAP_00000000001296788648248',null,28,40,0,1,null,null,null);
INSERT INTO map_places VALUES ('MAP_00000000001296788648248',null,28,41,0,1,null,null,null);
INSERT INTO map_places VALUES ('MAP_00000000001296788648248',null,28,42,0,1,null,null,null);
INSERT INTO map_places VALUES ('MAP_00000000001296788648248',null,28,43,0,1,null,null,null);
INSERT INTO map_places VALUES ('MAP_00000000001296788648248',null,28,44,1,1,null,null,null);
INSERT INTO map_places VALUES ('MAP_00000000001296788648248',null,28,45,1,1,null,null,null);
INSERT INTO map_places VALUES ('MAP_00000000001296788648248',null,28,46,1,1,null,null,null);
INSERT INTO map_places VALUES ('MAP_00000000001296788648248',null,28,47,1,1,null,null,null);
INSERT INTO map_places VALUES ('MAP_00000000001296788648248',null,28,48,1,1,null,null,null);
INSERT INTO map_places VALUES ('MAP_00000000001296788648248',null,28,49,1,1,null,null,null);
INSERT INTO map_places VALUES ('MAP_00000000001296788648248',null,28,50,1,1,null,null,null);
INSERT INTO map_places VALUES ('MAP_00000000001296788648248',null,28,51,1,1,null,null,null);
INSERT INTO map_places VALUES ('MAP_00000000001296788648248',null,28,52,1,1,null,null,null);
INSERT INTO map_places VALUES ('MAP_00000000001296788648248',null,28,53,1,1,null,null,null);
INSERT INTO map_places VALUES ('MAP_00000000001296788648248',null,28,54,1,1,null,null,null);
INSERT INTO map_places VALUES ('MAP_00000000001296788648248',null,28,55,1,1,null,null,null);
INSERT INTO map_places VALUES ('MAP_00000000001296788648248',null,28,56,1,1,null,null,null);
INSERT INTO map_places VALUES ('MAP_00000000001296788648248',null,28,57,1,1,null,null,null);
INSERT INTO map_places VALUES ('MAP_00000000001296788648248',null,28,58,1,1,null,null,null);
INSERT INTO map_places VALUES ('MAP_00000000001296788648248',null,28,59,1,1,null,null,null);
INSERT INTO map_places VALUES ('MAP_00000000001296788648248',null,28,60,0,1,null,null,null);
INSERT INTO map_places VALUES ('MAP_00000000001296788648248',null,28,61,0,1,null,null,null);
INSERT INTO map_places VALUES ('MAP_00000000001296788648248',null,28,62,0,1,null,null,null);
INSERT INTO map_places VALUES ('MAP_00000000001296788648248',null,28,63,1,1,null,null,null);
INSERT INTO map_places VALUES ('MAP_00000000001296788648248',null,29,0,1,1,null,null,null);
INSERT INTO map_places VALUES ('MAP_00000000001296788648248',null,29,1,0,1,null,null,null);
INSERT INTO map_places VALUES ('MAP_00000000001296788648248',null,29,2,0,1,null,null,null);
INSERT INTO map_places VALUES ('MAP_00000000001296788648248',null,29,3,0,1,null,null,null);
INSERT INTO map_places VALUES ('MAP_00000000001296788648248',null,29,4,0,1,null,null,null);
INSERT INTO map_places VALUES ('MAP_00000000001296788648248',null,29,5,0,1,null,null,null);
INSERT INTO map_places VALUES ('MAP_00000000001296788648248',null,29,6,0,1,null,null,null);
INSERT INTO map_places VALUES ('MAP_00000000001296788648248',null,29,7,0,1,null,null,null);
INSERT INTO map_places VALUES ('MAP_00000000001296788648248',null,29,8,0,1,null,null,null);
INSERT INTO map_places VALUES ('MAP_00000000001296788648248',null,29,9,0,1,null,null,null);
INSERT INTO map_places VALUES ('MAP_00000000001296788648248',null,29,10,0,1,null,null,null);
INSERT INTO map_places VALUES ('MAP_00000000001296788648248',null,29,11,0,1,null,null,null);
INSERT INTO map_places VALUES ('MAP_00000000001296788648248',null,29,12,0,1,null,null,null);
INSERT INTO map_places VALUES ('MAP_00000000001296788648248',null,29,13,0,1,null,null,null);
INSERT INTO map_places VALUES ('MAP_00000000001296788648248',null,29,14,0,1,null,null,null);
INSERT INTO map_places VALUES ('MAP_00000000001296788648248',null,29,15,0,1,null,null,null);
INSERT INTO map_places VALUES ('MAP_00000000001296788648248',null,29,16,1,1,null,null,null);
INSERT INTO map_places VALUES ('MAP_00000000001296788648248',null,29,17,0,1,null,null,null);
INSERT INTO map_places VALUES ('MAP_00000000001296788648248',null,29,18,0,1,null,null,null);
INSERT INTO map_places VALUES ('MAP_00000000001296788648248',null,29,19,0,1,null,null,null);
INSERT INTO map_places VALUES ('MAP_00000000001296788648248',null,29,20,0,1,null,null,null);
INSERT INTO map_places VALUES ('MAP_00000000001296788648248',null,29,21,0,1,null,null,null);
INSERT INTO map_places VALUES ('MAP_00000000001296788648248',null,29,22,0,1,null,null,null);
INSERT INTO map_places VALUES ('MAP_00000000001296788648248',null,29,23,0,1,null,null,null);
INSERT INTO map_places VALUES ('MAP_00000000001296788648248',null,29,24,0,1,null,null,null);
INSERT INTO map_places VALUES ('MAP_00000000001296788648248',null,29,25,0,1,null,null,null);
INSERT INTO map_places VALUES ('MAP_00000000001296788648248',null,29,26,0,1,null,null,null);
INSERT INTO map_places VALUES ('MAP_00000000001296788648248',null,29,27,0,1,null,null,null);
INSERT INTO map_places VALUES ('MAP_00000000001296788648248',null,29,28,0,1,null,null,null);
INSERT INTO map_places VALUES ('MAP_00000000001296788648248',null,29,29,0,1,null,null,null);
INSERT INTO map_places VALUES ('MAP_00000000001296788648248',null,29,30,1,1,null,null,null);
INSERT INTO map_places VALUES ('MAP_00000000001296788648248',null,29,31,0,1,null,null,null);
INSERT INTO map_places VALUES ('MAP_00000000001296788648248',null,29,32,0,1,null,null,null);
INSERT INTO map_places VALUES ('MAP_00000000001296788648248',null,29,33,0,1,null,null,null);
INSERT INTO map_places VALUES ('MAP_00000000001296788648248',null,29,34,0,1,null,null,null);
INSERT INTO map_places VALUES ('MAP_00000000001296788648248',null,29,35,0,1,null,null,null);
INSERT INTO map_places VALUES ('MAP_00000000001296788648248',null,29,36,0,1,null,null,null);
INSERT INTO map_places VALUES ('MAP_00000000001296788648248',null,29,37,0,1,null,null,null);
INSERT INTO map_places VALUES ('MAP_00000000001296788648248',null,29,38,0,1,null,null,null);
INSERT INTO map_places VALUES ('MAP_00000000001296788648248',null,29,39,0,1,null,null,null);
INSERT INTO map_places VALUES ('MAP_00000000001296788648248',null,29,40,0,1,null,null,null);
INSERT INTO map_places VALUES ('MAP_00000000001296788648248',null,29,41,0,1,null,null,null);
INSERT INTO map_places VALUES ('MAP_00000000001296788648248',null,29,42,0,1,null,null,null);
INSERT INTO map_places VALUES ('MAP_00000000001296788648248',null,29,43,0,1,null,null,null);
INSERT INTO map_places VALUES ('MAP_00000000001296788648248',null,29,44,0,1,null,null,null);
INSERT INTO map_places VALUES ('MAP_00000000001296788648248',null,29,45,0,1,null,null,null);
INSERT INTO map_places VALUES ('MAP_00000000001296788648248',null,29,46,0,1,null,null,null);
INSERT INTO map_places VALUES ('MAP_00000000001296788648248',null,29,47,0,1,null,null,null);
INSERT INTO map_places VALUES ('MAP_00000000001296788648248',null,29,48,0,1,null,null,null);
INSERT INTO map_places VALUES ('MAP_00000000001296788648248',null,29,49,0,1,null,null,null);
INSERT INTO map_places VALUES ('MAP_00000000001296788648248',null,29,50,0,1,null,null,null);
INSERT INTO map_places VALUES ('MAP_00000000001296788648248',null,29,51,0,1,null,null,null);
INSERT INTO map_places VALUES ('MAP_00000000001296788648248',null,29,52,0,1,null,null,null);
INSERT INTO map_places VALUES ('MAP_00000000001296788648248',null,29,53,0,1,null,null,null);
INSERT INTO map_places VALUES ('MAP_00000000001296788648248',null,29,54,0,1,null,null,null);
INSERT INTO map_places VALUES ('MAP_00000000001296788648248',null,29,55,0,1,null,null,null);
INSERT INTO map_places VALUES ('MAP_00000000001296788648248',null,29,56,0,1,null,null,null);
INSERT INTO map_places VALUES ('MAP_00000000001296788648248',null,29,57,0,1,null,null,null);
INSERT INTO map_places VALUES ('MAP_00000000001296788648248',null,29,58,0,1,null,null,null);
INSERT INTO map_places VALUES ('MAP_00000000001296788648248',null,29,59,0,1,null,null,null);
INSERT INTO map_places VALUES ('MAP_00000000001296788648248',null,29,60,0,1,null,null,null);
INSERT INTO map_places VALUES ('MAP_00000000001296788648248',null,29,61,0,1,null,null,null);
INSERT INTO map_places VALUES ('MAP_00000000001296788648248',null,29,62,0,1,null,null,null);
INSERT INTO map_places VALUES ('MAP_00000000001296788648248',null,29,63,1,1,null,null,null);
INSERT INTO map_places VALUES ('MAP_00000000001296788648248',null,30,0,1,1,null,null,null);
INSERT INTO map_places VALUES ('MAP_00000000001296788648248',null,30,1,0,1,null,null,null);
INSERT INTO map_places VALUES ('MAP_00000000001296788648248',null,30,2,0,1,null,null,null);
INSERT INTO map_places VALUES ('MAP_00000000001296788648248',null,30,3,0,1,null,null,null);
INSERT INTO map_places VALUES ('MAP_00000000001296788648248',null,30,4,1,1,null,null,null);
INSERT INTO map_places VALUES ('MAP_00000000001296788648248',null,30,5,0,1,null,null,null);
INSERT INTO map_places VALUES ('MAP_00000000001296788648248',null,30,6,0,1,null,null,null);
INSERT INTO map_places VALUES ('MAP_00000000001296788648248',null,30,7,0,1,null,null,null);
INSERT INTO map_places VALUES ('MAP_00000000001296788648248',null,30,8,0,1,null,null,null);
INSERT INTO map_places VALUES ('MAP_00000000001296788648248',null,30,9,0,1,null,null,null);
INSERT INTO map_places VALUES ('MAP_00000000001296788648248',null,30,10,0,1,null,null,null);
INSERT INTO map_places VALUES ('MAP_00000000001296788648248',null,30,11,0,1,null,null,null);
INSERT INTO map_places VALUES ('MAP_00000000001296788648248',null,30,12,0,1,null,null,null);
INSERT INTO map_places VALUES ('MAP_00000000001296788648248',null,30,13,0,1,null,null,null);
INSERT INTO map_places VALUES ('MAP_00000000001296788648248',null,30,14,0,1,null,null,null);
INSERT INTO map_places VALUES ('MAP_00000000001296788648248',null,30,15,0,1,null,null,null);
INSERT INTO map_places VALUES ('MAP_00000000001296788648248',null,30,16,1,1,null,null,null);
INSERT INTO map_places VALUES ('MAP_00000000001296788648248',null,30,17,0,1,null,null,null);
INSERT INTO map_places VALUES ('MAP_00000000001296788648248',null,30,18,0,1,null,null,null);
INSERT INTO map_places VALUES ('MAP_00000000001296788648248',null,30,19,0,1,null,null,null);
INSERT INTO map_places VALUES ('MAP_00000000001296788648248',null,30,20,1,1,null,null,null);
INSERT INTO map_places VALUES ('MAP_00000000001296788648248',null,30,21,0,1,null,null,null);
INSERT INTO map_places VALUES ('MAP_00000000001296788648248',null,30,22,0,1,null,null,null);
INSERT INTO map_places VALUES ('MAP_00000000001296788648248',null,30,23,0,1,null,null,null);
INSERT INTO map_places VALUES ('MAP_00000000001296788648248',null,30,24,0,1,null,null,null);
INSERT INTO map_places VALUES ('MAP_00000000001296788648248','PLAC_00000000000000000000002',30,25,0,1,null,null,null);
INSERT INTO map_places VALUES ('MAP_00000000001296788648248',null,30,26,1,1,null,null,null);
INSERT INTO map_places VALUES ('MAP_00000000001296788648248',null,30,27,0,1,null,null,null);
INSERT INTO map_places VALUES ('MAP_00000000001296788648248',null,30,28,0,1,null,null,null);
INSERT INTO map_places VALUES ('MAP_00000000001296788648248',null,30,29,0,1,null,null,null);
INSERT INTO map_places VALUES ('MAP_00000000001296788648248',null,30,30,1,1,null,null,null);
INSERT INTO map_places VALUES ('MAP_00000000001296788648248',null,30,31,0,1,null,null,null);
INSERT INTO map_places VALUES ('MAP_00000000001296788648248',null,30,32,0,1,null,null,null);
INSERT INTO map_places VALUES ('MAP_00000000001296788648248',null,30,33,0,1,null,null,null);
INSERT INTO map_places VALUES ('MAP_00000000001296788648248',null,30,34,0,1,null,null,null);
INSERT INTO map_places VALUES ('MAP_00000000001296788648248',null,30,35,0,1,null,null,null);
INSERT INTO map_places VALUES ('MAP_00000000001296788648248',null,30,36,0,1,null,null,null);
INSERT INTO map_places VALUES ('MAP_00000000001296788648248',null,30,37,0,1,null,null,null);
INSERT INTO map_places VALUES ('MAP_00000000001296788648248',null,30,38,0,1,null,null,null);
INSERT INTO map_places VALUES ('MAP_00000000001296788648248',null,30,39,0,1,null,null,null);
INSERT INTO map_places VALUES ('MAP_00000000001296788648248',null,30,40,0,1,null,null,null);
INSERT INTO map_places VALUES ('MAP_00000000001296788648248',null,30,41,0,1,null,null,null);
INSERT INTO map_places VALUES ('MAP_00000000001296788648248',null,30,42,0,1,null,null,null);
INSERT INTO map_places VALUES ('MAP_00000000001296788648248',null,30,43,0,1,null,null,null);
INSERT INTO map_places VALUES ('MAP_00000000001296788648248',null,30,44,0,1,null,null,null);
INSERT INTO map_places VALUES ('MAP_00000000001296788648248',null,30,45,0,1,null,null,null);
INSERT INTO map_places VALUES ('MAP_00000000001296788648248',null,30,46,0,1,null,null,null);
INSERT INTO map_places VALUES ('MAP_00000000001296788648248',null,30,47,0,1,null,null,null);
INSERT INTO map_places VALUES ('MAP_00000000001296788648248',null,30,48,0,1,null,null,null);
INSERT INTO map_places VALUES ('MAP_00000000001296788648248',null,30,49,0,1,null,null,null);
INSERT INTO map_places VALUES ('MAP_00000000001296788648248',null,30,50,0,1,null,null,null);
INSERT INTO map_places VALUES ('MAP_00000000001296788648248',null,30,51,0,1,null,null,null);
INSERT INTO map_places VALUES ('MAP_00000000001296788648248',null,30,52,0,1,null,null,null);
INSERT INTO map_places VALUES ('MAP_00000000001296788648248',null,30,53,0,1,null,null,null);
INSERT INTO map_places VALUES ('MAP_00000000001296788648248',null,30,54,0,1,null,null,null);
INSERT INTO map_places VALUES ('MAP_00000000001296788648248',null,30,55,0,1,null,null,null);
INSERT INTO map_places VALUES ('MAP_00000000001296788648248',null,30,56,0,1,null,null,null);
INSERT INTO map_places VALUES ('MAP_00000000001296788648248',null,30,57,0,1,null,null,null);
INSERT INTO map_places VALUES ('MAP_00000000001296788648248',null,30,58,0,1,null,null,null);
INSERT INTO map_places VALUES ('MAP_00000000001296788648248',null,30,59,0,1,null,null,null);
INSERT INTO map_places VALUES ('MAP_00000000001296788648248',null,30,60,0,1,null,null,null);
INSERT INTO map_places VALUES ('MAP_00000000001296788648248',null,30,61,0,1,null,null,null);
INSERT INTO map_places VALUES ('MAP_00000000001296788648248',null,30,62,0,1,null,null,null);
INSERT INTO map_places VALUES ('MAP_00000000001296788648248',null,30,63,1,1,null,null,null);
INSERT INTO map_places VALUES ('MAP_00000000001296788648248',null,31,0,1,1,null,null,null);
INSERT INTO map_places VALUES ('MAP_00000000001296788648248',null,31,1,1,1,null,null,null);
INSERT INTO map_places VALUES ('MAP_00000000001296788648248',null,31,2,1,1,null,null,null);
INSERT INTO map_places VALUES ('MAP_00000000001296788648248',null,31,3,1,1,null,null,null);
INSERT INTO map_places VALUES ('MAP_00000000001296788648248',null,31,4,1,1,null,null,null);
INSERT INTO map_places VALUES ('MAP_00000000001296788648248',null,31,5,1,1,null,null,null);
INSERT INTO map_places VALUES ('MAP_00000000001296788648248',null,31,6,1,1,null,null,null);
INSERT INTO map_places VALUES ('MAP_00000000001296788648248',null,31,7,1,1,null,null,null);
INSERT INTO map_places VALUES ('MAP_00000000001296788648248',null,31,8,1,1,null,null,null);
INSERT INTO map_places VALUES ('MAP_00000000001296788648248',null,31,9,1,1,null,null,null);
INSERT INTO map_places VALUES ('MAP_00000000001296788648248',null,31,10,1,1,null,null,null);
INSERT INTO map_places VALUES ('MAP_00000000001296788648248',null,31,11,1,1,null,null,null);
INSERT INTO map_places VALUES ('MAP_00000000001296788648248',null,31,12,1,1,null,null,null);
INSERT INTO map_places VALUES ('MAP_00000000001296788648248',null,31,13,1,1,null,null,null);
INSERT INTO map_places VALUES ('MAP_00000000001296788648248',null,31,14,1,1,null,null,null);
INSERT INTO map_places VALUES ('MAP_00000000001296788648248',null,31,15,1,1,null,null,null);
INSERT INTO map_places VALUES ('MAP_00000000001296788648248',null,31,16,1,1,null,null,null);
INSERT INTO map_places VALUES ('MAP_00000000001296788648248',null,31,17,1,1,null,null,null);
INSERT INTO map_places VALUES ('MAP_00000000001296788648248',null,31,18,1,1,null,null,null);
INSERT INTO map_places VALUES ('MAP_00000000001296788648248',null,31,19,1,1,null,null,null);
INSERT INTO map_places VALUES ('MAP_00000000001296788648248',null,31,20,1,1,null,null,null);
INSERT INTO map_places VALUES ('MAP_00000000001296788648248',null,31,21,1,1,null,null,null);
INSERT INTO map_places VALUES ('MAP_00000000001296788648248',null,31,22,0,1,null,null,null);
INSERT INTO map_places VALUES ('MAP_00000000001296788648248',null,31,23,0,1,'MAP_00000000000000000000002',130,52);
INSERT INTO map_places VALUES ('MAP_00000000001296788648248',null,31,24,0,1,'MAP_00000000000000000000002',130,52);
INSERT INTO map_places VALUES ('MAP_00000000001296788648248',null,31,25,1,1,'MAP_00000000000000000000002',130,52);
INSERT INTO map_places VALUES ('MAP_00000000001296788648248',null,31,26,1,1,null,null,null);
INSERT INTO map_places VALUES ('MAP_00000000001296788648248',null,31,27,1,1,null,null,null);
INSERT INTO map_places VALUES ('MAP_00000000001296788648248',null,31,28,1,1,null,null,null);
INSERT INTO map_places VALUES ('MAP_00000000001296788648248',null,31,29,1,1,null,null,null);
INSERT INTO map_places VALUES ('MAP_00000000001296788648248',null,31,30,1,1,null,null,null);
INSERT INTO map_places VALUES ('MAP_00000000001296788648248',null,31,31,1,1,null,null,null);
INSERT INTO map_places VALUES ('MAP_00000000001296788648248',null,31,32,1,1,null,null,null);
INSERT INTO map_places VALUES ('MAP_00000000001296788648248',null,31,33,1,1,null,null,null);
INSERT INTO map_places VALUES ('MAP_00000000001296788648248',null,31,34,1,1,null,null,null);
INSERT INTO map_places VALUES ('MAP_00000000001296788648248',null,31,35,1,1,null,null,null);
INSERT INTO map_places VALUES ('MAP_00000000001296788648248',null,31,36,1,1,null,null,null);
INSERT INTO map_places VALUES ('MAP_00000000001296788648248',null,31,37,1,1,null,null,null);
INSERT INTO map_places VALUES ('MAP_00000000001296788648248',null,31,38,1,1,null,null,null);
INSERT INTO map_places VALUES ('MAP_00000000001296788648248',null,31,39,1,1,null,null,null);
INSERT INTO map_places VALUES ('MAP_00000000001296788648248',null,31,40,1,1,null,null,null);
INSERT INTO map_places VALUES ('MAP_00000000001296788648248',null,31,41,1,1,null,null,null);
INSERT INTO map_places VALUES ('MAP_00000000001296788648248',null,31,42,1,1,null,null,null);
INSERT INTO map_places VALUES ('MAP_00000000001296788648248',null,31,43,1,1,null,null,null);
INSERT INTO map_places VALUES ('MAP_00000000001296788648248',null,31,44,1,1,null,null,null);
INSERT INTO map_places VALUES ('MAP_00000000001296788648248',null,31,45,1,1,null,null,null);
INSERT INTO map_places VALUES ('MAP_00000000001296788648248',null,31,46,1,1,null,null,null);
INSERT INTO map_places VALUES ('MAP_00000000001296788648248',null,31,47,1,1,null,null,null);
INSERT INTO map_places VALUES ('MAP_00000000001296788648248',null,31,48,1,1,null,null,null);
INSERT INTO map_places VALUES ('MAP_00000000001296788648248',null,31,49,1,1,null,null,null);
INSERT INTO map_places VALUES ('MAP_00000000001296788648248',null,31,50,1,1,null,null,null);
INSERT INTO map_places VALUES ('MAP_00000000001296788648248',null,31,51,1,1,null,null,null);
INSERT INTO map_places VALUES ('MAP_00000000001296788648248',null,31,52,1,1,null,null,null);
INSERT INTO map_places VALUES ('MAP_00000000001296788648248',null,31,53,1,1,null,null,null);
INSERT INTO map_places VALUES ('MAP_00000000001296788648248',null,31,54,1,1,null,null,null);
INSERT INTO map_places VALUES ('MAP_00000000001296788648248',null,31,55,1,1,null,null,null);
INSERT INTO map_places VALUES ('MAP_00000000001296788648248',null,31,56,1,1,null,null,null);
INSERT INTO map_places VALUES ('MAP_00000000001296788648248',null,31,57,1,1,null,null,null);
INSERT INTO map_places VALUES ('MAP_00000000001296788648248',null,31,58,1,1,null,null,null);
INSERT INTO map_places VALUES ('MAP_00000000001296788648248',null,31,59,1,1,null,null,null);
INSERT INTO map_places VALUES ('MAP_00000000001296788648248',null,31,60,1,1,null,null,null);
INSERT INTO map_places VALUES ('MAP_00000000001296788648248',null,31,61,1,1,null,null,null);
INSERT INTO map_places VALUES ('MAP_00000000001296788648248',null,31,62,1,1,null,null,null);
INSERT INTO map_places VALUES ('MAP_00000000001296788648248',null,31,63,1,1,null,null,null);

INSERT INTO monsters VALUES ('MONS_00000000001297218525596','Squatters',1,1,1,1,1,0,0,0,0,0);
INSERT INTO map_monsters VALUES ('MAP_00000000001296788648248','MONS_00000000001297218525596',3,5);
INSERT INTO map_monsters VALUES ('MAP_00000000001296788648248','MONS_00000000001297218525596',28,5);
INSERT INTO monsters VALUES ('MONS_00000000001297218525723','Animated Skeleton',3,1,1,1,1,1,1,1,0,0);
INSERT INTO map_monsters VALUES ('MAP_00000000001296788648248','MONS_00000000001297218525723',3,5);
INSERT INTO map_monsters VALUES ('MAP_00000000001296788648248','MONS_00000000001297218525723',28,5);
INSERT INTO monsters VALUES ('MONS_00000000001297218525799','Giant Rat Scavengers',5,1,1,1,1,2,2,2,0,0);
INSERT INTO map_monsters VALUES ('MAP_00000000001296788648248','MONS_00000000001297218525799',3,5);
INSERT INTO map_monsters VALUES ('MAP_00000000001296788648248','MONS_00000000001297218525799',28,5);
INSERT INTO monsters VALUES ('MONS_00000000001297218525818','Wild Dog Scavengers',7,1,1,1,1,3,3,3,0,0);
INSERT INTO map_monsters VALUES ('MAP_00000000001296788648248','MONS_00000000001297218525818',3,5);
INSERT INTO map_monsters VALUES ('MAP_00000000001296788648248','MONS_00000000001297218525818',28,5);
INSERT INTO monsters VALUES ('MONS_00000000001297218525837','Giant Scorpion',9,1,1,1,1,4,4,4,0,0);
INSERT INTO map_monsters VALUES ('MAP_00000000001296788648248','MONS_00000000001297218525837',3,5);
INSERT INTO map_monsters VALUES ('MAP_00000000001296788648248','MONS_00000000001297218525837',28,5);
INSERT INTO monsters VALUES ('MONS_00000000001297218525862','Animated Zombie',12,1,1,1,1,5,5,5,0,0);
INSERT INTO map_monsters VALUES ('MAP_00000000001296788648248','MONS_00000000001297218525862',3,5);
INSERT INTO map_monsters VALUES ('MAP_00000000001296788648248','MONS_00000000001297218525862',28,5);
INSERT INTO monsters VALUES ('MONS_00000000001297218525881','Ravening Huge Owl',15,1,1,1,1,6,6,6,0,0);
INSERT INTO map_monsters VALUES ('MAP_00000000001296788648248','MONS_00000000001297218525881',3,5);
INSERT INTO map_monsters VALUES ('MAP_00000000001296788648248','MONS_00000000001297218525881',28,5);
INSERT INTO monsters VALUES ('MONS_00000000001297218525899','Drunk Beggar',18,1,1,1,1,7,7,7,0,0);
INSERT INTO map_monsters VALUES ('MAP_00000000001296788648248','MONS_00000000001297218525899',3,5);
INSERT INTO map_monsters VALUES ('MAP_00000000001296788648248','MONS_00000000001297218525899',28,5);
INSERT INTO monsters VALUES ('MONS_00000000001297218526090','Gravedigger',21,1,1,1,1,8,8,8,0,0);
INSERT INTO map_monsters VALUES ('MAP_00000000001296788648248','MONS_00000000001297218526090',3,5);
INSERT INTO map_monsters VALUES ('MAP_00000000001296788648248','MONS_00000000001297218526090',28,5);
INSERT INTO monsters VALUES ('MONS_00000000001297218526107','Crazed Mourners',24,1,1,1,1,9,9,9,0,0);
INSERT INTO map_monsters VALUES ('MAP_00000000001296788648248','MONS_00000000001297218526107',3,5);
INSERT INTO map_monsters VALUES ('MAP_00000000001296788648248','MONS_00000000001297218526107',28,5);
INSERT INTO monsters VALUES ('MONS_00000000001297218526123','Grave-robbers',27,1,1,1,1,10,10,10,0,0);
INSERT INTO map_monsters VALUES ('MAP_00000000001296788648248','MONS_00000000001297218526123',3,5);
INSERT INTO map_monsters VALUES ('MAP_00000000001296788648248','MONS_00000000001297218526123',28,5);
INSERT INTO monsters VALUES ('MONS_00000000001297218526138','Undertakers',30,1,1,1,1,11,11,11,0,0);
INSERT INTO map_monsters VALUES ('MAP_00000000001296788648248','MONS_00000000001297218526138',3,5);
INSERT INTO map_monsters VALUES ('MAP_00000000001296788648248','MONS_00000000001297218526138',28,5);
INSERT INTO monsters VALUES ('MONS_00000000001297218526153','Drunk Beggar',3,1,1,1,1,2,2,2,0,0);
INSERT INTO map_monsters VALUES ('MAP_00000000001296788648248','MONS_00000000001297218526153',0,22);
INSERT INTO map_monsters VALUES ('MAP_00000000001296788648248','MONS_00000000001297218526153',0,23);
INSERT INTO map_monsters VALUES ('MAP_00000000001296788648248','MONS_00000000001297218526153',0,24);
INSERT INTO map_monsters VALUES ('MAP_00000000001296788648248','MONS_00000000001297218526153',1,22);
INSERT INTO map_monsters VALUES ('MAP_00000000001296788648248','MONS_00000000001297218526153',1,23);
INSERT INTO map_monsters VALUES ('MAP_00000000001296788648248','MONS_00000000001297218526153',1,24);
INSERT INTO map_monsters VALUES ('MAP_00000000001296788648248','MONS_00000000001297218526153',2,4);
INSERT INTO map_monsters VALUES ('MAP_00000000001296788648248','MONS_00000000001297218526153',2,5);
INSERT INTO map_monsters VALUES ('MAP_00000000001296788648248','MONS_00000000001297218526153',2,6);
INSERT INTO map_monsters VALUES ('MAP_00000000001296788648248','MONS_00000000001297218526153',2,7);
INSERT INTO map_monsters VALUES ('MAP_00000000001296788648248','MONS_00000000001297218526153',2,8);
INSERT INTO map_monsters VALUES ('MAP_00000000001296788648248','MONS_00000000001297218526153',2,9);
INSERT INTO map_monsters VALUES ('MAP_00000000001296788648248','MONS_00000000001297218526153',2,10);
INSERT INTO map_monsters VALUES ('MAP_00000000001296788648248','MONS_00000000001297218526153',2,11);
INSERT INTO map_monsters VALUES ('MAP_00000000001296788648248','MONS_00000000001297218526153',2,12);
INSERT INTO map_monsters VALUES ('MAP_00000000001296788648248','MONS_00000000001297218526153',2,13);
INSERT INTO map_monsters VALUES ('MAP_00000000001296788648248','MONS_00000000001297218526153',2,14);
INSERT INTO map_monsters VALUES ('MAP_00000000001296788648248','MONS_00000000001297218526153',2,15);
INSERT INTO map_monsters VALUES ('MAP_00000000001296788648248','MONS_00000000001297218526153',2,20);
INSERT INTO map_monsters VALUES ('MAP_00000000001296788648248','MONS_00000000001297218526153',2,21);
INSERT INTO map_monsters VALUES ('MAP_00000000001296788648248','MONS_00000000001297218526153',2,22);
INSERT INTO map_monsters VALUES ('MAP_00000000001296788648248','MONS_00000000001297218526153',2,23);
INSERT INTO map_monsters VALUES ('MAP_00000000001296788648248','MONS_00000000001297218526153',2,24);
INSERT INTO map_monsters VALUES ('MAP_00000000001296788648248','MONS_00000000001297218526153',2,25);
INSERT INTO map_monsters VALUES ('MAP_00000000001296788648248','MONS_00000000001297218526153',2,26);
INSERT INTO map_monsters VALUES ('MAP_00000000001296788648248','MONS_00000000001297218526153',2,31);
INSERT INTO map_monsters VALUES ('MAP_00000000001296788648248','MONS_00000000001297218526153',2,32);
INSERT INTO map_monsters VALUES ('MAP_00000000001296788648248','MONS_00000000001297218526153',2,33);
INSERT INTO map_monsters VALUES ('MAP_00000000001296788648248','MONS_00000000001297218526153',2,34);
INSERT INTO map_monsters VALUES ('MAP_00000000001296788648248','MONS_00000000001297218526153',2,35);
INSERT INTO map_monsters VALUES ('MAP_00000000001296788648248','MONS_00000000001297218526153',2,36);
INSERT INTO map_monsters VALUES ('MAP_00000000001296788648248','MONS_00000000001297218526153',2,37);
INSERT INTO map_monsters VALUES ('MAP_00000000001296788648248','MONS_00000000001297218526153',2,38);
INSERT INTO map_monsters VALUES ('MAP_00000000001296788648248','MONS_00000000001297218526153',2,39);
INSERT INTO map_monsters VALUES ('MAP_00000000001296788648248','MONS_00000000001297218526153',2,40);
INSERT INTO map_monsters VALUES ('MAP_00000000001296788648248','MONS_00000000001297218526153',2,41);
INSERT INTO map_monsters VALUES ('MAP_00000000001296788648248','MONS_00000000001297218526153',2,42);
INSERT INTO map_monsters VALUES ('MAP_00000000001296788648248','MONS_00000000001297218526153',2,43);
INSERT INTO map_monsters VALUES ('MAP_00000000001296788648248','MONS_00000000001297218526153',2,44);
INSERT INTO map_monsters VALUES ('MAP_00000000001296788648248','MONS_00000000001297218526153',2,45);
INSERT INTO map_monsters VALUES ('MAP_00000000001296788648248','MONS_00000000001297218526153',2,46);
INSERT INTO map_monsters VALUES ('MAP_00000000001296788648248','MONS_00000000001297218526153',2,47);
INSERT INTO map_monsters VALUES ('MAP_00000000001296788648248','MONS_00000000001297218526153',2,48);
INSERT INTO map_monsters VALUES ('MAP_00000000001296788648248','MONS_00000000001297218526153',2,49);
INSERT INTO map_monsters VALUES ('MAP_00000000001296788648248','MONS_00000000001297218526153',2,50);
INSERT INTO map_monsters VALUES ('MAP_00000000001296788648248','MONS_00000000001297218526153',2,51);
INSERT INTO map_monsters VALUES ('MAP_00000000001296788648248','MONS_00000000001297218526153',2,52);
INSERT INTO map_monsters VALUES ('MAP_00000000001296788648248','MONS_00000000001297218526153',2,53);
INSERT INTO map_monsters VALUES ('MAP_00000000001296788648248','MONS_00000000001297218526153',2,54);
INSERT INTO map_monsters VALUES ('MAP_00000000001296788648248','MONS_00000000001297218526153',2,55);
INSERT INTO map_monsters VALUES ('MAP_00000000001296788648248','MONS_00000000001297218526153',2,56);
INSERT INTO map_monsters VALUES ('MAP_00000000001296788648248','MONS_00000000001297218526153',2,57);
INSERT INTO map_monsters VALUES ('MAP_00000000001296788648248','MONS_00000000001297218526153',2,58);
INSERT INTO map_monsters VALUES ('MAP_00000000001296788648248','MONS_00000000001297218526153',2,59);
INSERT INTO map_monsters VALUES ('MAP_00000000001296788648248','MONS_00000000001297218526153',3,6);
INSERT INTO map_monsters VALUES ('MAP_00000000001296788648248','MONS_00000000001297218526153',3,15);
INSERT INTO map_monsters VALUES ('MAP_00000000001296788648248','MONS_00000000001297218526153',3,22);
INSERT INTO map_monsters VALUES ('MAP_00000000001296788648248','MONS_00000000001297218526153',3,23);
INSERT INTO map_monsters VALUES ('MAP_00000000001296788648248','MONS_00000000001297218526153',3,24);
INSERT INTO map_monsters VALUES ('MAP_00000000001296788648248','MONS_00000000001297218526153',3,31);
INSERT INTO map_monsters VALUES ('MAP_00000000001296788648248','MONS_00000000001297218526153',3,43);
INSERT INTO map_monsters VALUES ('MAP_00000000001296788648248','MONS_00000000001297218526153',4,2);
INSERT INTO map_monsters VALUES ('MAP_00000000001296788648248','MONS_00000000001297218526153',4,5);
INSERT INTO map_monsters VALUES ('MAP_00000000001296788648248','MONS_00000000001297218526153',4,6);
INSERT INTO map_monsters VALUES ('MAP_00000000001296788648248','MONS_00000000001297218526153',4,7);
INSERT INTO map_monsters VALUES ('MAP_00000000001296788648248','MONS_00000000001297218526153',4,8);
INSERT INTO map_monsters VALUES ('MAP_00000000001296788648248','MONS_00000000001297218526153',4,9);
INSERT INTO map_monsters VALUES ('MAP_00000000001296788648248','MONS_00000000001297218526153',4,10);
INSERT INTO map_monsters VALUES ('MAP_00000000001296788648248','MONS_00000000001297218526153',4,11);
INSERT INTO map_monsters VALUES ('MAP_00000000001296788648248','MONS_00000000001297218526153',4,12);
INSERT INTO map_monsters VALUES ('MAP_00000000001296788648248','MONS_00000000001297218526153',4,13);
INSERT INTO map_monsters VALUES ('MAP_00000000001296788648248','MONS_00000000001297218526153',4,14);
INSERT INTO map_monsters VALUES ('MAP_00000000001296788648248','MONS_00000000001297218526153',4,15);
INSERT INTO map_monsters VALUES ('MAP_00000000001296788648248','MONS_00000000001297218526153',4,18);
INSERT INTO map_monsters VALUES ('MAP_00000000001296788648248','MONS_00000000001297218526153',4,22);
INSERT INTO map_monsters VALUES ('MAP_00000000001296788648248','MONS_00000000001297218526153',4,23);
INSERT INTO map_monsters VALUES ('MAP_00000000001296788648248','MONS_00000000001297218526153',4,24);
INSERT INTO map_monsters VALUES ('MAP_00000000001296788648248','MONS_00000000001297218526153',4,28);
INSERT INTO map_monsters VALUES ('MAP_00000000001296788648248','MONS_00000000001297218526153',4,31);
INSERT INTO map_monsters VALUES ('MAP_00000000001296788648248','MONS_00000000001297218526153',4,32);
INSERT INTO map_monsters VALUES ('MAP_00000000001296788648248','MONS_00000000001297218526153',4,33);
INSERT INTO map_monsters VALUES ('MAP_00000000001296788648248','MONS_00000000001297218526153',4,34);
INSERT INTO map_monsters VALUES ('MAP_00000000001296788648248','MONS_00000000001297218526153',4,35);
INSERT INTO map_monsters VALUES ('MAP_00000000001296788648248','MONS_00000000001297218526153',4,36);
INSERT INTO map_monsters VALUES ('MAP_00000000001296788648248','MONS_00000000001297218526153',4,37);
INSERT INTO map_monsters VALUES ('MAP_00000000001296788648248','MONS_00000000001297218526153',4,38);
INSERT INTO map_monsters VALUES ('MAP_00000000001296788648248','MONS_00000000001297218526153',4,39);
INSERT INTO map_monsters VALUES ('MAP_00000000001296788648248','MONS_00000000001297218526153',4,40);
INSERT INTO map_monsters VALUES ('MAP_00000000001296788648248','MONS_00000000001297218526153',4,41);
INSERT INTO map_monsters VALUES ('MAP_00000000001296788648248','MONS_00000000001297218526153',4,42);
INSERT INTO map_monsters VALUES ('MAP_00000000001296788648248','MONS_00000000001297218526153',4,43);
INSERT INTO map_monsters VALUES ('MAP_00000000001296788648248','MONS_00000000001297218526153',5,2);
INSERT INTO map_monsters VALUES ('MAP_00000000001296788648248','MONS_00000000001297218526153',5,3);
INSERT INTO map_monsters VALUES ('MAP_00000000001296788648248','MONS_00000000001297218526153',5,4);
INSERT INTO map_monsters VALUES ('MAP_00000000001296788648248','MONS_00000000001297218526153',5,5);
INSERT INTO map_monsters VALUES ('MAP_00000000001296788648248','MONS_00000000001297218526153',5,7);
INSERT INTO map_monsters VALUES ('MAP_00000000001296788648248','MONS_00000000001297218526153',5,15);
INSERT INTO map_monsters VALUES ('MAP_00000000001296788648248','MONS_00000000001297218526153',5,16);
INSERT INTO map_monsters VALUES ('MAP_00000000001296788648248','MONS_00000000001297218526153',5,17);
INSERT INTO map_monsters VALUES ('MAP_00000000001296788648248','MONS_00000000001297218526153',5,18);
INSERT INTO map_monsters VALUES ('MAP_00000000001296788648248','MONS_00000000001297218526153',5,19);
INSERT INTO map_monsters VALUES ('MAP_00000000001296788648248','MONS_00000000001297218526153',5,20);
INSERT INTO map_monsters VALUES ('MAP_00000000001296788648248','MONS_00000000001297218526153',5,21);
INSERT INTO map_monsters VALUES ('MAP_00000000001296788648248','MONS_00000000001297218526153',5,22);
INSERT INTO map_monsters VALUES ('MAP_00000000001296788648248','MONS_00000000001297218526153',5,23);
INSERT INTO map_monsters VALUES ('MAP_00000000001296788648248','MONS_00000000001297218526153',5,24);
INSERT INTO map_monsters VALUES ('MAP_00000000001296788648248','MONS_00000000001297218526153',5,25);
INSERT INTO map_monsters VALUES ('MAP_00000000001296788648248','MONS_00000000001297218526153',5,26);
INSERT INTO map_monsters VALUES ('MAP_00000000001296788648248','MONS_00000000001297218526153',5,27);
INSERT INTO map_monsters VALUES ('MAP_00000000001296788648248','MONS_00000000001297218526153',5,28);
INSERT INTO map_monsters VALUES ('MAP_00000000001296788648248','MONS_00000000001297218526153',5,29);
INSERT INTO map_monsters VALUES ('MAP_00000000001296788648248','MONS_00000000001297218526153',5,30);
INSERT INTO map_monsters VALUES ('MAP_00000000001296788648248','MONS_00000000001297218526153',5,31);
INSERT INTO map_monsters VALUES ('MAP_00000000001296788648248','MONS_00000000001297218526153',5,42);
INSERT INTO map_monsters VALUES ('MAP_00000000001296788648248','MONS_00000000001297218526153',5,43);
INSERT INTO map_monsters VALUES ('MAP_00000000001296788648248','MONS_00000000001297218526153',6,2);
INSERT INTO map_monsters VALUES ('MAP_00000000001296788648248','MONS_00000000001297218526153',6,7);
INSERT INTO map_monsters VALUES ('MAP_00000000001296788648248','MONS_00000000001297218526153',6,22);
INSERT INTO map_monsters VALUES ('MAP_00000000001296788648248','MONS_00000000001297218526153',6,23);
INSERT INTO map_monsters VALUES ('MAP_00000000001296788648248','MONS_00000000001297218526153',6,24);
INSERT INTO map_monsters VALUES ('MAP_00000000001296788648248','MONS_00000000001297218526153',6,42);
INSERT INTO map_monsters VALUES ('MAP_00000000001296788648248','MONS_00000000001297218526153',6,43);
INSERT INTO map_monsters VALUES ('MAP_00000000001296788648248','MONS_00000000001297218526153',7,2);
INSERT INTO map_monsters VALUES ('MAP_00000000001296788648248','MONS_00000000001297218526153',7,7);
INSERT INTO map_monsters VALUES ('MAP_00000000001296788648248','MONS_00000000001297218526153',7,22);
INSERT INTO map_monsters VALUES ('MAP_00000000001296788648248','MONS_00000000001297218526153',7,23);
INSERT INTO map_monsters VALUES ('MAP_00000000001296788648248','MONS_00000000001297218526153',7,24);
INSERT INTO map_monsters VALUES ('MAP_00000000001296788648248','MONS_00000000001297218526153',7,42);
INSERT INTO map_monsters VALUES ('MAP_00000000001296788648248','MONS_00000000001297218526153',7,43);
INSERT INTO map_monsters VALUES ('MAP_00000000001296788648248','MONS_00000000001297218526153',8,2);
INSERT INTO map_monsters VALUES ('MAP_00000000001296788648248','MONS_00000000001297218526153',8,3);
INSERT INTO map_monsters VALUES ('MAP_00000000001296788648248','MONS_00000000001297218526153',8,4);
INSERT INTO map_monsters VALUES ('MAP_00000000001296788648248','MONS_00000000001297218526153',8,5);
INSERT INTO map_monsters VALUES ('MAP_00000000001296788648248','MONS_00000000001297218526153',8,7);
INSERT INTO map_monsters VALUES ('MAP_00000000001296788648248','MONS_00000000001297218526153',8,10);
INSERT INTO map_monsters VALUES ('MAP_00000000001296788648248','MONS_00000000001297218526153',8,11);
INSERT INTO map_monsters VALUES ('MAP_00000000001296788648248','MONS_00000000001297218526153',8,12);
INSERT INTO map_monsters VALUES ('MAP_00000000001296788648248','MONS_00000000001297218526153',8,13);
INSERT INTO map_monsters VALUES ('MAP_00000000001296788648248','MONS_00000000001297218526153',8,14);
INSERT INTO map_monsters VALUES ('MAP_00000000001296788648248','MONS_00000000001297218526153',8,15);
INSERT INTO map_monsters VALUES ('MAP_00000000001296788648248','MONS_00000000001297218526153',8,16);
INSERT INTO map_monsters VALUES ('MAP_00000000001296788648248','MONS_00000000001297218526153',8,17);
INSERT INTO map_monsters VALUES ('MAP_00000000001296788648248','MONS_00000000001297218526153',8,18);
INSERT INTO map_monsters VALUES ('MAP_00000000001296788648248','MONS_00000000001297218526153',8,19);
INSERT INTO map_monsters VALUES ('MAP_00000000001296788648248','MONS_00000000001297218526153',8,20);
INSERT INTO map_monsters VALUES ('MAP_00000000001296788648248','MONS_00000000001297218526153',8,22);
INSERT INTO map_monsters VALUES ('MAP_00000000001296788648248','MONS_00000000001297218526153',8,23);
INSERT INTO map_monsters VALUES ('MAP_00000000001296788648248','MONS_00000000001297218526153',8,24);
INSERT INTO map_monsters VALUES ('MAP_00000000001296788648248','MONS_00000000001297218526153',8,26);
INSERT INTO map_monsters VALUES ('MAP_00000000001296788648248','MONS_00000000001297218526153',8,27);
INSERT INTO map_monsters VALUES ('MAP_00000000001296788648248','MONS_00000000001297218526153',8,28);
INSERT INTO map_monsters VALUES ('MAP_00000000001296788648248','MONS_00000000001297218526153',8,29);
INSERT INTO map_monsters VALUES ('MAP_00000000001296788648248','MONS_00000000001297218526153',8,30);
INSERT INTO map_monsters VALUES ('MAP_00000000001296788648248','MONS_00000000001297218526153',8,31);
INSERT INTO map_monsters VALUES ('MAP_00000000001296788648248','MONS_00000000001297218526153',8,32);
INSERT INTO map_monsters VALUES ('MAP_00000000001296788648248','MONS_00000000001297218526153',8,33);
INSERT INTO map_monsters VALUES ('MAP_00000000001296788648248','MONS_00000000001297218526153',8,34);
INSERT INTO map_monsters VALUES ('MAP_00000000001296788648248','MONS_00000000001297218526153',8,35);
INSERT INTO map_monsters VALUES ('MAP_00000000001296788648248','MONS_00000000001297218526153',8,36);
INSERT INTO map_monsters VALUES ('MAP_00000000001296788648248','MONS_00000000001297218526153',8,37);
INSERT INTO map_monsters VALUES ('MAP_00000000001296788648248','MONS_00000000001297218526153',8,38);
INSERT INTO map_monsters VALUES ('MAP_00000000001296788648248','MONS_00000000001297218526153',8,39);
INSERT INTO map_monsters VALUES ('MAP_00000000001296788648248','MONS_00000000001297218526153',8,42);
INSERT INTO map_monsters VALUES ('MAP_00000000001296788648248','MONS_00000000001297218526153',8,43);
INSERT INTO map_monsters VALUES ('MAP_00000000001296788648248','MONS_00000000001297218526153',9,2);
INSERT INTO map_monsters VALUES ('MAP_00000000001296788648248','MONS_00000000001297218526153',9,5);
INSERT INTO map_monsters VALUES ('MAP_00000000001296788648248','MONS_00000000001297218526153',9,7);
INSERT INTO map_monsters VALUES ('MAP_00000000001296788648248','MONS_00000000001297218526153',9,10);
INSERT INTO map_monsters VALUES ('MAP_00000000001296788648248','MONS_00000000001297218526153',9,15);
INSERT INTO map_monsters VALUES ('MAP_00000000001296788648248','MONS_00000000001297218526153',9,20);
INSERT INTO map_monsters VALUES ('MAP_00000000001296788648248','MONS_00000000001297218526153',9,22);
INSERT INTO map_monsters VALUES ('MAP_00000000001296788648248','MONS_00000000001297218526153',9,23);
INSERT INTO map_monsters VALUES ('MAP_00000000001296788648248','MONS_00000000001297218526153',9,24);
INSERT INTO map_monsters VALUES ('MAP_00000000001296788648248','MONS_00000000001297218526153',9,26);
INSERT INTO map_monsters VALUES ('MAP_00000000001296788648248','MONS_00000000001297218526153',9,39);
INSERT INTO map_monsters VALUES ('MAP_00000000001296788648248','MONS_00000000001297218526153',9,42);
INSERT INTO map_monsters VALUES ('MAP_00000000001296788648248','MONS_00000000001297218526153',9,43);
INSERT INTO map_monsters VALUES ('MAP_00000000001296788648248','MONS_00000000001297218526153',10,5);
INSERT INTO map_monsters VALUES ('MAP_00000000001296788648248','MONS_00000000001297218526153',10,7);
INSERT INTO map_monsters VALUES ('MAP_00000000001296788648248','MONS_00000000001297218526153',10,10);
INSERT INTO map_monsters VALUES ('MAP_00000000001296788648248','MONS_00000000001297218526153',10,11);
INSERT INTO map_monsters VALUES ('MAP_00000000001296788648248','MONS_00000000001297218526153',10,12);
INSERT INTO map_monsters VALUES ('MAP_00000000001296788648248','MONS_00000000001297218526153',10,13);
INSERT INTO map_monsters VALUES ('MAP_00000000001296788648248','MONS_00000000001297218526153',10,14);
INSERT INTO map_monsters VALUES ('MAP_00000000001296788648248','MONS_00000000001297218526153',10,15);
INSERT INTO map_monsters VALUES ('MAP_00000000001296788648248','MONS_00000000001297218526153',10,16);
INSERT INTO map_monsters VALUES ('MAP_00000000001296788648248','MONS_00000000001297218526153',10,17);
INSERT INTO map_monsters VALUES ('MAP_00000000001296788648248','MONS_00000000001297218526153',10,18);
INSERT INTO map_monsters VALUES ('MAP_00000000001296788648248','MONS_00000000001297218526153',10,19);
INSERT INTO map_monsters VALUES ('MAP_00000000001296788648248','MONS_00000000001297218526153',10,20);
INSERT INTO map_monsters VALUES ('MAP_00000000001296788648248','MONS_00000000001297218526153',10,21);
INSERT INTO map_monsters VALUES ('MAP_00000000001296788648248','MONS_00000000001297218526153',10,22);
INSERT INTO map_monsters VALUES ('MAP_00000000001296788648248','MONS_00000000001297218526153',10,23);
INSERT INTO map_monsters VALUES ('MAP_00000000001296788648248','MONS_00000000001297218526153',10,24);
INSERT INTO map_monsters VALUES ('MAP_00000000001296788648248','MONS_00000000001297218526153',10,25);
INSERT INTO map_monsters VALUES ('MAP_00000000001296788648248','MONS_00000000001297218526153',10,26);
INSERT INTO map_monsters VALUES ('MAP_00000000001296788648248','MONS_00000000001297218526153',10,27);
INSERT INTO map_monsters VALUES ('MAP_00000000001296788648248','MONS_00000000001297218526153',10,28);
INSERT INTO map_monsters VALUES ('MAP_00000000001296788648248','MONS_00000000001297218526153',10,29);
INSERT INTO map_monsters VALUES ('MAP_00000000001296788648248','MONS_00000000001297218526153',10,30);
INSERT INTO map_monsters VALUES ('MAP_00000000001296788648248','MONS_00000000001297218526153',10,31);
INSERT INTO map_monsters VALUES ('MAP_00000000001296788648248','MONS_00000000001297218526153',10,32);
INSERT INTO map_monsters VALUES ('MAP_00000000001296788648248','MONS_00000000001297218526153',10,33);
INSERT INTO map_monsters VALUES ('MAP_00000000001296788648248','MONS_00000000001297218526153',10,34);
INSERT INTO map_monsters VALUES ('MAP_00000000001296788648248','MONS_00000000001297218526153',10,35);
INSERT INTO map_monsters VALUES ('MAP_00000000001296788648248','MONS_00000000001297218526153',10,36);
INSERT INTO map_monsters VALUES ('MAP_00000000001296788648248','MONS_00000000001297218526153',10,37);
INSERT INTO map_monsters VALUES ('MAP_00000000001296788648248','MONS_00000000001297218526153',10,38);
INSERT INTO map_monsters VALUES ('MAP_00000000001296788648248','MONS_00000000001297218526153',10,39);
INSERT INTO map_monsters VALUES ('MAP_00000000001296788648248','MONS_00000000001297218526153',10,42);
INSERT INTO map_monsters VALUES ('MAP_00000000001296788648248','MONS_00000000001297218526153',10,43);
INSERT INTO map_monsters VALUES ('MAP_00000000001296788648248','MONS_00000000001297218526153',11,4);
INSERT INTO map_monsters VALUES ('MAP_00000000001296788648248','MONS_00000000001297218526153',11,5);
INSERT INTO map_monsters VALUES ('MAP_00000000001296788648248','MONS_00000000001297218526153',11,6);
INSERT INTO map_monsters VALUES ('MAP_00000000001296788648248','MONS_00000000001297218526153',11,7);
INSERT INTO map_monsters VALUES ('MAP_00000000001296788648248','MONS_00000000001297218526153',11,10);
INSERT INTO map_monsters VALUES ('MAP_00000000001296788648248','MONS_00000000001297218526153',11,19);
INSERT INTO map_monsters VALUES ('MAP_00000000001296788648248','MONS_00000000001297218526153',11,22);
INSERT INTO map_monsters VALUES ('MAP_00000000001296788648248','MONS_00000000001297218526153',11,23);
INSERT INTO map_monsters VALUES ('MAP_00000000001296788648248','MONS_00000000001297218526153',11,24);
INSERT INTO map_monsters VALUES ('MAP_00000000001296788648248','MONS_00000000001297218526153',11,38);
INSERT INTO map_monsters VALUES ('MAP_00000000001296788648248','MONS_00000000001297218526153',11,42);
INSERT INTO map_monsters VALUES ('MAP_00000000001296788648248','MONS_00000000001297218526153',11,43);
INSERT INTO map_monsters VALUES ('MAP_00000000001296788648248','MONS_00000000001297218526153',12,7);
INSERT INTO map_monsters VALUES ('MAP_00000000001296788648248','MONS_00000000001297218526153',12,10);
INSERT INTO map_monsters VALUES ('MAP_00000000001296788648248','MONS_00000000001297218526153',12,11);
INSERT INTO map_monsters VALUES ('MAP_00000000001296788648248','MONS_00000000001297218526153',12,12);
INSERT INTO map_monsters VALUES ('MAP_00000000001296788648248','MONS_00000000001297218526153',12,13);
INSERT INTO map_monsters VALUES ('MAP_00000000001296788648248','MONS_00000000001297218526153',12,14);
INSERT INTO map_monsters VALUES ('MAP_00000000001296788648248','MONS_00000000001297218526153',12,15);
INSERT INTO map_monsters VALUES ('MAP_00000000001296788648248','MONS_00000000001297218526153',12,16);
INSERT INTO map_monsters VALUES ('MAP_00000000001296788648248','MONS_00000000001297218526153',12,17);
INSERT INTO map_monsters VALUES ('MAP_00000000001296788648248','MONS_00000000001297218526153',12,18);
INSERT INTO map_monsters VALUES ('MAP_00000000001296788648248','MONS_00000000001297218526153',12,20);
INSERT INTO map_monsters VALUES ('MAP_00000000001296788648248','MONS_00000000001297218526153',12,21);
INSERT INTO map_monsters VALUES ('MAP_00000000001296788648248','MONS_00000000001297218526153',12,22);
INSERT INTO map_monsters VALUES ('MAP_00000000001296788648248','MONS_00000000001297218526153',12,23);
INSERT INTO map_monsters VALUES ('MAP_00000000001296788648248','MONS_00000000001297218526153',12,24);
INSERT INTO map_monsters VALUES ('MAP_00000000001296788648248','MONS_00000000001297218526153',12,27);
INSERT INTO map_monsters VALUES ('MAP_00000000001296788648248','MONS_00000000001297218526153',12,28);
INSERT INTO map_monsters VALUES ('MAP_00000000001296788648248','MONS_00000000001297218526153',12,29);
INSERT INTO map_monsters VALUES ('MAP_00000000001296788648248','MONS_00000000001297218526153',12,30);
INSERT INTO map_monsters VALUES ('MAP_00000000001296788648248','MONS_00000000001297218526153',12,31);
INSERT INTO map_monsters VALUES ('MAP_00000000001296788648248','MONS_00000000001297218526153',12,32);
INSERT INTO map_monsters VALUES ('MAP_00000000001296788648248','MONS_00000000001297218526153',12,33);
INSERT INTO map_monsters VALUES ('MAP_00000000001296788648248','MONS_00000000001297218526153',12,34);
INSERT INTO map_monsters VALUES ('MAP_00000000001296788648248','MONS_00000000001297218526153',12,35);
INSERT INTO map_monsters VALUES ('MAP_00000000001296788648248','MONS_00000000001297218526153',12,36);
INSERT INTO map_monsters VALUES ('MAP_00000000001296788648248','MONS_00000000001297218526153',12,37);
INSERT INTO map_monsters VALUES ('MAP_00000000001296788648248','MONS_00000000001297218526153',12,38);
INSERT INTO map_monsters VALUES ('MAP_00000000001296788648248','MONS_00000000001297218526153',12,39);
INSERT INTO map_monsters VALUES ('MAP_00000000001296788648248','MONS_00000000001297218526153',12,40);
INSERT INTO map_monsters VALUES ('MAP_00000000001296788648248','MONS_00000000001297218526153',12,42);
INSERT INTO map_monsters VALUES ('MAP_00000000001296788648248','MONS_00000000001297218526153',12,43);
INSERT INTO map_monsters VALUES ('MAP_00000000001296788648248','MONS_00000000001297218526153',13,7);
INSERT INTO map_monsters VALUES ('MAP_00000000001296788648248','MONS_00000000001297218526153',13,11);
INSERT INTO map_monsters VALUES ('MAP_00000000001296788648248','MONS_00000000001297218526153',13,20);
INSERT INTO map_monsters VALUES ('MAP_00000000001296788648248','MONS_00000000001297218526153',13,21);
INSERT INTO map_monsters VALUES ('MAP_00000000001296788648248','MONS_00000000001297218526153',13,22);
INSERT INTO map_monsters VALUES ('MAP_00000000001296788648248','MONS_00000000001297218526153',13,23);
INSERT INTO map_monsters VALUES ('MAP_00000000001296788648248','MONS_00000000001297218526153',13,24);
INSERT INTO map_monsters VALUES ('MAP_00000000001296788648248','MONS_00000000001297218526153',13,25);
INSERT INTO map_monsters VALUES ('MAP_00000000001296788648248','MONS_00000000001297218526153',13,26);
INSERT INTO map_monsters VALUES ('MAP_00000000001296788648248','MONS_00000000001297218526153',13,28);
INSERT INTO map_monsters VALUES ('MAP_00000000001296788648248','MONS_00000000001297218526153',13,40);
INSERT INTO map_monsters VALUES ('MAP_00000000001296788648248','MONS_00000000001297218526153',13,41);
INSERT INTO map_monsters VALUES ('MAP_00000000001296788648248','MONS_00000000001297218526153',13,42);
INSERT INTO map_monsters VALUES ('MAP_00000000001296788648248','MONS_00000000001297218526153',13,43);
INSERT INTO map_monsters VALUES ('MAP_00000000001296788648248','MONS_00000000001297218526153',14,1);
INSERT INTO map_monsters VALUES ('MAP_00000000001296788648248','MONS_00000000001297218526153',14,2);
INSERT INTO map_monsters VALUES ('MAP_00000000001296788648248','MONS_00000000001297218526153',14,3);
INSERT INTO map_monsters VALUES ('MAP_00000000001296788648248','MONS_00000000001297218526153',14,4);
INSERT INTO map_monsters VALUES ('MAP_00000000001296788648248','MONS_00000000001297218526153',14,5);
INSERT INTO map_monsters VALUES ('MAP_00000000001296788648248','MONS_00000000001297218526153',14,6);
INSERT INTO map_monsters VALUES ('MAP_00000000001296788648248','MONS_00000000001297218526153',14,7);
INSERT INTO map_monsters VALUES ('MAP_00000000001296788648248','MONS_00000000001297218526153',14,8);
INSERT INTO map_monsters VALUES ('MAP_00000000001296788648248','MONS_00000000001297218526153',14,9);
INSERT INTO map_monsters VALUES ('MAP_00000000001296788648248','MONS_00000000001297218526153',14,10);
INSERT INTO map_monsters VALUES ('MAP_00000000001296788648248','MONS_00000000001297218526153',14,11);
INSERT INTO map_monsters VALUES ('MAP_00000000001296788648248','MONS_00000000001297218526153',14,12);
INSERT INTO map_monsters VALUES ('MAP_00000000001296788648248','MONS_00000000001297218526153',14,13);
INSERT INTO map_monsters VALUES ('MAP_00000000001296788648248','MONS_00000000001297218526153',14,14);
INSERT INTO map_monsters VALUES ('MAP_00000000001296788648248','MONS_00000000001297218526153',14,15);
INSERT INTO map_monsters VALUES ('MAP_00000000001296788648248','MONS_00000000001297218526153',14,16);
INSERT INTO map_monsters VALUES ('MAP_00000000001296788648248','MONS_00000000001297218526153',14,17);
INSERT INTO map_monsters VALUES ('MAP_00000000001296788648248','MONS_00000000001297218526153',14,18);
INSERT INTO map_monsters VALUES ('MAP_00000000001296788648248','MONS_00000000001297218526153',14,19);
INSERT INTO map_monsters VALUES ('MAP_00000000001296788648248','MONS_00000000001297218526153',14,20);
INSERT INTO map_monsters VALUES ('MAP_00000000001296788648248','MONS_00000000001297218526153',14,21);
INSERT INTO map_monsters VALUES ('MAP_00000000001296788648248','MONS_00000000001297218526153',14,23);
INSERT INTO map_monsters VALUES ('MAP_00000000001296788648248','MONS_00000000001297218526153',14,24);
INSERT INTO map_monsters VALUES ('MAP_00000000001296788648248','MONS_00000000001297218526153',14,25);
INSERT INTO map_monsters VALUES ('MAP_00000000001296788648248','MONS_00000000001297218526153',14,26);
INSERT INTO map_monsters VALUES ('MAP_00000000001296788648248','MONS_00000000001297218526153',14,27);
INSERT INTO map_monsters VALUES ('MAP_00000000001296788648248','MONS_00000000001297218526153',14,28);
INSERT INTO map_monsters VALUES ('MAP_00000000001296788648248','MONS_00000000001297218526153',14,29);
INSERT INTO map_monsters VALUES ('MAP_00000000001296788648248','MONS_00000000001297218526153',14,30);
INSERT INTO map_monsters VALUES ('MAP_00000000001296788648248','MONS_00000000001297218526153',14,31);
INSERT INTO map_monsters VALUES ('MAP_00000000001296788648248','MONS_00000000001297218526153',14,32);
INSERT INTO map_monsters VALUES ('MAP_00000000001296788648248','MONS_00000000001297218526153',14,33);
INSERT INTO map_monsters VALUES ('MAP_00000000001296788648248','MONS_00000000001297218526153',14,34);
INSERT INTO map_monsters VALUES ('MAP_00000000001296788648248','MONS_00000000001297218526153',14,35);
INSERT INTO map_monsters VALUES ('MAP_00000000001296788648248','MONS_00000000001297218526153',14,36);
INSERT INTO map_monsters VALUES ('MAP_00000000001296788648248','MONS_00000000001297218526153',14,37);
INSERT INTO map_monsters VALUES ('MAP_00000000001296788648248','MONS_00000000001297218526153',14,38);
INSERT INTO map_monsters VALUES ('MAP_00000000001296788648248','MONS_00000000001297218526153',14,39);
INSERT INTO map_monsters VALUES ('MAP_00000000001296788648248','MONS_00000000001297218526153',14,40);
INSERT INTO map_monsters VALUES ('MAP_00000000001296788648248','MONS_00000000001297218526153',15,0);
INSERT INTO map_monsters VALUES ('MAP_00000000001296788648248','MONS_00000000001297218526153',15,1);
INSERT INTO map_monsters VALUES ('MAP_00000000001296788648248','MONS_00000000001297218526153',15,2);
INSERT INTO map_monsters VALUES ('MAP_00000000001296788648248','MONS_00000000001297218526153',15,3);
INSERT INTO map_monsters VALUES ('MAP_00000000001296788648248','MONS_00000000001297218526153',15,4);
INSERT INTO map_monsters VALUES ('MAP_00000000001296788648248','MONS_00000000001297218526153',15,5);
INSERT INTO map_monsters VALUES ('MAP_00000000001296788648248','MONS_00000000001297218526153',15,6);
INSERT INTO map_monsters VALUES ('MAP_00000000001296788648248','MONS_00000000001297218526153',15,7);
INSERT INTO map_monsters VALUES ('MAP_00000000001296788648248','MONS_00000000001297218526153',15,8);
INSERT INTO map_monsters VALUES ('MAP_00000000001296788648248','MONS_00000000001297218526153',15,9);
INSERT INTO map_monsters VALUES ('MAP_00000000001296788648248','MONS_00000000001297218526153',15,10);
INSERT INTO map_monsters VALUES ('MAP_00000000001296788648248','MONS_00000000001297218526153',15,11);
INSERT INTO map_monsters VALUES ('MAP_00000000001296788648248','MONS_00000000001297218526153',15,12);
INSERT INTO map_monsters VALUES ('MAP_00000000001296788648248','MONS_00000000001297218526153',15,13);
INSERT INTO map_monsters VALUES ('MAP_00000000001296788648248','MONS_00000000001297218526153',15,14);
INSERT INTO map_monsters VALUES ('MAP_00000000001296788648248','MONS_00000000001297218526153',15,15);
INSERT INTO map_monsters VALUES ('MAP_00000000001296788648248','MONS_00000000001297218526153',15,19);
INSERT INTO map_monsters VALUES ('MAP_00000000001296788648248','MONS_00000000001297218526153',15,20);
INSERT INTO map_monsters VALUES ('MAP_00000000001296788648248','MONS_00000000001297218526153',15,21);
INSERT INTO map_monsters VALUES ('MAP_00000000001296788648248','MONS_00000000001297218526153',15,22);
INSERT INTO map_monsters VALUES ('MAP_00000000001296788648248','MONS_00000000001297218526153',15,23);
INSERT INTO map_monsters VALUES ('MAP_00000000001296788648248','MONS_00000000001297218526153',15,24);
INSERT INTO map_monsters VALUES ('MAP_00000000001296788648248','MONS_00000000001297218526153',15,25);
INSERT INTO map_monsters VALUES ('MAP_00000000001296788648248','MONS_00000000001297218526153',15,26);
INSERT INTO map_monsters VALUES ('MAP_00000000001296788648248','MONS_00000000001297218526153',15,27);
INSERT INTO map_monsters VALUES ('MAP_00000000001296788648248','MONS_00000000001297218526153',15,28);
INSERT INTO map_monsters VALUES ('MAP_00000000001296788648248','MONS_00000000001297218526153',15,29);
INSERT INTO map_monsters VALUES ('MAP_00000000001296788648248','MONS_00000000001297218526153',15,30);
INSERT INTO map_monsters VALUES ('MAP_00000000001296788648248','MONS_00000000001297218526153',15,31);
INSERT INTO map_monsters VALUES ('MAP_00000000001296788648248','MONS_00000000001297218526153',15,32);
INSERT INTO map_monsters VALUES ('MAP_00000000001296788648248','MONS_00000000001297218526153',15,33);
INSERT INTO map_monsters VALUES ('MAP_00000000001296788648248','MONS_00000000001297218526153',15,34);
INSERT INTO map_monsters VALUES ('MAP_00000000001296788648248','MONS_00000000001297218526153',15,35);
INSERT INTO map_monsters VALUES ('MAP_00000000001296788648248','MONS_00000000001297218526153',15,36);
INSERT INTO map_monsters VALUES ('MAP_00000000001296788648248','MONS_00000000001297218526153',15,37);
INSERT INTO map_monsters VALUES ('MAP_00000000001296788648248','MONS_00000000001297218526153',15,38);
INSERT INTO map_monsters VALUES ('MAP_00000000001296788648248','MONS_00000000001297218526153',15,39);
INSERT INTO map_monsters VALUES ('MAP_00000000001296788648248','MONS_00000000001297218526153',15,40);
INSERT INTO map_monsters VALUES ('MAP_00000000001296788648248','MONS_00000000001297218526153',15,41);
INSERT INTO map_monsters VALUES ('MAP_00000000001296788648248','MONS_00000000001297218526153',15,42);
INSERT INTO map_monsters VALUES ('MAP_00000000001296788648248','MONS_00000000001297218526153',15,43);
INSERT INTO map_monsters VALUES ('MAP_00000000001296788648248','MONS_00000000001297218526153',16,0);
INSERT INTO map_monsters VALUES ('MAP_00000000001296788648248','MONS_00000000001297218526153',16,1);
INSERT INTO map_monsters VALUES ('MAP_00000000001296788648248','MONS_00000000001297218526153',16,2);
INSERT INTO map_monsters VALUES ('MAP_00000000001296788648248','MONS_00000000001297218526153',16,3);
INSERT INTO map_monsters VALUES ('MAP_00000000001296788648248','MONS_00000000001297218526153',16,4);
INSERT INTO map_monsters VALUES ('MAP_00000000001296788648248','MONS_00000000001297218526153',16,5);
INSERT INTO map_monsters VALUES ('MAP_00000000001296788648248','MONS_00000000001297218526153',16,6);
INSERT INTO map_monsters VALUES ('MAP_00000000001296788648248','MONS_00000000001297218526153',16,7);
INSERT INTO map_monsters VALUES ('MAP_00000000001296788648248','MONS_00000000001297218526153',16,8);
INSERT INTO map_monsters VALUES ('MAP_00000000001296788648248','MONS_00000000001297218526153',16,9);
INSERT INTO map_monsters VALUES ('MAP_00000000001296788648248','MONS_00000000001297218526153',16,10);
INSERT INTO map_monsters VALUES ('MAP_00000000001296788648248','MONS_00000000001297218526153',16,11);
INSERT INTO map_monsters VALUES ('MAP_00000000001296788648248','MONS_00000000001297218526153',16,12);
INSERT INTO map_monsters VALUES ('MAP_00000000001296788648248','MONS_00000000001297218526153',16,13);
INSERT INTO map_monsters VALUES ('MAP_00000000001296788648248','MONS_00000000001297218526153',16,14);
INSERT INTO map_monsters VALUES ('MAP_00000000001296788648248','MONS_00000000001297218526153',16,15);
INSERT INTO map_monsters VALUES ('MAP_00000000001296788648248','MONS_00000000001297218526153',16,19);
INSERT INTO map_monsters VALUES ('MAP_00000000001296788648248','MONS_00000000001297218526153',16,20);
INSERT INTO map_monsters VALUES ('MAP_00000000001296788648248','MONS_00000000001297218526153',16,21);
INSERT INTO map_monsters VALUES ('MAP_00000000001296788648248','MONS_00000000001297218526153',16,22);
INSERT INTO map_monsters VALUES ('MAP_00000000001296788648248','MONS_00000000001297218526153',16,23);
INSERT INTO map_monsters VALUES ('MAP_00000000001296788648248','MONS_00000000001297218526153',16,24);
INSERT INTO map_monsters VALUES ('MAP_00000000001296788648248','MONS_00000000001297218526153',16,25);
INSERT INTO map_monsters VALUES ('MAP_00000000001296788648248','MONS_00000000001297218526153',16,26);
INSERT INTO map_monsters VALUES ('MAP_00000000001296788648248','MONS_00000000001297218526153',16,27);
INSERT INTO map_monsters VALUES ('MAP_00000000001296788648248','MONS_00000000001297218526153',16,28);
INSERT INTO map_monsters VALUES ('MAP_00000000001296788648248','MONS_00000000001297218526153',16,29);
INSERT INTO map_monsters VALUES ('MAP_00000000001296788648248','MONS_00000000001297218526153',16,30);
INSERT INTO map_monsters VALUES ('MAP_00000000001296788648248','MONS_00000000001297218526153',16,31);
INSERT INTO map_monsters VALUES ('MAP_00000000001296788648248','MONS_00000000001297218526153',16,32);
INSERT INTO map_monsters VALUES ('MAP_00000000001296788648248','MONS_00000000001297218526153',16,33);
INSERT INTO map_monsters VALUES ('MAP_00000000001296788648248','MONS_00000000001297218526153',16,34);
INSERT INTO map_monsters VALUES ('MAP_00000000001296788648248','MONS_00000000001297218526153',16,35);
INSERT INTO map_monsters VALUES ('MAP_00000000001296788648248','MONS_00000000001297218526153',16,36);
INSERT INTO map_monsters VALUES ('MAP_00000000001296788648248','MONS_00000000001297218526153',16,37);
INSERT INTO map_monsters VALUES ('MAP_00000000001296788648248','MONS_00000000001297218526153',16,38);
INSERT INTO map_monsters VALUES ('MAP_00000000001296788648248','MONS_00000000001297218526153',16,39);
INSERT INTO map_monsters VALUES ('MAP_00000000001296788648248','MONS_00000000001297218526153',16,40);
INSERT INTO map_monsters VALUES ('MAP_00000000001296788648248','MONS_00000000001297218526153',16,41);
INSERT INTO map_monsters VALUES ('MAP_00000000001296788648248','MONS_00000000001297218526153',16,42);
INSERT INTO map_monsters VALUES ('MAP_00000000001296788648248','MONS_00000000001297218526153',16,43);
INSERT INTO map_monsters VALUES ('MAP_00000000001296788648248','MONS_00000000001297218526153',17,1);
INSERT INTO map_monsters VALUES ('MAP_00000000001296788648248','MONS_00000000001297218526153',17,2);
INSERT INTO map_monsters VALUES ('MAP_00000000001296788648248','MONS_00000000001297218526153',17,3);
INSERT INTO map_monsters VALUES ('MAP_00000000001296788648248','MONS_00000000001297218526153',17,4);
INSERT INTO map_monsters VALUES ('MAP_00000000001296788648248','MONS_00000000001297218526153',17,5);
INSERT INTO map_monsters VALUES ('MAP_00000000001296788648248','MONS_00000000001297218526153',17,6);
INSERT INTO map_monsters VALUES ('MAP_00000000001296788648248','MONS_00000000001297218526153',17,7);
INSERT INTO map_monsters VALUES ('MAP_00000000001296788648248','MONS_00000000001297218526153',17,8);
INSERT INTO map_monsters VALUES ('MAP_00000000001296788648248','MONS_00000000001297218526153',17,9);
INSERT INTO map_monsters VALUES ('MAP_00000000001296788648248','MONS_00000000001297218526153',17,10);
INSERT INTO map_monsters VALUES ('MAP_00000000001296788648248','MONS_00000000001297218526153',17,11);
INSERT INTO map_monsters VALUES ('MAP_00000000001296788648248','MONS_00000000001297218526153',17,12);
INSERT INTO map_monsters VALUES ('MAP_00000000001296788648248','MONS_00000000001297218526153',17,13);
INSERT INTO map_monsters VALUES ('MAP_00000000001296788648248','MONS_00000000001297218526153',17,14);
INSERT INTO map_monsters VALUES ('MAP_00000000001296788648248','MONS_00000000001297218526153',17,15);
INSERT INTO map_monsters VALUES ('MAP_00000000001296788648248','MONS_00000000001297218526153',17,16);
INSERT INTO map_monsters VALUES ('MAP_00000000001296788648248','MONS_00000000001297218526153',17,17);
INSERT INTO map_monsters VALUES ('MAP_00000000001296788648248','MONS_00000000001297218526153',17,18);
INSERT INTO map_monsters VALUES ('MAP_00000000001296788648248','MONS_00000000001297218526153',17,19);
INSERT INTO map_monsters VALUES ('MAP_00000000001296788648248','MONS_00000000001297218526153',17,20);
INSERT INTO map_monsters VALUES ('MAP_00000000001296788648248','MONS_00000000001297218526153',17,21);
INSERT INTO map_monsters VALUES ('MAP_00000000001296788648248','MONS_00000000001297218526153',17,23);
INSERT INTO map_monsters VALUES ('MAP_00000000001296788648248','MONS_00000000001297218526153',17,24);
INSERT INTO map_monsters VALUES ('MAP_00000000001296788648248','MONS_00000000001297218526153',17,25);
INSERT INTO map_monsters VALUES ('MAP_00000000001296788648248','MONS_00000000001297218526153',17,26);
INSERT INTO map_monsters VALUES ('MAP_00000000001296788648248','MONS_00000000001297218526153',17,27);
INSERT INTO map_monsters VALUES ('MAP_00000000001296788648248','MONS_00000000001297218526153',17,28);
INSERT INTO map_monsters VALUES ('MAP_00000000001296788648248','MONS_00000000001297218526153',17,29);
INSERT INTO map_monsters VALUES ('MAP_00000000001296788648248','MONS_00000000001297218526153',17,30);
INSERT INTO map_monsters VALUES ('MAP_00000000001296788648248','MONS_00000000001297218526153',17,31);
INSERT INTO map_monsters VALUES ('MAP_00000000001296788648248','MONS_00000000001297218526153',17,32);
INSERT INTO map_monsters VALUES ('MAP_00000000001296788648248','MONS_00000000001297218526153',17,33);
INSERT INTO map_monsters VALUES ('MAP_00000000001296788648248','MONS_00000000001297218526153',17,34);
INSERT INTO map_monsters VALUES ('MAP_00000000001296788648248','MONS_00000000001297218526153',17,35);
INSERT INTO map_monsters VALUES ('MAP_00000000001296788648248','MONS_00000000001297218526153',17,36);
INSERT INTO map_monsters VALUES ('MAP_00000000001296788648248','MONS_00000000001297218526153',17,37);
INSERT INTO map_monsters VALUES ('MAP_00000000001296788648248','MONS_00000000001297218526153',17,38);
INSERT INTO map_monsters VALUES ('MAP_00000000001296788648248','MONS_00000000001297218526153',17,39);
INSERT INTO map_monsters VALUES ('MAP_00000000001296788648248','MONS_00000000001297218526153',17,40);
INSERT INTO map_monsters VALUES ('MAP_00000000001296788648248','MONS_00000000001297218526153',18,7);
INSERT INTO map_monsters VALUES ('MAP_00000000001296788648248','MONS_00000000001297218526153',18,11);
INSERT INTO map_monsters VALUES ('MAP_00000000001296788648248','MONS_00000000001297218526153',18,20);
INSERT INTO map_monsters VALUES ('MAP_00000000001296788648248','MONS_00000000001297218526153',18,21);
INSERT INTO map_monsters VALUES ('MAP_00000000001296788648248','MONS_00000000001297218526153',18,22);
INSERT INTO map_monsters VALUES ('MAP_00000000001296788648248','MONS_00000000001297218526153',18,23);
INSERT INTO map_monsters VALUES ('MAP_00000000001296788648248','MONS_00000000001297218526153',18,24);
INSERT INTO map_monsters VALUES ('MAP_00000000001296788648248','MONS_00000000001297218526153',18,25);
INSERT INTO map_monsters VALUES ('MAP_00000000001296788648248','MONS_00000000001297218526153',18,26);
INSERT INTO map_monsters VALUES ('MAP_00000000001296788648248','MONS_00000000001297218526153',18,28);
INSERT INTO map_monsters VALUES ('MAP_00000000001296788648248','MONS_00000000001297218526153',18,40);
INSERT INTO map_monsters VALUES ('MAP_00000000001296788648248','MONS_00000000001297218526153',18,41);
INSERT INTO map_monsters VALUES ('MAP_00000000001296788648248','MONS_00000000001297218526153',18,42);
INSERT INTO map_monsters VALUES ('MAP_00000000001296788648248','MONS_00000000001297218526153',18,43);
INSERT INTO map_monsters VALUES ('MAP_00000000001296788648248','MONS_00000000001297218526153',19,7);
INSERT INTO map_monsters VALUES ('MAP_00000000001296788648248','MONS_00000000001297218526153',19,10);
INSERT INTO map_monsters VALUES ('MAP_00000000001296788648248','MONS_00000000001297218526153',19,11);
INSERT INTO map_monsters VALUES ('MAP_00000000001296788648248','MONS_00000000001297218526153',19,12);
INSERT INTO map_monsters VALUES ('MAP_00000000001296788648248','MONS_00000000001297218526153',19,13);
INSERT INTO map_monsters VALUES ('MAP_00000000001296788648248','MONS_00000000001297218526153',19,14);
INSERT INTO map_monsters VALUES ('MAP_00000000001296788648248','MONS_00000000001297218526153',19,15);
INSERT INTO map_monsters VALUES ('MAP_00000000001296788648248','MONS_00000000001297218526153',19,16);
INSERT INTO map_monsters VALUES ('MAP_00000000001296788648248','MONS_00000000001297218526153',19,17);
INSERT INTO map_monsters VALUES ('MAP_00000000001296788648248','MONS_00000000001297218526153',19,18);
INSERT INTO map_monsters VALUES ('MAP_00000000001296788648248','MONS_00000000001297218526153',19,20);
INSERT INTO map_monsters VALUES ('MAP_00000000001296788648248','MONS_00000000001297218526153',19,21);
INSERT INTO map_monsters VALUES ('MAP_00000000001296788648248','MONS_00000000001297218526153',19,22);
INSERT INTO map_monsters VALUES ('MAP_00000000001296788648248','MONS_00000000001297218526153',19,23);
INSERT INTO map_monsters VALUES ('MAP_00000000001296788648248','MONS_00000000001297218526153',19,24);
INSERT INTO map_monsters VALUES ('MAP_00000000001296788648248','MONS_00000000001297218526153',19,27);
INSERT INTO map_monsters VALUES ('MAP_00000000001296788648248','MONS_00000000001297218526153',19,28);
INSERT INTO map_monsters VALUES ('MAP_00000000001296788648248','MONS_00000000001297218526153',19,29);
INSERT INTO map_monsters VALUES ('MAP_00000000001296788648248','MONS_00000000001297218526153',19,30);
INSERT INTO map_monsters VALUES ('MAP_00000000001296788648248','MONS_00000000001297218526153',19,31);
INSERT INTO map_monsters VALUES ('MAP_00000000001296788648248','MONS_00000000001297218526153',19,32);
INSERT INTO map_monsters VALUES ('MAP_00000000001296788648248','MONS_00000000001297218526153',19,33);
INSERT INTO map_monsters VALUES ('MAP_00000000001296788648248','MONS_00000000001297218526153',19,34);
INSERT INTO map_monsters VALUES ('MAP_00000000001296788648248','MONS_00000000001297218526153',19,35);
INSERT INTO map_monsters VALUES ('MAP_00000000001296788648248','MONS_00000000001297218526153',19,36);
INSERT INTO map_monsters VALUES ('MAP_00000000001296788648248','MONS_00000000001297218526153',19,37);
INSERT INTO map_monsters VALUES ('MAP_00000000001296788648248','MONS_00000000001297218526153',19,38);
INSERT INTO map_monsters VALUES ('MAP_00000000001296788648248','MONS_00000000001297218526153',19,39);
INSERT INTO map_monsters VALUES ('MAP_00000000001296788648248','MONS_00000000001297218526153',19,40);
INSERT INTO map_monsters VALUES ('MAP_00000000001296788648248','MONS_00000000001297218526153',19,42);
INSERT INTO map_monsters VALUES ('MAP_00000000001296788648248','MONS_00000000001297218526153',19,43);
INSERT INTO map_monsters VALUES ('MAP_00000000001296788648248','MONS_00000000001297218526153',20,4);
INSERT INTO map_monsters VALUES ('MAP_00000000001296788648248','MONS_00000000001297218526153',20,5);
INSERT INTO map_monsters VALUES ('MAP_00000000001296788648248','MONS_00000000001297218526153',20,6);
INSERT INTO map_monsters VALUES ('MAP_00000000001296788648248','MONS_00000000001297218526153',20,7);
INSERT INTO map_monsters VALUES ('MAP_00000000001296788648248','MONS_00000000001297218526153',20,10);
INSERT INTO map_monsters VALUES ('MAP_00000000001296788648248','MONS_00000000001297218526153',20,19);
INSERT INTO map_monsters VALUES ('MAP_00000000001296788648248','MONS_00000000001297218526153',20,22);
INSERT INTO map_monsters VALUES ('MAP_00000000001296788648248','MONS_00000000001297218526153',20,23);
INSERT INTO map_monsters VALUES ('MAP_00000000001296788648248','MONS_00000000001297218526153',20,24);
INSERT INTO map_monsters VALUES ('MAP_00000000001296788648248','MONS_00000000001297218526153',20,38);
INSERT INTO map_monsters VALUES ('MAP_00000000001296788648248','MONS_00000000001297218526153',20,42);
INSERT INTO map_monsters VALUES ('MAP_00000000001296788648248','MONS_00000000001297218526153',20,43);
INSERT INTO map_monsters VALUES ('MAP_00000000001296788648248','MONS_00000000001297218526153',21,5);
INSERT INTO map_monsters VALUES ('MAP_00000000001296788648248','MONS_00000000001297218526153',21,7);
INSERT INTO map_monsters VALUES ('MAP_00000000001296788648248','MONS_00000000001297218526153',21,10);
INSERT INTO map_monsters VALUES ('MAP_00000000001296788648248','MONS_00000000001297218526153',21,11);
INSERT INTO map_monsters VALUES ('MAP_00000000001296788648248','MONS_00000000001297218526153',21,12);
INSERT INTO map_monsters VALUES ('MAP_00000000001296788648248','MONS_00000000001297218526153',21,13);
INSERT INTO map_monsters VALUES ('MAP_00000000001296788648248','MONS_00000000001297218526153',21,14);
INSERT INTO map_monsters VALUES ('MAP_00000000001296788648248','MONS_00000000001297218526153',21,15);
INSERT INTO map_monsters VALUES ('MAP_00000000001296788648248','MONS_00000000001297218526153',21,16);
INSERT INTO map_monsters VALUES ('MAP_00000000001296788648248','MONS_00000000001297218526153',21,17);
INSERT INTO map_monsters VALUES ('MAP_00000000001296788648248','MONS_00000000001297218526153',21,18);
INSERT INTO map_monsters VALUES ('MAP_00000000001296788648248','MONS_00000000001297218526153',21,19);
INSERT INTO map_monsters VALUES ('MAP_00000000001296788648248','MONS_00000000001297218526153',21,20);
INSERT INTO map_monsters VALUES ('MAP_00000000001296788648248','MONS_00000000001297218526153',21,21);
INSERT INTO map_monsters VALUES ('MAP_00000000001296788648248','MONS_00000000001297218526153',21,22);
INSERT INTO map_monsters VALUES ('MAP_00000000001296788648248','MONS_00000000001297218526153',21,23);
INSERT INTO map_monsters VALUES ('MAP_00000000001296788648248','MONS_00000000001297218526153',21,24);
INSERT INTO map_monsters VALUES ('MAP_00000000001296788648248','MONS_00000000001297218526153',21,25);
INSERT INTO map_monsters VALUES ('MAP_00000000001296788648248','MONS_00000000001297218526153',21,26);
INSERT INTO map_monsters VALUES ('MAP_00000000001296788648248','MONS_00000000001297218526153',21,27);
INSERT INTO map_monsters VALUES ('MAP_00000000001296788648248','MONS_00000000001297218526153',21,28);
INSERT INTO map_monsters VALUES ('MAP_00000000001296788648248','MONS_00000000001297218526153',21,29);
INSERT INTO map_monsters VALUES ('MAP_00000000001296788648248','MONS_00000000001297218526153',21,30);
INSERT INTO map_monsters VALUES ('MAP_00000000001296788648248','MONS_00000000001297218526153',21,31);
INSERT INTO map_monsters VALUES ('MAP_00000000001296788648248','MONS_00000000001297218526153',21,32);
INSERT INTO map_monsters VALUES ('MAP_00000000001296788648248','MONS_00000000001297218526153',21,33);
INSERT INTO map_monsters VALUES ('MAP_00000000001296788648248','MONS_00000000001297218526153',21,34);
INSERT INTO map_monsters VALUES ('MAP_00000000001296788648248','MONS_00000000001297218526153',21,35);
INSERT INTO map_monsters VALUES ('MAP_00000000001296788648248','MONS_00000000001297218526153',21,36);
INSERT INTO map_monsters VALUES ('MAP_00000000001296788648248','MONS_00000000001297218526153',21,37);
INSERT INTO map_monsters VALUES ('MAP_00000000001296788648248','MONS_00000000001297218526153',21,38);
INSERT INTO map_monsters VALUES ('MAP_00000000001296788648248','MONS_00000000001297218526153',21,39);
INSERT INTO map_monsters VALUES ('MAP_00000000001296788648248','MONS_00000000001297218526153',21,42);
INSERT INTO map_monsters VALUES ('MAP_00000000001296788648248','MONS_00000000001297218526153',21,43);
INSERT INTO map_monsters VALUES ('MAP_00000000001296788648248','MONS_00000000001297218526153',22,2);
INSERT INTO map_monsters VALUES ('MAP_00000000001296788648248','MONS_00000000001297218526153',22,5);
INSERT INTO map_monsters VALUES ('MAP_00000000001296788648248','MONS_00000000001297218526153',22,7);
INSERT INTO map_monsters VALUES ('MAP_00000000001296788648248','MONS_00000000001297218526153',22,10);
INSERT INTO map_monsters VALUES ('MAP_00000000001296788648248','MONS_00000000001297218526153',22,15);
INSERT INTO map_monsters VALUES ('MAP_00000000001296788648248','MONS_00000000001297218526153',22,20);
INSERT INTO map_monsters VALUES ('MAP_00000000001296788648248','MONS_00000000001297218526153',22,22);
INSERT INTO map_monsters VALUES ('MAP_00000000001296788648248','MONS_00000000001297218526153',22,23);
INSERT INTO map_monsters VALUES ('MAP_00000000001296788648248','MONS_00000000001297218526153',22,24);
INSERT INTO map_monsters VALUES ('MAP_00000000001296788648248','MONS_00000000001297218526153',22,26);
INSERT INTO map_monsters VALUES ('MAP_00000000001296788648248','MONS_00000000001297218526153',22,39);
INSERT INTO map_monsters VALUES ('MAP_00000000001296788648248','MONS_00000000001297218526153',22,42);
INSERT INTO map_monsters VALUES ('MAP_00000000001296788648248','MONS_00000000001297218526153',22,43);
INSERT INTO map_monsters VALUES ('MAP_00000000001296788648248','MONS_00000000001297218526153',23,2);
INSERT INTO map_monsters VALUES ('MAP_00000000001296788648248','MONS_00000000001297218526153',23,3);
INSERT INTO map_monsters VALUES ('MAP_00000000001296788648248','MONS_00000000001297218526153',23,4);
INSERT INTO map_monsters VALUES ('MAP_00000000001296788648248','MONS_00000000001297218526153',23,5);
INSERT INTO map_monsters VALUES ('MAP_00000000001296788648248','MONS_00000000001297218526153',23,7);
INSERT INTO map_monsters VALUES ('MAP_00000000001296788648248','MONS_00000000001297218526153',23,10);
INSERT INTO map_monsters VALUES ('MAP_00000000001296788648248','MONS_00000000001297218526153',23,11);
INSERT INTO map_monsters VALUES ('MAP_00000000001296788648248','MONS_00000000001297218526153',23,12);
INSERT INTO map_monsters VALUES ('MAP_00000000001296788648248','MONS_00000000001297218526153',23,13);
INSERT INTO map_monsters VALUES ('MAP_00000000001296788648248','MONS_00000000001297218526153',23,14);
INSERT INTO map_monsters VALUES ('MAP_00000000001296788648248','MONS_00000000001297218526153',23,15);
INSERT INTO map_monsters VALUES ('MAP_00000000001296788648248','MONS_00000000001297218526153',23,16);
INSERT INTO map_monsters VALUES ('MAP_00000000001296788648248','MONS_00000000001297218526153',23,17);
INSERT INTO map_monsters VALUES ('MAP_00000000001296788648248','MONS_00000000001297218526153',23,18);
INSERT INTO map_monsters VALUES ('MAP_00000000001296788648248','MONS_00000000001297218526153',23,19);
INSERT INTO map_monsters VALUES ('MAP_00000000001296788648248','MONS_00000000001297218526153',23,20);
INSERT INTO map_monsters VALUES ('MAP_00000000001296788648248','MONS_00000000001297218526153',23,22);
INSERT INTO map_monsters VALUES ('MAP_00000000001296788648248','MONS_00000000001297218526153',23,23);
INSERT INTO map_monsters VALUES ('MAP_00000000001296788648248','MONS_00000000001297218526153',23,24);
INSERT INTO map_monsters VALUES ('MAP_00000000001296788648248','MONS_00000000001297218526153',23,26);
INSERT INTO map_monsters VALUES ('MAP_00000000001296788648248','MONS_00000000001297218526153',23,27);
INSERT INTO map_monsters VALUES ('MAP_00000000001296788648248','MONS_00000000001297218526153',23,28);
INSERT INTO map_monsters VALUES ('MAP_00000000001296788648248','MONS_00000000001297218526153',23,29);
INSERT INTO map_monsters VALUES ('MAP_00000000001296788648248','MONS_00000000001297218526153',23,30);
INSERT INTO map_monsters VALUES ('MAP_00000000001296788648248','MONS_00000000001297218526153',23,31);
INSERT INTO map_monsters VALUES ('MAP_00000000001296788648248','MONS_00000000001297218526153',23,32);
INSERT INTO map_monsters VALUES ('MAP_00000000001296788648248','MONS_00000000001297218526153',23,33);
INSERT INTO map_monsters VALUES ('MAP_00000000001296788648248','MONS_00000000001297218526153',23,34);
INSERT INTO map_monsters VALUES ('MAP_00000000001296788648248','MONS_00000000001297218526153',23,35);
INSERT INTO map_monsters VALUES ('MAP_00000000001296788648248','MONS_00000000001297218526153',23,36);
INSERT INTO map_monsters VALUES ('MAP_00000000001296788648248','MONS_00000000001297218526153',23,37);
INSERT INTO map_monsters VALUES ('MAP_00000000001296788648248','MONS_00000000001297218526153',23,38);
INSERT INTO map_monsters VALUES ('MAP_00000000001296788648248','MONS_00000000001297218526153',23,39);
INSERT INTO map_monsters VALUES ('MAP_00000000001296788648248','MONS_00000000001297218526153',23,42);
INSERT INTO map_monsters VALUES ('MAP_00000000001296788648248','MONS_00000000001297218526153',23,43);
INSERT INTO map_monsters VALUES ('MAP_00000000001296788648248','MONS_00000000001297218526153',24,2);
INSERT INTO map_monsters VALUES ('MAP_00000000001296788648248','MONS_00000000001297218526153',24,7);
INSERT INTO map_monsters VALUES ('MAP_00000000001296788648248','MONS_00000000001297218526153',24,22);
INSERT INTO map_monsters VALUES ('MAP_00000000001296788648248','MONS_00000000001297218526153',24,23);
INSERT INTO map_monsters VALUES ('MAP_00000000001296788648248','MONS_00000000001297218526153',24,24);
INSERT INTO map_monsters VALUES ('MAP_00000000001296788648248','MONS_00000000001297218526153',24,42);
INSERT INTO map_monsters VALUES ('MAP_00000000001296788648248','MONS_00000000001297218526153',24,43);
INSERT INTO map_monsters VALUES ('MAP_00000000001296788648248','MONS_00000000001297218526153',25,2);
INSERT INTO map_monsters VALUES ('MAP_00000000001296788648248','MONS_00000000001297218526153',25,7);
INSERT INTO map_monsters VALUES ('MAP_00000000001296788648248','MONS_00000000001297218526153',25,22);
INSERT INTO map_monsters VALUES ('MAP_00000000001296788648248','MONS_00000000001297218526153',25,23);
INSERT INTO map_monsters VALUES ('MAP_00000000001296788648248','MONS_00000000001297218526153',25,24);
INSERT INTO map_monsters VALUES ('MAP_00000000001296788648248','MONS_00000000001297218526153',25,42);
INSERT INTO map_monsters VALUES ('MAP_00000000001296788648248','MONS_00000000001297218526153',25,43);
INSERT INTO map_monsters VALUES ('MAP_00000000001296788648248','MONS_00000000001297218526153',26,2);
INSERT INTO map_monsters VALUES ('MAP_00000000001296788648248','MONS_00000000001297218526153',26,3);
INSERT INTO map_monsters VALUES ('MAP_00000000001296788648248','MONS_00000000001297218526153',26,4);
INSERT INTO map_monsters VALUES ('MAP_00000000001296788648248','MONS_00000000001297218526153',26,5);
INSERT INTO map_monsters VALUES ('MAP_00000000001296788648248','MONS_00000000001297218526153',26,7);
INSERT INTO map_monsters VALUES ('MAP_00000000001296788648248','MONS_00000000001297218526153',26,15);
INSERT INTO map_monsters VALUES ('MAP_00000000001296788648248','MONS_00000000001297218526153',26,16);
INSERT INTO map_monsters VALUES ('MAP_00000000001296788648248','MONS_00000000001297218526153',26,17);
INSERT INTO map_monsters VALUES ('MAP_00000000001296788648248','MONS_00000000001297218526153',26,18);
INSERT INTO map_monsters VALUES ('MAP_00000000001296788648248','MONS_00000000001297218526153',26,19);
INSERT INTO map_monsters VALUES ('MAP_00000000001296788648248','MONS_00000000001297218526153',26,20);
INSERT INTO map_monsters VALUES ('MAP_00000000001296788648248','MONS_00000000001297218526153',26,21);
INSERT INTO map_monsters VALUES ('MAP_00000000001296788648248','MONS_00000000001297218526153',26,22);
INSERT INTO map_monsters VALUES ('MAP_00000000001296788648248','MONS_00000000001297218526153',26,23);
INSERT INTO map_monsters VALUES ('MAP_00000000001296788648248','MONS_00000000001297218526153',26,24);
INSERT INTO map_monsters VALUES ('MAP_00000000001296788648248','MONS_00000000001297218526153',26,25);
INSERT INTO map_monsters VALUES ('MAP_00000000001296788648248','MONS_00000000001297218526153',26,26);
INSERT INTO map_monsters VALUES ('MAP_00000000001296788648248','MONS_00000000001297218526153',26,27);
INSERT INTO map_monsters VALUES ('MAP_00000000001296788648248','MONS_00000000001297218526153',26,28);
INSERT INTO map_monsters VALUES ('MAP_00000000001296788648248','MONS_00000000001297218526153',26,29);
INSERT INTO map_monsters VALUES ('MAP_00000000001296788648248','MONS_00000000001297218526153',26,30);
INSERT INTO map_monsters VALUES ('MAP_00000000001296788648248','MONS_00000000001297218526153',26,31);
INSERT INTO map_monsters VALUES ('MAP_00000000001296788648248','MONS_00000000001297218526153',26,42);
INSERT INTO map_monsters VALUES ('MAP_00000000001296788648248','MONS_00000000001297218526153',26,43);
INSERT INTO map_monsters VALUES ('MAP_00000000001296788648248','MONS_00000000001297218526153',27,2);
INSERT INTO map_monsters VALUES ('MAP_00000000001296788648248','MONS_00000000001297218526153',27,5);
INSERT INTO map_monsters VALUES ('MAP_00000000001296788648248','MONS_00000000001297218526153',27,6);
INSERT INTO map_monsters VALUES ('MAP_00000000001296788648248','MONS_00000000001297218526153',27,7);
INSERT INTO map_monsters VALUES ('MAP_00000000001296788648248','MONS_00000000001297218526153',27,8);
INSERT INTO map_monsters VALUES ('MAP_00000000001296788648248','MONS_00000000001297218526153',27,9);
INSERT INTO map_monsters VALUES ('MAP_00000000001296788648248','MONS_00000000001297218526153',27,10);
INSERT INTO map_monsters VALUES ('MAP_00000000001296788648248','MONS_00000000001297218526153',27,11);
INSERT INTO map_monsters VALUES ('MAP_00000000001296788648248','MONS_00000000001297218526153',27,12);
INSERT INTO map_monsters VALUES ('MAP_00000000001296788648248','MONS_00000000001297218526153',27,13);
INSERT INTO map_monsters VALUES ('MAP_00000000001296788648248','MONS_00000000001297218526153',27,14);
INSERT INTO map_monsters VALUES ('MAP_00000000001296788648248','MONS_00000000001297218526153',27,15);
INSERT INTO map_monsters VALUES ('MAP_00000000001296788648248','MONS_00000000001297218526153',27,18);
INSERT INTO map_monsters VALUES ('MAP_00000000001296788648248','MONS_00000000001297218526153',27,22);
INSERT INTO map_monsters VALUES ('MAP_00000000001296788648248','MONS_00000000001297218526153',27,23);
INSERT INTO map_monsters VALUES ('MAP_00000000001296788648248','MONS_00000000001297218526153',27,24);
INSERT INTO map_monsters VALUES ('MAP_00000000001296788648248','MONS_00000000001297218526153',27,28);
INSERT INTO map_monsters VALUES ('MAP_00000000001296788648248','MONS_00000000001297218526153',27,31);
INSERT INTO map_monsters VALUES ('MAP_00000000001296788648248','MONS_00000000001297218526153',27,32);
INSERT INTO map_monsters VALUES ('MAP_00000000001296788648248','MONS_00000000001297218526153',27,33);
INSERT INTO map_monsters VALUES ('MAP_00000000001296788648248','MONS_00000000001297218526153',27,34);
INSERT INTO map_monsters VALUES ('MAP_00000000001296788648248','MONS_00000000001297218526153',27,35);
INSERT INTO map_monsters VALUES ('MAP_00000000001296788648248','MONS_00000000001297218526153',27,36);
INSERT INTO map_monsters VALUES ('MAP_00000000001296788648248','MONS_00000000001297218526153',27,37);
INSERT INTO map_monsters VALUES ('MAP_00000000001296788648248','MONS_00000000001297218526153',27,38);
INSERT INTO map_monsters VALUES ('MAP_00000000001296788648248','MONS_00000000001297218526153',27,39);
INSERT INTO map_monsters VALUES ('MAP_00000000001296788648248','MONS_00000000001297218526153',27,40);
INSERT INTO map_monsters VALUES ('MAP_00000000001296788648248','MONS_00000000001297218526153',27,41);
INSERT INTO map_monsters VALUES ('MAP_00000000001296788648248','MONS_00000000001297218526153',27,42);
INSERT INTO map_monsters VALUES ('MAP_00000000001296788648248','MONS_00000000001297218526153',27,43);
INSERT INTO map_monsters VALUES ('MAP_00000000001296788648248','MONS_00000000001297218526153',28,6);
INSERT INTO map_monsters VALUES ('MAP_00000000001296788648248','MONS_00000000001297218526153',28,15);
INSERT INTO map_monsters VALUES ('MAP_00000000001296788648248','MONS_00000000001297218526153',28,22);
INSERT INTO map_monsters VALUES ('MAP_00000000001296788648248','MONS_00000000001297218526153',28,23);
INSERT INTO map_monsters VALUES ('MAP_00000000001296788648248','MONS_00000000001297218526153',28,24);
INSERT INTO map_monsters VALUES ('MAP_00000000001296788648248','MONS_00000000001297218526153',28,31);
INSERT INTO map_monsters VALUES ('MAP_00000000001296788648248','MONS_00000000001297218526153',28,43);
INSERT INTO map_monsters VALUES ('MAP_00000000001296788648248','MONS_00000000001297218526153',29,4);
INSERT INTO map_monsters VALUES ('MAP_00000000001296788648248','MONS_00000000001297218526153',29,5);
INSERT INTO map_monsters VALUES ('MAP_00000000001296788648248','MONS_00000000001297218526153',29,6);
INSERT INTO map_monsters VALUES ('MAP_00000000001296788648248','MONS_00000000001297218526153',29,7);
INSERT INTO map_monsters VALUES ('MAP_00000000001296788648248','MONS_00000000001297218526153',29,8);
INSERT INTO map_monsters VALUES ('MAP_00000000001296788648248','MONS_00000000001297218526153',29,9);
INSERT INTO map_monsters VALUES ('MAP_00000000001296788648248','MONS_00000000001297218526153',29,10);
INSERT INTO map_monsters VALUES ('MAP_00000000001296788648248','MONS_00000000001297218526153',29,11);
INSERT INTO map_monsters VALUES ('MAP_00000000001296788648248','MONS_00000000001297218526153',29,12);
INSERT INTO map_monsters VALUES ('MAP_00000000001296788648248','MONS_00000000001297218526153',29,13);
INSERT INTO map_monsters VALUES ('MAP_00000000001296788648248','MONS_00000000001297218526153',29,14);
INSERT INTO map_monsters VALUES ('MAP_00000000001296788648248','MONS_00000000001297218526153',29,15);
INSERT INTO map_monsters VALUES ('MAP_00000000001296788648248','MONS_00000000001297218526153',29,20);
INSERT INTO map_monsters VALUES ('MAP_00000000001296788648248','MONS_00000000001297218526153',29,21);
INSERT INTO map_monsters VALUES ('MAP_00000000001296788648248','MONS_00000000001297218526153',29,22);
INSERT INTO map_monsters VALUES ('MAP_00000000001296788648248','MONS_00000000001297218526153',29,23);
INSERT INTO map_monsters VALUES ('MAP_00000000001296788648248','MONS_00000000001297218526153',29,24);
INSERT INTO map_monsters VALUES ('MAP_00000000001296788648248','MONS_00000000001297218526153',29,25);
INSERT INTO map_monsters VALUES ('MAP_00000000001296788648248','MONS_00000000001297218526153',29,26);
INSERT INTO map_monsters VALUES ('MAP_00000000001296788648248','MONS_00000000001297218526153',29,31);
INSERT INTO map_monsters VALUES ('MAP_00000000001296788648248','MONS_00000000001297218526153',29,32);
INSERT INTO map_monsters VALUES ('MAP_00000000001296788648248','MONS_00000000001297218526153',29,33);
INSERT INTO map_monsters VALUES ('MAP_00000000001296788648248','MONS_00000000001297218526153',29,34);
INSERT INTO map_monsters VALUES ('MAP_00000000001296788648248','MONS_00000000001297218526153',29,35);
INSERT INTO map_monsters VALUES ('MAP_00000000001296788648248','MONS_00000000001297218526153',29,36);
INSERT INTO map_monsters VALUES ('MAP_00000000001296788648248','MONS_00000000001297218526153',29,37);
INSERT INTO map_monsters VALUES ('MAP_00000000001296788648248','MONS_00000000001297218526153',29,38);
INSERT INTO map_monsters VALUES ('MAP_00000000001296788648248','MONS_00000000001297218526153',29,39);
INSERT INTO map_monsters VALUES ('MAP_00000000001296788648248','MONS_00000000001297218526153',29,40);
INSERT INTO map_monsters VALUES ('MAP_00000000001296788648248','MONS_00000000001297218526153',29,41);
INSERT INTO map_monsters VALUES ('MAP_00000000001296788648248','MONS_00000000001297218526153',29,42);
INSERT INTO map_monsters VALUES ('MAP_00000000001296788648248','MONS_00000000001297218526153',29,43);
INSERT INTO map_monsters VALUES ('MAP_00000000001296788648248','MONS_00000000001297218526153',29,44);
INSERT INTO map_monsters VALUES ('MAP_00000000001296788648248','MONS_00000000001297218526153',29,45);
INSERT INTO map_monsters VALUES ('MAP_00000000001296788648248','MONS_00000000001297218526153',29,46);
INSERT INTO map_monsters VALUES ('MAP_00000000001296788648248','MONS_00000000001297218526153',29,47);
INSERT INTO map_monsters VALUES ('MAP_00000000001296788648248','MONS_00000000001297218526153',29,48);
INSERT INTO map_monsters VALUES ('MAP_00000000001296788648248','MONS_00000000001297218526153',29,49);
INSERT INTO map_monsters VALUES ('MAP_00000000001296788648248','MONS_00000000001297218526153',29,50);
INSERT INTO map_monsters VALUES ('MAP_00000000001296788648248','MONS_00000000001297218526153',29,51);
INSERT INTO map_monsters VALUES ('MAP_00000000001296788648248','MONS_00000000001297218526153',29,52);
INSERT INTO map_monsters VALUES ('MAP_00000000001296788648248','MONS_00000000001297218526153',29,53);
INSERT INTO map_monsters VALUES ('MAP_00000000001296788648248','MONS_00000000001297218526153',29,54);
INSERT INTO map_monsters VALUES ('MAP_00000000001296788648248','MONS_00000000001297218526153',29,55);
INSERT INTO map_monsters VALUES ('MAP_00000000001296788648248','MONS_00000000001297218526153',29,56);
INSERT INTO map_monsters VALUES ('MAP_00000000001296788648248','MONS_00000000001297218526153',29,57);
INSERT INTO map_monsters VALUES ('MAP_00000000001296788648248','MONS_00000000001297218526153',29,58);
INSERT INTO map_monsters VALUES ('MAP_00000000001296788648248','MONS_00000000001297218526153',29,59);
INSERT INTO map_monsters VALUES ('MAP_00000000001296788648248','MONS_00000000001297218526153',30,22);
INSERT INTO map_monsters VALUES ('MAP_00000000001296788648248','MONS_00000000001297218526153',30,23);
INSERT INTO map_monsters VALUES ('MAP_00000000001296788648248','MONS_00000000001297218526153',30,24);
INSERT INTO map_monsters VALUES ('MAP_00000000001296788648248','MONS_00000000001297218526153',31,22);
INSERT INTO map_monsters VALUES ('MAP_00000000001296788648248','MONS_00000000001297218526153',31,23);
INSERT INTO map_monsters VALUES ('MAP_00000000001296788648248','MONS_00000000001297218526153',31,24);
INSERT INTO monsters VALUES ('MONS_00000000001297218526171','Street Urchin',7,1,1,1,1,3,3,3,0,0);
INSERT INTO map_monsters VALUES ('MAP_00000000001296788648248','MONS_00000000001297218526171',0,22);
INSERT INTO map_monsters VALUES ('MAP_00000000001296788648248','MONS_00000000001297218526171',0,23);
INSERT INTO map_monsters VALUES ('MAP_00000000001296788648248','MONS_00000000001297218526171',0,24);
INSERT INTO map_monsters VALUES ('MAP_00000000001296788648248','MONS_00000000001297218526171',1,22);
INSERT INTO map_monsters VALUES ('MAP_00000000001296788648248','MONS_00000000001297218526171',1,23);
INSERT INTO map_monsters VALUES ('MAP_00000000001296788648248','MONS_00000000001297218526171',1,24);
INSERT INTO map_monsters VALUES ('MAP_00000000001296788648248','MONS_00000000001297218526171',2,4);
INSERT INTO map_monsters VALUES ('MAP_00000000001296788648248','MONS_00000000001297218526171',2,5);
INSERT INTO map_monsters VALUES ('MAP_00000000001296788648248','MONS_00000000001297218526171',2,6);
INSERT INTO map_monsters VALUES ('MAP_00000000001296788648248','MONS_00000000001297218526171',2,7);
INSERT INTO map_monsters VALUES ('MAP_00000000001296788648248','MONS_00000000001297218526171',2,8);
INSERT INTO map_monsters VALUES ('MAP_00000000001296788648248','MONS_00000000001297218526171',2,9);
INSERT INTO map_monsters VALUES ('MAP_00000000001296788648248','MONS_00000000001297218526171',2,10);
INSERT INTO map_monsters VALUES ('MAP_00000000001296788648248','MONS_00000000001297218526171',2,11);
INSERT INTO map_monsters VALUES ('MAP_00000000001296788648248','MONS_00000000001297218526171',2,12);
INSERT INTO map_monsters VALUES ('MAP_00000000001296788648248','MONS_00000000001297218526171',2,13);
INSERT INTO map_monsters VALUES ('MAP_00000000001296788648248','MONS_00000000001297218526171',2,14);
INSERT INTO map_monsters VALUES ('MAP_00000000001296788648248','MONS_00000000001297218526171',2,15);
INSERT INTO map_monsters VALUES ('MAP_00000000001296788648248','MONS_00000000001297218526171',2,20);
INSERT INTO map_monsters VALUES ('MAP_00000000001296788648248','MONS_00000000001297218526171',2,21);
INSERT INTO map_monsters VALUES ('MAP_00000000001296788648248','MONS_00000000001297218526171',2,22);
INSERT INTO map_monsters VALUES ('MAP_00000000001296788648248','MONS_00000000001297218526171',2,23);
INSERT INTO map_monsters VALUES ('MAP_00000000001296788648248','MONS_00000000001297218526171',2,24);
INSERT INTO map_monsters VALUES ('MAP_00000000001296788648248','MONS_00000000001297218526171',2,25);
INSERT INTO map_monsters VALUES ('MAP_00000000001296788648248','MONS_00000000001297218526171',2,26);
INSERT INTO map_monsters VALUES ('MAP_00000000001296788648248','MONS_00000000001297218526171',2,31);
INSERT INTO map_monsters VALUES ('MAP_00000000001296788648248','MONS_00000000001297218526171',2,32);
INSERT INTO map_monsters VALUES ('MAP_00000000001296788648248','MONS_00000000001297218526171',2,33);
INSERT INTO map_monsters VALUES ('MAP_00000000001296788648248','MONS_00000000001297218526171',2,34);
INSERT INTO map_monsters VALUES ('MAP_00000000001296788648248','MONS_00000000001297218526171',2,35);
INSERT INTO map_monsters VALUES ('MAP_00000000001296788648248','MONS_00000000001297218526171',2,36);
INSERT INTO map_monsters VALUES ('MAP_00000000001296788648248','MONS_00000000001297218526171',2,37);
INSERT INTO map_monsters VALUES ('MAP_00000000001296788648248','MONS_00000000001297218526171',2,38);
INSERT INTO map_monsters VALUES ('MAP_00000000001296788648248','MONS_00000000001297218526171',2,39);
INSERT INTO map_monsters VALUES ('MAP_00000000001296788648248','MONS_00000000001297218526171',2,40);
INSERT INTO map_monsters VALUES ('MAP_00000000001296788648248','MONS_00000000001297218526171',2,41);
INSERT INTO map_monsters VALUES ('MAP_00000000001296788648248','MONS_00000000001297218526171',2,42);
INSERT INTO map_monsters VALUES ('MAP_00000000001296788648248','MONS_00000000001297218526171',2,43);
INSERT INTO map_monsters VALUES ('MAP_00000000001296788648248','MONS_00000000001297218526171',2,44);
INSERT INTO map_monsters VALUES ('MAP_00000000001296788648248','MONS_00000000001297218526171',2,45);
INSERT INTO map_monsters VALUES ('MAP_00000000001296788648248','MONS_00000000001297218526171',2,46);
INSERT INTO map_monsters VALUES ('MAP_00000000001296788648248','MONS_00000000001297218526171',2,47);
INSERT INTO map_monsters VALUES ('MAP_00000000001296788648248','MONS_00000000001297218526171',2,48);
INSERT INTO map_monsters VALUES ('MAP_00000000001296788648248','MONS_00000000001297218526171',2,49);
INSERT INTO map_monsters VALUES ('MAP_00000000001296788648248','MONS_00000000001297218526171',2,50);
INSERT INTO map_monsters VALUES ('MAP_00000000001296788648248','MONS_00000000001297218526171',2,51);
INSERT INTO map_monsters VALUES ('MAP_00000000001296788648248','MONS_00000000001297218526171',2,52);
INSERT INTO map_monsters VALUES ('MAP_00000000001296788648248','MONS_00000000001297218526171',2,53);
INSERT INTO map_monsters VALUES ('MAP_00000000001296788648248','MONS_00000000001297218526171',2,54);
INSERT INTO map_monsters VALUES ('MAP_00000000001296788648248','MONS_00000000001297218526171',2,55);
INSERT INTO map_monsters VALUES ('MAP_00000000001296788648248','MONS_00000000001297218526171',2,56);
INSERT INTO map_monsters VALUES ('MAP_00000000001296788648248','MONS_00000000001297218526171',2,57);
INSERT INTO map_monsters VALUES ('MAP_00000000001296788648248','MONS_00000000001297218526171',2,58);
INSERT INTO map_monsters VALUES ('MAP_00000000001296788648248','MONS_00000000001297218526171',2,59);
INSERT INTO map_monsters VALUES ('MAP_00000000001296788648248','MONS_00000000001297218526171',3,6);
INSERT INTO map_monsters VALUES ('MAP_00000000001296788648248','MONS_00000000001297218526171',3,15);
INSERT INTO map_monsters VALUES ('MAP_00000000001296788648248','MONS_00000000001297218526171',3,22);
INSERT INTO map_monsters VALUES ('MAP_00000000001296788648248','MONS_00000000001297218526171',3,23);
INSERT INTO map_monsters VALUES ('MAP_00000000001296788648248','MONS_00000000001297218526171',3,24);
INSERT INTO map_monsters VALUES ('MAP_00000000001296788648248','MONS_00000000001297218526171',3,31);
INSERT INTO map_monsters VALUES ('MAP_00000000001296788648248','MONS_00000000001297218526171',3,43);
INSERT INTO map_monsters VALUES ('MAP_00000000001296788648248','MONS_00000000001297218526171',4,2);
INSERT INTO map_monsters VALUES ('MAP_00000000001296788648248','MONS_00000000001297218526171',4,5);
INSERT INTO map_monsters VALUES ('MAP_00000000001296788648248','MONS_00000000001297218526171',4,6);
INSERT INTO map_monsters VALUES ('MAP_00000000001296788648248','MONS_00000000001297218526171',4,7);
INSERT INTO map_monsters VALUES ('MAP_00000000001296788648248','MONS_00000000001297218526171',4,8);
INSERT INTO map_monsters VALUES ('MAP_00000000001296788648248','MONS_00000000001297218526171',4,9);
INSERT INTO map_monsters VALUES ('MAP_00000000001296788648248','MONS_00000000001297218526171',4,10);
INSERT INTO map_monsters VALUES ('MAP_00000000001296788648248','MONS_00000000001297218526171',4,11);
INSERT INTO map_monsters VALUES ('MAP_00000000001296788648248','MONS_00000000001297218526171',4,12);
INSERT INTO map_monsters VALUES ('MAP_00000000001296788648248','MONS_00000000001297218526171',4,13);
INSERT INTO map_monsters VALUES ('MAP_00000000001296788648248','MONS_00000000001297218526171',4,14);
INSERT INTO map_monsters VALUES ('MAP_00000000001296788648248','MONS_00000000001297218526171',4,15);
INSERT INTO map_monsters VALUES ('MAP_00000000001296788648248','MONS_00000000001297218526171',4,18);
INSERT INTO map_monsters VALUES ('MAP_00000000001296788648248','MONS_00000000001297218526171',4,22);
INSERT INTO map_monsters VALUES ('MAP_00000000001296788648248','MONS_00000000001297218526171',4,23);
INSERT INTO map_monsters VALUES ('MAP_00000000001296788648248','MONS_00000000001297218526171',4,24);
INSERT INTO map_monsters VALUES ('MAP_00000000001296788648248','MONS_00000000001297218526171',4,28);
INSERT INTO map_monsters VALUES ('MAP_00000000001296788648248','MONS_00000000001297218526171',4,31);
INSERT INTO map_monsters VALUES ('MAP_00000000001296788648248','MONS_00000000001297218526171',4,32);
INSERT INTO map_monsters VALUES ('MAP_00000000001296788648248','MONS_00000000001297218526171',4,33);
INSERT INTO map_monsters VALUES ('MAP_00000000001296788648248','MONS_00000000001297218526171',4,34);
INSERT INTO map_monsters VALUES ('MAP_00000000001296788648248','MONS_00000000001297218526171',4,35);
INSERT INTO map_monsters VALUES ('MAP_00000000001296788648248','MONS_00000000001297218526171',4,36);
INSERT INTO map_monsters VALUES ('MAP_00000000001296788648248','MONS_00000000001297218526171',4,37);
INSERT INTO map_monsters VALUES ('MAP_00000000001296788648248','MONS_00000000001297218526171',4,38);
INSERT INTO map_monsters VALUES ('MAP_00000000001296788648248','MONS_00000000001297218526171',4,39);
INSERT INTO map_monsters VALUES ('MAP_00000000001296788648248','MONS_00000000001297218526171',4,40);
INSERT INTO map_monsters VALUES ('MAP_00000000001296788648248','MONS_00000000001297218526171',4,41);
INSERT INTO map_monsters VALUES ('MAP_00000000001296788648248','MONS_00000000001297218526171',4,42);
INSERT INTO map_monsters VALUES ('MAP_00000000001296788648248','MONS_00000000001297218526171',4,43);
INSERT INTO map_monsters VALUES ('MAP_00000000001296788648248','MONS_00000000001297218526171',5,2);
INSERT INTO map_monsters VALUES ('MAP_00000000001296788648248','MONS_00000000001297218526171',5,3);
INSERT INTO map_monsters VALUES ('MAP_00000000001296788648248','MONS_00000000001297218526171',5,4);
INSERT INTO map_monsters VALUES ('MAP_00000000001296788648248','MONS_00000000001297218526171',5,5);
INSERT INTO map_monsters VALUES ('MAP_00000000001296788648248','MONS_00000000001297218526171',5,7);
INSERT INTO map_monsters VALUES ('MAP_00000000001296788648248','MONS_00000000001297218526171',5,15);
INSERT INTO map_monsters VALUES ('MAP_00000000001296788648248','MONS_00000000001297218526171',5,16);
INSERT INTO map_monsters VALUES ('MAP_00000000001296788648248','MONS_00000000001297218526171',5,17);
INSERT INTO map_monsters VALUES ('MAP_00000000001296788648248','MONS_00000000001297218526171',5,18);
INSERT INTO map_monsters VALUES ('MAP_00000000001296788648248','MONS_00000000001297218526171',5,19);
INSERT INTO map_monsters VALUES ('MAP_00000000001296788648248','MONS_00000000001297218526171',5,20);
INSERT INTO map_monsters VALUES ('MAP_00000000001296788648248','MONS_00000000001297218526171',5,21);
INSERT INTO map_monsters VALUES ('MAP_00000000001296788648248','MONS_00000000001297218526171',5,22);
INSERT INTO map_monsters VALUES ('MAP_00000000001296788648248','MONS_00000000001297218526171',5,23);
INSERT INTO map_monsters VALUES ('MAP_00000000001296788648248','MONS_00000000001297218526171',5,24);
INSERT INTO map_monsters VALUES ('MAP_00000000001296788648248','MONS_00000000001297218526171',5,25);
INSERT INTO map_monsters VALUES ('MAP_00000000001296788648248','MONS_00000000001297218526171',5,26);
INSERT INTO map_monsters VALUES ('MAP_00000000001296788648248','MONS_00000000001297218526171',5,27);
INSERT INTO map_monsters VALUES ('MAP_00000000001296788648248','MONS_00000000001297218526171',5,28);
INSERT INTO map_monsters VALUES ('MAP_00000000001296788648248','MONS_00000000001297218526171',5,29);
INSERT INTO map_monsters VALUES ('MAP_00000000001296788648248','MONS_00000000001297218526171',5,30);
INSERT INTO map_monsters VALUES ('MAP_00000000001296788648248','MONS_00000000001297218526171',5,31);
INSERT INTO map_monsters VALUES ('MAP_00000000001296788648248','MONS_00000000001297218526171',5,42);
INSERT INTO map_monsters VALUES ('MAP_00000000001296788648248','MONS_00000000001297218526171',5,43);
INSERT INTO map_monsters VALUES ('MAP_00000000001296788648248','MONS_00000000001297218526171',6,2);
INSERT INTO map_monsters VALUES ('MAP_00000000001296788648248','MONS_00000000001297218526171',6,7);
INSERT INTO map_monsters VALUES ('MAP_00000000001296788648248','MONS_00000000001297218526171',6,22);
INSERT INTO map_monsters VALUES ('MAP_00000000001296788648248','MONS_00000000001297218526171',6,23);
INSERT INTO map_monsters VALUES ('MAP_00000000001296788648248','MONS_00000000001297218526171',6,24);
INSERT INTO map_monsters VALUES ('MAP_00000000001296788648248','MONS_00000000001297218526171',6,42);
INSERT INTO map_monsters VALUES ('MAP_00000000001296788648248','MONS_00000000001297218526171',6,43);
INSERT INTO map_monsters VALUES ('MAP_00000000001296788648248','MONS_00000000001297218526171',7,2);
INSERT INTO map_monsters VALUES ('MAP_00000000001296788648248','MONS_00000000001297218526171',7,7);
INSERT INTO map_monsters VALUES ('MAP_00000000001296788648248','MONS_00000000001297218526171',7,22);
INSERT INTO map_monsters VALUES ('MAP_00000000001296788648248','MONS_00000000001297218526171',7,23);
INSERT INTO map_monsters VALUES ('MAP_00000000001296788648248','MONS_00000000001297218526171',7,24);
INSERT INTO map_monsters VALUES ('MAP_00000000001296788648248','MONS_00000000001297218526171',7,42);
INSERT INTO map_monsters VALUES ('MAP_00000000001296788648248','MONS_00000000001297218526171',7,43);
INSERT INTO map_monsters VALUES ('MAP_00000000001296788648248','MONS_00000000001297218526171',8,2);
INSERT INTO map_monsters VALUES ('MAP_00000000001296788648248','MONS_00000000001297218526171',8,3);
INSERT INTO map_monsters VALUES ('MAP_00000000001296788648248','MONS_00000000001297218526171',8,4);
INSERT INTO map_monsters VALUES ('MAP_00000000001296788648248','MONS_00000000001297218526171',8,5);
INSERT INTO map_monsters VALUES ('MAP_00000000001296788648248','MONS_00000000001297218526171',8,7);
INSERT INTO map_monsters VALUES ('MAP_00000000001296788648248','MONS_00000000001297218526171',8,10);
INSERT INTO map_monsters VALUES ('MAP_00000000001296788648248','MONS_00000000001297218526171',8,11);
INSERT INTO map_monsters VALUES ('MAP_00000000001296788648248','MONS_00000000001297218526171',8,12);
INSERT INTO map_monsters VALUES ('MAP_00000000001296788648248','MONS_00000000001297218526171',8,13);
INSERT INTO map_monsters VALUES ('MAP_00000000001296788648248','MONS_00000000001297218526171',8,14);
INSERT INTO map_monsters VALUES ('MAP_00000000001296788648248','MONS_00000000001297218526171',8,15);
INSERT INTO map_monsters VALUES ('MAP_00000000001296788648248','MONS_00000000001297218526171',8,16);
INSERT INTO map_monsters VALUES ('MAP_00000000001296788648248','MONS_00000000001297218526171',8,17);
INSERT INTO map_monsters VALUES ('MAP_00000000001296788648248','MONS_00000000001297218526171',8,18);
INSERT INTO map_monsters VALUES ('MAP_00000000001296788648248','MONS_00000000001297218526171',8,19);
INSERT INTO map_monsters VALUES ('MAP_00000000001296788648248','MONS_00000000001297218526171',8,20);
INSERT INTO map_monsters VALUES ('MAP_00000000001296788648248','MONS_00000000001297218526171',8,22);
INSERT INTO map_monsters VALUES ('MAP_00000000001296788648248','MONS_00000000001297218526171',8,23);
INSERT INTO map_monsters VALUES ('MAP_00000000001296788648248','MONS_00000000001297218526171',8,24);
INSERT INTO map_monsters VALUES ('MAP_00000000001296788648248','MONS_00000000001297218526171',8,26);
INSERT INTO map_monsters VALUES ('MAP_00000000001296788648248','MONS_00000000001297218526171',8,27);
INSERT INTO map_monsters VALUES ('MAP_00000000001296788648248','MONS_00000000001297218526171',8,28);
INSERT INTO map_monsters VALUES ('MAP_00000000001296788648248','MONS_00000000001297218526171',8,29);
INSERT INTO map_monsters VALUES ('MAP_00000000001296788648248','MONS_00000000001297218526171',8,30);
INSERT INTO map_monsters VALUES ('MAP_00000000001296788648248','MONS_00000000001297218526171',8,31);
INSERT INTO map_monsters VALUES ('MAP_00000000001296788648248','MONS_00000000001297218526171',8,32);
INSERT INTO map_monsters VALUES ('MAP_00000000001296788648248','MONS_00000000001297218526171',8,33);
INSERT INTO map_monsters VALUES ('MAP_00000000001296788648248','MONS_00000000001297218526171',8,34);
INSERT INTO map_monsters VALUES ('MAP_00000000001296788648248','MONS_00000000001297218526171',8,35);
INSERT INTO map_monsters VALUES ('MAP_00000000001296788648248','MONS_00000000001297218526171',8,36);
INSERT INTO map_monsters VALUES ('MAP_00000000001296788648248','MONS_00000000001297218526171',8,37);
INSERT INTO map_monsters VALUES ('MAP_00000000001296788648248','MONS_00000000001297218526171',8,38);
INSERT INTO map_monsters VALUES ('MAP_00000000001296788648248','MONS_00000000001297218526171',8,39);
INSERT INTO map_monsters VALUES ('MAP_00000000001296788648248','MONS_00000000001297218526171',8,42);
INSERT INTO map_monsters VALUES ('MAP_00000000001296788648248','MONS_00000000001297218526171',8,43);
INSERT INTO map_monsters VALUES ('MAP_00000000001296788648248','MONS_00000000001297218526171',9,2);
INSERT INTO map_monsters VALUES ('MAP_00000000001296788648248','MONS_00000000001297218526171',9,5);
INSERT INTO map_monsters VALUES ('MAP_00000000001296788648248','MONS_00000000001297218526171',9,7);
INSERT INTO map_monsters VALUES ('MAP_00000000001296788648248','MONS_00000000001297218526171',9,10);
INSERT INTO map_monsters VALUES ('MAP_00000000001296788648248','MONS_00000000001297218526171',9,15);
INSERT INTO map_monsters VALUES ('MAP_00000000001296788648248','MONS_00000000001297218526171',9,20);
INSERT INTO map_monsters VALUES ('MAP_00000000001296788648248','MONS_00000000001297218526171',9,22);
INSERT INTO map_monsters VALUES ('MAP_00000000001296788648248','MONS_00000000001297218526171',9,23);
INSERT INTO map_monsters VALUES ('MAP_00000000001296788648248','MONS_00000000001297218526171',9,24);
INSERT INTO map_monsters VALUES ('MAP_00000000001296788648248','MONS_00000000001297218526171',9,26);
INSERT INTO map_monsters VALUES ('MAP_00000000001296788648248','MONS_00000000001297218526171',9,39);
INSERT INTO map_monsters VALUES ('MAP_00000000001296788648248','MONS_00000000001297218526171',9,42);
INSERT INTO map_monsters VALUES ('MAP_00000000001296788648248','MONS_00000000001297218526171',9,43);
INSERT INTO map_monsters VALUES ('MAP_00000000001296788648248','MONS_00000000001297218526171',10,5);
INSERT INTO map_monsters VALUES ('MAP_00000000001296788648248','MONS_00000000001297218526171',10,7);
INSERT INTO map_monsters VALUES ('MAP_00000000001296788648248','MONS_00000000001297218526171',10,10);
INSERT INTO map_monsters VALUES ('MAP_00000000001296788648248','MONS_00000000001297218526171',10,11);
INSERT INTO map_monsters VALUES ('MAP_00000000001296788648248','MONS_00000000001297218526171',10,12);
INSERT INTO map_monsters VALUES ('MAP_00000000001296788648248','MONS_00000000001297218526171',10,13);
INSERT INTO map_monsters VALUES ('MAP_00000000001296788648248','MONS_00000000001297218526171',10,14);
INSERT INTO map_monsters VALUES ('MAP_00000000001296788648248','MONS_00000000001297218526171',10,15);
INSERT INTO map_monsters VALUES ('MAP_00000000001296788648248','MONS_00000000001297218526171',10,16);
INSERT INTO map_monsters VALUES ('MAP_00000000001296788648248','MONS_00000000001297218526171',10,17);
INSERT INTO map_monsters VALUES ('MAP_00000000001296788648248','MONS_00000000001297218526171',10,18);
INSERT INTO map_monsters VALUES ('MAP_00000000001296788648248','MONS_00000000001297218526171',10,19);
INSERT INTO map_monsters VALUES ('MAP_00000000001296788648248','MONS_00000000001297218526171',10,20);
INSERT INTO map_monsters VALUES ('MAP_00000000001296788648248','MONS_00000000001297218526171',10,21);
INSERT INTO map_monsters VALUES ('MAP_00000000001296788648248','MONS_00000000001297218526171',10,22);
INSERT INTO map_monsters VALUES ('MAP_00000000001296788648248','MONS_00000000001297218526171',10,23);
INSERT INTO map_monsters VALUES ('MAP_00000000001296788648248','MONS_00000000001297218526171',10,24);
INSERT INTO map_monsters VALUES ('MAP_00000000001296788648248','MONS_00000000001297218526171',10,25);
INSERT INTO map_monsters VALUES ('MAP_00000000001296788648248','MONS_00000000001297218526171',10,26);
INSERT INTO map_monsters VALUES ('MAP_00000000001296788648248','MONS_00000000001297218526171',10,27);
INSERT INTO map_monsters VALUES ('MAP_00000000001296788648248','MONS_00000000001297218526171',10,28);
INSERT INTO map_monsters VALUES ('MAP_00000000001296788648248','MONS_00000000001297218526171',10,29);
INSERT INTO map_monsters VALUES ('MAP_00000000001296788648248','MONS_00000000001297218526171',10,30);
INSERT INTO map_monsters VALUES ('MAP_00000000001296788648248','MONS_00000000001297218526171',10,31);
INSERT INTO map_monsters VALUES ('MAP_00000000001296788648248','MONS_00000000001297218526171',10,32);
INSERT INTO map_monsters VALUES ('MAP_00000000001296788648248','MONS_00000000001297218526171',10,33);
INSERT INTO map_monsters VALUES ('MAP_00000000001296788648248','MONS_00000000001297218526171',10,34);
INSERT INTO map_monsters VALUES ('MAP_00000000001296788648248','MONS_00000000001297218526171',10,35);
INSERT INTO map_monsters VALUES ('MAP_00000000001296788648248','MONS_00000000001297218526171',10,36);
INSERT INTO map_monsters VALUES ('MAP_00000000001296788648248','MONS_00000000001297218526171',10,37);
INSERT INTO map_monsters VALUES ('MAP_00000000001296788648248','MONS_00000000001297218526171',10,38);
INSERT INTO map_monsters VALUES ('MAP_00000000001296788648248','MONS_00000000001297218526171',10,39);
INSERT INTO map_monsters VALUES ('MAP_00000000001296788648248','MONS_00000000001297218526171',10,42);
INSERT INTO map_monsters VALUES ('MAP_00000000001296788648248','MONS_00000000001297218526171',10,43);
INSERT INTO map_monsters VALUES ('MAP_00000000001296788648248','MONS_00000000001297218526171',11,4);
INSERT INTO map_monsters VALUES ('MAP_00000000001296788648248','MONS_00000000001297218526171',11,5);
INSERT INTO map_monsters VALUES ('MAP_00000000001296788648248','MONS_00000000001297218526171',11,6);
INSERT INTO map_monsters VALUES ('MAP_00000000001296788648248','MONS_00000000001297218526171',11,7);
INSERT INTO map_monsters VALUES ('MAP_00000000001296788648248','MONS_00000000001297218526171',11,10);
INSERT INTO map_monsters VALUES ('MAP_00000000001296788648248','MONS_00000000001297218526171',11,19);
INSERT INTO map_monsters VALUES ('MAP_00000000001296788648248','MONS_00000000001297218526171',11,22);
INSERT INTO map_monsters VALUES ('MAP_00000000001296788648248','MONS_00000000001297218526171',11,23);
INSERT INTO map_monsters VALUES ('MAP_00000000001296788648248','MONS_00000000001297218526171',11,24);
INSERT INTO map_monsters VALUES ('MAP_00000000001296788648248','MONS_00000000001297218526171',11,38);
INSERT INTO map_monsters VALUES ('MAP_00000000001296788648248','MONS_00000000001297218526171',11,42);
INSERT INTO map_monsters VALUES ('MAP_00000000001296788648248','MONS_00000000001297218526171',11,43);
INSERT INTO map_monsters VALUES ('MAP_00000000001296788648248','MONS_00000000001297218526171',12,7);
INSERT INTO map_monsters VALUES ('MAP_00000000001296788648248','MONS_00000000001297218526171',12,10);
INSERT INTO map_monsters VALUES ('MAP_00000000001296788648248','MONS_00000000001297218526171',12,11);
INSERT INTO map_monsters VALUES ('MAP_00000000001296788648248','MONS_00000000001297218526171',12,12);
INSERT INTO map_monsters VALUES ('MAP_00000000001296788648248','MONS_00000000001297218526171',12,13);
INSERT INTO map_monsters VALUES ('MAP_00000000001296788648248','MONS_00000000001297218526171',12,14);
INSERT INTO map_monsters VALUES ('MAP_00000000001296788648248','MONS_00000000001297218526171',12,15);
INSERT INTO map_monsters VALUES ('MAP_00000000001296788648248','MONS_00000000001297218526171',12,16);
INSERT INTO map_monsters VALUES ('MAP_00000000001296788648248','MONS_00000000001297218526171',12,17);
INSERT INTO map_monsters VALUES ('MAP_00000000001296788648248','MONS_00000000001297218526171',12,18);
INSERT INTO map_monsters VALUES ('MAP_00000000001296788648248','MONS_00000000001297218526171',12,20);
INSERT INTO map_monsters VALUES ('MAP_00000000001296788648248','MONS_00000000001297218526171',12,21);
INSERT INTO map_monsters VALUES ('MAP_00000000001296788648248','MONS_00000000001297218526171',12,22);
INSERT INTO map_monsters VALUES ('MAP_00000000001296788648248','MONS_00000000001297218526171',12,23);
INSERT INTO map_monsters VALUES ('MAP_00000000001296788648248','MONS_00000000001297218526171',12,24);
INSERT INTO map_monsters VALUES ('MAP_00000000001296788648248','MONS_00000000001297218526171',12,27);
INSERT INTO map_monsters VALUES ('MAP_00000000001296788648248','MONS_00000000001297218526171',12,28);
INSERT INTO map_monsters VALUES ('MAP_00000000001296788648248','MONS_00000000001297218526171',12,29);
INSERT INTO map_monsters VALUES ('MAP_00000000001296788648248','MONS_00000000001297218526171',12,30);
INSERT INTO map_monsters VALUES ('MAP_00000000001296788648248','MONS_00000000001297218526171',12,31);
INSERT INTO map_monsters VALUES ('MAP_00000000001296788648248','MONS_00000000001297218526171',12,32);
INSERT INTO map_monsters VALUES ('MAP_00000000001296788648248','MONS_00000000001297218526171',12,33);
INSERT INTO map_monsters VALUES ('MAP_00000000001296788648248','MONS_00000000001297218526171',12,34);
INSERT INTO map_monsters VALUES ('MAP_00000000001296788648248','MONS_00000000001297218526171',12,35);
INSERT INTO map_monsters VALUES ('MAP_00000000001296788648248','MONS_00000000001297218526171',12,36);
INSERT INTO map_monsters VALUES ('MAP_00000000001296788648248','MONS_00000000001297218526171',12,37);
INSERT INTO map_monsters VALUES ('MAP_00000000001296788648248','MONS_00000000001297218526171',12,38);
INSERT INTO map_monsters VALUES ('MAP_00000000001296788648248','MONS_00000000001297218526171',12,39);
INSERT INTO map_monsters VALUES ('MAP_00000000001296788648248','MONS_00000000001297218526171',12,40);
INSERT INTO map_monsters VALUES ('MAP_00000000001296788648248','MONS_00000000001297218526171',12,42);
INSERT INTO map_monsters VALUES ('MAP_00000000001296788648248','MONS_00000000001297218526171',12,43);
INSERT INTO map_monsters VALUES ('MAP_00000000001296788648248','MONS_00000000001297218526171',13,7);
INSERT INTO map_monsters VALUES ('MAP_00000000001296788648248','MONS_00000000001297218526171',13,11);
INSERT INTO map_monsters VALUES ('MAP_00000000001296788648248','MONS_00000000001297218526171',13,20);
INSERT INTO map_monsters VALUES ('MAP_00000000001296788648248','MONS_00000000001297218526171',13,21);
INSERT INTO map_monsters VALUES ('MAP_00000000001296788648248','MONS_00000000001297218526171',13,22);
INSERT INTO map_monsters VALUES ('MAP_00000000001296788648248','MONS_00000000001297218526171',13,23);
INSERT INTO map_monsters VALUES ('MAP_00000000001296788648248','MONS_00000000001297218526171',13,24);
INSERT INTO map_monsters VALUES ('MAP_00000000001296788648248','MONS_00000000001297218526171',13,25);
INSERT INTO map_monsters VALUES ('MAP_00000000001296788648248','MONS_00000000001297218526171',13,26);
INSERT INTO map_monsters VALUES ('MAP_00000000001296788648248','MONS_00000000001297218526171',13,28);
INSERT INTO map_monsters VALUES ('MAP_00000000001296788648248','MONS_00000000001297218526171',13,40);
INSERT INTO map_monsters VALUES ('MAP_00000000001296788648248','MONS_00000000001297218526171',13,41);
INSERT INTO map_monsters VALUES ('MAP_00000000001296788648248','MONS_00000000001297218526171',13,42);
INSERT INTO map_monsters VALUES ('MAP_00000000001296788648248','MONS_00000000001297218526171',13,43);
INSERT INTO map_monsters VALUES ('MAP_00000000001296788648248','MONS_00000000001297218526171',14,1);
INSERT INTO map_monsters VALUES ('MAP_00000000001296788648248','MONS_00000000001297218526171',14,2);
INSERT INTO map_monsters VALUES ('MAP_00000000001296788648248','MONS_00000000001297218526171',14,3);
INSERT INTO map_monsters VALUES ('MAP_00000000001296788648248','MONS_00000000001297218526171',14,4);
INSERT INTO map_monsters VALUES ('MAP_00000000001296788648248','MONS_00000000001297218526171',14,5);
INSERT INTO map_monsters VALUES ('MAP_00000000001296788648248','MONS_00000000001297218526171',14,6);
INSERT INTO map_monsters VALUES ('MAP_00000000001296788648248','MONS_00000000001297218526171',14,7);
INSERT INTO map_monsters VALUES ('MAP_00000000001296788648248','MONS_00000000001297218526171',14,8);
INSERT INTO map_monsters VALUES ('MAP_00000000001296788648248','MONS_00000000001297218526171',14,9);
INSERT INTO map_monsters VALUES ('MAP_00000000001296788648248','MONS_00000000001297218526171',14,10);
INSERT INTO map_monsters VALUES ('MAP_00000000001296788648248','MONS_00000000001297218526171',14,11);
INSERT INTO map_monsters VALUES ('MAP_00000000001296788648248','MONS_00000000001297218526171',14,12);
INSERT INTO map_monsters VALUES ('MAP_00000000001296788648248','MONS_00000000001297218526171',14,13);
INSERT INTO map_monsters VALUES ('MAP_00000000001296788648248','MONS_00000000001297218526171',14,14);
INSERT INTO map_monsters VALUES ('MAP_00000000001296788648248','MONS_00000000001297218526171',14,15);
INSERT INTO map_monsters VALUES ('MAP_00000000001296788648248','MONS_00000000001297218526171',14,16);
INSERT INTO map_monsters VALUES ('MAP_00000000001296788648248','MONS_00000000001297218526171',14,17);
INSERT INTO map_monsters VALUES ('MAP_00000000001296788648248','MONS_00000000001297218526171',14,18);
INSERT INTO map_monsters VALUES ('MAP_00000000001296788648248','MONS_00000000001297218526171',14,19);
INSERT INTO map_monsters VALUES ('MAP_00000000001296788648248','MONS_00000000001297218526171',14,20);
INSERT INTO map_monsters VALUES ('MAP_00000000001296788648248','MONS_00000000001297218526171',14,21);
INSERT INTO map_monsters VALUES ('MAP_00000000001296788648248','MONS_00000000001297218526171',14,23);
INSERT INTO map_monsters VALUES ('MAP_00000000001296788648248','MONS_00000000001297218526171',14,24);
INSERT INTO map_monsters VALUES ('MAP_00000000001296788648248','MONS_00000000001297218526171',14,25);
INSERT INTO map_monsters VALUES ('MAP_00000000001296788648248','MONS_00000000001297218526171',14,26);
INSERT INTO map_monsters VALUES ('MAP_00000000001296788648248','MONS_00000000001297218526171',14,27);
INSERT INTO map_monsters VALUES ('MAP_00000000001296788648248','MONS_00000000001297218526171',14,28);
INSERT INTO map_monsters VALUES ('MAP_00000000001296788648248','MONS_00000000001297218526171',14,29);
INSERT INTO map_monsters VALUES ('MAP_00000000001296788648248','MONS_00000000001297218526171',14,30);
INSERT INTO map_monsters VALUES ('MAP_00000000001296788648248','MONS_00000000001297218526171',14,31);
INSERT INTO map_monsters VALUES ('MAP_00000000001296788648248','MONS_00000000001297218526171',14,32);
INSERT INTO map_monsters VALUES ('MAP_00000000001296788648248','MONS_00000000001297218526171',14,33);
INSERT INTO map_monsters VALUES ('MAP_00000000001296788648248','MONS_00000000001297218526171',14,34);
INSERT INTO map_monsters VALUES ('MAP_00000000001296788648248','MONS_00000000001297218526171',14,35);
INSERT INTO map_monsters VALUES ('MAP_00000000001296788648248','MONS_00000000001297218526171',14,36);
INSERT INTO map_monsters VALUES ('MAP_00000000001296788648248','MONS_00000000001297218526171',14,37);
INSERT INTO map_monsters VALUES ('MAP_00000000001296788648248','MONS_00000000001297218526171',14,38);
INSERT INTO map_monsters VALUES ('MAP_00000000001296788648248','MONS_00000000001297218526171',14,39);
INSERT INTO map_monsters VALUES ('MAP_00000000001296788648248','MONS_00000000001297218526171',14,40);
INSERT INTO map_monsters VALUES ('MAP_00000000001296788648248','MONS_00000000001297218526171',15,0);
INSERT INTO map_monsters VALUES ('MAP_00000000001296788648248','MONS_00000000001297218526171',15,1);
INSERT INTO map_monsters VALUES ('MAP_00000000001296788648248','MONS_00000000001297218526171',15,2);
INSERT INTO map_monsters VALUES ('MAP_00000000001296788648248','MONS_00000000001297218526171',15,3);
INSERT INTO map_monsters VALUES ('MAP_00000000001296788648248','MONS_00000000001297218526171',15,4);
INSERT INTO map_monsters VALUES ('MAP_00000000001296788648248','MONS_00000000001297218526171',15,5);
INSERT INTO map_monsters VALUES ('MAP_00000000001296788648248','MONS_00000000001297218526171',15,6);
INSERT INTO map_monsters VALUES ('MAP_00000000001296788648248','MONS_00000000001297218526171',15,7);
INSERT INTO map_monsters VALUES ('MAP_00000000001296788648248','MONS_00000000001297218526171',15,8);
INSERT INTO map_monsters VALUES ('MAP_00000000001296788648248','MONS_00000000001297218526171',15,9);
INSERT INTO map_monsters VALUES ('MAP_00000000001296788648248','MONS_00000000001297218526171',15,10);
INSERT INTO map_monsters VALUES ('MAP_00000000001296788648248','MONS_00000000001297218526171',15,11);
INSERT INTO map_monsters VALUES ('MAP_00000000001296788648248','MONS_00000000001297218526171',15,12);
INSERT INTO map_monsters VALUES ('MAP_00000000001296788648248','MONS_00000000001297218526171',15,13);
INSERT INTO map_monsters VALUES ('MAP_00000000001296788648248','MONS_00000000001297218526171',15,14);
INSERT INTO map_monsters VALUES ('MAP_00000000001296788648248','MONS_00000000001297218526171',15,15);
INSERT INTO map_monsters VALUES ('MAP_00000000001296788648248','MONS_00000000001297218526171',15,19);
INSERT INTO map_monsters VALUES ('MAP_00000000001296788648248','MONS_00000000001297218526171',15,20);
INSERT INTO map_monsters VALUES ('MAP_00000000001296788648248','MONS_00000000001297218526171',15,21);
INSERT INTO map_monsters VALUES ('MAP_00000000001296788648248','MONS_00000000001297218526171',15,22);
INSERT INTO map_monsters VALUES ('MAP_00000000001296788648248','MONS_00000000001297218526171',15,23);
INSERT INTO map_monsters VALUES ('MAP_00000000001296788648248','MONS_00000000001297218526171',15,24);
INSERT INTO map_monsters VALUES ('MAP_00000000001296788648248','MONS_00000000001297218526171',15,25);
INSERT INTO map_monsters VALUES ('MAP_00000000001296788648248','MONS_00000000001297218526171',15,26);
INSERT INTO map_monsters VALUES ('MAP_00000000001296788648248','MONS_00000000001297218526171',15,27);
INSERT INTO map_monsters VALUES ('MAP_00000000001296788648248','MONS_00000000001297218526171',15,28);
INSERT INTO map_monsters VALUES ('MAP_00000000001296788648248','MONS_00000000001297218526171',15,29);
INSERT INTO map_monsters VALUES ('MAP_00000000001296788648248','MONS_00000000001297218526171',15,30);
INSERT INTO map_monsters VALUES ('MAP_00000000001296788648248','MONS_00000000001297218526171',15,31);
INSERT INTO map_monsters VALUES ('MAP_00000000001296788648248','MONS_00000000001297218526171',15,32);
INSERT INTO map_monsters VALUES ('MAP_00000000001296788648248','MONS_00000000001297218526171',15,33);
INSERT INTO map_monsters VALUES ('MAP_00000000001296788648248','MONS_00000000001297218526171',15,34);
INSERT INTO map_monsters VALUES ('MAP_00000000001296788648248','MONS_00000000001297218526171',15,35);
INSERT INTO map_monsters VALUES ('MAP_00000000001296788648248','MONS_00000000001297218526171',15,36);
INSERT INTO map_monsters VALUES ('MAP_00000000001296788648248','MONS_00000000001297218526171',15,37);
INSERT INTO map_monsters VALUES ('MAP_00000000001296788648248','MONS_00000000001297218526171',15,38);
INSERT INTO map_monsters VALUES ('MAP_00000000001296788648248','MONS_00000000001297218526171',15,39);
INSERT INTO map_monsters VALUES ('MAP_00000000001296788648248','MONS_00000000001297218526171',15,40);
INSERT INTO map_monsters VALUES ('MAP_00000000001296788648248','MONS_00000000001297218526171',15,41);
INSERT INTO map_monsters VALUES ('MAP_00000000001296788648248','MONS_00000000001297218526171',15,42);
INSERT INTO map_monsters VALUES ('MAP_00000000001296788648248','MONS_00000000001297218526171',15,43);
INSERT INTO map_monsters VALUES ('MAP_00000000001296788648248','MONS_00000000001297218526171',16,0);
INSERT INTO map_monsters VALUES ('MAP_00000000001296788648248','MONS_00000000001297218526171',16,1);
INSERT INTO map_monsters VALUES ('MAP_00000000001296788648248','MONS_00000000001297218526171',16,2);
INSERT INTO map_monsters VALUES ('MAP_00000000001296788648248','MONS_00000000001297218526171',16,3);
INSERT INTO map_monsters VALUES ('MAP_00000000001296788648248','MONS_00000000001297218526171',16,4);
INSERT INTO map_monsters VALUES ('MAP_00000000001296788648248','MONS_00000000001297218526171',16,5);
INSERT INTO map_monsters VALUES ('MAP_00000000001296788648248','MONS_00000000001297218526171',16,6);
INSERT INTO map_monsters VALUES ('MAP_00000000001296788648248','MONS_00000000001297218526171',16,7);
INSERT INTO map_monsters VALUES ('MAP_00000000001296788648248','MONS_00000000001297218526171',16,8);
INSERT INTO map_monsters VALUES ('MAP_00000000001296788648248','MONS_00000000001297218526171',16,9);
INSERT INTO map_monsters VALUES ('MAP_00000000001296788648248','MONS_00000000001297218526171',16,10);
INSERT INTO map_monsters VALUES ('MAP_00000000001296788648248','MONS_00000000001297218526171',16,11);
INSERT INTO map_monsters VALUES ('MAP_00000000001296788648248','MONS_00000000001297218526171',16,12);
INSERT INTO map_monsters VALUES ('MAP_00000000001296788648248','MONS_00000000001297218526171',16,13);
INSERT INTO map_monsters VALUES ('MAP_00000000001296788648248','MONS_00000000001297218526171',16,14);
INSERT INTO map_monsters VALUES ('MAP_00000000001296788648248','MONS_00000000001297218526171',16,15);
INSERT INTO map_monsters VALUES ('MAP_00000000001296788648248','MONS_00000000001297218526171',16,19);
INSERT INTO map_monsters VALUES ('MAP_00000000001296788648248','MONS_00000000001297218526171',16,20);
INSERT INTO map_monsters VALUES ('MAP_00000000001296788648248','MONS_00000000001297218526171',16,21);
INSERT INTO map_monsters VALUES ('MAP_00000000001296788648248','MONS_00000000001297218526171',16,22);
INSERT INTO map_monsters VALUES ('MAP_00000000001296788648248','MONS_00000000001297218526171',16,23);
INSERT INTO map_monsters VALUES ('MAP_00000000001296788648248','MONS_00000000001297218526171',16,24);
INSERT INTO map_monsters VALUES ('MAP_00000000001296788648248','MONS_00000000001297218526171',16,25);
INSERT INTO map_monsters VALUES ('MAP_00000000001296788648248','MONS_00000000001297218526171',16,26);
INSERT INTO map_monsters VALUES ('MAP_00000000001296788648248','MONS_00000000001297218526171',16,27);
INSERT INTO map_monsters VALUES ('MAP_00000000001296788648248','MONS_00000000001297218526171',16,28);
INSERT INTO map_monsters VALUES ('MAP_00000000001296788648248','MONS_00000000001297218526171',16,29);
INSERT INTO map_monsters VALUES ('MAP_00000000001296788648248','MONS_00000000001297218526171',16,30);
INSERT INTO map_monsters VALUES ('MAP_00000000001296788648248','MONS_00000000001297218526171',16,31);
INSERT INTO map_monsters VALUES ('MAP_00000000001296788648248','MONS_00000000001297218526171',16,32);
INSERT INTO map_monsters VALUES ('MAP_00000000001296788648248','MONS_00000000001297218526171',16,33);
INSERT INTO map_monsters VALUES ('MAP_00000000001296788648248','MONS_00000000001297218526171',16,34);
INSERT INTO map_monsters VALUES ('MAP_00000000001296788648248','MONS_00000000001297218526171',16,35);
INSERT INTO map_monsters VALUES ('MAP_00000000001296788648248','MONS_00000000001297218526171',16,36);
INSERT INTO map_monsters VALUES ('MAP_00000000001296788648248','MONS_00000000001297218526171',16,37);
INSERT INTO map_monsters VALUES ('MAP_00000000001296788648248','MONS_00000000001297218526171',16,38);
INSERT INTO map_monsters VALUES ('MAP_00000000001296788648248','MONS_00000000001297218526171',16,39);
INSERT INTO map_monsters VALUES ('MAP_00000000001296788648248','MONS_00000000001297218526171',16,40);
INSERT INTO map_monsters VALUES ('MAP_00000000001296788648248','MONS_00000000001297218526171',16,41);
INSERT INTO map_monsters VALUES ('MAP_00000000001296788648248','MONS_00000000001297218526171',16,42);
INSERT INTO map_monsters VALUES ('MAP_00000000001296788648248','MONS_00000000001297218526171',16,43);
INSERT INTO map_monsters VALUES ('MAP_00000000001296788648248','MONS_00000000001297218526171',17,1);
INSERT INTO map_monsters VALUES ('MAP_00000000001296788648248','MONS_00000000001297218526171',17,2);
INSERT INTO map_monsters VALUES ('MAP_00000000001296788648248','MONS_00000000001297218526171',17,3);
INSERT INTO map_monsters VALUES ('MAP_00000000001296788648248','MONS_00000000001297218526171',17,4);
INSERT INTO map_monsters VALUES ('MAP_00000000001296788648248','MONS_00000000001297218526171',17,5);
INSERT INTO map_monsters VALUES ('MAP_00000000001296788648248','MONS_00000000001297218526171',17,6);
INSERT INTO map_monsters VALUES ('MAP_00000000001296788648248','MONS_00000000001297218526171',17,7);
INSERT INTO map_monsters VALUES ('MAP_00000000001296788648248','MONS_00000000001297218526171',17,8);
INSERT INTO map_monsters VALUES ('MAP_00000000001296788648248','MONS_00000000001297218526171',17,9);
INSERT INTO map_monsters VALUES ('MAP_00000000001296788648248','MONS_00000000001297218526171',17,10);
INSERT INTO map_monsters VALUES ('MAP_00000000001296788648248','MONS_00000000001297218526171',17,11);
INSERT INTO map_monsters VALUES ('MAP_00000000001296788648248','MONS_00000000001297218526171',17,12);
INSERT INTO map_monsters VALUES ('MAP_00000000001296788648248','MONS_00000000001297218526171',17,13);
INSERT INTO map_monsters VALUES ('MAP_00000000001296788648248','MONS_00000000001297218526171',17,14);
INSERT INTO map_monsters VALUES ('MAP_00000000001296788648248','MONS_00000000001297218526171',17,15);
INSERT INTO map_monsters VALUES ('MAP_00000000001296788648248','MONS_00000000001297218526171',17,16);
INSERT INTO map_monsters VALUES ('MAP_00000000001296788648248','MONS_00000000001297218526171',17,17);
INSERT INTO map_monsters VALUES ('MAP_00000000001296788648248','MONS_00000000001297218526171',17,18);
INSERT INTO map_monsters VALUES ('MAP_00000000001296788648248','MONS_00000000001297218526171',17,19);
INSERT INTO map_monsters VALUES ('MAP_00000000001296788648248','MONS_00000000001297218526171',17,20);
INSERT INTO map_monsters VALUES ('MAP_00000000001296788648248','MONS_00000000001297218526171',17,21);
INSERT INTO map_monsters VALUES ('MAP_00000000001296788648248','MONS_00000000001297218526171',17,23);
INSERT INTO map_monsters VALUES ('MAP_00000000001296788648248','MONS_00000000001297218526171',17,24);
INSERT INTO map_monsters VALUES ('MAP_00000000001296788648248','MONS_00000000001297218526171',17,25);
INSERT INTO map_monsters VALUES ('MAP_00000000001296788648248','MONS_00000000001297218526171',17,26);
INSERT INTO map_monsters VALUES ('MAP_00000000001296788648248','MONS_00000000001297218526171',17,27);
INSERT INTO map_monsters VALUES ('MAP_00000000001296788648248','MONS_00000000001297218526171',17,28);
INSERT INTO map_monsters VALUES ('MAP_00000000001296788648248','MONS_00000000001297218526171',17,29);
INSERT INTO map_monsters VALUES ('MAP_00000000001296788648248','MONS_00000000001297218526171',17,30);
INSERT INTO map_monsters VALUES ('MAP_00000000001296788648248','MONS_00000000001297218526171',17,31);
INSERT INTO map_monsters VALUES ('MAP_00000000001296788648248','MONS_00000000001297218526171',17,32);
INSERT INTO map_monsters VALUES ('MAP_00000000001296788648248','MONS_00000000001297218526171',17,33);
INSERT INTO map_monsters VALUES ('MAP_00000000001296788648248','MONS_00000000001297218526171',17,34);
INSERT INTO map_monsters VALUES ('MAP_00000000001296788648248','MONS_00000000001297218526171',17,35);
INSERT INTO map_monsters VALUES ('MAP_00000000001296788648248','MONS_00000000001297218526171',17,36);
INSERT INTO map_monsters VALUES ('MAP_00000000001296788648248','MONS_00000000001297218526171',17,37);
INSERT INTO map_monsters VALUES ('MAP_00000000001296788648248','MONS_00000000001297218526171',17,38);
INSERT INTO map_monsters VALUES ('MAP_00000000001296788648248','MONS_00000000001297218526171',17,39);
INSERT INTO map_monsters VALUES ('MAP_00000000001296788648248','MONS_00000000001297218526171',17,40);
INSERT INTO map_monsters VALUES ('MAP_00000000001296788648248','MONS_00000000001297218526171',18,7);
INSERT INTO map_monsters VALUES ('MAP_00000000001296788648248','MONS_00000000001297218526171',18,11);
INSERT INTO map_monsters VALUES ('MAP_00000000001296788648248','MONS_00000000001297218526171',18,20);
INSERT INTO map_monsters VALUES ('MAP_00000000001296788648248','MONS_00000000001297218526171',18,21);
INSERT INTO map_monsters VALUES ('MAP_00000000001296788648248','MONS_00000000001297218526171',18,22);
INSERT INTO map_monsters VALUES ('MAP_00000000001296788648248','MONS_00000000001297218526171',18,23);
INSERT INTO map_monsters VALUES ('MAP_00000000001296788648248','MONS_00000000001297218526171',18,24);
INSERT INTO map_monsters VALUES ('MAP_00000000001296788648248','MONS_00000000001297218526171',18,25);
INSERT INTO map_monsters VALUES ('MAP_00000000001296788648248','MONS_00000000001297218526171',18,26);
INSERT INTO map_monsters VALUES ('MAP_00000000001296788648248','MONS_00000000001297218526171',18,28);
INSERT INTO map_monsters VALUES ('MAP_00000000001296788648248','MONS_00000000001297218526171',18,40);
INSERT INTO map_monsters VALUES ('MAP_00000000001296788648248','MONS_00000000001297218526171',18,41);
INSERT INTO map_monsters VALUES ('MAP_00000000001296788648248','MONS_00000000001297218526171',18,42);
INSERT INTO map_monsters VALUES ('MAP_00000000001296788648248','MONS_00000000001297218526171',18,43);
INSERT INTO map_monsters VALUES ('MAP_00000000001296788648248','MONS_00000000001297218526171',19,7);
INSERT INTO map_monsters VALUES ('MAP_00000000001296788648248','MONS_00000000001297218526171',19,10);
INSERT INTO map_monsters VALUES ('MAP_00000000001296788648248','MONS_00000000001297218526171',19,11);
INSERT INTO map_monsters VALUES ('MAP_00000000001296788648248','MONS_00000000001297218526171',19,12);
INSERT INTO map_monsters VALUES ('MAP_00000000001296788648248','MONS_00000000001297218526171',19,13);
INSERT INTO map_monsters VALUES ('MAP_00000000001296788648248','MONS_00000000001297218526171',19,14);
INSERT INTO map_monsters VALUES ('MAP_00000000001296788648248','MONS_00000000001297218526171',19,15);
INSERT INTO map_monsters VALUES ('MAP_00000000001296788648248','MONS_00000000001297218526171',19,16);
INSERT INTO map_monsters VALUES ('MAP_00000000001296788648248','MONS_00000000001297218526171',19,17);
INSERT INTO map_monsters VALUES ('MAP_00000000001296788648248','MONS_00000000001297218526171',19,18);
INSERT INTO map_monsters VALUES ('MAP_00000000001296788648248','MONS_00000000001297218526171',19,20);
INSERT INTO map_monsters VALUES ('MAP_00000000001296788648248','MONS_00000000001297218526171',19,21);
INSERT INTO map_monsters VALUES ('MAP_00000000001296788648248','MONS_00000000001297218526171',19,22);
INSERT INTO map_monsters VALUES ('MAP_00000000001296788648248','MONS_00000000001297218526171',19,23);
INSERT INTO map_monsters VALUES ('MAP_00000000001296788648248','MONS_00000000001297218526171',19,24);
INSERT INTO map_monsters VALUES ('MAP_00000000001296788648248','MONS_00000000001297218526171',19,27);
INSERT INTO map_monsters VALUES ('MAP_00000000001296788648248','MONS_00000000001297218526171',19,28);
INSERT INTO map_monsters VALUES ('MAP_00000000001296788648248','MONS_00000000001297218526171',19,29);
INSERT INTO map_monsters VALUES ('MAP_00000000001296788648248','MONS_00000000001297218526171',19,30);
INSERT INTO map_monsters VALUES ('MAP_00000000001296788648248','MONS_00000000001297218526171',19,31);
INSERT INTO map_monsters VALUES ('MAP_00000000001296788648248','MONS_00000000001297218526171',19,32);
INSERT INTO map_monsters VALUES ('MAP_00000000001296788648248','MONS_00000000001297218526171',19,33);
INSERT INTO map_monsters VALUES ('MAP_00000000001296788648248','MONS_00000000001297218526171',19,34);
INSERT INTO map_monsters VALUES ('MAP_00000000001296788648248','MONS_00000000001297218526171',19,35);
INSERT INTO map_monsters VALUES ('MAP_00000000001296788648248','MONS_00000000001297218526171',19,36);
INSERT INTO map_monsters VALUES ('MAP_00000000001296788648248','MONS_00000000001297218526171',19,37);
INSERT INTO map_monsters VALUES ('MAP_00000000001296788648248','MONS_00000000001297218526171',19,38);
INSERT INTO map_monsters VALUES ('MAP_00000000001296788648248','MONS_00000000001297218526171',19,39);
INSERT INTO map_monsters VALUES ('MAP_00000000001296788648248','MONS_00000000001297218526171',19,40);
INSERT INTO map_monsters VALUES ('MAP_00000000001296788648248','MONS_00000000001297218526171',19,42);
INSERT INTO map_monsters VALUES ('MAP_00000000001296788648248','MONS_00000000001297218526171',19,43);
INSERT INTO map_monsters VALUES ('MAP_00000000001296788648248','MONS_00000000001297218526171',20,4);
INSERT INTO map_monsters VALUES ('MAP_00000000001296788648248','MONS_00000000001297218526171',20,5);
INSERT INTO map_monsters VALUES ('MAP_00000000001296788648248','MONS_00000000001297218526171',20,6);
INSERT INTO map_monsters VALUES ('MAP_00000000001296788648248','MONS_00000000001297218526171',20,7);
INSERT INTO map_monsters VALUES ('MAP_00000000001296788648248','MONS_00000000001297218526171',20,10);
INSERT INTO map_monsters VALUES ('MAP_00000000001296788648248','MONS_00000000001297218526171',20,19);
INSERT INTO map_monsters VALUES ('MAP_00000000001296788648248','MONS_00000000001297218526171',20,22);
INSERT INTO map_monsters VALUES ('MAP_00000000001296788648248','MONS_00000000001297218526171',20,23);
INSERT INTO map_monsters VALUES ('MAP_00000000001296788648248','MONS_00000000001297218526171',20,24);
INSERT INTO map_monsters VALUES ('MAP_00000000001296788648248','MONS_00000000001297218526171',20,38);
INSERT INTO map_monsters VALUES ('MAP_00000000001296788648248','MONS_00000000001297218526171',20,42);
INSERT INTO map_monsters VALUES ('MAP_00000000001296788648248','MONS_00000000001297218526171',20,43);
INSERT INTO map_monsters VALUES ('MAP_00000000001296788648248','MONS_00000000001297218526171',21,5);
INSERT INTO map_monsters VALUES ('MAP_00000000001296788648248','MONS_00000000001297218526171',21,7);
INSERT INTO map_monsters VALUES ('MAP_00000000001296788648248','MONS_00000000001297218526171',21,10);
INSERT INTO map_monsters VALUES ('MAP_00000000001296788648248','MONS_00000000001297218526171',21,11);
INSERT INTO map_monsters VALUES ('MAP_00000000001296788648248','MONS_00000000001297218526171',21,12);
INSERT INTO map_monsters VALUES ('MAP_00000000001296788648248','MONS_00000000001297218526171',21,13);
INSERT INTO map_monsters VALUES ('MAP_00000000001296788648248','MONS_00000000001297218526171',21,14);
INSERT INTO map_monsters VALUES ('MAP_00000000001296788648248','MONS_00000000001297218526171',21,15);
INSERT INTO map_monsters VALUES ('MAP_00000000001296788648248','MONS_00000000001297218526171',21,16);
INSERT INTO map_monsters VALUES ('MAP_00000000001296788648248','MONS_00000000001297218526171',21,17);
INSERT INTO map_monsters VALUES ('MAP_00000000001296788648248','MONS_00000000001297218526171',21,18);
INSERT INTO map_monsters VALUES ('MAP_00000000001296788648248','MONS_00000000001297218526171',21,19);
INSERT INTO map_monsters VALUES ('MAP_00000000001296788648248','MONS_00000000001297218526171',21,20);
INSERT INTO map_monsters VALUES ('MAP_00000000001296788648248','MONS_00000000001297218526171',21,21);
INSERT INTO map_monsters VALUES ('MAP_00000000001296788648248','MONS_00000000001297218526171',21,22);
INSERT INTO map_monsters VALUES ('MAP_00000000001296788648248','MONS_00000000001297218526171',21,23);
INSERT INTO map_monsters VALUES ('MAP_00000000001296788648248','MONS_00000000001297218526171',21,24);
INSERT INTO map_monsters VALUES ('MAP_00000000001296788648248','MONS_00000000001297218526171',21,25);
INSERT INTO map_monsters VALUES ('MAP_00000000001296788648248','MONS_00000000001297218526171',21,26);
INSERT INTO map_monsters VALUES ('MAP_00000000001296788648248','MONS_00000000001297218526171',21,27);
INSERT INTO map_monsters VALUES ('MAP_00000000001296788648248','MONS_00000000001297218526171',21,28);
INSERT INTO map_monsters VALUES ('MAP_00000000001296788648248','MONS_00000000001297218526171',21,29);
INSERT INTO map_monsters VALUES ('MAP_00000000001296788648248','MONS_00000000001297218526171',21,30);
INSERT INTO map_monsters VALUES ('MAP_00000000001296788648248','MONS_00000000001297218526171',21,31);
INSERT INTO map_monsters VALUES ('MAP_00000000001296788648248','MONS_00000000001297218526171',21,32);
INSERT INTO map_monsters VALUES ('MAP_00000000001296788648248','MONS_00000000001297218526171',21,33);
INSERT INTO map_monsters VALUES ('MAP_00000000001296788648248','MONS_00000000001297218526171',21,34);
INSERT INTO map_monsters VALUES ('MAP_00000000001296788648248','MONS_00000000001297218526171',21,35);
INSERT INTO map_monsters VALUES ('MAP_00000000001296788648248','MONS_00000000001297218526171',21,36);
INSERT INTO map_monsters VALUES ('MAP_00000000001296788648248','MONS_00000000001297218526171',21,37);
INSERT INTO map_monsters VALUES ('MAP_00000000001296788648248','MONS_00000000001297218526171',21,38);
INSERT INTO map_monsters VALUES ('MAP_00000000001296788648248','MONS_00000000001297218526171',21,39);
INSERT INTO map_monsters VALUES ('MAP_00000000001296788648248','MONS_00000000001297218526171',21,42);
INSERT INTO map_monsters VALUES ('MAP_00000000001296788648248','MONS_00000000001297218526171',21,43);
INSERT INTO map_monsters VALUES ('MAP_00000000001296788648248','MONS_00000000001297218526171',22,2);
INSERT INTO map_monsters VALUES ('MAP_00000000001296788648248','MONS_00000000001297218526171',22,5);
INSERT INTO map_monsters VALUES ('MAP_00000000001296788648248','MONS_00000000001297218526171',22,7);
INSERT INTO map_monsters VALUES ('MAP_00000000001296788648248','MONS_00000000001297218526171',22,10);
INSERT INTO map_monsters VALUES ('MAP_00000000001296788648248','MONS_00000000001297218526171',22,15);
INSERT INTO map_monsters VALUES ('MAP_00000000001296788648248','MONS_00000000001297218526171',22,20);
INSERT INTO map_monsters VALUES ('MAP_00000000001296788648248','MONS_00000000001297218526171',22,22);
INSERT INTO map_monsters VALUES ('MAP_00000000001296788648248','MONS_00000000001297218526171',22,23);
INSERT INTO map_monsters VALUES ('MAP_00000000001296788648248','MONS_00000000001297218526171',22,24);
INSERT INTO map_monsters VALUES ('MAP_00000000001296788648248','MONS_00000000001297218526171',22,26);
INSERT INTO map_monsters VALUES ('MAP_00000000001296788648248','MONS_00000000001297218526171',22,39);
INSERT INTO map_monsters VALUES ('MAP_00000000001296788648248','MONS_00000000001297218526171',22,42);
INSERT INTO map_monsters VALUES ('MAP_00000000001296788648248','MONS_00000000001297218526171',22,43);
INSERT INTO map_monsters VALUES ('MAP_00000000001296788648248','MONS_00000000001297218526171',23,2);
INSERT INTO map_monsters VALUES ('MAP_00000000001296788648248','MONS_00000000001297218526171',23,3);
INSERT INTO map_monsters VALUES ('MAP_00000000001296788648248','MONS_00000000001297218526171',23,4);
INSERT INTO map_monsters VALUES ('MAP_00000000001296788648248','MONS_00000000001297218526171',23,5);
INSERT INTO map_monsters VALUES ('MAP_00000000001296788648248','MONS_00000000001297218526171',23,7);
INSERT INTO map_monsters VALUES ('MAP_00000000001296788648248','MONS_00000000001297218526171',23,10);
INSERT INTO map_monsters VALUES ('MAP_00000000001296788648248','MONS_00000000001297218526171',23,11);
INSERT INTO map_monsters VALUES ('MAP_00000000001296788648248','MONS_00000000001297218526171',23,12);
INSERT INTO map_monsters VALUES ('MAP_00000000001296788648248','MONS_00000000001297218526171',23,13);
INSERT INTO map_monsters VALUES ('MAP_00000000001296788648248','MONS_00000000001297218526171',23,14);
INSERT INTO map_monsters VALUES ('MAP_00000000001296788648248','MONS_00000000001297218526171',23,15);
INSERT INTO map_monsters VALUES ('MAP_00000000001296788648248','MONS_00000000001297218526171',23,16);
INSERT INTO map_monsters VALUES ('MAP_00000000001296788648248','MONS_00000000001297218526171',23,17);
INSERT INTO map_monsters VALUES ('MAP_00000000001296788648248','MONS_00000000001297218526171',23,18);
INSERT INTO map_monsters VALUES ('MAP_00000000001296788648248','MONS_00000000001297218526171',23,19);
INSERT INTO map_monsters VALUES ('MAP_00000000001296788648248','MONS_00000000001297218526171',23,20);
INSERT INTO map_monsters VALUES ('MAP_00000000001296788648248','MONS_00000000001297218526171',23,22);
INSERT INTO map_monsters VALUES ('MAP_00000000001296788648248','MONS_00000000001297218526171',23,23);
INSERT INTO map_monsters VALUES ('MAP_00000000001296788648248','MONS_00000000001297218526171',23,24);
INSERT INTO map_monsters VALUES ('MAP_00000000001296788648248','MONS_00000000001297218526171',23,26);
INSERT INTO map_monsters VALUES ('MAP_00000000001296788648248','MONS_00000000001297218526171',23,27);
INSERT INTO map_monsters VALUES ('MAP_00000000001296788648248','MONS_00000000001297218526171',23,28);
INSERT INTO map_monsters VALUES ('MAP_00000000001296788648248','MONS_00000000001297218526171',23,29);
INSERT INTO map_monsters VALUES ('MAP_00000000001296788648248','MONS_00000000001297218526171',23,30);
INSERT INTO map_monsters VALUES ('MAP_00000000001296788648248','MONS_00000000001297218526171',23,31);
INSERT INTO map_monsters VALUES ('MAP_00000000001296788648248','MONS_00000000001297218526171',23,32);
INSERT INTO map_monsters VALUES ('MAP_00000000001296788648248','MONS_00000000001297218526171',23,33);
INSERT INTO map_monsters VALUES ('MAP_00000000001296788648248','MONS_00000000001297218526171',23,34);
INSERT INTO map_monsters VALUES ('MAP_00000000001296788648248','MONS_00000000001297218526171',23,35);
INSERT INTO map_monsters VALUES ('MAP_00000000001296788648248','MONS_00000000001297218526171',23,36);
INSERT INTO map_monsters VALUES ('MAP_00000000001296788648248','MONS_00000000001297218526171',23,37);
INSERT INTO map_monsters VALUES ('MAP_00000000001296788648248','MONS_00000000001297218526171',23,38);
INSERT INTO map_monsters VALUES ('MAP_00000000001296788648248','MONS_00000000001297218526171',23,39);
INSERT INTO map_monsters VALUES ('MAP_00000000001296788648248','MONS_00000000001297218526171',23,42);
INSERT INTO map_monsters VALUES ('MAP_00000000001296788648248','MONS_00000000001297218526171',23,43);
INSERT INTO map_monsters VALUES ('MAP_00000000001296788648248','MONS_00000000001297218526171',24,2);
INSERT INTO map_monsters VALUES ('MAP_00000000001296788648248','MONS_00000000001297218526171',24,7);
INSERT INTO map_monsters VALUES ('MAP_00000000001296788648248','MONS_00000000001297218526171',24,22);
INSERT INTO map_monsters VALUES ('MAP_00000000001296788648248','MONS_00000000001297218526171',24,23);
INSERT INTO map_monsters VALUES ('MAP_00000000001296788648248','MONS_00000000001297218526171',24,24);
INSERT INTO map_monsters VALUES ('MAP_00000000001296788648248','MONS_00000000001297218526171',24,42);
INSERT INTO map_monsters VALUES ('MAP_00000000001296788648248','MONS_00000000001297218526171',24,43);
INSERT INTO map_monsters VALUES ('MAP_00000000001296788648248','MONS_00000000001297218526171',25,2);
INSERT INTO map_monsters VALUES ('MAP_00000000001296788648248','MONS_00000000001297218526171',25,7);
INSERT INTO map_monsters VALUES ('MAP_00000000001296788648248','MONS_00000000001297218526171',25,22);
INSERT INTO map_monsters VALUES ('MAP_00000000001296788648248','MONS_00000000001297218526171',25,23);
INSERT INTO map_monsters VALUES ('MAP_00000000001296788648248','MONS_00000000001297218526171',25,24);
INSERT INTO map_monsters VALUES ('MAP_00000000001296788648248','MONS_00000000001297218526171',25,42);
INSERT INTO map_monsters VALUES ('MAP_00000000001296788648248','MONS_00000000001297218526171',25,43);
INSERT INTO map_monsters VALUES ('MAP_00000000001296788648248','MONS_00000000001297218526171',26,2);
INSERT INTO map_monsters VALUES ('MAP_00000000001296788648248','MONS_00000000001297218526171',26,3);
INSERT INTO map_monsters VALUES ('MAP_00000000001296788648248','MONS_00000000001297218526171',26,4);
INSERT INTO map_monsters VALUES ('MAP_00000000001296788648248','MONS_00000000001297218526171',26,5);
INSERT INTO map_monsters VALUES ('MAP_00000000001296788648248','MONS_00000000001297218526171',26,7);
INSERT INTO map_monsters VALUES ('MAP_00000000001296788648248','MONS_00000000001297218526171',26,15);
INSERT INTO map_monsters VALUES ('MAP_00000000001296788648248','MONS_00000000001297218526171',26,16);
INSERT INTO map_monsters VALUES ('MAP_00000000001296788648248','MONS_00000000001297218526171',26,17);
INSERT INTO map_monsters VALUES ('MAP_00000000001296788648248','MONS_00000000001297218526171',26,18);
INSERT INTO map_monsters VALUES ('MAP_00000000001296788648248','MONS_00000000001297218526171',26,19);
INSERT INTO map_monsters VALUES ('MAP_00000000001296788648248','MONS_00000000001297218526171',26,20);
INSERT INTO map_monsters VALUES ('MAP_00000000001296788648248','MONS_00000000001297218526171',26,21);
INSERT INTO map_monsters VALUES ('MAP_00000000001296788648248','MONS_00000000001297218526171',26,22);
INSERT INTO map_monsters VALUES ('MAP_00000000001296788648248','MONS_00000000001297218526171',26,23);
INSERT INTO map_monsters VALUES ('MAP_00000000001296788648248','MONS_00000000001297218526171',26,24);
INSERT INTO map_monsters VALUES ('MAP_00000000001296788648248','MONS_00000000001297218526171',26,25);
INSERT INTO map_monsters VALUES ('MAP_00000000001296788648248','MONS_00000000001297218526171',26,26);
INSERT INTO map_monsters VALUES ('MAP_00000000001296788648248','MONS_00000000001297218526171',26,27);
INSERT INTO map_monsters VALUES ('MAP_00000000001296788648248','MONS_00000000001297218526171',26,28);
INSERT INTO map_monsters VALUES ('MAP_00000000001296788648248','MONS_00000000001297218526171',26,29);
INSERT INTO map_monsters VALUES ('MAP_00000000001296788648248','MONS_00000000001297218526171',26,30);
INSERT INTO map_monsters VALUES ('MAP_00000000001296788648248','MONS_00000000001297218526171',26,31);
INSERT INTO map_monsters VALUES ('MAP_00000000001296788648248','MONS_00000000001297218526171',26,42);
INSERT INTO map_monsters VALUES ('MAP_00000000001296788648248','MONS_00000000001297218526171',26,43);
INSERT INTO map_monsters VALUES ('MAP_00000000001296788648248','MONS_00000000001297218526171',27,2);
INSERT INTO map_monsters VALUES ('MAP_00000000001296788648248','MONS_00000000001297218526171',27,5);
INSERT INTO map_monsters VALUES ('MAP_00000000001296788648248','MONS_00000000001297218526171',27,6);
INSERT INTO map_monsters VALUES ('MAP_00000000001296788648248','MONS_00000000001297218526171',27,7);
INSERT INTO map_monsters VALUES ('MAP_00000000001296788648248','MONS_00000000001297218526171',27,8);
INSERT INTO map_monsters VALUES ('MAP_00000000001296788648248','MONS_00000000001297218526171',27,9);
INSERT INTO map_monsters VALUES ('MAP_00000000001296788648248','MONS_00000000001297218526171',27,10);
INSERT INTO map_monsters VALUES ('MAP_00000000001296788648248','MONS_00000000001297218526171',27,11);
INSERT INTO map_monsters VALUES ('MAP_00000000001296788648248','MONS_00000000001297218526171',27,12);
INSERT INTO map_monsters VALUES ('MAP_00000000001296788648248','MONS_00000000001297218526171',27,13);
INSERT INTO map_monsters VALUES ('MAP_00000000001296788648248','MONS_00000000001297218526171',27,14);
INSERT INTO map_monsters VALUES ('MAP_00000000001296788648248','MONS_00000000001297218526171',27,15);
INSERT INTO map_monsters VALUES ('MAP_00000000001296788648248','MONS_00000000001297218526171',27,18);
INSERT INTO map_monsters VALUES ('MAP_00000000001296788648248','MONS_00000000001297218526171',27,22);
INSERT INTO map_monsters VALUES ('MAP_00000000001296788648248','MONS_00000000001297218526171',27,23);
INSERT INTO map_monsters VALUES ('MAP_00000000001296788648248','MONS_00000000001297218526171',27,24);
INSERT INTO map_monsters VALUES ('MAP_00000000001296788648248','MONS_00000000001297218526171',27,28);
INSERT INTO map_monsters VALUES ('MAP_00000000001296788648248','MONS_00000000001297218526171',27,31);
INSERT INTO map_monsters VALUES ('MAP_00000000001296788648248','MONS_00000000001297218526171',27,32);
INSERT INTO map_monsters VALUES ('MAP_00000000001296788648248','MONS_00000000001297218526171',27,33);
INSERT INTO map_monsters VALUES ('MAP_00000000001296788648248','MONS_00000000001297218526171',27,34);
INSERT INTO map_monsters VALUES ('MAP_00000000001296788648248','MONS_00000000001297218526171',27,35);
INSERT INTO map_monsters VALUES ('MAP_00000000001296788648248','MONS_00000000001297218526171',27,36);
INSERT INTO map_monsters VALUES ('MAP_00000000001296788648248','MONS_00000000001297218526171',27,37);
INSERT INTO map_monsters VALUES ('MAP_00000000001296788648248','MONS_00000000001297218526171',27,38);
INSERT INTO map_monsters VALUES ('MAP_00000000001296788648248','MONS_00000000001297218526171',27,39);
INSERT INTO map_monsters VALUES ('MAP_00000000001296788648248','MONS_00000000001297218526171',27,40);
INSERT INTO map_monsters VALUES ('MAP_00000000001296788648248','MONS_00000000001297218526171',27,41);
INSERT INTO map_monsters VALUES ('MAP_00000000001296788648248','MONS_00000000001297218526171',27,42);
INSERT INTO map_monsters VALUES ('MAP_00000000001296788648248','MONS_00000000001297218526171',27,43);
INSERT INTO map_monsters VALUES ('MAP_00000000001296788648248','MONS_00000000001297218526171',28,6);
INSERT INTO map_monsters VALUES ('MAP_00000000001296788648248','MONS_00000000001297218526171',28,15);
INSERT INTO map_monsters VALUES ('MAP_00000000001296788648248','MONS_00000000001297218526171',28,22);
INSERT INTO map_monsters VALUES ('MAP_00000000001296788648248','MONS_00000000001297218526171',28,23);
INSERT INTO map_monsters VALUES ('MAP_00000000001296788648248','MONS_00000000001297218526171',28,24);
INSERT INTO map_monsters VALUES ('MAP_00000000001296788648248','MONS_00000000001297218526171',28,31);
INSERT INTO map_monsters VALUES ('MAP_00000000001296788648248','MONS_00000000001297218526171',28,43);
INSERT INTO map_monsters VALUES ('MAP_00000000001296788648248','MONS_00000000001297218526171',29,4);
INSERT INTO map_monsters VALUES ('MAP_00000000001296788648248','MONS_00000000001297218526171',29,5);
INSERT INTO map_monsters VALUES ('MAP_00000000001296788648248','MONS_00000000001297218526171',29,6);
INSERT INTO map_monsters VALUES ('MAP_00000000001296788648248','MONS_00000000001297218526171',29,7);
INSERT INTO map_monsters VALUES ('MAP_00000000001296788648248','MONS_00000000001297218526171',29,8);
INSERT INTO map_monsters VALUES ('MAP_00000000001296788648248','MONS_00000000001297218526171',29,9);
INSERT INTO map_monsters VALUES ('MAP_00000000001296788648248','MONS_00000000001297218526171',29,10);
INSERT INTO map_monsters VALUES ('MAP_00000000001296788648248','MONS_00000000001297218526171',29,11);
INSERT INTO map_monsters VALUES ('MAP_00000000001296788648248','MONS_00000000001297218526171',29,12);
INSERT INTO map_monsters VALUES ('MAP_00000000001296788648248','MONS_00000000001297218526171',29,13);
INSERT INTO map_monsters VALUES ('MAP_00000000001296788648248','MONS_00000000001297218526171',29,14);
INSERT INTO map_monsters VALUES ('MAP_00000000001296788648248','MONS_00000000001297218526171',29,15);
INSERT INTO map_monsters VALUES ('MAP_00000000001296788648248','MONS_00000000001297218526171',29,20);
INSERT INTO map_monsters VALUES ('MAP_00000000001296788648248','MONS_00000000001297218526171',29,21);
INSERT INTO map_monsters VALUES ('MAP_00000000001296788648248','MONS_00000000001297218526171',29,22);
INSERT INTO map_monsters VALUES ('MAP_00000000001296788648248','MONS_00000000001297218526171',29,23);
INSERT INTO map_monsters VALUES ('MAP_00000000001296788648248','MONS_00000000001297218526171',29,24);
INSERT INTO map_monsters VALUES ('MAP_00000000001296788648248','MONS_00000000001297218526171',29,25);
INSERT INTO map_monsters VALUES ('MAP_00000000001296788648248','MONS_00000000001297218526171',29,26);
INSERT INTO map_monsters VALUES ('MAP_00000000001296788648248','MONS_00000000001297218526171',29,31);
INSERT INTO map_monsters VALUES ('MAP_00000000001296788648248','MONS_00000000001297218526171',29,32);
INSERT INTO map_monsters VALUES ('MAP_00000000001296788648248','MONS_00000000001297218526171',29,33);
INSERT INTO map_monsters VALUES ('MAP_00000000001296788648248','MONS_00000000001297218526171',29,34);
INSERT INTO map_monsters VALUES ('MAP_00000000001296788648248','MONS_00000000001297218526171',29,35);
INSERT INTO map_monsters VALUES ('MAP_00000000001296788648248','MONS_00000000001297218526171',29,36);
INSERT INTO map_monsters VALUES ('MAP_00000000001296788648248','MONS_00000000001297218526171',29,37);
INSERT INTO map_monsters VALUES ('MAP_00000000001296788648248','MONS_00000000001297218526171',29,38);
INSERT INTO map_monsters VALUES ('MAP_00000000001296788648248','MONS_00000000001297218526171',29,39);
INSERT INTO map_monsters VALUES ('MAP_00000000001296788648248','MONS_00000000001297218526171',29,40);
INSERT INTO map_monsters VALUES ('MAP_00000000001296788648248','MONS_00000000001297218526171',29,41);
INSERT INTO map_monsters VALUES ('MAP_00000000001296788648248','MONS_00000000001297218526171',29,42);
INSERT INTO map_monsters VALUES ('MAP_00000000001296788648248','MONS_00000000001297218526171',29,43);
INSERT INTO map_monsters VALUES ('MAP_00000000001296788648248','MONS_00000000001297218526171',29,44);
INSERT INTO map_monsters VALUES ('MAP_00000000001296788648248','MONS_00000000001297218526171',29,45);
INSERT INTO map_monsters VALUES ('MAP_00000000001296788648248','MONS_00000000001297218526171',29,46);
INSERT INTO map_monsters VALUES ('MAP_00000000001296788648248','MONS_00000000001297218526171',29,47);
INSERT INTO map_monsters VALUES ('MAP_00000000001296788648248','MONS_00000000001297218526171',29,48);
INSERT INTO map_monsters VALUES ('MAP_00000000001296788648248','MONS_00000000001297218526171',29,49);
INSERT INTO map_monsters VALUES ('MAP_00000000001296788648248','MONS_00000000001297218526171',29,50);
INSERT INTO map_monsters VALUES ('MAP_00000000001296788648248','MONS_00000000001297218526171',29,51);
INSERT INTO map_monsters VALUES ('MAP_00000000001296788648248','MONS_00000000001297218526171',29,52);
INSERT INTO map_monsters VALUES ('MAP_00000000001296788648248','MONS_00000000001297218526171',29,53);
INSERT INTO map_monsters VALUES ('MAP_00000000001296788648248','MONS_00000000001297218526171',29,54);
INSERT INTO map_monsters VALUES ('MAP_00000000001296788648248','MONS_00000000001297218526171',29,55);
INSERT INTO map_monsters VALUES ('MAP_00000000001296788648248','MONS_00000000001297218526171',29,56);
INSERT INTO map_monsters VALUES ('MAP_00000000001296788648248','MONS_00000000001297218526171',29,57);
INSERT INTO map_monsters VALUES ('MAP_00000000001296788648248','MONS_00000000001297218526171',29,58);
INSERT INTO map_monsters VALUES ('MAP_00000000001296788648248','MONS_00000000001297218526171',29,59);
INSERT INTO map_monsters VALUES ('MAP_00000000001296788648248','MONS_00000000001297218526171',30,22);
INSERT INTO map_monsters VALUES ('MAP_00000000001296788648248','MONS_00000000001297218526171',30,23);
INSERT INTO map_monsters VALUES ('MAP_00000000001296788648248','MONS_00000000001297218526171',30,24);
INSERT INTO map_monsters VALUES ('MAP_00000000001296788648248','MONS_00000000001297218526171',31,22);
INSERT INTO map_monsters VALUES ('MAP_00000000001296788648248','MONS_00000000001297218526171',31,23);
INSERT INTO map_monsters VALUES ('MAP_00000000001296788648248','MONS_00000000001297218526171',31,24);
INSERT INTO monsters VALUES ('MONS_00000000001297218526192','Sly peddler',12,1,1,1,1,4,4,4,0,0);
INSERT INTO map_monsters VALUES ('MAP_00000000001296788648248','MONS_00000000001297218526192',0,22);
INSERT INTO map_monsters VALUES ('MAP_00000000001296788648248','MONS_00000000001297218526192',0,23);
INSERT INTO map_monsters VALUES ('MAP_00000000001296788648248','MONS_00000000001297218526192',0,24);
INSERT INTO map_monsters VALUES ('MAP_00000000001296788648248','MONS_00000000001297218526192',1,22);
INSERT INTO map_monsters VALUES ('MAP_00000000001296788648248','MONS_00000000001297218526192',1,23);
INSERT INTO map_monsters VALUES ('MAP_00000000001296788648248','MONS_00000000001297218526192',1,24);
INSERT INTO map_monsters VALUES ('MAP_00000000001296788648248','MONS_00000000001297218526192',2,4);
INSERT INTO map_monsters VALUES ('MAP_00000000001296788648248','MONS_00000000001297218526192',2,5);
INSERT INTO map_monsters VALUES ('MAP_00000000001296788648248','MONS_00000000001297218526192',2,6);
INSERT INTO map_monsters VALUES ('MAP_00000000001296788648248','MONS_00000000001297218526192',2,7);
INSERT INTO map_monsters VALUES ('MAP_00000000001296788648248','MONS_00000000001297218526192',2,8);
INSERT INTO map_monsters VALUES ('MAP_00000000001296788648248','MONS_00000000001297218526192',2,9);
INSERT INTO map_monsters VALUES ('MAP_00000000001296788648248','MONS_00000000001297218526192',2,10);
INSERT INTO map_monsters VALUES ('MAP_00000000001296788648248','MONS_00000000001297218526192',2,11);
INSERT INTO map_monsters VALUES ('MAP_00000000001296788648248','MONS_00000000001297218526192',2,12);
INSERT INTO map_monsters VALUES ('MAP_00000000001296788648248','MONS_00000000001297218526192',2,13);
INSERT INTO map_monsters VALUES ('MAP_00000000001296788648248','MONS_00000000001297218526192',2,14);
INSERT INTO map_monsters VALUES ('MAP_00000000001296788648248','MONS_00000000001297218526192',2,15);
INSERT INTO map_monsters VALUES ('MAP_00000000001296788648248','MONS_00000000001297218526192',2,20);
INSERT INTO map_monsters VALUES ('MAP_00000000001296788648248','MONS_00000000001297218526192',2,21);
INSERT INTO map_monsters VALUES ('MAP_00000000001296788648248','MONS_00000000001297218526192',2,22);
INSERT INTO map_monsters VALUES ('MAP_00000000001296788648248','MONS_00000000001297218526192',2,23);
INSERT INTO map_monsters VALUES ('MAP_00000000001296788648248','MONS_00000000001297218526192',2,24);
INSERT INTO map_monsters VALUES ('MAP_00000000001296788648248','MONS_00000000001297218526192',2,25);
INSERT INTO map_monsters VALUES ('MAP_00000000001296788648248','MONS_00000000001297218526192',2,26);
INSERT INTO map_monsters VALUES ('MAP_00000000001296788648248','MONS_00000000001297218526192',2,31);
INSERT INTO map_monsters VALUES ('MAP_00000000001296788648248','MONS_00000000001297218526192',2,32);
INSERT INTO map_monsters VALUES ('MAP_00000000001296788648248','MONS_00000000001297218526192',2,33);
INSERT INTO map_monsters VALUES ('MAP_00000000001296788648248','MONS_00000000001297218526192',2,34);
INSERT INTO map_monsters VALUES ('MAP_00000000001296788648248','MONS_00000000001297218526192',2,35);
INSERT INTO map_monsters VALUES ('MAP_00000000001296788648248','MONS_00000000001297218526192',2,36);
INSERT INTO map_monsters VALUES ('MAP_00000000001296788648248','MONS_00000000001297218526192',2,37);
INSERT INTO map_monsters VALUES ('MAP_00000000001296788648248','MONS_00000000001297218526192',2,38);
INSERT INTO map_monsters VALUES ('MAP_00000000001296788648248','MONS_00000000001297218526192',2,39);
INSERT INTO map_monsters VALUES ('MAP_00000000001296788648248','MONS_00000000001297218526192',2,40);
INSERT INTO map_monsters VALUES ('MAP_00000000001296788648248','MONS_00000000001297218526192',2,41);
INSERT INTO map_monsters VALUES ('MAP_00000000001296788648248','MONS_00000000001297218526192',2,42);
INSERT INTO map_monsters VALUES ('MAP_00000000001296788648248','MONS_00000000001297218526192',2,43);
INSERT INTO map_monsters VALUES ('MAP_00000000001296788648248','MONS_00000000001297218526192',2,44);
INSERT INTO map_monsters VALUES ('MAP_00000000001296788648248','MONS_00000000001297218526192',2,45);
INSERT INTO map_monsters VALUES ('MAP_00000000001296788648248','MONS_00000000001297218526192',2,46);
INSERT INTO map_monsters VALUES ('MAP_00000000001296788648248','MONS_00000000001297218526192',2,47);
INSERT INTO map_monsters VALUES ('MAP_00000000001296788648248','MONS_00000000001297218526192',2,48);
INSERT INTO map_monsters VALUES ('MAP_00000000001296788648248','MONS_00000000001297218526192',2,49);
INSERT INTO map_monsters VALUES ('MAP_00000000001296788648248','MONS_00000000001297218526192',2,50);
INSERT INTO map_monsters VALUES ('MAP_00000000001296788648248','MONS_00000000001297218526192',2,51);
INSERT INTO map_monsters VALUES ('MAP_00000000001296788648248','MONS_00000000001297218526192',2,52);
INSERT INTO map_monsters VALUES ('MAP_00000000001296788648248','MONS_00000000001297218526192',2,53);
INSERT INTO map_monsters VALUES ('MAP_00000000001296788648248','MONS_00000000001297218526192',2,54);
INSERT INTO map_monsters VALUES ('MAP_00000000001296788648248','MONS_00000000001297218526192',2,55);
INSERT INTO map_monsters VALUES ('MAP_00000000001296788648248','MONS_00000000001297218526192',2,56);
INSERT INTO map_monsters VALUES ('MAP_00000000001296788648248','MONS_00000000001297218526192',2,57);
INSERT INTO map_monsters VALUES ('MAP_00000000001296788648248','MONS_00000000001297218526192',2,58);
INSERT INTO map_monsters VALUES ('MAP_00000000001296788648248','MONS_00000000001297218526192',2,59);
INSERT INTO map_monsters VALUES ('MAP_00000000001296788648248','MONS_00000000001297218526192',3,6);
INSERT INTO map_monsters VALUES ('MAP_00000000001296788648248','MONS_00000000001297218526192',3,15);
INSERT INTO map_monsters VALUES ('MAP_00000000001296788648248','MONS_00000000001297218526192',3,22);
INSERT INTO map_monsters VALUES ('MAP_00000000001296788648248','MONS_00000000001297218526192',3,23);
INSERT INTO map_monsters VALUES ('MAP_00000000001296788648248','MONS_00000000001297218526192',3,24);
INSERT INTO map_monsters VALUES ('MAP_00000000001296788648248','MONS_00000000001297218526192',3,31);
INSERT INTO map_monsters VALUES ('MAP_00000000001296788648248','MONS_00000000001297218526192',3,43);
INSERT INTO map_monsters VALUES ('MAP_00000000001296788648248','MONS_00000000001297218526192',4,2);
INSERT INTO map_monsters VALUES ('MAP_00000000001296788648248','MONS_00000000001297218526192',4,5);
INSERT INTO map_monsters VALUES ('MAP_00000000001296788648248','MONS_00000000001297218526192',4,6);
INSERT INTO map_monsters VALUES ('MAP_00000000001296788648248','MONS_00000000001297218526192',4,7);
INSERT INTO map_monsters VALUES ('MAP_00000000001296788648248','MONS_00000000001297218526192',4,8);
INSERT INTO map_monsters VALUES ('MAP_00000000001296788648248','MONS_00000000001297218526192',4,9);
INSERT INTO map_monsters VALUES ('MAP_00000000001296788648248','MONS_00000000001297218526192',4,10);
INSERT INTO map_monsters VALUES ('MAP_00000000001296788648248','MONS_00000000001297218526192',4,11);
INSERT INTO map_monsters VALUES ('MAP_00000000001296788648248','MONS_00000000001297218526192',4,12);
INSERT INTO map_monsters VALUES ('MAP_00000000001296788648248','MONS_00000000001297218526192',4,13);
INSERT INTO map_monsters VALUES ('MAP_00000000001296788648248','MONS_00000000001297218526192',4,14);
INSERT INTO map_monsters VALUES ('MAP_00000000001296788648248','MONS_00000000001297218526192',4,15);
INSERT INTO map_monsters VALUES ('MAP_00000000001296788648248','MONS_00000000001297218526192',4,18);
INSERT INTO map_monsters VALUES ('MAP_00000000001296788648248','MONS_00000000001297218526192',4,22);
INSERT INTO map_monsters VALUES ('MAP_00000000001296788648248','MONS_00000000001297218526192',4,23);
INSERT INTO map_monsters VALUES ('MAP_00000000001296788648248','MONS_00000000001297218526192',4,24);
INSERT INTO map_monsters VALUES ('MAP_00000000001296788648248','MONS_00000000001297218526192',4,28);
INSERT INTO map_monsters VALUES ('MAP_00000000001296788648248','MONS_00000000001297218526192',4,31);
INSERT INTO map_monsters VALUES ('MAP_00000000001296788648248','MONS_00000000001297218526192',4,32);
INSERT INTO map_monsters VALUES ('MAP_00000000001296788648248','MONS_00000000001297218526192',4,33);
INSERT INTO map_monsters VALUES ('MAP_00000000001296788648248','MONS_00000000001297218526192',4,34);
INSERT INTO map_monsters VALUES ('MAP_00000000001296788648248','MONS_00000000001297218526192',4,35);
INSERT INTO map_monsters VALUES ('MAP_00000000001296788648248','MONS_00000000001297218526192',4,36);
INSERT INTO map_monsters VALUES ('MAP_00000000001296788648248','MONS_00000000001297218526192',4,37);
INSERT INTO map_monsters VALUES ('MAP_00000000001296788648248','MONS_00000000001297218526192',4,38);
INSERT INTO map_monsters VALUES ('MAP_00000000001296788648248','MONS_00000000001297218526192',4,39);
INSERT INTO map_monsters VALUES ('MAP_00000000001296788648248','MONS_00000000001297218526192',4,40);
INSERT INTO map_monsters VALUES ('MAP_00000000001296788648248','MONS_00000000001297218526192',4,41);
INSERT INTO map_monsters VALUES ('MAP_00000000001296788648248','MONS_00000000001297218526192',4,42);
INSERT INTO map_monsters VALUES ('MAP_00000000001296788648248','MONS_00000000001297218526192',4,43);
INSERT INTO map_monsters VALUES ('MAP_00000000001296788648248','MONS_00000000001297218526192',5,2);
INSERT INTO map_monsters VALUES ('MAP_00000000001296788648248','MONS_00000000001297218526192',5,3);
INSERT INTO map_monsters VALUES ('MAP_00000000001296788648248','MONS_00000000001297218526192',5,4);
INSERT INTO map_monsters VALUES ('MAP_00000000001296788648248','MONS_00000000001297218526192',5,5);
INSERT INTO map_monsters VALUES ('MAP_00000000001296788648248','MONS_00000000001297218526192',5,7);
INSERT INTO map_monsters VALUES ('MAP_00000000001296788648248','MONS_00000000001297218526192',5,15);
INSERT INTO map_monsters VALUES ('MAP_00000000001296788648248','MONS_00000000001297218526192',5,16);
INSERT INTO map_monsters VALUES ('MAP_00000000001296788648248','MONS_00000000001297218526192',5,17);
INSERT INTO map_monsters VALUES ('MAP_00000000001296788648248','MONS_00000000001297218526192',5,18);
INSERT INTO map_monsters VALUES ('MAP_00000000001296788648248','MONS_00000000001297218526192',5,19);
INSERT INTO map_monsters VALUES ('MAP_00000000001296788648248','MONS_00000000001297218526192',5,20);
INSERT INTO map_monsters VALUES ('MAP_00000000001296788648248','MONS_00000000001297218526192',5,21);
INSERT INTO map_monsters VALUES ('MAP_00000000001296788648248','MONS_00000000001297218526192',5,22);
INSERT INTO map_monsters VALUES ('MAP_00000000001296788648248','MONS_00000000001297218526192',5,23);
INSERT INTO map_monsters VALUES ('MAP_00000000001296788648248','MONS_00000000001297218526192',5,24);
INSERT INTO map_monsters VALUES ('MAP_00000000001296788648248','MONS_00000000001297218526192',5,25);
INSERT INTO map_monsters VALUES ('MAP_00000000001296788648248','MONS_00000000001297218526192',5,26);
INSERT INTO map_monsters VALUES ('MAP_00000000001296788648248','MONS_00000000001297218526192',5,27);
INSERT INTO map_monsters VALUES ('MAP_00000000001296788648248','MONS_00000000001297218526192',5,28);
INSERT INTO map_monsters VALUES ('MAP_00000000001296788648248','MONS_00000000001297218526192',5,29);
INSERT INTO map_monsters VALUES ('MAP_00000000001296788648248','MONS_00000000001297218526192',5,30);
INSERT INTO map_monsters VALUES ('MAP_00000000001296788648248','MONS_00000000001297218526192',5,31);
INSERT INTO map_monsters VALUES ('MAP_00000000001296788648248','MONS_00000000001297218526192',5,42);
INSERT INTO map_monsters VALUES ('MAP_00000000001296788648248','MONS_00000000001297218526192',5,43);
INSERT INTO map_monsters VALUES ('MAP_00000000001296788648248','MONS_00000000001297218526192',6,2);
INSERT INTO map_monsters VALUES ('MAP_00000000001296788648248','MONS_00000000001297218526192',6,7);
INSERT INTO map_monsters VALUES ('MAP_00000000001296788648248','MONS_00000000001297218526192',6,22);
INSERT INTO map_monsters VALUES ('MAP_00000000001296788648248','MONS_00000000001297218526192',6,23);
INSERT INTO map_monsters VALUES ('MAP_00000000001296788648248','MONS_00000000001297218526192',6,24);
INSERT INTO map_monsters VALUES ('MAP_00000000001296788648248','MONS_00000000001297218526192',6,42);
INSERT INTO map_monsters VALUES ('MAP_00000000001296788648248','MONS_00000000001297218526192',6,43);
INSERT INTO map_monsters VALUES ('MAP_00000000001296788648248','MONS_00000000001297218526192',7,2);
INSERT INTO map_monsters VALUES ('MAP_00000000001296788648248','MONS_00000000001297218526192',7,7);
INSERT INTO map_monsters VALUES ('MAP_00000000001296788648248','MONS_00000000001297218526192',7,22);
INSERT INTO map_monsters VALUES ('MAP_00000000001296788648248','MONS_00000000001297218526192',7,23);
INSERT INTO map_monsters VALUES ('MAP_00000000001296788648248','MONS_00000000001297218526192',7,24);
INSERT INTO map_monsters VALUES ('MAP_00000000001296788648248','MONS_00000000001297218526192',7,42);
INSERT INTO map_monsters VALUES ('MAP_00000000001296788648248','MONS_00000000001297218526192',7,43);
INSERT INTO map_monsters VALUES ('MAP_00000000001296788648248','MONS_00000000001297218526192',8,2);
INSERT INTO map_monsters VALUES ('MAP_00000000001296788648248','MONS_00000000001297218526192',8,3);
INSERT INTO map_monsters VALUES ('MAP_00000000001296788648248','MONS_00000000001297218526192',8,4);
INSERT INTO map_monsters VALUES ('MAP_00000000001296788648248','MONS_00000000001297218526192',8,5);
INSERT INTO map_monsters VALUES ('MAP_00000000001296788648248','MONS_00000000001297218526192',8,7);
INSERT INTO map_monsters VALUES ('MAP_00000000001296788648248','MONS_00000000001297218526192',8,10);
INSERT INTO map_monsters VALUES ('MAP_00000000001296788648248','MONS_00000000001297218526192',8,11);
INSERT INTO map_monsters VALUES ('MAP_00000000001296788648248','MONS_00000000001297218526192',8,12);
INSERT INTO map_monsters VALUES ('MAP_00000000001296788648248','MONS_00000000001297218526192',8,13);
INSERT INTO map_monsters VALUES ('MAP_00000000001296788648248','MONS_00000000001297218526192',8,14);
INSERT INTO map_monsters VALUES ('MAP_00000000001296788648248','MONS_00000000001297218526192',8,15);
INSERT INTO map_monsters VALUES ('MAP_00000000001296788648248','MONS_00000000001297218526192',8,16);
INSERT INTO map_monsters VALUES ('MAP_00000000001296788648248','MONS_00000000001297218526192',8,17);
INSERT INTO map_monsters VALUES ('MAP_00000000001296788648248','MONS_00000000001297218526192',8,18);
INSERT INTO map_monsters VALUES ('MAP_00000000001296788648248','MONS_00000000001297218526192',8,19);
INSERT INTO map_monsters VALUES ('MAP_00000000001296788648248','MONS_00000000001297218526192',8,20);
INSERT INTO map_monsters VALUES ('MAP_00000000001296788648248','MONS_00000000001297218526192',8,22);
INSERT INTO map_monsters VALUES ('MAP_00000000001296788648248','MONS_00000000001297218526192',8,23);
INSERT INTO map_monsters VALUES ('MAP_00000000001296788648248','MONS_00000000001297218526192',8,24);
INSERT INTO map_monsters VALUES ('MAP_00000000001296788648248','MONS_00000000001297218526192',8,26);
INSERT INTO map_monsters VALUES ('MAP_00000000001296788648248','MONS_00000000001297218526192',8,27);
INSERT INTO map_monsters VALUES ('MAP_00000000001296788648248','MONS_00000000001297218526192',8,28);
INSERT INTO map_monsters VALUES ('MAP_00000000001296788648248','MONS_00000000001297218526192',8,29);
INSERT INTO map_monsters VALUES ('MAP_00000000001296788648248','MONS_00000000001297218526192',8,30);
INSERT INTO map_monsters VALUES ('MAP_00000000001296788648248','MONS_00000000001297218526192',8,31);
INSERT INTO map_monsters VALUES ('MAP_00000000001296788648248','MONS_00000000001297218526192',8,32);
INSERT INTO map_monsters VALUES ('MAP_00000000001296788648248','MONS_00000000001297218526192',8,33);
INSERT INTO map_monsters VALUES ('MAP_00000000001296788648248','MONS_00000000001297218526192',8,34);
INSERT INTO map_monsters VALUES ('MAP_00000000001296788648248','MONS_00000000001297218526192',8,35);
INSERT INTO map_monsters VALUES ('MAP_00000000001296788648248','MONS_00000000001297218526192',8,36);
INSERT INTO map_monsters VALUES ('MAP_00000000001296788648248','MONS_00000000001297218526192',8,37);
INSERT INTO map_monsters VALUES ('MAP_00000000001296788648248','MONS_00000000001297218526192',8,38);
INSERT INTO map_monsters VALUES ('MAP_00000000001296788648248','MONS_00000000001297218526192',8,39);
INSERT INTO map_monsters VALUES ('MAP_00000000001296788648248','MONS_00000000001297218526192',8,42);
INSERT INTO map_monsters VALUES ('MAP_00000000001296788648248','MONS_00000000001297218526192',8,43);
INSERT INTO map_monsters VALUES ('MAP_00000000001296788648248','MONS_00000000001297218526192',9,2);
INSERT INTO map_monsters VALUES ('MAP_00000000001296788648248','MONS_00000000001297218526192',9,5);
INSERT INTO map_monsters VALUES ('MAP_00000000001296788648248','MONS_00000000001297218526192',9,7);
INSERT INTO map_monsters VALUES ('MAP_00000000001296788648248','MONS_00000000001297218526192',9,10);
INSERT INTO map_monsters VALUES ('MAP_00000000001296788648248','MONS_00000000001297218526192',9,15);
INSERT INTO map_monsters VALUES ('MAP_00000000001296788648248','MONS_00000000001297218526192',9,20);
INSERT INTO map_monsters VALUES ('MAP_00000000001296788648248','MONS_00000000001297218526192',9,22);
INSERT INTO map_monsters VALUES ('MAP_00000000001296788648248','MONS_00000000001297218526192',9,23);
INSERT INTO map_monsters VALUES ('MAP_00000000001296788648248','MONS_00000000001297218526192',9,24);
INSERT INTO map_monsters VALUES ('MAP_00000000001296788648248','MONS_00000000001297218526192',9,26);
INSERT INTO map_monsters VALUES ('MAP_00000000001296788648248','MONS_00000000001297218526192',9,39);
INSERT INTO map_monsters VALUES ('MAP_00000000001296788648248','MONS_00000000001297218526192',9,42);
INSERT INTO map_monsters VALUES ('MAP_00000000001296788648248','MONS_00000000001297218526192',9,43);
INSERT INTO map_monsters VALUES ('MAP_00000000001296788648248','MONS_00000000001297218526192',10,5);
INSERT INTO map_monsters VALUES ('MAP_00000000001296788648248','MONS_00000000001297218526192',10,7);
INSERT INTO map_monsters VALUES ('MAP_00000000001296788648248','MONS_00000000001297218526192',10,10);
INSERT INTO map_monsters VALUES ('MAP_00000000001296788648248','MONS_00000000001297218526192',10,11);
INSERT INTO map_monsters VALUES ('MAP_00000000001296788648248','MONS_00000000001297218526192',10,12);
INSERT INTO map_monsters VALUES ('MAP_00000000001296788648248','MONS_00000000001297218526192',10,13);
INSERT INTO map_monsters VALUES ('MAP_00000000001296788648248','MONS_00000000001297218526192',10,14);
INSERT INTO map_monsters VALUES ('MAP_00000000001296788648248','MONS_00000000001297218526192',10,15);
INSERT INTO map_monsters VALUES ('MAP_00000000001296788648248','MONS_00000000001297218526192',10,16);
INSERT INTO map_monsters VALUES ('MAP_00000000001296788648248','MONS_00000000001297218526192',10,17);
INSERT INTO map_monsters VALUES ('MAP_00000000001296788648248','MONS_00000000001297218526192',10,18);
INSERT INTO map_monsters VALUES ('MAP_00000000001296788648248','MONS_00000000001297218526192',10,19);
INSERT INTO map_monsters VALUES ('MAP_00000000001296788648248','MONS_00000000001297218526192',10,20);
INSERT INTO map_monsters VALUES ('MAP_00000000001296788648248','MONS_00000000001297218526192',10,21);
INSERT INTO map_monsters VALUES ('MAP_00000000001296788648248','MONS_00000000001297218526192',10,22);
INSERT INTO map_monsters VALUES ('MAP_00000000001296788648248','MONS_00000000001297218526192',10,23);
INSERT INTO map_monsters VALUES ('MAP_00000000001296788648248','MONS_00000000001297218526192',10,24);
INSERT INTO map_monsters VALUES ('MAP_00000000001296788648248','MONS_00000000001297218526192',10,25);
INSERT INTO map_monsters VALUES ('MAP_00000000001296788648248','MONS_00000000001297218526192',10,26);
INSERT INTO map_monsters VALUES ('MAP_00000000001296788648248','MONS_00000000001297218526192',10,27);
INSERT INTO map_monsters VALUES ('MAP_00000000001296788648248','MONS_00000000001297218526192',10,28);
INSERT INTO map_monsters VALUES ('MAP_00000000001296788648248','MONS_00000000001297218526192',10,29);
INSERT INTO map_monsters VALUES ('MAP_00000000001296788648248','MONS_00000000001297218526192',10,30);
INSERT INTO map_monsters VALUES ('MAP_00000000001296788648248','MONS_00000000001297218526192',10,31);
INSERT INTO map_monsters VALUES ('MAP_00000000001296788648248','MONS_00000000001297218526192',10,32);
INSERT INTO map_monsters VALUES ('MAP_00000000001296788648248','MONS_00000000001297218526192',10,33);
INSERT INTO map_monsters VALUES ('MAP_00000000001296788648248','MONS_00000000001297218526192',10,34);
INSERT INTO map_monsters VALUES ('MAP_00000000001296788648248','MONS_00000000001297218526192',10,35);
INSERT INTO map_monsters VALUES ('MAP_00000000001296788648248','MONS_00000000001297218526192',10,36);
INSERT INTO map_monsters VALUES ('MAP_00000000001296788648248','MONS_00000000001297218526192',10,37);
INSERT INTO map_monsters VALUES ('MAP_00000000001296788648248','MONS_00000000001297218526192',10,38);
INSERT INTO map_monsters VALUES ('MAP_00000000001296788648248','MONS_00000000001297218526192',10,39);
INSERT INTO map_monsters VALUES ('MAP_00000000001296788648248','MONS_00000000001297218526192',10,42);
INSERT INTO map_monsters VALUES ('MAP_00000000001296788648248','MONS_00000000001297218526192',10,43);
INSERT INTO map_monsters VALUES ('MAP_00000000001296788648248','MONS_00000000001297218526192',11,4);
INSERT INTO map_monsters VALUES ('MAP_00000000001296788648248','MONS_00000000001297218526192',11,5);
INSERT INTO map_monsters VALUES ('MAP_00000000001296788648248','MONS_00000000001297218526192',11,6);
INSERT INTO map_monsters VALUES ('MAP_00000000001296788648248','MONS_00000000001297218526192',11,7);
INSERT INTO map_monsters VALUES ('MAP_00000000001296788648248','MONS_00000000001297218526192',11,10);
INSERT INTO map_monsters VALUES ('MAP_00000000001296788648248','MONS_00000000001297218526192',11,19);
INSERT INTO map_monsters VALUES ('MAP_00000000001296788648248','MONS_00000000001297218526192',11,22);
INSERT INTO map_monsters VALUES ('MAP_00000000001296788648248','MONS_00000000001297218526192',11,23);
INSERT INTO map_monsters VALUES ('MAP_00000000001296788648248','MONS_00000000001297218526192',11,24);
INSERT INTO map_monsters VALUES ('MAP_00000000001296788648248','MONS_00000000001297218526192',11,38);
INSERT INTO map_monsters VALUES ('MAP_00000000001296788648248','MONS_00000000001297218526192',11,42);
INSERT INTO map_monsters VALUES ('MAP_00000000001296788648248','MONS_00000000001297218526192',11,43);
INSERT INTO map_monsters VALUES ('MAP_00000000001296788648248','MONS_00000000001297218526192',12,7);
INSERT INTO map_monsters VALUES ('MAP_00000000001296788648248','MONS_00000000001297218526192',12,10);
INSERT INTO map_monsters VALUES ('MAP_00000000001296788648248','MONS_00000000001297218526192',12,11);
INSERT INTO map_monsters VALUES ('MAP_00000000001296788648248','MONS_00000000001297218526192',12,12);
INSERT INTO map_monsters VALUES ('MAP_00000000001296788648248','MONS_00000000001297218526192',12,13);
INSERT INTO map_monsters VALUES ('MAP_00000000001296788648248','MONS_00000000001297218526192',12,14);
INSERT INTO map_monsters VALUES ('MAP_00000000001296788648248','MONS_00000000001297218526192',12,15);
INSERT INTO map_monsters VALUES ('MAP_00000000001296788648248','MONS_00000000001297218526192',12,16);
INSERT INTO map_monsters VALUES ('MAP_00000000001296788648248','MONS_00000000001297218526192',12,17);
INSERT INTO map_monsters VALUES ('MAP_00000000001296788648248','MONS_00000000001297218526192',12,18);
INSERT INTO map_monsters VALUES ('MAP_00000000001296788648248','MONS_00000000001297218526192',12,20);
INSERT INTO map_monsters VALUES ('MAP_00000000001296788648248','MONS_00000000001297218526192',12,21);
INSERT INTO map_monsters VALUES ('MAP_00000000001296788648248','MONS_00000000001297218526192',12,22);
INSERT INTO map_monsters VALUES ('MAP_00000000001296788648248','MONS_00000000001297218526192',12,23);
INSERT INTO map_monsters VALUES ('MAP_00000000001296788648248','MONS_00000000001297218526192',12,24);
INSERT INTO map_monsters VALUES ('MAP_00000000001296788648248','MONS_00000000001297218526192',12,27);
INSERT INTO map_monsters VALUES ('MAP_00000000001296788648248','MONS_00000000001297218526192',12,28);
INSERT INTO map_monsters VALUES ('MAP_00000000001296788648248','MONS_00000000001297218526192',12,29);
INSERT INTO map_monsters VALUES ('MAP_00000000001296788648248','MONS_00000000001297218526192',12,30);
INSERT INTO map_monsters VALUES ('MAP_00000000001296788648248','MONS_00000000001297218526192',12,31);
INSERT INTO map_monsters VALUES ('MAP_00000000001296788648248','MONS_00000000001297218526192',12,32);
INSERT INTO map_monsters VALUES ('MAP_00000000001296788648248','MONS_00000000001297218526192',12,33);
INSERT INTO map_monsters VALUES ('MAP_00000000001296788648248','MONS_00000000001297218526192',12,34);
INSERT INTO map_monsters VALUES ('MAP_00000000001296788648248','MONS_00000000001297218526192',12,35);
INSERT INTO map_monsters VALUES ('MAP_00000000001296788648248','MONS_00000000001297218526192',12,36);
INSERT INTO map_monsters VALUES ('MAP_00000000001296788648248','MONS_00000000001297218526192',12,37);
INSERT INTO map_monsters VALUES ('MAP_00000000001296788648248','MONS_00000000001297218526192',12,38);
INSERT INTO map_monsters VALUES ('MAP_00000000001296788648248','MONS_00000000001297218526192',12,39);
INSERT INTO map_monsters VALUES ('MAP_00000000001296788648248','MONS_00000000001297218526192',12,40);
INSERT INTO map_monsters VALUES ('MAP_00000000001296788648248','MONS_00000000001297218526192',12,42);
INSERT INTO map_monsters VALUES ('MAP_00000000001296788648248','MONS_00000000001297218526192',12,43);
INSERT INTO map_monsters VALUES ('MAP_00000000001296788648248','MONS_00000000001297218526192',13,7);
INSERT INTO map_monsters VALUES ('MAP_00000000001296788648248','MONS_00000000001297218526192',13,11);
INSERT INTO map_monsters VALUES ('MAP_00000000001296788648248','MONS_00000000001297218526192',13,20);
INSERT INTO map_monsters VALUES ('MAP_00000000001296788648248','MONS_00000000001297218526192',13,21);
INSERT INTO map_monsters VALUES ('MAP_00000000001296788648248','MONS_00000000001297218526192',13,22);
INSERT INTO map_monsters VALUES ('MAP_00000000001296788648248','MONS_00000000001297218526192',13,23);
INSERT INTO map_monsters VALUES ('MAP_00000000001296788648248','MONS_00000000001297218526192',13,24);
INSERT INTO map_monsters VALUES ('MAP_00000000001296788648248','MONS_00000000001297218526192',13,25);
INSERT INTO map_monsters VALUES ('MAP_00000000001296788648248','MONS_00000000001297218526192',13,26);
INSERT INTO map_monsters VALUES ('MAP_00000000001296788648248','MONS_00000000001297218526192',13,28);
INSERT INTO map_monsters VALUES ('MAP_00000000001296788648248','MONS_00000000001297218526192',13,40);
INSERT INTO map_monsters VALUES ('MAP_00000000001296788648248','MONS_00000000001297218526192',13,41);
INSERT INTO map_monsters VALUES ('MAP_00000000001296788648248','MONS_00000000001297218526192',13,42);
INSERT INTO map_monsters VALUES ('MAP_00000000001296788648248','MONS_00000000001297218526192',13,43);
INSERT INTO map_monsters VALUES ('MAP_00000000001296788648248','MONS_00000000001297218526192',14,1);
INSERT INTO map_monsters VALUES ('MAP_00000000001296788648248','MONS_00000000001297218526192',14,2);
INSERT INTO map_monsters VALUES ('MAP_00000000001296788648248','MONS_00000000001297218526192',14,3);
INSERT INTO map_monsters VALUES ('MAP_00000000001296788648248','MONS_00000000001297218526192',14,4);
INSERT INTO map_monsters VALUES ('MAP_00000000001296788648248','MONS_00000000001297218526192',14,5);
INSERT INTO map_monsters VALUES ('MAP_00000000001296788648248','MONS_00000000001297218526192',14,6);
INSERT INTO map_monsters VALUES ('MAP_00000000001296788648248','MONS_00000000001297218526192',14,7);
INSERT INTO map_monsters VALUES ('MAP_00000000001296788648248','MONS_00000000001297218526192',14,8);
INSERT INTO map_monsters VALUES ('MAP_00000000001296788648248','MONS_00000000001297218526192',14,9);
INSERT INTO map_monsters VALUES ('MAP_00000000001296788648248','MONS_00000000001297218526192',14,10);
INSERT INTO map_monsters VALUES ('MAP_00000000001296788648248','MONS_00000000001297218526192',14,11);
INSERT INTO map_monsters VALUES ('MAP_00000000001296788648248','MONS_00000000001297218526192',14,12);
INSERT INTO map_monsters VALUES ('MAP_00000000001296788648248','MONS_00000000001297218526192',14,13);
INSERT INTO map_monsters VALUES ('MAP_00000000001296788648248','MONS_00000000001297218526192',14,14);
INSERT INTO map_monsters VALUES ('MAP_00000000001296788648248','MONS_00000000001297218526192',14,15);
INSERT INTO map_monsters VALUES ('MAP_00000000001296788648248','MONS_00000000001297218526192',14,16);
INSERT INTO map_monsters VALUES ('MAP_00000000001296788648248','MONS_00000000001297218526192',14,17);
INSERT INTO map_monsters VALUES ('MAP_00000000001296788648248','MONS_00000000001297218526192',14,18);
INSERT INTO map_monsters VALUES ('MAP_00000000001296788648248','MONS_00000000001297218526192',14,19);
INSERT INTO map_monsters VALUES ('MAP_00000000001296788648248','MONS_00000000001297218526192',14,20);
INSERT INTO map_monsters VALUES ('MAP_00000000001296788648248','MONS_00000000001297218526192',14,21);
INSERT INTO map_monsters VALUES ('MAP_00000000001296788648248','MONS_00000000001297218526192',14,23);
INSERT INTO map_monsters VALUES ('MAP_00000000001296788648248','MONS_00000000001297218526192',14,24);
INSERT INTO map_monsters VALUES ('MAP_00000000001296788648248','MONS_00000000001297218526192',14,25);
INSERT INTO map_monsters VALUES ('MAP_00000000001296788648248','MONS_00000000001297218526192',14,26);
INSERT INTO map_monsters VALUES ('MAP_00000000001296788648248','MONS_00000000001297218526192',14,27);
INSERT INTO map_monsters VALUES ('MAP_00000000001296788648248','MONS_00000000001297218526192',14,28);
INSERT INTO map_monsters VALUES ('MAP_00000000001296788648248','MONS_00000000001297218526192',14,29);
INSERT INTO map_monsters VALUES ('MAP_00000000001296788648248','MONS_00000000001297218526192',14,30);
INSERT INTO map_monsters VALUES ('MAP_00000000001296788648248','MONS_00000000001297218526192',14,31);
INSERT INTO map_monsters VALUES ('MAP_00000000001296788648248','MONS_00000000001297218526192',14,32);
INSERT INTO map_monsters VALUES ('MAP_00000000001296788648248','MONS_00000000001297218526192',14,33);
INSERT INTO map_monsters VALUES ('MAP_00000000001296788648248','MONS_00000000001297218526192',14,34);
INSERT INTO map_monsters VALUES ('MAP_00000000001296788648248','MONS_00000000001297218526192',14,35);
INSERT INTO map_monsters VALUES ('MAP_00000000001296788648248','MONS_00000000001297218526192',14,36);
INSERT INTO map_monsters VALUES ('MAP_00000000001296788648248','MONS_00000000001297218526192',14,37);
INSERT INTO map_monsters VALUES ('MAP_00000000001296788648248','MONS_00000000001297218526192',14,38);
INSERT INTO map_monsters VALUES ('MAP_00000000001296788648248','MONS_00000000001297218526192',14,39);
INSERT INTO map_monsters VALUES ('MAP_00000000001296788648248','MONS_00000000001297218526192',14,40);
INSERT INTO map_monsters VALUES ('MAP_00000000001296788648248','MONS_00000000001297218526192',15,0);
INSERT INTO map_monsters VALUES ('MAP_00000000001296788648248','MONS_00000000001297218526192',15,1);
INSERT INTO map_monsters VALUES ('MAP_00000000001296788648248','MONS_00000000001297218526192',15,2);
INSERT INTO map_monsters VALUES ('MAP_00000000001296788648248','MONS_00000000001297218526192',15,3);
INSERT INTO map_monsters VALUES ('MAP_00000000001296788648248','MONS_00000000001297218526192',15,4);
INSERT INTO map_monsters VALUES ('MAP_00000000001296788648248','MONS_00000000001297218526192',15,5);
INSERT INTO map_monsters VALUES ('MAP_00000000001296788648248','MONS_00000000001297218526192',15,6);
INSERT INTO map_monsters VALUES ('MAP_00000000001296788648248','MONS_00000000001297218526192',15,7);
INSERT INTO map_monsters VALUES ('MAP_00000000001296788648248','MONS_00000000001297218526192',15,8);
INSERT INTO map_monsters VALUES ('MAP_00000000001296788648248','MONS_00000000001297218526192',15,9);
INSERT INTO map_monsters VALUES ('MAP_00000000001296788648248','MONS_00000000001297218526192',15,10);
INSERT INTO map_monsters VALUES ('MAP_00000000001296788648248','MONS_00000000001297218526192',15,11);
INSERT INTO map_monsters VALUES ('MAP_00000000001296788648248','MONS_00000000001297218526192',15,12);
INSERT INTO map_monsters VALUES ('MAP_00000000001296788648248','MONS_00000000001297218526192',15,13);
INSERT INTO map_monsters VALUES ('MAP_00000000001296788648248','MONS_00000000001297218526192',15,14);
INSERT INTO map_monsters VALUES ('MAP_00000000001296788648248','MONS_00000000001297218526192',15,15);
INSERT INTO map_monsters VALUES ('MAP_00000000001296788648248','MONS_00000000001297218526192',15,19);
INSERT INTO map_monsters VALUES ('MAP_00000000001296788648248','MONS_00000000001297218526192',15,20);
INSERT INTO map_monsters VALUES ('MAP_00000000001296788648248','MONS_00000000001297218526192',15,21);
INSERT INTO map_monsters VALUES ('MAP_00000000001296788648248','MONS_00000000001297218526192',15,22);
INSERT INTO map_monsters VALUES ('MAP_00000000001296788648248','MONS_00000000001297218526192',15,23);
INSERT INTO map_monsters VALUES ('MAP_00000000001296788648248','MONS_00000000001297218526192',15,24);
INSERT INTO map_monsters VALUES ('MAP_00000000001296788648248','MONS_00000000001297218526192',15,25);
INSERT INTO map_monsters VALUES ('MAP_00000000001296788648248','MONS_00000000001297218526192',15,26);
INSERT INTO map_monsters VALUES ('MAP_00000000001296788648248','MONS_00000000001297218526192',15,27);
INSERT INTO map_monsters VALUES ('MAP_00000000001296788648248','MONS_00000000001297218526192',15,28);
INSERT INTO map_monsters VALUES ('MAP_00000000001296788648248','MONS_00000000001297218526192',15,29);
INSERT INTO map_monsters VALUES ('MAP_00000000001296788648248','MONS_00000000001297218526192',15,30);
INSERT INTO map_monsters VALUES ('MAP_00000000001296788648248','MONS_00000000001297218526192',15,31);
INSERT INTO map_monsters VALUES ('MAP_00000000001296788648248','MONS_00000000001297218526192',15,32);
INSERT INTO map_monsters VALUES ('MAP_00000000001296788648248','MONS_00000000001297218526192',15,33);
INSERT INTO map_monsters VALUES ('MAP_00000000001296788648248','MONS_00000000001297218526192',15,34);
INSERT INTO map_monsters VALUES ('MAP_00000000001296788648248','MONS_00000000001297218526192',15,35);
INSERT INTO map_monsters VALUES ('MAP_00000000001296788648248','MONS_00000000001297218526192',15,36);
INSERT INTO map_monsters VALUES ('MAP_00000000001296788648248','MONS_00000000001297218526192',15,37);
INSERT INTO map_monsters VALUES ('MAP_00000000001296788648248','MONS_00000000001297218526192',15,38);
INSERT INTO map_monsters VALUES ('MAP_00000000001296788648248','MONS_00000000001297218526192',15,39);
INSERT INTO map_monsters VALUES ('MAP_00000000001296788648248','MONS_00000000001297218526192',15,40);
INSERT INTO map_monsters VALUES ('MAP_00000000001296788648248','MONS_00000000001297218526192',15,41);
INSERT INTO map_monsters VALUES ('MAP_00000000001296788648248','MONS_00000000001297218526192',15,42);
INSERT INTO map_monsters VALUES ('MAP_00000000001296788648248','MONS_00000000001297218526192',15,43);
INSERT INTO map_monsters VALUES ('MAP_00000000001296788648248','MONS_00000000001297218526192',16,0);
INSERT INTO map_monsters VALUES ('MAP_00000000001296788648248','MONS_00000000001297218526192',16,1);
INSERT INTO map_monsters VALUES ('MAP_00000000001296788648248','MONS_00000000001297218526192',16,2);
INSERT INTO map_monsters VALUES ('MAP_00000000001296788648248','MONS_00000000001297218526192',16,3);
INSERT INTO map_monsters VALUES ('MAP_00000000001296788648248','MONS_00000000001297218526192',16,4);
INSERT INTO map_monsters VALUES ('MAP_00000000001296788648248','MONS_00000000001297218526192',16,5);
INSERT INTO map_monsters VALUES ('MAP_00000000001296788648248','MONS_00000000001297218526192',16,6);
INSERT INTO map_monsters VALUES ('MAP_00000000001296788648248','MONS_00000000001297218526192',16,7);
INSERT INTO map_monsters VALUES ('MAP_00000000001296788648248','MONS_00000000001297218526192',16,8);
INSERT INTO map_monsters VALUES ('MAP_00000000001296788648248','MONS_00000000001297218526192',16,9);
INSERT INTO map_monsters VALUES ('MAP_00000000001296788648248','MONS_00000000001297218526192',16,10);
INSERT INTO map_monsters VALUES ('MAP_00000000001296788648248','MONS_00000000001297218526192',16,11);
INSERT INTO map_monsters VALUES ('MAP_00000000001296788648248','MONS_00000000001297218526192',16,12);
INSERT INTO map_monsters VALUES ('MAP_00000000001296788648248','MONS_00000000001297218526192',16,13);
INSERT INTO map_monsters VALUES ('MAP_00000000001296788648248','MONS_00000000001297218526192',16,14);
INSERT INTO map_monsters VALUES ('MAP_00000000001296788648248','MONS_00000000001297218526192',16,15);
INSERT INTO map_monsters VALUES ('MAP_00000000001296788648248','MONS_00000000001297218526192',16,19);
INSERT INTO map_monsters VALUES ('MAP_00000000001296788648248','MONS_00000000001297218526192',16,20);
INSERT INTO map_monsters VALUES ('MAP_00000000001296788648248','MONS_00000000001297218526192',16,21);
INSERT INTO map_monsters VALUES ('MAP_00000000001296788648248','MONS_00000000001297218526192',16,22);
INSERT INTO map_monsters VALUES ('MAP_00000000001296788648248','MONS_00000000001297218526192',16,23);
INSERT INTO map_monsters VALUES ('MAP_00000000001296788648248','MONS_00000000001297218526192',16,24);
INSERT INTO map_monsters VALUES ('MAP_00000000001296788648248','MONS_00000000001297218526192',16,25);
INSERT INTO map_monsters VALUES ('MAP_00000000001296788648248','MONS_00000000001297218526192',16,26);
INSERT INTO map_monsters VALUES ('MAP_00000000001296788648248','MONS_00000000001297218526192',16,27);
INSERT INTO map_monsters VALUES ('MAP_00000000001296788648248','MONS_00000000001297218526192',16,28);
INSERT INTO map_monsters VALUES ('MAP_00000000001296788648248','MONS_00000000001297218526192',16,29);
INSERT INTO map_monsters VALUES ('MAP_00000000001296788648248','MONS_00000000001297218526192',16,30);
INSERT INTO map_monsters VALUES ('MAP_00000000001296788648248','MONS_00000000001297218526192',16,31);
INSERT INTO map_monsters VALUES ('MAP_00000000001296788648248','MONS_00000000001297218526192',16,32);
INSERT INTO map_monsters VALUES ('MAP_00000000001296788648248','MONS_00000000001297218526192',16,33);
INSERT INTO map_monsters VALUES ('MAP_00000000001296788648248','MONS_00000000001297218526192',16,34);
INSERT INTO map_monsters VALUES ('MAP_00000000001296788648248','MONS_00000000001297218526192',16,35);
INSERT INTO map_monsters VALUES ('MAP_00000000001296788648248','MONS_00000000001297218526192',16,36);
INSERT INTO map_monsters VALUES ('MAP_00000000001296788648248','MONS_00000000001297218526192',16,37);
INSERT INTO map_monsters VALUES ('MAP_00000000001296788648248','MONS_00000000001297218526192',16,38);
INSERT INTO map_monsters VALUES ('MAP_00000000001296788648248','MONS_00000000001297218526192',16,39);
INSERT INTO map_monsters VALUES ('MAP_00000000001296788648248','MONS_00000000001297218526192',16,40);
INSERT INTO map_monsters VALUES ('MAP_00000000001296788648248','MONS_00000000001297218526192',16,41);
INSERT INTO map_monsters VALUES ('MAP_00000000001296788648248','MONS_00000000001297218526192',16,42);
INSERT INTO map_monsters VALUES ('MAP_00000000001296788648248','MONS_00000000001297218526192',16,43);
INSERT INTO map_monsters VALUES ('MAP_00000000001296788648248','MONS_00000000001297218526192',17,1);
INSERT INTO map_monsters VALUES ('MAP_00000000001296788648248','MONS_00000000001297218526192',17,2);
INSERT INTO map_monsters VALUES ('MAP_00000000001296788648248','MONS_00000000001297218526192',17,3);
INSERT INTO map_monsters VALUES ('MAP_00000000001296788648248','MONS_00000000001297218526192',17,4);
INSERT INTO map_monsters VALUES ('MAP_00000000001296788648248','MONS_00000000001297218526192',17,5);
INSERT INTO map_monsters VALUES ('MAP_00000000001296788648248','MONS_00000000001297218526192',17,6);
INSERT INTO map_monsters VALUES ('MAP_00000000001296788648248','MONS_00000000001297218526192',17,7);
INSERT INTO map_monsters VALUES ('MAP_00000000001296788648248','MONS_00000000001297218526192',17,8);
INSERT INTO map_monsters VALUES ('MAP_00000000001296788648248','MONS_00000000001297218526192',17,9);
INSERT INTO map_monsters VALUES ('MAP_00000000001296788648248','MONS_00000000001297218526192',17,10);
INSERT INTO map_monsters VALUES ('MAP_00000000001296788648248','MONS_00000000001297218526192',17,11);
INSERT INTO map_monsters VALUES ('MAP_00000000001296788648248','MONS_00000000001297218526192',17,12);
INSERT INTO map_monsters VALUES ('MAP_00000000001296788648248','MONS_00000000001297218526192',17,13);
INSERT INTO map_monsters VALUES ('MAP_00000000001296788648248','MONS_00000000001297218526192',17,14);
INSERT INTO map_monsters VALUES ('MAP_00000000001296788648248','MONS_00000000001297218526192',17,15);
INSERT INTO map_monsters VALUES ('MAP_00000000001296788648248','MONS_00000000001297218526192',17,16);
INSERT INTO map_monsters VALUES ('MAP_00000000001296788648248','MONS_00000000001297218526192',17,17);
INSERT INTO map_monsters VALUES ('MAP_00000000001296788648248','MONS_00000000001297218526192',17,18);
INSERT INTO map_monsters VALUES ('MAP_00000000001296788648248','MONS_00000000001297218526192',17,19);
INSERT INTO map_monsters VALUES ('MAP_00000000001296788648248','MONS_00000000001297218526192',17,20);
INSERT INTO map_monsters VALUES ('MAP_00000000001296788648248','MONS_00000000001297218526192',17,21);
INSERT INTO map_monsters VALUES ('MAP_00000000001296788648248','MONS_00000000001297218526192',17,23);
INSERT INTO map_monsters VALUES ('MAP_00000000001296788648248','MONS_00000000001297218526192',17,24);
INSERT INTO map_monsters VALUES ('MAP_00000000001296788648248','MONS_00000000001297218526192',17,25);
INSERT INTO map_monsters VALUES ('MAP_00000000001296788648248','MONS_00000000001297218526192',17,26);
INSERT INTO map_monsters VALUES ('MAP_00000000001296788648248','MONS_00000000001297218526192',17,27);
INSERT INTO map_monsters VALUES ('MAP_00000000001296788648248','MONS_00000000001297218526192',17,28);
INSERT INTO map_monsters VALUES ('MAP_00000000001296788648248','MONS_00000000001297218526192',17,29);
INSERT INTO map_monsters VALUES ('MAP_00000000001296788648248','MONS_00000000001297218526192',17,30);
INSERT INTO map_monsters VALUES ('MAP_00000000001296788648248','MONS_00000000001297218526192',17,31);
INSERT INTO map_monsters VALUES ('MAP_00000000001296788648248','MONS_00000000001297218526192',17,32);
INSERT INTO map_monsters VALUES ('MAP_00000000001296788648248','MONS_00000000001297218526192',17,33);
INSERT INTO map_monsters VALUES ('MAP_00000000001296788648248','MONS_00000000001297218526192',17,34);
INSERT INTO map_monsters VALUES ('MAP_00000000001296788648248','MONS_00000000001297218526192',17,35);
INSERT INTO map_monsters VALUES ('MAP_00000000001296788648248','MONS_00000000001297218526192',17,36);
INSERT INTO map_monsters VALUES ('MAP_00000000001296788648248','MONS_00000000001297218526192',17,37);
INSERT INTO map_monsters VALUES ('MAP_00000000001296788648248','MONS_00000000001297218526192',17,38);
INSERT INTO map_monsters VALUES ('MAP_00000000001296788648248','MONS_00000000001297218526192',17,39);
INSERT INTO map_monsters VALUES ('MAP_00000000001296788648248','MONS_00000000001297218526192',17,40);
INSERT INTO map_monsters VALUES ('MAP_00000000001296788648248','MONS_00000000001297218526192',18,7);
INSERT INTO map_monsters VALUES ('MAP_00000000001296788648248','MONS_00000000001297218526192',18,11);
INSERT INTO map_monsters VALUES ('MAP_00000000001296788648248','MONS_00000000001297218526192',18,20);
INSERT INTO map_monsters VALUES ('MAP_00000000001296788648248','MONS_00000000001297218526192',18,21);
INSERT INTO map_monsters VALUES ('MAP_00000000001296788648248','MONS_00000000001297218526192',18,22);
INSERT INTO map_monsters VALUES ('MAP_00000000001296788648248','MONS_00000000001297218526192',18,23);
INSERT INTO map_monsters VALUES ('MAP_00000000001296788648248','MONS_00000000001297218526192',18,24);
INSERT INTO map_monsters VALUES ('MAP_00000000001296788648248','MONS_00000000001297218526192',18,25);
INSERT INTO map_monsters VALUES ('MAP_00000000001296788648248','MONS_00000000001297218526192',18,26);
INSERT INTO map_monsters VALUES ('MAP_00000000001296788648248','MONS_00000000001297218526192',18,28);
INSERT INTO map_monsters VALUES ('MAP_00000000001296788648248','MONS_00000000001297218526192',18,40);
INSERT INTO map_monsters VALUES ('MAP_00000000001296788648248','MONS_00000000001297218526192',18,41);
INSERT INTO map_monsters VALUES ('MAP_00000000001296788648248','MONS_00000000001297218526192',18,42);
INSERT INTO map_monsters VALUES ('MAP_00000000001296788648248','MONS_00000000001297218526192',18,43);
INSERT INTO map_monsters VALUES ('MAP_00000000001296788648248','MONS_00000000001297218526192',19,7);
INSERT INTO map_monsters VALUES ('MAP_00000000001296788648248','MONS_00000000001297218526192',19,10);
INSERT INTO map_monsters VALUES ('MAP_00000000001296788648248','MONS_00000000001297218526192',19,11);
INSERT INTO map_monsters VALUES ('MAP_00000000001296788648248','MONS_00000000001297218526192',19,12);
INSERT INTO map_monsters VALUES ('MAP_00000000001296788648248','MONS_00000000001297218526192',19,13);
INSERT INTO map_monsters VALUES ('MAP_00000000001296788648248','MONS_00000000001297218526192',19,14);
INSERT INTO map_monsters VALUES ('MAP_00000000001296788648248','MONS_00000000001297218526192',19,15);
INSERT INTO map_monsters VALUES ('MAP_00000000001296788648248','MONS_00000000001297218526192',19,16);
INSERT INTO map_monsters VALUES ('MAP_00000000001296788648248','MONS_00000000001297218526192',19,17);
INSERT INTO map_monsters VALUES ('MAP_00000000001296788648248','MONS_00000000001297218526192',19,18);
INSERT INTO map_monsters VALUES ('MAP_00000000001296788648248','MONS_00000000001297218526192',19,20);
INSERT INTO map_monsters VALUES ('MAP_00000000001296788648248','MONS_00000000001297218526192',19,21);
INSERT INTO map_monsters VALUES ('MAP_00000000001296788648248','MONS_00000000001297218526192',19,22);
INSERT INTO map_monsters VALUES ('MAP_00000000001296788648248','MONS_00000000001297218526192',19,23);
INSERT INTO map_monsters VALUES ('MAP_00000000001296788648248','MONS_00000000001297218526192',19,24);
INSERT INTO map_monsters VALUES ('MAP_00000000001296788648248','MONS_00000000001297218526192',19,27);
INSERT INTO map_monsters VALUES ('MAP_00000000001296788648248','MONS_00000000001297218526192',19,28);
INSERT INTO map_monsters VALUES ('MAP_00000000001296788648248','MONS_00000000001297218526192',19,29);
INSERT INTO map_monsters VALUES ('MAP_00000000001296788648248','MONS_00000000001297218526192',19,30);
INSERT INTO map_monsters VALUES ('MAP_00000000001296788648248','MONS_00000000001297218526192',19,31);
INSERT INTO map_monsters VALUES ('MAP_00000000001296788648248','MONS_00000000001297218526192',19,32);
INSERT INTO map_monsters VALUES ('MAP_00000000001296788648248','MONS_00000000001297218526192',19,33);
INSERT INTO map_monsters VALUES ('MAP_00000000001296788648248','MONS_00000000001297218526192',19,34);
INSERT INTO map_monsters VALUES ('MAP_00000000001296788648248','MONS_00000000001297218526192',19,35);
INSERT INTO map_monsters VALUES ('MAP_00000000001296788648248','MONS_00000000001297218526192',19,36);
INSERT INTO map_monsters VALUES ('MAP_00000000001296788648248','MONS_00000000001297218526192',19,37);
INSERT INTO map_monsters VALUES ('MAP_00000000001296788648248','MONS_00000000001297218526192',19,38);
INSERT INTO map_monsters VALUES ('MAP_00000000001296788648248','MONS_00000000001297218526192',19,39);
INSERT INTO map_monsters VALUES ('MAP_00000000001296788648248','MONS_00000000001297218526192',19,40);
INSERT INTO map_monsters VALUES ('MAP_00000000001296788648248','MONS_00000000001297218526192',19,42);
INSERT INTO map_monsters VALUES ('MAP_00000000001296788648248','MONS_00000000001297218526192',19,43);
INSERT INTO map_monsters VALUES ('MAP_00000000001296788648248','MONS_00000000001297218526192',20,4);
INSERT INTO map_monsters VALUES ('MAP_00000000001296788648248','MONS_00000000001297218526192',20,5);
INSERT INTO map_monsters VALUES ('MAP_00000000001296788648248','MONS_00000000001297218526192',20,6);
INSERT INTO map_monsters VALUES ('MAP_00000000001296788648248','MONS_00000000001297218526192',20,7);
INSERT INTO map_monsters VALUES ('MAP_00000000001296788648248','MONS_00000000001297218526192',20,10);
INSERT INTO map_monsters VALUES ('MAP_00000000001296788648248','MONS_00000000001297218526192',20,19);
INSERT INTO map_monsters VALUES ('MAP_00000000001296788648248','MONS_00000000001297218526192',20,22);
INSERT INTO map_monsters VALUES ('MAP_00000000001296788648248','MONS_00000000001297218526192',20,23);
INSERT INTO map_monsters VALUES ('MAP_00000000001296788648248','MONS_00000000001297218526192',20,24);
INSERT INTO map_monsters VALUES ('MAP_00000000001296788648248','MONS_00000000001297218526192',20,38);
INSERT INTO map_monsters VALUES ('MAP_00000000001296788648248','MONS_00000000001297218526192',20,42);
INSERT INTO map_monsters VALUES ('MAP_00000000001296788648248','MONS_00000000001297218526192',20,43);
INSERT INTO map_monsters VALUES ('MAP_00000000001296788648248','MONS_00000000001297218526192',21,5);
INSERT INTO map_monsters VALUES ('MAP_00000000001296788648248','MONS_00000000001297218526192',21,7);
INSERT INTO map_monsters VALUES ('MAP_00000000001296788648248','MONS_00000000001297218526192',21,10);
INSERT INTO map_monsters VALUES ('MAP_00000000001296788648248','MONS_00000000001297218526192',21,11);
INSERT INTO map_monsters VALUES ('MAP_00000000001296788648248','MONS_00000000001297218526192',21,12);
INSERT INTO map_monsters VALUES ('MAP_00000000001296788648248','MONS_00000000001297218526192',21,13);
INSERT INTO map_monsters VALUES ('MAP_00000000001296788648248','MONS_00000000001297218526192',21,14);
INSERT INTO map_monsters VALUES ('MAP_00000000001296788648248','MONS_00000000001297218526192',21,15);
INSERT INTO map_monsters VALUES ('MAP_00000000001296788648248','MONS_00000000001297218526192',21,16);
INSERT INTO map_monsters VALUES ('MAP_00000000001296788648248','MONS_00000000001297218526192',21,17);
INSERT INTO map_monsters VALUES ('MAP_00000000001296788648248','MONS_00000000001297218526192',21,18);
INSERT INTO map_monsters VALUES ('MAP_00000000001296788648248','MONS_00000000001297218526192',21,19);
INSERT INTO map_monsters VALUES ('MAP_00000000001296788648248','MONS_00000000001297218526192',21,20);
INSERT INTO map_monsters VALUES ('MAP_00000000001296788648248','MONS_00000000001297218526192',21,21);
INSERT INTO map_monsters VALUES ('MAP_00000000001296788648248','MONS_00000000001297218526192',21,22);
INSERT INTO map_monsters VALUES ('MAP_00000000001296788648248','MONS_00000000001297218526192',21,23);
INSERT INTO map_monsters VALUES ('MAP_00000000001296788648248','MONS_00000000001297218526192',21,24);
INSERT INTO map_monsters VALUES ('MAP_00000000001296788648248','MONS_00000000001297218526192',21,25);
INSERT INTO map_monsters VALUES ('MAP_00000000001296788648248','MONS_00000000001297218526192',21,26);
INSERT INTO map_monsters VALUES ('MAP_00000000001296788648248','MONS_00000000001297218526192',21,27);
INSERT INTO map_monsters VALUES ('MAP_00000000001296788648248','MONS_00000000001297218526192',21,28);
INSERT INTO map_monsters VALUES ('MAP_00000000001296788648248','MONS_00000000001297218526192',21,29);
INSERT INTO map_monsters VALUES ('MAP_00000000001296788648248','MONS_00000000001297218526192',21,30);
INSERT INTO map_monsters VALUES ('MAP_00000000001296788648248','MONS_00000000001297218526192',21,31);
INSERT INTO map_monsters VALUES ('MAP_00000000001296788648248','MONS_00000000001297218526192',21,32);
INSERT INTO map_monsters VALUES ('MAP_00000000001296788648248','MONS_00000000001297218526192',21,33);
INSERT INTO map_monsters VALUES ('MAP_00000000001296788648248','MONS_00000000001297218526192',21,34);
INSERT INTO map_monsters VALUES ('MAP_00000000001296788648248','MONS_00000000001297218526192',21,35);
INSERT INTO map_monsters VALUES ('MAP_00000000001296788648248','MONS_00000000001297218526192',21,36);
INSERT INTO map_monsters VALUES ('MAP_00000000001296788648248','MONS_00000000001297218526192',21,37);
INSERT INTO map_monsters VALUES ('MAP_00000000001296788648248','MONS_00000000001297218526192',21,38);
INSERT INTO map_monsters VALUES ('MAP_00000000001296788648248','MONS_00000000001297218526192',21,39);
INSERT INTO map_monsters VALUES ('MAP_00000000001296788648248','MONS_00000000001297218526192',21,42);
INSERT INTO map_monsters VALUES ('MAP_00000000001296788648248','MONS_00000000001297218526192',21,43);
INSERT INTO map_monsters VALUES ('MAP_00000000001296788648248','MONS_00000000001297218526192',22,2);
INSERT INTO map_monsters VALUES ('MAP_00000000001296788648248','MONS_00000000001297218526192',22,5);
INSERT INTO map_monsters VALUES ('MAP_00000000001296788648248','MONS_00000000001297218526192',22,7);
INSERT INTO map_monsters VALUES ('MAP_00000000001296788648248','MONS_00000000001297218526192',22,10);
INSERT INTO map_monsters VALUES ('MAP_00000000001296788648248','MONS_00000000001297218526192',22,15);
INSERT INTO map_monsters VALUES ('MAP_00000000001296788648248','MONS_00000000001297218526192',22,20);
INSERT INTO map_monsters VALUES ('MAP_00000000001296788648248','MONS_00000000001297218526192',22,22);
INSERT INTO map_monsters VALUES ('MAP_00000000001296788648248','MONS_00000000001297218526192',22,23);
INSERT INTO map_monsters VALUES ('MAP_00000000001296788648248','MONS_00000000001297218526192',22,24);
INSERT INTO map_monsters VALUES ('MAP_00000000001296788648248','MONS_00000000001297218526192',22,26);
INSERT INTO map_monsters VALUES ('MAP_00000000001296788648248','MONS_00000000001297218526192',22,39);
INSERT INTO map_monsters VALUES ('MAP_00000000001296788648248','MONS_00000000001297218526192',22,42);
INSERT INTO map_monsters VALUES ('MAP_00000000001296788648248','MONS_00000000001297218526192',22,43);
INSERT INTO map_monsters VALUES ('MAP_00000000001296788648248','MONS_00000000001297218526192',23,2);
INSERT INTO map_monsters VALUES ('MAP_00000000001296788648248','MONS_00000000001297218526192',23,3);
INSERT INTO map_monsters VALUES ('MAP_00000000001296788648248','MONS_00000000001297218526192',23,4);
INSERT INTO map_monsters VALUES ('MAP_00000000001296788648248','MONS_00000000001297218526192',23,5);
INSERT INTO map_monsters VALUES ('MAP_00000000001296788648248','MONS_00000000001297218526192',23,7);
INSERT INTO map_monsters VALUES ('MAP_00000000001296788648248','MONS_00000000001297218526192',23,10);
INSERT INTO map_monsters VALUES ('MAP_00000000001296788648248','MONS_00000000001297218526192',23,11);
INSERT INTO map_monsters VALUES ('MAP_00000000001296788648248','MONS_00000000001297218526192',23,12);
INSERT INTO map_monsters VALUES ('MAP_00000000001296788648248','MONS_00000000001297218526192',23,13);
INSERT INTO map_monsters VALUES ('MAP_00000000001296788648248','MONS_00000000001297218526192',23,14);
INSERT INTO map_monsters VALUES ('MAP_00000000001296788648248','MONS_00000000001297218526192',23,15);
INSERT INTO map_monsters VALUES ('MAP_00000000001296788648248','MONS_00000000001297218526192',23,16);
INSERT INTO map_monsters VALUES ('MAP_00000000001296788648248','MONS_00000000001297218526192',23,17);
INSERT INTO map_monsters VALUES ('MAP_00000000001296788648248','MONS_00000000001297218526192',23,18);
INSERT INTO map_monsters VALUES ('MAP_00000000001296788648248','MONS_00000000001297218526192',23,19);
INSERT INTO map_monsters VALUES ('MAP_00000000001296788648248','MONS_00000000001297218526192',23,20);
INSERT INTO map_monsters VALUES ('MAP_00000000001296788648248','MONS_00000000001297218526192',23,22);
INSERT INTO map_monsters VALUES ('MAP_00000000001296788648248','MONS_00000000001297218526192',23,23);
INSERT INTO map_monsters VALUES ('MAP_00000000001296788648248','MONS_00000000001297218526192',23,24);
INSERT INTO map_monsters VALUES ('MAP_00000000001296788648248','MONS_00000000001297218526192',23,26);
INSERT INTO map_monsters VALUES ('MAP_00000000001296788648248','MONS_00000000001297218526192',23,27);
INSERT INTO map_monsters VALUES ('MAP_00000000001296788648248','MONS_00000000001297218526192',23,28);
INSERT INTO map_monsters VALUES ('MAP_00000000001296788648248','MONS_00000000001297218526192',23,29);
INSERT INTO map_monsters VALUES ('MAP_00000000001296788648248','MONS_00000000001297218526192',23,30);
INSERT INTO map_monsters VALUES ('MAP_00000000001296788648248','MONS_00000000001297218526192',23,31);
INSERT INTO map_monsters VALUES ('MAP_00000000001296788648248','MONS_00000000001297218526192',23,32);
INSERT INTO map_monsters VALUES ('MAP_00000000001296788648248','MONS_00000000001297218526192',23,33);
INSERT INTO map_monsters VALUES ('MAP_00000000001296788648248','MONS_00000000001297218526192',23,34);
INSERT INTO map_monsters VALUES ('MAP_00000000001296788648248','MONS_00000000001297218526192',23,35);
INSERT INTO map_monsters VALUES ('MAP_00000000001296788648248','MONS_00000000001297218526192',23,36);
INSERT INTO map_monsters VALUES ('MAP_00000000001296788648248','MONS_00000000001297218526192',23,37);
INSERT INTO map_monsters VALUES ('MAP_00000000001296788648248','MONS_00000000001297218526192',23,38);
INSERT INTO map_monsters VALUES ('MAP_00000000001296788648248','MONS_00000000001297218526192',23,39);
INSERT INTO map_monsters VALUES ('MAP_00000000001296788648248','MONS_00000000001297218526192',23,42);
INSERT INTO map_monsters VALUES ('MAP_00000000001296788648248','MONS_00000000001297218526192',23,43);
INSERT INTO map_monsters VALUES ('MAP_00000000001296788648248','MONS_00000000001297218526192',24,2);
INSERT INTO map_monsters VALUES ('MAP_00000000001296788648248','MONS_00000000001297218526192',24,7);
INSERT INTO map_monsters VALUES ('MAP_00000000001296788648248','MONS_00000000001297218526192',24,22);
INSERT INTO map_monsters VALUES ('MAP_00000000001296788648248','MONS_00000000001297218526192',24,23);
INSERT INTO map_monsters VALUES ('MAP_00000000001296788648248','MONS_00000000001297218526192',24,24);
INSERT INTO map_monsters VALUES ('MAP_00000000001296788648248','MONS_00000000001297218526192',24,42);
INSERT INTO map_monsters VALUES ('MAP_00000000001296788648248','MONS_00000000001297218526192',24,43);
INSERT INTO map_monsters VALUES ('MAP_00000000001296788648248','MONS_00000000001297218526192',25,2);
INSERT INTO map_monsters VALUES ('MAP_00000000001296788648248','MONS_00000000001297218526192',25,7);
INSERT INTO map_monsters VALUES ('MAP_00000000001296788648248','MONS_00000000001297218526192',25,22);
INSERT INTO map_monsters VALUES ('MAP_00000000001296788648248','MONS_00000000001297218526192',25,23);
INSERT INTO map_monsters VALUES ('MAP_00000000001296788648248','MONS_00000000001297218526192',25,24);
INSERT INTO map_monsters VALUES ('MAP_00000000001296788648248','MONS_00000000001297218526192',25,42);
INSERT INTO map_monsters VALUES ('MAP_00000000001296788648248','MONS_00000000001297218526192',25,43);
INSERT INTO map_monsters VALUES ('MAP_00000000001296788648248','MONS_00000000001297218526192',26,2);
INSERT INTO map_monsters VALUES ('MAP_00000000001296788648248','MONS_00000000001297218526192',26,3);
INSERT INTO map_monsters VALUES ('MAP_00000000001296788648248','MONS_00000000001297218526192',26,4);
INSERT INTO map_monsters VALUES ('MAP_00000000001296788648248','MONS_00000000001297218526192',26,5);
INSERT INTO map_monsters VALUES ('MAP_00000000001296788648248','MONS_00000000001297218526192',26,7);
INSERT INTO map_monsters VALUES ('MAP_00000000001296788648248','MONS_00000000001297218526192',26,15);
INSERT INTO map_monsters VALUES ('MAP_00000000001296788648248','MONS_00000000001297218526192',26,16);
INSERT INTO map_monsters VALUES ('MAP_00000000001296788648248','MONS_00000000001297218526192',26,17);
INSERT INTO map_monsters VALUES ('MAP_00000000001296788648248','MONS_00000000001297218526192',26,18);
INSERT INTO map_monsters VALUES ('MAP_00000000001296788648248','MONS_00000000001297218526192',26,19);
INSERT INTO map_monsters VALUES ('MAP_00000000001296788648248','MONS_00000000001297218526192',26,20);
INSERT INTO map_monsters VALUES ('MAP_00000000001296788648248','MONS_00000000001297218526192',26,21);
INSERT INTO map_monsters VALUES ('MAP_00000000001296788648248','MONS_00000000001297218526192',26,22);
INSERT INTO map_monsters VALUES ('MAP_00000000001296788648248','MONS_00000000001297218526192',26,23);
INSERT INTO map_monsters VALUES ('MAP_00000000001296788648248','MONS_00000000001297218526192',26,24);
INSERT INTO map_monsters VALUES ('MAP_00000000001296788648248','MONS_00000000001297218526192',26,25);
INSERT INTO map_monsters VALUES ('MAP_00000000001296788648248','MONS_00000000001297218526192',26,26);
INSERT INTO map_monsters VALUES ('MAP_00000000001296788648248','MONS_00000000001297218526192',26,27);
INSERT INTO map_monsters VALUES ('MAP_00000000001296788648248','MONS_00000000001297218526192',26,28);
INSERT INTO map_monsters VALUES ('MAP_00000000001296788648248','MONS_00000000001297218526192',26,29);
INSERT INTO map_monsters VALUES ('MAP_00000000001296788648248','MONS_00000000001297218526192',26,30);
INSERT INTO map_monsters VALUES ('MAP_00000000001296788648248','MONS_00000000001297218526192',26,31);
INSERT INTO map_monsters VALUES ('MAP_00000000001296788648248','MONS_00000000001297218526192',26,42);
INSERT INTO map_monsters VALUES ('MAP_00000000001296788648248','MONS_00000000001297218526192',26,43);
INSERT INTO map_monsters VALUES ('MAP_00000000001296788648248','MONS_00000000001297218526192',27,2);
INSERT INTO map_monsters VALUES ('MAP_00000000001296788648248','MONS_00000000001297218526192',27,5);
INSERT INTO map_monsters VALUES ('MAP_00000000001296788648248','MONS_00000000001297218526192',27,6);
INSERT INTO map_monsters VALUES ('MAP_00000000001296788648248','MONS_00000000001297218526192',27,7);
INSERT INTO map_monsters VALUES ('MAP_00000000001296788648248','MONS_00000000001297218526192',27,8);
INSERT INTO map_monsters VALUES ('MAP_00000000001296788648248','MONS_00000000001297218526192',27,9);
INSERT INTO map_monsters VALUES ('MAP_00000000001296788648248','MONS_00000000001297218526192',27,10);
INSERT INTO map_monsters VALUES ('MAP_00000000001296788648248','MONS_00000000001297218526192',27,11);
INSERT INTO map_monsters VALUES ('MAP_00000000001296788648248','MONS_00000000001297218526192',27,12);
INSERT INTO map_monsters VALUES ('MAP_00000000001296788648248','MONS_00000000001297218526192',27,13);
INSERT INTO map_monsters VALUES ('MAP_00000000001296788648248','MONS_00000000001297218526192',27,14);
INSERT INTO map_monsters VALUES ('MAP_00000000001296788648248','MONS_00000000001297218526192',27,15);
INSERT INTO map_monsters VALUES ('MAP_00000000001296788648248','MONS_00000000001297218526192',27,18);
INSERT INTO map_monsters VALUES ('MAP_00000000001296788648248','MONS_00000000001297218526192',27,22);
INSERT INTO map_monsters VALUES ('MAP_00000000001296788648248','MONS_00000000001297218526192',27,23);
INSERT INTO map_monsters VALUES ('MAP_00000000001296788648248','MONS_00000000001297218526192',27,24);
INSERT INTO map_monsters VALUES ('MAP_00000000001296788648248','MONS_00000000001297218526192',27,28);
INSERT INTO map_monsters VALUES ('MAP_00000000001296788648248','MONS_00000000001297218526192',27,31);
INSERT INTO map_monsters VALUES ('MAP_00000000001296788648248','MONS_00000000001297218526192',27,32);
INSERT INTO map_monsters VALUES ('MAP_00000000001296788648248','MONS_00000000001297218526192',27,33);
INSERT INTO map_monsters VALUES ('MAP_00000000001296788648248','MONS_00000000001297218526192',27,34);
INSERT INTO map_monsters VALUES ('MAP_00000000001296788648248','MONS_00000000001297218526192',27,35);
INSERT INTO map_monsters VALUES ('MAP_00000000001296788648248','MONS_00000000001297218526192',27,36);
INSERT INTO map_monsters VALUES ('MAP_00000000001296788648248','MONS_00000000001297218526192',27,37);
INSERT INTO map_monsters VALUES ('MAP_00000000001296788648248','MONS_00000000001297218526192',27,38);
INSERT INTO map_monsters VALUES ('MAP_00000000001296788648248','MONS_00000000001297218526192',27,39);
INSERT INTO map_monsters VALUES ('MAP_00000000001296788648248','MONS_00000000001297218526192',27,40);
INSERT INTO map_monsters VALUES ('MAP_00000000001296788648248','MONS_00000000001297218526192',27,41);
INSERT INTO map_monsters VALUES ('MAP_00000000001296788648248','MONS_00000000001297218526192',27,42);
INSERT INTO map_monsters VALUES ('MAP_00000000001296788648248','MONS_00000000001297218526192',27,43);
INSERT INTO map_monsters VALUES ('MAP_00000000001296788648248','MONS_00000000001297218526192',28,6);
INSERT INTO map_monsters VALUES ('MAP_00000000001296788648248','MONS_00000000001297218526192',28,15);
INSERT INTO map_monsters VALUES ('MAP_00000000001296788648248','MONS_00000000001297218526192',28,22);
INSERT INTO map_monsters VALUES ('MAP_00000000001296788648248','MONS_00000000001297218526192',28,23);
INSERT INTO map_monsters VALUES ('MAP_00000000001296788648248','MONS_00000000001297218526192',28,24);
INSERT INTO map_monsters VALUES ('MAP_00000000001296788648248','MONS_00000000001297218526192',28,31);
INSERT INTO map_monsters VALUES ('MAP_00000000001296788648248','MONS_00000000001297218526192',28,43);
INSERT INTO map_monsters VALUES ('MAP_00000000001296788648248','MONS_00000000001297218526192',29,4);
INSERT INTO map_monsters VALUES ('MAP_00000000001296788648248','MONS_00000000001297218526192',29,5);
INSERT INTO map_monsters VALUES ('MAP_00000000001296788648248','MONS_00000000001297218526192',29,6);
INSERT INTO map_monsters VALUES ('MAP_00000000001296788648248','MONS_00000000001297218526192',29,7);
INSERT INTO map_monsters VALUES ('MAP_00000000001296788648248','MONS_00000000001297218526192',29,8);
INSERT INTO map_monsters VALUES ('MAP_00000000001296788648248','MONS_00000000001297218526192',29,9);
INSERT INTO map_monsters VALUES ('MAP_00000000001296788648248','MONS_00000000001297218526192',29,10);
INSERT INTO map_monsters VALUES ('MAP_00000000001296788648248','MONS_00000000001297218526192',29,11);
INSERT INTO map_monsters VALUES ('MAP_00000000001296788648248','MONS_00000000001297218526192',29,12);
INSERT INTO map_monsters VALUES ('MAP_00000000001296788648248','MONS_00000000001297218526192',29,13);
INSERT INTO map_monsters VALUES ('MAP_00000000001296788648248','MONS_00000000001297218526192',29,14);
INSERT INTO map_monsters VALUES ('MAP_00000000001296788648248','MONS_00000000001297218526192',29,15);
INSERT INTO map_monsters VALUES ('MAP_00000000001296788648248','MONS_00000000001297218526192',29,20);
INSERT INTO map_monsters VALUES ('MAP_00000000001296788648248','MONS_00000000001297218526192',29,21);
INSERT INTO map_monsters VALUES ('MAP_00000000001296788648248','MONS_00000000001297218526192',29,22);
INSERT INTO map_monsters VALUES ('MAP_00000000001296788648248','MONS_00000000001297218526192',29,23);
INSERT INTO map_monsters VALUES ('MAP_00000000001296788648248','MONS_00000000001297218526192',29,24);
INSERT INTO map_monsters VALUES ('MAP_00000000001296788648248','MONS_00000000001297218526192',29,25);
INSERT INTO map_monsters VALUES ('MAP_00000000001296788648248','MONS_00000000001297218526192',29,26);
INSERT INTO map_monsters VALUES ('MAP_00000000001296788648248','MONS_00000000001297218526192',29,31);
INSERT INTO map_monsters VALUES ('MAP_00000000001296788648248','MONS_00000000001297218526192',29,32);
INSERT INTO map_monsters VALUES ('MAP_00000000001296788648248','MONS_00000000001297218526192',29,33);
INSERT INTO map_monsters VALUES ('MAP_00000000001296788648248','MONS_00000000001297218526192',29,34);
INSERT INTO map_monsters VALUES ('MAP_00000000001296788648248','MONS_00000000001297218526192',29,35);
INSERT INTO map_monsters VALUES ('MAP_00000000001296788648248','MONS_00000000001297218526192',29,36);
INSERT INTO map_monsters VALUES ('MAP_00000000001296788648248','MONS_00000000001297218526192',29,37);
INSERT INTO map_monsters VALUES ('MAP_00000000001296788648248','MONS_00000000001297218526192',29,38);
INSERT INTO map_monsters VALUES ('MAP_00000000001296788648248','MONS_00000000001297218526192',29,39);
INSERT INTO map_monsters VALUES ('MAP_00000000001296788648248','MONS_00000000001297218526192',29,40);
INSERT INTO map_monsters VALUES ('MAP_00000000001296788648248','MONS_00000000001297218526192',29,41);
INSERT INTO map_monsters VALUES ('MAP_00000000001296788648248','MONS_00000000001297218526192',29,42);
INSERT INTO map_monsters VALUES ('MAP_00000000001296788648248','MONS_00000000001297218526192',29,43);
INSERT INTO map_monsters VALUES ('MAP_00000000001296788648248','MONS_00000000001297218526192',29,44);
INSERT INTO map_monsters VALUES ('MAP_00000000001296788648248','MONS_00000000001297218526192',29,45);
INSERT INTO map_monsters VALUES ('MAP_00000000001296788648248','MONS_00000000001297218526192',29,46);
INSERT INTO map_monsters VALUES ('MAP_00000000001296788648248','MONS_00000000001297218526192',29,47);
INSERT INTO map_monsters VALUES ('MAP_00000000001296788648248','MONS_00000000001297218526192',29,48);
INSERT INTO map_monsters VALUES ('MAP_00000000001296788648248','MONS_00000000001297218526192',29,49);
INSERT INTO map_monsters VALUES ('MAP_00000000001296788648248','MONS_00000000001297218526192',29,50);
INSERT INTO map_monsters VALUES ('MAP_00000000001296788648248','MONS_00000000001297218526192',29,51);
INSERT INTO map_monsters VALUES ('MAP_00000000001296788648248','MONS_00000000001297218526192',29,52);
INSERT INTO map_monsters VALUES ('MAP_00000000001296788648248','MONS_00000000001297218526192',29,53);
INSERT INTO map_monsters VALUES ('MAP_00000000001296788648248','MONS_00000000001297218526192',29,54);
INSERT INTO map_monsters VALUES ('MAP_00000000001296788648248','MONS_00000000001297218526192',29,55);
INSERT INTO map_monsters VALUES ('MAP_00000000001296788648248','MONS_00000000001297218526192',29,56);
INSERT INTO map_monsters VALUES ('MAP_00000000001296788648248','MONS_00000000001297218526192',29,57);
INSERT INTO map_monsters VALUES ('MAP_00000000001296788648248','MONS_00000000001297218526192',29,58);
INSERT INTO map_monsters VALUES ('MAP_00000000001296788648248','MONS_00000000001297218526192',29,59);
INSERT INTO map_monsters VALUES ('MAP_00000000001296788648248','MONS_00000000001297218526192',30,22);
INSERT INTO map_monsters VALUES ('MAP_00000000001296788648248','MONS_00000000001297218526192',30,23);
INSERT INTO map_monsters VALUES ('MAP_00000000001296788648248','MONS_00000000001297218526192',30,24);
INSERT INTO map_monsters VALUES ('MAP_00000000001296788648248','MONS_00000000001297218526192',31,22);
INSERT INTO map_monsters VALUES ('MAP_00000000001296788648248','MONS_00000000001297218526192',31,23);
INSERT INTO map_monsters VALUES ('MAP_00000000001296788648248','MONS_00000000001297218526192',31,24);
INSERT INTO monsters VALUES ('MONS_00000000001297218526208','Stray Dog',18,1,1,1,1,4,4,4,0,0);
INSERT INTO map_monsters VALUES ('MAP_00000000001296788648248','MONS_00000000001297218526208',0,22);
INSERT INTO map_monsters VALUES ('MAP_00000000001296788648248','MONS_00000000001297218526208',0,23);
INSERT INTO map_monsters VALUES ('MAP_00000000001296788648248','MONS_00000000001297218526208',0,24);
INSERT INTO map_monsters VALUES ('MAP_00000000001296788648248','MONS_00000000001297218526208',1,22);
INSERT INTO map_monsters VALUES ('MAP_00000000001296788648248','MONS_00000000001297218526208',1,23);
INSERT INTO map_monsters VALUES ('MAP_00000000001296788648248','MONS_00000000001297218526208',1,24);
INSERT INTO map_monsters VALUES ('MAP_00000000001296788648248','MONS_00000000001297218526208',2,4);
INSERT INTO map_monsters VALUES ('MAP_00000000001296788648248','MONS_00000000001297218526208',2,5);
INSERT INTO map_monsters VALUES ('MAP_00000000001296788648248','MONS_00000000001297218526208',2,6);
INSERT INTO map_monsters VALUES ('MAP_00000000001296788648248','MONS_00000000001297218526208',2,7);
INSERT INTO map_monsters VALUES ('MAP_00000000001296788648248','MONS_00000000001297218526208',2,8);
INSERT INTO map_monsters VALUES ('MAP_00000000001296788648248','MONS_00000000001297218526208',2,9);
INSERT INTO map_monsters VALUES ('MAP_00000000001296788648248','MONS_00000000001297218526208',2,10);
INSERT INTO map_monsters VALUES ('MAP_00000000001296788648248','MONS_00000000001297218526208',2,11);
INSERT INTO map_monsters VALUES ('MAP_00000000001296788648248','MONS_00000000001297218526208',2,12);
INSERT INTO map_monsters VALUES ('MAP_00000000001296788648248','MONS_00000000001297218526208',2,13);
INSERT INTO map_monsters VALUES ('MAP_00000000001296788648248','MONS_00000000001297218526208',2,14);
INSERT INTO map_monsters VALUES ('MAP_00000000001296788648248','MONS_00000000001297218526208',2,15);
INSERT INTO map_monsters VALUES ('MAP_00000000001296788648248','MONS_00000000001297218526208',2,20);
INSERT INTO map_monsters VALUES ('MAP_00000000001296788648248','MONS_00000000001297218526208',2,21);
INSERT INTO map_monsters VALUES ('MAP_00000000001296788648248','MONS_00000000001297218526208',2,22);
INSERT INTO map_monsters VALUES ('MAP_00000000001296788648248','MONS_00000000001297218526208',2,23);
INSERT INTO map_monsters VALUES ('MAP_00000000001296788648248','MONS_00000000001297218526208',2,24);
INSERT INTO map_monsters VALUES ('MAP_00000000001296788648248','MONS_00000000001297218526208',2,25);
INSERT INTO map_monsters VALUES ('MAP_00000000001296788648248','MONS_00000000001297218526208',2,26);
INSERT INTO map_monsters VALUES ('MAP_00000000001296788648248','MONS_00000000001297218526208',2,31);
INSERT INTO map_monsters VALUES ('MAP_00000000001296788648248','MONS_00000000001297218526208',2,32);
INSERT INTO map_monsters VALUES ('MAP_00000000001296788648248','MONS_00000000001297218526208',2,33);
INSERT INTO map_monsters VALUES ('MAP_00000000001296788648248','MONS_00000000001297218526208',2,34);
INSERT INTO map_monsters VALUES ('MAP_00000000001296788648248','MONS_00000000001297218526208',2,35);
INSERT INTO map_monsters VALUES ('MAP_00000000001296788648248','MONS_00000000001297218526208',2,36);
INSERT INTO map_monsters VALUES ('MAP_00000000001296788648248','MONS_00000000001297218526208',2,37);
INSERT INTO map_monsters VALUES ('MAP_00000000001296788648248','MONS_00000000001297218526208',2,38);
INSERT INTO map_monsters VALUES ('MAP_00000000001296788648248','MONS_00000000001297218526208',2,39);
INSERT INTO map_monsters VALUES ('MAP_00000000001296788648248','MONS_00000000001297218526208',2,40);
INSERT INTO map_monsters VALUES ('MAP_00000000001296788648248','MONS_00000000001297218526208',2,41);
INSERT INTO map_monsters VALUES ('MAP_00000000001296788648248','MONS_00000000001297218526208',2,42);
INSERT INTO map_monsters VALUES ('MAP_00000000001296788648248','MONS_00000000001297218526208',2,43);
INSERT INTO map_monsters VALUES ('MAP_00000000001296788648248','MONS_00000000001297218526208',2,44);
INSERT INTO map_monsters VALUES ('MAP_00000000001296788648248','MONS_00000000001297218526208',2,45);
INSERT INTO map_monsters VALUES ('MAP_00000000001296788648248','MONS_00000000001297218526208',2,46);
INSERT INTO map_monsters VALUES ('MAP_00000000001296788648248','MONS_00000000001297218526208',2,47);
INSERT INTO map_monsters VALUES ('MAP_00000000001296788648248','MONS_00000000001297218526208',2,48);
INSERT INTO map_monsters VALUES ('MAP_00000000001296788648248','MONS_00000000001297218526208',2,49);
INSERT INTO map_monsters VALUES ('MAP_00000000001296788648248','MONS_00000000001297218526208',2,50);
INSERT INTO map_monsters VALUES ('MAP_00000000001296788648248','MONS_00000000001297218526208',2,51);
INSERT INTO map_monsters VALUES ('MAP_00000000001296788648248','MONS_00000000001297218526208',2,52);
INSERT INTO map_monsters VALUES ('MAP_00000000001296788648248','MONS_00000000001297218526208',2,53);
INSERT INTO map_monsters VALUES ('MAP_00000000001296788648248','MONS_00000000001297218526208',2,54);
INSERT INTO map_monsters VALUES ('MAP_00000000001296788648248','MONS_00000000001297218526208',2,55);
INSERT INTO map_monsters VALUES ('MAP_00000000001296788648248','MONS_00000000001297218526208',2,56);
INSERT INTO map_monsters VALUES ('MAP_00000000001296788648248','MONS_00000000001297218526208',2,57);
INSERT INTO map_monsters VALUES ('MAP_00000000001296788648248','MONS_00000000001297218526208',2,58);
INSERT INTO map_monsters VALUES ('MAP_00000000001296788648248','MONS_00000000001297218526208',2,59);
INSERT INTO map_monsters VALUES ('MAP_00000000001296788648248','MONS_00000000001297218526208',3,6);
INSERT INTO map_monsters VALUES ('MAP_00000000001296788648248','MONS_00000000001297218526208',3,15);
INSERT INTO map_monsters VALUES ('MAP_00000000001296788648248','MONS_00000000001297218526208',3,22);
INSERT INTO map_monsters VALUES ('MAP_00000000001296788648248','MONS_00000000001297218526208',3,23);
INSERT INTO map_monsters VALUES ('MAP_00000000001296788648248','MONS_00000000001297218526208',3,24);
INSERT INTO map_monsters VALUES ('MAP_00000000001296788648248','MONS_00000000001297218526208',3,31);
INSERT INTO map_monsters VALUES ('MAP_00000000001296788648248','MONS_00000000001297218526208',3,43);
INSERT INTO map_monsters VALUES ('MAP_00000000001296788648248','MONS_00000000001297218526208',4,2);
INSERT INTO map_monsters VALUES ('MAP_00000000001296788648248','MONS_00000000001297218526208',4,5);
INSERT INTO map_monsters VALUES ('MAP_00000000001296788648248','MONS_00000000001297218526208',4,6);
INSERT INTO map_monsters VALUES ('MAP_00000000001296788648248','MONS_00000000001297218526208',4,7);
INSERT INTO map_monsters VALUES ('MAP_00000000001296788648248','MONS_00000000001297218526208',4,8);
INSERT INTO map_monsters VALUES ('MAP_00000000001296788648248','MONS_00000000001297218526208',4,9);
INSERT INTO map_monsters VALUES ('MAP_00000000001296788648248','MONS_00000000001297218526208',4,10);
INSERT INTO map_monsters VALUES ('MAP_00000000001296788648248','MONS_00000000001297218526208',4,11);
INSERT INTO map_monsters VALUES ('MAP_00000000001296788648248','MONS_00000000001297218526208',4,12);
INSERT INTO map_monsters VALUES ('MAP_00000000001296788648248','MONS_00000000001297218526208',4,13);
INSERT INTO map_monsters VALUES ('MAP_00000000001296788648248','MONS_00000000001297218526208',4,14);
INSERT INTO map_monsters VALUES ('MAP_00000000001296788648248','MONS_00000000001297218526208',4,15);
INSERT INTO map_monsters VALUES ('MAP_00000000001296788648248','MONS_00000000001297218526208',4,18);
INSERT INTO map_monsters VALUES ('MAP_00000000001296788648248','MONS_00000000001297218526208',4,22);
INSERT INTO map_monsters VALUES ('MAP_00000000001296788648248','MONS_00000000001297218526208',4,23);
INSERT INTO map_monsters VALUES ('MAP_00000000001296788648248','MONS_00000000001297218526208',4,24);
INSERT INTO map_monsters VALUES ('MAP_00000000001296788648248','MONS_00000000001297218526208',4,28);
INSERT INTO map_monsters VALUES ('MAP_00000000001296788648248','MONS_00000000001297218526208',4,31);
INSERT INTO map_monsters VALUES ('MAP_00000000001296788648248','MONS_00000000001297218526208',4,32);
INSERT INTO map_monsters VALUES ('MAP_00000000001296788648248','MONS_00000000001297218526208',4,33);
INSERT INTO map_monsters VALUES ('MAP_00000000001296788648248','MONS_00000000001297218526208',4,34);
INSERT INTO map_monsters VALUES ('MAP_00000000001296788648248','MONS_00000000001297218526208',4,35);
INSERT INTO map_monsters VALUES ('MAP_00000000001296788648248','MONS_00000000001297218526208',4,36);
INSERT INTO map_monsters VALUES ('MAP_00000000001296788648248','MONS_00000000001297218526208',4,37);
INSERT INTO map_monsters VALUES ('MAP_00000000001296788648248','MONS_00000000001297218526208',4,38);
INSERT INTO map_monsters VALUES ('MAP_00000000001296788648248','MONS_00000000001297218526208',4,39);
INSERT INTO map_monsters VALUES ('MAP_00000000001296788648248','MONS_00000000001297218526208',4,40);
INSERT INTO map_monsters VALUES ('MAP_00000000001296788648248','MONS_00000000001297218526208',4,41);
INSERT INTO map_monsters VALUES ('MAP_00000000001296788648248','MONS_00000000001297218526208',4,42);
INSERT INTO map_monsters VALUES ('MAP_00000000001296788648248','MONS_00000000001297218526208',4,43);
INSERT INTO map_monsters VALUES ('MAP_00000000001296788648248','MONS_00000000001297218526208',5,2);
INSERT INTO map_monsters VALUES ('MAP_00000000001296788648248','MONS_00000000001297218526208',5,3);
INSERT INTO map_monsters VALUES ('MAP_00000000001296788648248','MONS_00000000001297218526208',5,4);
INSERT INTO map_monsters VALUES ('MAP_00000000001296788648248','MONS_00000000001297218526208',5,5);
INSERT INTO map_monsters VALUES ('MAP_00000000001296788648248','MONS_00000000001297218526208',5,7);
INSERT INTO map_monsters VALUES ('MAP_00000000001296788648248','MONS_00000000001297218526208',5,15);
INSERT INTO map_monsters VALUES ('MAP_00000000001296788648248','MONS_00000000001297218526208',5,16);
INSERT INTO map_monsters VALUES ('MAP_00000000001296788648248','MONS_00000000001297218526208',5,17);
INSERT INTO map_monsters VALUES ('MAP_00000000001296788648248','MONS_00000000001297218526208',5,18);
INSERT INTO map_monsters VALUES ('MAP_00000000001296788648248','MONS_00000000001297218526208',5,19);
INSERT INTO map_monsters VALUES ('MAP_00000000001296788648248','MONS_00000000001297218526208',5,20);
INSERT INTO map_monsters VALUES ('MAP_00000000001296788648248','MONS_00000000001297218526208',5,21);
INSERT INTO map_monsters VALUES ('MAP_00000000001296788648248','MONS_00000000001297218526208',5,22);
INSERT INTO map_monsters VALUES ('MAP_00000000001296788648248','MONS_00000000001297218526208',5,23);
INSERT INTO map_monsters VALUES ('MAP_00000000001296788648248','MONS_00000000001297218526208',5,24);
INSERT INTO map_monsters VALUES ('MAP_00000000001296788648248','MONS_00000000001297218526208',5,25);
INSERT INTO map_monsters VALUES ('MAP_00000000001296788648248','MONS_00000000001297218526208',5,26);
INSERT INTO map_monsters VALUES ('MAP_00000000001296788648248','MONS_00000000001297218526208',5,27);
INSERT INTO map_monsters VALUES ('MAP_00000000001296788648248','MONS_00000000001297218526208',5,28);
INSERT INTO map_monsters VALUES ('MAP_00000000001296788648248','MONS_00000000001297218526208',5,29);
INSERT INTO map_monsters VALUES ('MAP_00000000001296788648248','MONS_00000000001297218526208',5,30);
INSERT INTO map_monsters VALUES ('MAP_00000000001296788648248','MONS_00000000001297218526208',5,31);
INSERT INTO map_monsters VALUES ('MAP_00000000001296788648248','MONS_00000000001297218526208',5,42);
INSERT INTO map_monsters VALUES ('MAP_00000000001296788648248','MONS_00000000001297218526208',5,43);
INSERT INTO map_monsters VALUES ('MAP_00000000001296788648248','MONS_00000000001297218526208',6,2);
INSERT INTO map_monsters VALUES ('MAP_00000000001296788648248','MONS_00000000001297218526208',6,7);
INSERT INTO map_monsters VALUES ('MAP_00000000001296788648248','MONS_00000000001297218526208',6,22);
INSERT INTO map_monsters VALUES ('MAP_00000000001296788648248','MONS_00000000001297218526208',6,23);
INSERT INTO map_monsters VALUES ('MAP_00000000001296788648248','MONS_00000000001297218526208',6,24);
INSERT INTO map_monsters VALUES ('MAP_00000000001296788648248','MONS_00000000001297218526208',6,42);
INSERT INTO map_monsters VALUES ('MAP_00000000001296788648248','MONS_00000000001297218526208',6,43);
INSERT INTO map_monsters VALUES ('MAP_00000000001296788648248','MONS_00000000001297218526208',7,2);
INSERT INTO map_monsters VALUES ('MAP_00000000001296788648248','MONS_00000000001297218526208',7,7);
INSERT INTO map_monsters VALUES ('MAP_00000000001296788648248','MONS_00000000001297218526208',7,22);
INSERT INTO map_monsters VALUES ('MAP_00000000001296788648248','MONS_00000000001297218526208',7,23);
INSERT INTO map_monsters VALUES ('MAP_00000000001296788648248','MONS_00000000001297218526208',7,24);
INSERT INTO map_monsters VALUES ('MAP_00000000001296788648248','MONS_00000000001297218526208',7,42);
INSERT INTO map_monsters VALUES ('MAP_00000000001296788648248','MONS_00000000001297218526208',7,43);
INSERT INTO map_monsters VALUES ('MAP_00000000001296788648248','MONS_00000000001297218526208',8,2);
INSERT INTO map_monsters VALUES ('MAP_00000000001296788648248','MONS_00000000001297218526208',8,3);
INSERT INTO map_monsters VALUES ('MAP_00000000001296788648248','MONS_00000000001297218526208',8,4);
INSERT INTO map_monsters VALUES ('MAP_00000000001296788648248','MONS_00000000001297218526208',8,5);
INSERT INTO map_monsters VALUES ('MAP_00000000001296788648248','MONS_00000000001297218526208',8,7);
INSERT INTO map_monsters VALUES ('MAP_00000000001296788648248','MONS_00000000001297218526208',8,10);
INSERT INTO map_monsters VALUES ('MAP_00000000001296788648248','MONS_00000000001297218526208',8,11);
INSERT INTO map_monsters VALUES ('MAP_00000000001296788648248','MONS_00000000001297218526208',8,12);
INSERT INTO map_monsters VALUES ('MAP_00000000001296788648248','MONS_00000000001297218526208',8,13);
INSERT INTO map_monsters VALUES ('MAP_00000000001296788648248','MONS_00000000001297218526208',8,14);
INSERT INTO map_monsters VALUES ('MAP_00000000001296788648248','MONS_00000000001297218526208',8,15);
INSERT INTO map_monsters VALUES ('MAP_00000000001296788648248','MONS_00000000001297218526208',8,16);
INSERT INTO map_monsters VALUES ('MAP_00000000001296788648248','MONS_00000000001297218526208',8,17);
INSERT INTO map_monsters VALUES ('MAP_00000000001296788648248','MONS_00000000001297218526208',8,18);
INSERT INTO map_monsters VALUES ('MAP_00000000001296788648248','MONS_00000000001297218526208',8,19);
INSERT INTO map_monsters VALUES ('MAP_00000000001296788648248','MONS_00000000001297218526208',8,20);
INSERT INTO map_monsters VALUES ('MAP_00000000001296788648248','MONS_00000000001297218526208',8,22);
INSERT INTO map_monsters VALUES ('MAP_00000000001296788648248','MONS_00000000001297218526208',8,23);
INSERT INTO map_monsters VALUES ('MAP_00000000001296788648248','MONS_00000000001297218526208',8,24);
INSERT INTO map_monsters VALUES ('MAP_00000000001296788648248','MONS_00000000001297218526208',8,26);
INSERT INTO map_monsters VALUES ('MAP_00000000001296788648248','MONS_00000000001297218526208',8,27);
INSERT INTO map_monsters VALUES ('MAP_00000000001296788648248','MONS_00000000001297218526208',8,28);
INSERT INTO map_monsters VALUES ('MAP_00000000001296788648248','MONS_00000000001297218526208',8,29);
INSERT INTO map_monsters VALUES ('MAP_00000000001296788648248','MONS_00000000001297218526208',8,30);
INSERT INTO map_monsters VALUES ('MAP_00000000001296788648248','MONS_00000000001297218526208',8,31);
INSERT INTO map_monsters VALUES ('MAP_00000000001296788648248','MONS_00000000001297218526208',8,32);
INSERT INTO map_monsters VALUES ('MAP_00000000001296788648248','MONS_00000000001297218526208',8,33);
INSERT INTO map_monsters VALUES ('MAP_00000000001296788648248','MONS_00000000001297218526208',8,34);
INSERT INTO map_monsters VALUES ('MAP_00000000001296788648248','MONS_00000000001297218526208',8,35);
INSERT INTO map_monsters VALUES ('MAP_00000000001296788648248','MONS_00000000001297218526208',8,36);
INSERT INTO map_monsters VALUES ('MAP_00000000001296788648248','MONS_00000000001297218526208',8,37);
INSERT INTO map_monsters VALUES ('MAP_00000000001296788648248','MONS_00000000001297218526208',8,38);
INSERT INTO map_monsters VALUES ('MAP_00000000001296788648248','MONS_00000000001297218526208',8,39);
INSERT INTO map_monsters VALUES ('MAP_00000000001296788648248','MONS_00000000001297218526208',8,42);
INSERT INTO map_monsters VALUES ('MAP_00000000001296788648248','MONS_00000000001297218526208',8,43);
INSERT INTO map_monsters VALUES ('MAP_00000000001296788648248','MONS_00000000001297218526208',9,2);
INSERT INTO map_monsters VALUES ('MAP_00000000001296788648248','MONS_00000000001297218526208',9,5);
INSERT INTO map_monsters VALUES ('MAP_00000000001296788648248','MONS_00000000001297218526208',9,7);
INSERT INTO map_monsters VALUES ('MAP_00000000001296788648248','MONS_00000000001297218526208',9,10);
INSERT INTO map_monsters VALUES ('MAP_00000000001296788648248','MONS_00000000001297218526208',9,15);
INSERT INTO map_monsters VALUES ('MAP_00000000001296788648248','MONS_00000000001297218526208',9,20);
INSERT INTO map_monsters VALUES ('MAP_00000000001296788648248','MONS_00000000001297218526208',9,22);
INSERT INTO map_monsters VALUES ('MAP_00000000001296788648248','MONS_00000000001297218526208',9,23);
INSERT INTO map_monsters VALUES ('MAP_00000000001296788648248','MONS_00000000001297218526208',9,24);
INSERT INTO map_monsters VALUES ('MAP_00000000001296788648248','MONS_00000000001297218526208',9,26);
INSERT INTO map_monsters VALUES ('MAP_00000000001296788648248','MONS_00000000001297218526208',9,39);
INSERT INTO map_monsters VALUES ('MAP_00000000001296788648248','MONS_00000000001297218526208',9,42);
INSERT INTO map_monsters VALUES ('MAP_00000000001296788648248','MONS_00000000001297218526208',9,43);
INSERT INTO map_monsters VALUES ('MAP_00000000001296788648248','MONS_00000000001297218526208',10,5);
INSERT INTO map_monsters VALUES ('MAP_00000000001296788648248','MONS_00000000001297218526208',10,7);
INSERT INTO map_monsters VALUES ('MAP_00000000001296788648248','MONS_00000000001297218526208',10,10);
INSERT INTO map_monsters VALUES ('MAP_00000000001296788648248','MONS_00000000001297218526208',10,11);
INSERT INTO map_monsters VALUES ('MAP_00000000001296788648248','MONS_00000000001297218526208',10,12);
INSERT INTO map_monsters VALUES ('MAP_00000000001296788648248','MONS_00000000001297218526208',10,13);
INSERT INTO map_monsters VALUES ('MAP_00000000001296788648248','MONS_00000000001297218526208',10,14);
INSERT INTO map_monsters VALUES ('MAP_00000000001296788648248','MONS_00000000001297218526208',10,15);
INSERT INTO map_monsters VALUES ('MAP_00000000001296788648248','MONS_00000000001297218526208',10,16);
INSERT INTO map_monsters VALUES ('MAP_00000000001296788648248','MONS_00000000001297218526208',10,17);
INSERT INTO map_monsters VALUES ('MAP_00000000001296788648248','MONS_00000000001297218526208',10,18);
INSERT INTO map_monsters VALUES ('MAP_00000000001296788648248','MONS_00000000001297218526208',10,19);
INSERT INTO map_monsters VALUES ('MAP_00000000001296788648248','MONS_00000000001297218526208',10,20);
INSERT INTO map_monsters VALUES ('MAP_00000000001296788648248','MONS_00000000001297218526208',10,21);
INSERT INTO map_monsters VALUES ('MAP_00000000001296788648248','MONS_00000000001297218526208',10,22);
INSERT INTO map_monsters VALUES ('MAP_00000000001296788648248','MONS_00000000001297218526208',10,23);
INSERT INTO map_monsters VALUES ('MAP_00000000001296788648248','MONS_00000000001297218526208',10,24);
INSERT INTO map_monsters VALUES ('MAP_00000000001296788648248','MONS_00000000001297218526208',10,25);
INSERT INTO map_monsters VALUES ('MAP_00000000001296788648248','MONS_00000000001297218526208',10,26);
INSERT INTO map_monsters VALUES ('MAP_00000000001296788648248','MONS_00000000001297218526208',10,27);
INSERT INTO map_monsters VALUES ('MAP_00000000001296788648248','MONS_00000000001297218526208',10,28);
INSERT INTO map_monsters VALUES ('MAP_00000000001296788648248','MONS_00000000001297218526208',10,29);
INSERT INTO map_monsters VALUES ('MAP_00000000001296788648248','MONS_00000000001297218526208',10,30);
INSERT INTO map_monsters VALUES ('MAP_00000000001296788648248','MONS_00000000001297218526208',10,31);
INSERT INTO map_monsters VALUES ('MAP_00000000001296788648248','MONS_00000000001297218526208',10,32);
INSERT INTO map_monsters VALUES ('MAP_00000000001296788648248','MONS_00000000001297218526208',10,33);
INSERT INTO map_monsters VALUES ('MAP_00000000001296788648248','MONS_00000000001297218526208',10,34);
INSERT INTO map_monsters VALUES ('MAP_00000000001296788648248','MONS_00000000001297218526208',10,35);
INSERT INTO map_monsters VALUES ('MAP_00000000001296788648248','MONS_00000000001297218526208',10,36);
INSERT INTO map_monsters VALUES ('MAP_00000000001296788648248','MONS_00000000001297218526208',10,37);
INSERT INTO map_monsters VALUES ('MAP_00000000001296788648248','MONS_00000000001297218526208',10,38);
INSERT INTO map_monsters VALUES ('MAP_00000000001296788648248','MONS_00000000001297218526208',10,39);
INSERT INTO map_monsters VALUES ('MAP_00000000001296788648248','MONS_00000000001297218526208',10,42);
INSERT INTO map_monsters VALUES ('MAP_00000000001296788648248','MONS_00000000001297218526208',10,43);
INSERT INTO map_monsters VALUES ('MAP_00000000001296788648248','MONS_00000000001297218526208',11,4);
INSERT INTO map_monsters VALUES ('MAP_00000000001296788648248','MONS_00000000001297218526208',11,5);
INSERT INTO map_monsters VALUES ('MAP_00000000001296788648248','MONS_00000000001297218526208',11,6);
INSERT INTO map_monsters VALUES ('MAP_00000000001296788648248','MONS_00000000001297218526208',11,7);
INSERT INTO map_monsters VALUES ('MAP_00000000001296788648248','MONS_00000000001297218526208',11,10);
INSERT INTO map_monsters VALUES ('MAP_00000000001296788648248','MONS_00000000001297218526208',11,19);
INSERT INTO map_monsters VALUES ('MAP_00000000001296788648248','MONS_00000000001297218526208',11,22);
INSERT INTO map_monsters VALUES ('MAP_00000000001296788648248','MONS_00000000001297218526208',11,23);
INSERT INTO map_monsters VALUES ('MAP_00000000001296788648248','MONS_00000000001297218526208',11,24);
INSERT INTO map_monsters VALUES ('MAP_00000000001296788648248','MONS_00000000001297218526208',11,38);
INSERT INTO map_monsters VALUES ('MAP_00000000001296788648248','MONS_00000000001297218526208',11,42);
INSERT INTO map_monsters VALUES ('MAP_00000000001296788648248','MONS_00000000001297218526208',11,43);
INSERT INTO map_monsters VALUES ('MAP_00000000001296788648248','MONS_00000000001297218526208',12,7);
INSERT INTO map_monsters VALUES ('MAP_00000000001296788648248','MONS_00000000001297218526208',12,10);
INSERT INTO map_monsters VALUES ('MAP_00000000001296788648248','MONS_00000000001297218526208',12,11);
INSERT INTO map_monsters VALUES ('MAP_00000000001296788648248','MONS_00000000001297218526208',12,12);
INSERT INTO map_monsters VALUES ('MAP_00000000001296788648248','MONS_00000000001297218526208',12,13);
INSERT INTO map_monsters VALUES ('MAP_00000000001296788648248','MONS_00000000001297218526208',12,14);
INSERT INTO map_monsters VALUES ('MAP_00000000001296788648248','MONS_00000000001297218526208',12,15);
INSERT INTO map_monsters VALUES ('MAP_00000000001296788648248','MONS_00000000001297218526208',12,16);
INSERT INTO map_monsters VALUES ('MAP_00000000001296788648248','MONS_00000000001297218526208',12,17);
INSERT INTO map_monsters VALUES ('MAP_00000000001296788648248','MONS_00000000001297218526208',12,18);
INSERT INTO map_monsters VALUES ('MAP_00000000001296788648248','MONS_00000000001297218526208',12,20);
INSERT INTO map_monsters VALUES ('MAP_00000000001296788648248','MONS_00000000001297218526208',12,21);
INSERT INTO map_monsters VALUES ('MAP_00000000001296788648248','MONS_00000000001297218526208',12,22);
INSERT INTO map_monsters VALUES ('MAP_00000000001296788648248','MONS_00000000001297218526208',12,23);
INSERT INTO map_monsters VALUES ('MAP_00000000001296788648248','MONS_00000000001297218526208',12,24);
INSERT INTO map_monsters VALUES ('MAP_00000000001296788648248','MONS_00000000001297218526208',12,27);
INSERT INTO map_monsters VALUES ('MAP_00000000001296788648248','MONS_00000000001297218526208',12,28);
INSERT INTO map_monsters VALUES ('MAP_00000000001296788648248','MONS_00000000001297218526208',12,29);
INSERT INTO map_monsters VALUES ('MAP_00000000001296788648248','MONS_00000000001297218526208',12,30);
INSERT INTO map_monsters VALUES ('MAP_00000000001296788648248','MONS_00000000001297218526208',12,31);
INSERT INTO map_monsters VALUES ('MAP_00000000001296788648248','MONS_00000000001297218526208',12,32);
INSERT INTO map_monsters VALUES ('MAP_00000000001296788648248','MONS_00000000001297218526208',12,33);
INSERT INTO map_monsters VALUES ('MAP_00000000001296788648248','MONS_00000000001297218526208',12,34);
INSERT INTO map_monsters VALUES ('MAP_00000000001296788648248','MONS_00000000001297218526208',12,35);
INSERT INTO map_monsters VALUES ('MAP_00000000001296788648248','MONS_00000000001297218526208',12,36);
INSERT INTO map_monsters VALUES ('MAP_00000000001296788648248','MONS_00000000001297218526208',12,37);
INSERT INTO map_monsters VALUES ('MAP_00000000001296788648248','MONS_00000000001297218526208',12,38);
INSERT INTO map_monsters VALUES ('MAP_00000000001296788648248','MONS_00000000001297218526208',12,39);
INSERT INTO map_monsters VALUES ('MAP_00000000001296788648248','MONS_00000000001297218526208',12,40);
INSERT INTO map_monsters VALUES ('MAP_00000000001296788648248','MONS_00000000001297218526208',12,42);
INSERT INTO map_monsters VALUES ('MAP_00000000001296788648248','MONS_00000000001297218526208',12,43);
INSERT INTO map_monsters VALUES ('MAP_00000000001296788648248','MONS_00000000001297218526208',13,7);
INSERT INTO map_monsters VALUES ('MAP_00000000001296788648248','MONS_00000000001297218526208',13,11);
INSERT INTO map_monsters VALUES ('MAP_00000000001296788648248','MONS_00000000001297218526208',13,20);
INSERT INTO map_monsters VALUES ('MAP_00000000001296788648248','MONS_00000000001297218526208',13,21);
INSERT INTO map_monsters VALUES ('MAP_00000000001296788648248','MONS_00000000001297218526208',13,22);
INSERT INTO map_monsters VALUES ('MAP_00000000001296788648248','MONS_00000000001297218526208',13,23);
INSERT INTO map_monsters VALUES ('MAP_00000000001296788648248','MONS_00000000001297218526208',13,24);
INSERT INTO map_monsters VALUES ('MAP_00000000001296788648248','MONS_00000000001297218526208',13,25);
INSERT INTO map_monsters VALUES ('MAP_00000000001296788648248','MONS_00000000001297218526208',13,26);
INSERT INTO map_monsters VALUES ('MAP_00000000001296788648248','MONS_00000000001297218526208',13,28);
INSERT INTO map_monsters VALUES ('MAP_00000000001296788648248','MONS_00000000001297218526208',13,40);
INSERT INTO map_monsters VALUES ('MAP_00000000001296788648248','MONS_00000000001297218526208',13,41);
INSERT INTO map_monsters VALUES ('MAP_00000000001296788648248','MONS_00000000001297218526208',13,42);
INSERT INTO map_monsters VALUES ('MAP_00000000001296788648248','MONS_00000000001297218526208',13,43);
INSERT INTO map_monsters VALUES ('MAP_00000000001296788648248','MONS_00000000001297218526208',14,1);
INSERT INTO map_monsters VALUES ('MAP_00000000001296788648248','MONS_00000000001297218526208',14,2);
INSERT INTO map_monsters VALUES ('MAP_00000000001296788648248','MONS_00000000001297218526208',14,3);
INSERT INTO map_monsters VALUES ('MAP_00000000001296788648248','MONS_00000000001297218526208',14,4);
INSERT INTO map_monsters VALUES ('MAP_00000000001296788648248','MONS_00000000001297218526208',14,5);
INSERT INTO map_monsters VALUES ('MAP_00000000001296788648248','MONS_00000000001297218526208',14,6);
INSERT INTO map_monsters VALUES ('MAP_00000000001296788648248','MONS_00000000001297218526208',14,7);
INSERT INTO map_monsters VALUES ('MAP_00000000001296788648248','MONS_00000000001297218526208',14,8);
INSERT INTO map_monsters VALUES ('MAP_00000000001296788648248','MONS_00000000001297218526208',14,9);
INSERT INTO map_monsters VALUES ('MAP_00000000001296788648248','MONS_00000000001297218526208',14,10);
INSERT INTO map_monsters VALUES ('MAP_00000000001296788648248','MONS_00000000001297218526208',14,11);
INSERT INTO map_monsters VALUES ('MAP_00000000001296788648248','MONS_00000000001297218526208',14,12);
INSERT INTO map_monsters VALUES ('MAP_00000000001296788648248','MONS_00000000001297218526208',14,13);
INSERT INTO map_monsters VALUES ('MAP_00000000001296788648248','MONS_00000000001297218526208',14,14);
INSERT INTO map_monsters VALUES ('MAP_00000000001296788648248','MONS_00000000001297218526208',14,15);
INSERT INTO map_monsters VALUES ('MAP_00000000001296788648248','MONS_00000000001297218526208',14,16);
INSERT INTO map_monsters VALUES ('MAP_00000000001296788648248','MONS_00000000001297218526208',14,17);
INSERT INTO map_monsters VALUES ('MAP_00000000001296788648248','MONS_00000000001297218526208',14,18);
INSERT INTO map_monsters VALUES ('MAP_00000000001296788648248','MONS_00000000001297218526208',14,19);
INSERT INTO map_monsters VALUES ('MAP_00000000001296788648248','MONS_00000000001297218526208',14,20);
INSERT INTO map_monsters VALUES ('MAP_00000000001296788648248','MONS_00000000001297218526208',14,21);
INSERT INTO map_monsters VALUES ('MAP_00000000001296788648248','MONS_00000000001297218526208',14,23);
INSERT INTO map_monsters VALUES ('MAP_00000000001296788648248','MONS_00000000001297218526208',14,24);
INSERT INTO map_monsters VALUES ('MAP_00000000001296788648248','MONS_00000000001297218526208',14,25);
INSERT INTO map_monsters VALUES ('MAP_00000000001296788648248','MONS_00000000001297218526208',14,26);
INSERT INTO map_monsters VALUES ('MAP_00000000001296788648248','MONS_00000000001297218526208',14,27);
INSERT INTO map_monsters VALUES ('MAP_00000000001296788648248','MONS_00000000001297218526208',14,28);
INSERT INTO map_monsters VALUES ('MAP_00000000001296788648248','MONS_00000000001297218526208',14,29);
INSERT INTO map_monsters VALUES ('MAP_00000000001296788648248','MONS_00000000001297218526208',14,30);
INSERT INTO map_monsters VALUES ('MAP_00000000001296788648248','MONS_00000000001297218526208',14,31);
INSERT INTO map_monsters VALUES ('MAP_00000000001296788648248','MONS_00000000001297218526208',14,32);
INSERT INTO map_monsters VALUES ('MAP_00000000001296788648248','MONS_00000000001297218526208',14,33);
INSERT INTO map_monsters VALUES ('MAP_00000000001296788648248','MONS_00000000001297218526208',14,34);
INSERT INTO map_monsters VALUES ('MAP_00000000001296788648248','MONS_00000000001297218526208',14,35);
INSERT INTO map_monsters VALUES ('MAP_00000000001296788648248','MONS_00000000001297218526208',14,36);
INSERT INTO map_monsters VALUES ('MAP_00000000001296788648248','MONS_00000000001297218526208',14,37);
INSERT INTO map_monsters VALUES ('MAP_00000000001296788648248','MONS_00000000001297218526208',14,38);
INSERT INTO map_monsters VALUES ('MAP_00000000001296788648248','MONS_00000000001297218526208',14,39);
INSERT INTO map_monsters VALUES ('MAP_00000000001296788648248','MONS_00000000001297218526208',14,40);
INSERT INTO map_monsters VALUES ('MAP_00000000001296788648248','MONS_00000000001297218526208',15,0);
INSERT INTO map_monsters VALUES ('MAP_00000000001296788648248','MONS_00000000001297218526208',15,1);
INSERT INTO map_monsters VALUES ('MAP_00000000001296788648248','MONS_00000000001297218526208',15,2);
INSERT INTO map_monsters VALUES ('MAP_00000000001296788648248','MONS_00000000001297218526208',15,3);
INSERT INTO map_monsters VALUES ('MAP_00000000001296788648248','MONS_00000000001297218526208',15,4);
INSERT INTO map_monsters VALUES ('MAP_00000000001296788648248','MONS_00000000001297218526208',15,5);
INSERT INTO map_monsters VALUES ('MAP_00000000001296788648248','MONS_00000000001297218526208',15,6);
INSERT INTO map_monsters VALUES ('MAP_00000000001296788648248','MONS_00000000001297218526208',15,7);
INSERT INTO map_monsters VALUES ('MAP_00000000001296788648248','MONS_00000000001297218526208',15,8);
INSERT INTO map_monsters VALUES ('MAP_00000000001296788648248','MONS_00000000001297218526208',15,9);
INSERT INTO map_monsters VALUES ('MAP_00000000001296788648248','MONS_00000000001297218526208',15,10);
INSERT INTO map_monsters VALUES ('MAP_00000000001296788648248','MONS_00000000001297218526208',15,11);
INSERT INTO map_monsters VALUES ('MAP_00000000001296788648248','MONS_00000000001297218526208',15,12);
INSERT INTO map_monsters VALUES ('MAP_00000000001296788648248','MONS_00000000001297218526208',15,13);
INSERT INTO map_monsters VALUES ('MAP_00000000001296788648248','MONS_00000000001297218526208',15,14);
INSERT INTO map_monsters VALUES ('MAP_00000000001296788648248','MONS_00000000001297218526208',15,15);
INSERT INTO map_monsters VALUES ('MAP_00000000001296788648248','MONS_00000000001297218526208',15,19);
INSERT INTO map_monsters VALUES ('MAP_00000000001296788648248','MONS_00000000001297218526208',15,20);
INSERT INTO map_monsters VALUES ('MAP_00000000001296788648248','MONS_00000000001297218526208',15,21);
INSERT INTO map_monsters VALUES ('MAP_00000000001296788648248','MONS_00000000001297218526208',15,22);
INSERT INTO map_monsters VALUES ('MAP_00000000001296788648248','MONS_00000000001297218526208',15,23);
INSERT INTO map_monsters VALUES ('MAP_00000000001296788648248','MONS_00000000001297218526208',15,24);
INSERT INTO map_monsters VALUES ('MAP_00000000001296788648248','MONS_00000000001297218526208',15,25);
INSERT INTO map_monsters VALUES ('MAP_00000000001296788648248','MONS_00000000001297218526208',15,26);
INSERT INTO map_monsters VALUES ('MAP_00000000001296788648248','MONS_00000000001297218526208',15,27);
INSERT INTO map_monsters VALUES ('MAP_00000000001296788648248','MONS_00000000001297218526208',15,28);
INSERT INTO map_monsters VALUES ('MAP_00000000001296788648248','MONS_00000000001297218526208',15,29);
INSERT INTO map_monsters VALUES ('MAP_00000000001296788648248','MONS_00000000001297218526208',15,30);
INSERT INTO map_monsters VALUES ('MAP_00000000001296788648248','MONS_00000000001297218526208',15,31);
INSERT INTO map_monsters VALUES ('MAP_00000000001296788648248','MONS_00000000001297218526208',15,32);
INSERT INTO map_monsters VALUES ('MAP_00000000001296788648248','MONS_00000000001297218526208',15,33);
INSERT INTO map_monsters VALUES ('MAP_00000000001296788648248','MONS_00000000001297218526208',15,34);
INSERT INTO map_monsters VALUES ('MAP_00000000001296788648248','MONS_00000000001297218526208',15,35);
INSERT INTO map_monsters VALUES ('MAP_00000000001296788648248','MONS_00000000001297218526208',15,36);
INSERT INTO map_monsters VALUES ('MAP_00000000001296788648248','MONS_00000000001297218526208',15,37);
INSERT INTO map_monsters VALUES ('MAP_00000000001296788648248','MONS_00000000001297218526208',15,38);
INSERT INTO map_monsters VALUES ('MAP_00000000001296788648248','MONS_00000000001297218526208',15,39);
INSERT INTO map_monsters VALUES ('MAP_00000000001296788648248','MONS_00000000001297218526208',15,40);
INSERT INTO map_monsters VALUES ('MAP_00000000001296788648248','MONS_00000000001297218526208',15,41);
INSERT INTO map_monsters VALUES ('MAP_00000000001296788648248','MONS_00000000001297218526208',15,42);
INSERT INTO map_monsters VALUES ('MAP_00000000001296788648248','MONS_00000000001297218526208',15,43);
INSERT INTO map_monsters VALUES ('MAP_00000000001296788648248','MONS_00000000001297218526208',16,0);
INSERT INTO map_monsters VALUES ('MAP_00000000001296788648248','MONS_00000000001297218526208',16,1);
INSERT INTO map_monsters VALUES ('MAP_00000000001296788648248','MONS_00000000001297218526208',16,2);
INSERT INTO map_monsters VALUES ('MAP_00000000001296788648248','MONS_00000000001297218526208',16,3);
INSERT INTO map_monsters VALUES ('MAP_00000000001296788648248','MONS_00000000001297218526208',16,4);
INSERT INTO map_monsters VALUES ('MAP_00000000001296788648248','MONS_00000000001297218526208',16,5);
INSERT INTO map_monsters VALUES ('MAP_00000000001296788648248','MONS_00000000001297218526208',16,6);
INSERT INTO map_monsters VALUES ('MAP_00000000001296788648248','MONS_00000000001297218526208',16,7);
INSERT INTO map_monsters VALUES ('MAP_00000000001296788648248','MONS_00000000001297218526208',16,8);
INSERT INTO map_monsters VALUES ('MAP_00000000001296788648248','MONS_00000000001297218526208',16,9);
INSERT INTO map_monsters VALUES ('MAP_00000000001296788648248','MONS_00000000001297218526208',16,10);
INSERT INTO map_monsters VALUES ('MAP_00000000001296788648248','MONS_00000000001297218526208',16,11);
INSERT INTO map_monsters VALUES ('MAP_00000000001296788648248','MONS_00000000001297218526208',16,12);
INSERT INTO map_monsters VALUES ('MAP_00000000001296788648248','MONS_00000000001297218526208',16,13);
INSERT INTO map_monsters VALUES ('MAP_00000000001296788648248','MONS_00000000001297218526208',16,14);
INSERT INTO map_monsters VALUES ('MAP_00000000001296788648248','MONS_00000000001297218526208',16,15);
INSERT INTO map_monsters VALUES ('MAP_00000000001296788648248','MONS_00000000001297218526208',16,19);
INSERT INTO map_monsters VALUES ('MAP_00000000001296788648248','MONS_00000000001297218526208',16,20);
INSERT INTO map_monsters VALUES ('MAP_00000000001296788648248','MONS_00000000001297218526208',16,21);
INSERT INTO map_monsters VALUES ('MAP_00000000001296788648248','MONS_00000000001297218526208',16,22);
INSERT INTO map_monsters VALUES ('MAP_00000000001296788648248','MONS_00000000001297218526208',16,23);
INSERT INTO map_monsters VALUES ('MAP_00000000001296788648248','MONS_00000000001297218526208',16,24);
INSERT INTO map_monsters VALUES ('MAP_00000000001296788648248','MONS_00000000001297218526208',16,25);
INSERT INTO map_monsters VALUES ('MAP_00000000001296788648248','MONS_00000000001297218526208',16,26);
INSERT INTO map_monsters VALUES ('MAP_00000000001296788648248','MONS_00000000001297218526208',16,27);
INSERT INTO map_monsters VALUES ('MAP_00000000001296788648248','MONS_00000000001297218526208',16,28);
INSERT INTO map_monsters VALUES ('MAP_00000000001296788648248','MONS_00000000001297218526208',16,29);
INSERT INTO map_monsters VALUES ('MAP_00000000001296788648248','MONS_00000000001297218526208',16,30);
INSERT INTO map_monsters VALUES ('MAP_00000000001296788648248','MONS_00000000001297218526208',16,31);
INSERT INTO map_monsters VALUES ('MAP_00000000001296788648248','MONS_00000000001297218526208',16,32);
INSERT INTO map_monsters VALUES ('MAP_00000000001296788648248','MONS_00000000001297218526208',16,33);
INSERT INTO map_monsters VALUES ('MAP_00000000001296788648248','MONS_00000000001297218526208',16,34);
INSERT INTO map_monsters VALUES ('MAP_00000000001296788648248','MONS_00000000001297218526208',16,35);
INSERT INTO map_monsters VALUES ('MAP_00000000001296788648248','MONS_00000000001297218526208',16,36);
INSERT INTO map_monsters VALUES ('MAP_00000000001296788648248','MONS_00000000001297218526208',16,37);
INSERT INTO map_monsters VALUES ('MAP_00000000001296788648248','MONS_00000000001297218526208',16,38);
INSERT INTO map_monsters VALUES ('MAP_00000000001296788648248','MONS_00000000001297218526208',16,39);
INSERT INTO map_monsters VALUES ('MAP_00000000001296788648248','MONS_00000000001297218526208',16,40);
INSERT INTO map_monsters VALUES ('MAP_00000000001296788648248','MONS_00000000001297218526208',16,41);
INSERT INTO map_monsters VALUES ('MAP_00000000001296788648248','MONS_00000000001297218526208',16,42);
INSERT INTO map_monsters VALUES ('MAP_00000000001296788648248','MONS_00000000001297218526208',16,43);
INSERT INTO map_monsters VALUES ('MAP_00000000001296788648248','MONS_00000000001297218526208',17,1);
INSERT INTO map_monsters VALUES ('MAP_00000000001296788648248','MONS_00000000001297218526208',17,2);
INSERT INTO map_monsters VALUES ('MAP_00000000001296788648248','MONS_00000000001297218526208',17,3);
INSERT INTO map_monsters VALUES ('MAP_00000000001296788648248','MONS_00000000001297218526208',17,4);
INSERT INTO map_monsters VALUES ('MAP_00000000001296788648248','MONS_00000000001297218526208',17,5);
INSERT INTO map_monsters VALUES ('MAP_00000000001296788648248','MONS_00000000001297218526208',17,6);
INSERT INTO map_monsters VALUES ('MAP_00000000001296788648248','MONS_00000000001297218526208',17,7);
INSERT INTO map_monsters VALUES ('MAP_00000000001296788648248','MONS_00000000001297218526208',17,8);
INSERT INTO map_monsters VALUES ('MAP_00000000001296788648248','MONS_00000000001297218526208',17,9);
INSERT INTO map_monsters VALUES ('MAP_00000000001296788648248','MONS_00000000001297218526208',17,10);
INSERT INTO map_monsters VALUES ('MAP_00000000001296788648248','MONS_00000000001297218526208',17,11);
INSERT INTO map_monsters VALUES ('MAP_00000000001296788648248','MONS_00000000001297218526208',17,12);
INSERT INTO map_monsters VALUES ('MAP_00000000001296788648248','MONS_00000000001297218526208',17,13);
INSERT INTO map_monsters VALUES ('MAP_00000000001296788648248','MONS_00000000001297218526208',17,14);
INSERT INTO map_monsters VALUES ('MAP_00000000001296788648248','MONS_00000000001297218526208',17,15);
INSERT INTO map_monsters VALUES ('MAP_00000000001296788648248','MONS_00000000001297218526208',17,16);
INSERT INTO map_monsters VALUES ('MAP_00000000001296788648248','MONS_00000000001297218526208',17,17);
INSERT INTO map_monsters VALUES ('MAP_00000000001296788648248','MONS_00000000001297218526208',17,18);
INSERT INTO map_monsters VALUES ('MAP_00000000001296788648248','MONS_00000000001297218526208',17,19);
INSERT INTO map_monsters VALUES ('MAP_00000000001296788648248','MONS_00000000001297218526208',17,20);
INSERT INTO map_monsters VALUES ('MAP_00000000001296788648248','MONS_00000000001297218526208',17,21);
INSERT INTO map_monsters VALUES ('MAP_00000000001296788648248','MONS_00000000001297218526208',17,23);
INSERT INTO map_monsters VALUES ('MAP_00000000001296788648248','MONS_00000000001297218526208',17,24);
INSERT INTO map_monsters VALUES ('MAP_00000000001296788648248','MONS_00000000001297218526208',17,25);
INSERT INTO map_monsters VALUES ('MAP_00000000001296788648248','MONS_00000000001297218526208',17,26);
INSERT INTO map_monsters VALUES ('MAP_00000000001296788648248','MONS_00000000001297218526208',17,27);
INSERT INTO map_monsters VALUES ('MAP_00000000001296788648248','MONS_00000000001297218526208',17,28);
INSERT INTO map_monsters VALUES ('MAP_00000000001296788648248','MONS_00000000001297218526208',17,29);
INSERT INTO map_monsters VALUES ('MAP_00000000001296788648248','MONS_00000000001297218526208',17,30);
INSERT INTO map_monsters VALUES ('MAP_00000000001296788648248','MONS_00000000001297218526208',17,31);
INSERT INTO map_monsters VALUES ('MAP_00000000001296788648248','MONS_00000000001297218526208',17,32);
INSERT INTO map_monsters VALUES ('MAP_00000000001296788648248','MONS_00000000001297218526208',17,33);
INSERT INTO map_monsters VALUES ('MAP_00000000001296788648248','MONS_00000000001297218526208',17,34);
INSERT INTO map_monsters VALUES ('MAP_00000000001296788648248','MONS_00000000001297218526208',17,35);
INSERT INTO map_monsters VALUES ('MAP_00000000001296788648248','MONS_00000000001297218526208',17,36);
INSERT INTO map_monsters VALUES ('MAP_00000000001296788648248','MONS_00000000001297218526208',17,37);
INSERT INTO map_monsters VALUES ('MAP_00000000001296788648248','MONS_00000000001297218526208',17,38);
INSERT INTO map_monsters VALUES ('MAP_00000000001296788648248','MONS_00000000001297218526208',17,39);
INSERT INTO map_monsters VALUES ('MAP_00000000001296788648248','MONS_00000000001297218526208',17,40);
INSERT INTO map_monsters VALUES ('MAP_00000000001296788648248','MONS_00000000001297218526208',18,7);
INSERT INTO map_monsters VALUES ('MAP_00000000001296788648248','MONS_00000000001297218526208',18,11);
INSERT INTO map_monsters VALUES ('MAP_00000000001296788648248','MONS_00000000001297218526208',18,20);
INSERT INTO map_monsters VALUES ('MAP_00000000001296788648248','MONS_00000000001297218526208',18,21);
INSERT INTO map_monsters VALUES ('MAP_00000000001296788648248','MONS_00000000001297218526208',18,22);
INSERT INTO map_monsters VALUES ('MAP_00000000001296788648248','MONS_00000000001297218526208',18,23);
INSERT INTO map_monsters VALUES ('MAP_00000000001296788648248','MONS_00000000001297218526208',18,24);
INSERT INTO map_monsters VALUES ('MAP_00000000001296788648248','MONS_00000000001297218526208',18,25);
INSERT INTO map_monsters VALUES ('MAP_00000000001296788648248','MONS_00000000001297218526208',18,26);
INSERT INTO map_monsters VALUES ('MAP_00000000001296788648248','MONS_00000000001297218526208',18,28);
INSERT INTO map_monsters VALUES ('MAP_00000000001296788648248','MONS_00000000001297218526208',18,40);
INSERT INTO map_monsters VALUES ('MAP_00000000001296788648248','MONS_00000000001297218526208',18,41);
INSERT INTO map_monsters VALUES ('MAP_00000000001296788648248','MONS_00000000001297218526208',18,42);
INSERT INTO map_monsters VALUES ('MAP_00000000001296788648248','MONS_00000000001297218526208',18,43);
INSERT INTO map_monsters VALUES ('MAP_00000000001296788648248','MONS_00000000001297218526208',19,7);
INSERT INTO map_monsters VALUES ('MAP_00000000001296788648248','MONS_00000000001297218526208',19,10);
INSERT INTO map_monsters VALUES ('MAP_00000000001296788648248','MONS_00000000001297218526208',19,11);
INSERT INTO map_monsters VALUES ('MAP_00000000001296788648248','MONS_00000000001297218526208',19,12);
INSERT INTO map_monsters VALUES ('MAP_00000000001296788648248','MONS_00000000001297218526208',19,13);
INSERT INTO map_monsters VALUES ('MAP_00000000001296788648248','MONS_00000000001297218526208',19,14);
INSERT INTO map_monsters VALUES ('MAP_00000000001296788648248','MONS_00000000001297218526208',19,15);
INSERT INTO map_monsters VALUES ('MAP_00000000001296788648248','MONS_00000000001297218526208',19,16);
INSERT INTO map_monsters VALUES ('MAP_00000000001296788648248','MONS_00000000001297218526208',19,17);
INSERT INTO map_monsters VALUES ('MAP_00000000001296788648248','MONS_00000000001297218526208',19,18);
INSERT INTO map_monsters VALUES ('MAP_00000000001296788648248','MONS_00000000001297218526208',19,20);
INSERT INTO map_monsters VALUES ('MAP_00000000001296788648248','MONS_00000000001297218526208',19,21);
INSERT INTO map_monsters VALUES ('MAP_00000000001296788648248','MONS_00000000001297218526208',19,22);
INSERT INTO map_monsters VALUES ('MAP_00000000001296788648248','MONS_00000000001297218526208',19,23);
INSERT INTO map_monsters VALUES ('MAP_00000000001296788648248','MONS_00000000001297218526208',19,24);
INSERT INTO map_monsters VALUES ('MAP_00000000001296788648248','MONS_00000000001297218526208',19,27);
INSERT INTO map_monsters VALUES ('MAP_00000000001296788648248','MONS_00000000001297218526208',19,28);
INSERT INTO map_monsters VALUES ('MAP_00000000001296788648248','MONS_00000000001297218526208',19,29);
INSERT INTO map_monsters VALUES ('MAP_00000000001296788648248','MONS_00000000001297218526208',19,30);
INSERT INTO map_monsters VALUES ('MAP_00000000001296788648248','MONS_00000000001297218526208',19,31);
INSERT INTO map_monsters VALUES ('MAP_00000000001296788648248','MONS_00000000001297218526208',19,32);
INSERT INTO map_monsters VALUES ('MAP_00000000001296788648248','MONS_00000000001297218526208',19,33);
INSERT INTO map_monsters VALUES ('MAP_00000000001296788648248','MONS_00000000001297218526208',19,34);
INSERT INTO map_monsters VALUES ('MAP_00000000001296788648248','MONS_00000000001297218526208',19,35);
INSERT INTO map_monsters VALUES ('MAP_00000000001296788648248','MONS_00000000001297218526208',19,36);
INSERT INTO map_monsters VALUES ('MAP_00000000001296788648248','MONS_00000000001297218526208',19,37);
INSERT INTO map_monsters VALUES ('MAP_00000000001296788648248','MONS_00000000001297218526208',19,38);
INSERT INTO map_monsters VALUES ('MAP_00000000001296788648248','MONS_00000000001297218526208',19,39);
INSERT INTO map_monsters VALUES ('MAP_00000000001296788648248','MONS_00000000001297218526208',19,40);
INSERT INTO map_monsters VALUES ('MAP_00000000001296788648248','MONS_00000000001297218526208',19,42);
INSERT INTO map_monsters VALUES ('MAP_00000000001296788648248','MONS_00000000001297218526208',19,43);
INSERT INTO map_monsters VALUES ('MAP_00000000001296788648248','MONS_00000000001297218526208',20,4);
INSERT INTO map_monsters VALUES ('MAP_00000000001296788648248','MONS_00000000001297218526208',20,5);
INSERT INTO map_monsters VALUES ('MAP_00000000001296788648248','MONS_00000000001297218526208',20,6);
INSERT INTO map_monsters VALUES ('MAP_00000000001296788648248','MONS_00000000001297218526208',20,7);
INSERT INTO map_monsters VALUES ('MAP_00000000001296788648248','MONS_00000000001297218526208',20,10);
INSERT INTO map_monsters VALUES ('MAP_00000000001296788648248','MONS_00000000001297218526208',20,19);
INSERT INTO map_monsters VALUES ('MAP_00000000001296788648248','MONS_00000000001297218526208',20,22);
INSERT INTO map_monsters VALUES ('MAP_00000000001296788648248','MONS_00000000001297218526208',20,23);
INSERT INTO map_monsters VALUES ('MAP_00000000001296788648248','MONS_00000000001297218526208',20,24);
INSERT INTO map_monsters VALUES ('MAP_00000000001296788648248','MONS_00000000001297218526208',20,38);
INSERT INTO map_monsters VALUES ('MAP_00000000001296788648248','MONS_00000000001297218526208',20,42);
INSERT INTO map_monsters VALUES ('MAP_00000000001296788648248','MONS_00000000001297218526208',20,43);
INSERT INTO map_monsters VALUES ('MAP_00000000001296788648248','MONS_00000000001297218526208',21,5);
INSERT INTO map_monsters VALUES ('MAP_00000000001296788648248','MONS_00000000001297218526208',21,7);
INSERT INTO map_monsters VALUES ('MAP_00000000001296788648248','MONS_00000000001297218526208',21,10);
INSERT INTO map_monsters VALUES ('MAP_00000000001296788648248','MONS_00000000001297218526208',21,11);
INSERT INTO map_monsters VALUES ('MAP_00000000001296788648248','MONS_00000000001297218526208',21,12);
INSERT INTO map_monsters VALUES ('MAP_00000000001296788648248','MONS_00000000001297218526208',21,13);
INSERT INTO map_monsters VALUES ('MAP_00000000001296788648248','MONS_00000000001297218526208',21,14);
INSERT INTO map_monsters VALUES ('MAP_00000000001296788648248','MONS_00000000001297218526208',21,15);
INSERT INTO map_monsters VALUES ('MAP_00000000001296788648248','MONS_00000000001297218526208',21,16);
INSERT INTO map_monsters VALUES ('MAP_00000000001296788648248','MONS_00000000001297218526208',21,17);
INSERT INTO map_monsters VALUES ('MAP_00000000001296788648248','MONS_00000000001297218526208',21,18);
INSERT INTO map_monsters VALUES ('MAP_00000000001296788648248','MONS_00000000001297218526208',21,19);
INSERT INTO map_monsters VALUES ('MAP_00000000001296788648248','MONS_00000000001297218526208',21,20);
INSERT INTO map_monsters VALUES ('MAP_00000000001296788648248','MONS_00000000001297218526208',21,21);
INSERT INTO map_monsters VALUES ('MAP_00000000001296788648248','MONS_00000000001297218526208',21,22);
INSERT INTO map_monsters VALUES ('MAP_00000000001296788648248','MONS_00000000001297218526208',21,23);
INSERT INTO map_monsters VALUES ('MAP_00000000001296788648248','MONS_00000000001297218526208',21,24);
INSERT INTO map_monsters VALUES ('MAP_00000000001296788648248','MONS_00000000001297218526208',21,25);
INSERT INTO map_monsters VALUES ('MAP_00000000001296788648248','MONS_00000000001297218526208',21,26);
INSERT INTO map_monsters VALUES ('MAP_00000000001296788648248','MONS_00000000001297218526208',21,27);
INSERT INTO map_monsters VALUES ('MAP_00000000001296788648248','MONS_00000000001297218526208',21,28);
INSERT INTO map_monsters VALUES ('MAP_00000000001296788648248','MONS_00000000001297218526208',21,29);
INSERT INTO map_monsters VALUES ('MAP_00000000001296788648248','MONS_00000000001297218526208',21,30);
INSERT INTO map_monsters VALUES ('MAP_00000000001296788648248','MONS_00000000001297218526208',21,31);
INSERT INTO map_monsters VALUES ('MAP_00000000001296788648248','MONS_00000000001297218526208',21,32);
INSERT INTO map_monsters VALUES ('MAP_00000000001296788648248','MONS_00000000001297218526208',21,33);
INSERT INTO map_monsters VALUES ('MAP_00000000001296788648248','MONS_00000000001297218526208',21,34);
INSERT INTO map_monsters VALUES ('MAP_00000000001296788648248','MONS_00000000001297218526208',21,35);
INSERT INTO map_monsters VALUES ('MAP_00000000001296788648248','MONS_00000000001297218526208',21,36);
INSERT INTO map_monsters VALUES ('MAP_00000000001296788648248','MONS_00000000001297218526208',21,37);
INSERT INTO map_monsters VALUES ('MAP_00000000001296788648248','MONS_00000000001297218526208',21,38);
INSERT INTO map_monsters VALUES ('MAP_00000000001296788648248','MONS_00000000001297218526208',21,39);
INSERT INTO map_monsters VALUES ('MAP_00000000001296788648248','MONS_00000000001297218526208',21,42);
INSERT INTO map_monsters VALUES ('MAP_00000000001296788648248','MONS_00000000001297218526208',21,43);
INSERT INTO map_monsters VALUES ('MAP_00000000001296788648248','MONS_00000000001297218526208',22,2);
INSERT INTO map_monsters VALUES ('MAP_00000000001296788648248','MONS_00000000001297218526208',22,5);
INSERT INTO map_monsters VALUES ('MAP_00000000001296788648248','MONS_00000000001297218526208',22,7);
INSERT INTO map_monsters VALUES ('MAP_00000000001296788648248','MONS_00000000001297218526208',22,10);
INSERT INTO map_monsters VALUES ('MAP_00000000001296788648248','MONS_00000000001297218526208',22,15);
INSERT INTO map_monsters VALUES ('MAP_00000000001296788648248','MONS_00000000001297218526208',22,20);
INSERT INTO map_monsters VALUES ('MAP_00000000001296788648248','MONS_00000000001297218526208',22,22);
INSERT INTO map_monsters VALUES ('MAP_00000000001296788648248','MONS_00000000001297218526208',22,23);
INSERT INTO map_monsters VALUES ('MAP_00000000001296788648248','MONS_00000000001297218526208',22,24);
INSERT INTO map_monsters VALUES ('MAP_00000000001296788648248','MONS_00000000001297218526208',22,26);
INSERT INTO map_monsters VALUES ('MAP_00000000001296788648248','MONS_00000000001297218526208',22,39);
INSERT INTO map_monsters VALUES ('MAP_00000000001296788648248','MONS_00000000001297218526208',22,42);
INSERT INTO map_monsters VALUES ('MAP_00000000001296788648248','MONS_00000000001297218526208',22,43);
INSERT INTO map_monsters VALUES ('MAP_00000000001296788648248','MONS_00000000001297218526208',23,2);
INSERT INTO map_monsters VALUES ('MAP_00000000001296788648248','MONS_00000000001297218526208',23,3);
INSERT INTO map_monsters VALUES ('MAP_00000000001296788648248','MONS_00000000001297218526208',23,4);
INSERT INTO map_monsters VALUES ('MAP_00000000001296788648248','MONS_00000000001297218526208',23,5);
INSERT INTO map_monsters VALUES ('MAP_00000000001296788648248','MONS_00000000001297218526208',23,7);
INSERT INTO map_monsters VALUES ('MAP_00000000001296788648248','MONS_00000000001297218526208',23,10);
INSERT INTO map_monsters VALUES ('MAP_00000000001296788648248','MONS_00000000001297218526208',23,11);
INSERT INTO map_monsters VALUES ('MAP_00000000001296788648248','MONS_00000000001297218526208',23,12);
INSERT INTO map_monsters VALUES ('MAP_00000000001296788648248','MONS_00000000001297218526208',23,13);
INSERT INTO map_monsters VALUES ('MAP_00000000001296788648248','MONS_00000000001297218526208',23,14);
INSERT INTO map_monsters VALUES ('MAP_00000000001296788648248','MONS_00000000001297218526208',23,15);
INSERT INTO map_monsters VALUES ('MAP_00000000001296788648248','MONS_00000000001297218526208',23,16);
INSERT INTO map_monsters VALUES ('MAP_00000000001296788648248','MONS_00000000001297218526208',23,17);
INSERT INTO map_monsters VALUES ('MAP_00000000001296788648248','MONS_00000000001297218526208',23,18);
INSERT INTO map_monsters VALUES ('MAP_00000000001296788648248','MONS_00000000001297218526208',23,19);
INSERT INTO map_monsters VALUES ('MAP_00000000001296788648248','MONS_00000000001297218526208',23,20);
INSERT INTO map_monsters VALUES ('MAP_00000000001296788648248','MONS_00000000001297218526208',23,22);
INSERT INTO map_monsters VALUES ('MAP_00000000001296788648248','MONS_00000000001297218526208',23,23);
INSERT INTO map_monsters VALUES ('MAP_00000000001296788648248','MONS_00000000001297218526208',23,24);
INSERT INTO map_monsters VALUES ('MAP_00000000001296788648248','MONS_00000000001297218526208',23,26);
INSERT INTO map_monsters VALUES ('MAP_00000000001296788648248','MONS_00000000001297218526208',23,27);
INSERT INTO map_monsters VALUES ('MAP_00000000001296788648248','MONS_00000000001297218526208',23,28);
INSERT INTO map_monsters VALUES ('MAP_00000000001296788648248','MONS_00000000001297218526208',23,29);
INSERT INTO map_monsters VALUES ('MAP_00000000001296788648248','MONS_00000000001297218526208',23,30);
INSERT INTO map_monsters VALUES ('MAP_00000000001296788648248','MONS_00000000001297218526208',23,31);
INSERT INTO map_monsters VALUES ('MAP_00000000001296788648248','MONS_00000000001297218526208',23,32);
INSERT INTO map_monsters VALUES ('MAP_00000000001296788648248','MONS_00000000001297218526208',23,33);
INSERT INTO map_monsters VALUES ('MAP_00000000001296788648248','MONS_00000000001297218526208',23,34);
INSERT INTO map_monsters VALUES ('MAP_00000000001296788648248','MONS_00000000001297218526208',23,35);
INSERT INTO map_monsters VALUES ('MAP_00000000001296788648248','MONS_00000000001297218526208',23,36);
INSERT INTO map_monsters VALUES ('MAP_00000000001296788648248','MONS_00000000001297218526208',23,37);
INSERT INTO map_monsters VALUES ('MAP_00000000001296788648248','MONS_00000000001297218526208',23,38);
INSERT INTO map_monsters VALUES ('MAP_00000000001296788648248','MONS_00000000001297218526208',23,39);
INSERT INTO map_monsters VALUES ('MAP_00000000001296788648248','MONS_00000000001297218526208',23,42);
INSERT INTO map_monsters VALUES ('MAP_00000000001296788648248','MONS_00000000001297218526208',23,43);
INSERT INTO map_monsters VALUES ('MAP_00000000001296788648248','MONS_00000000001297218526208',24,2);
INSERT INTO map_monsters VALUES ('MAP_00000000001296788648248','MONS_00000000001297218526208',24,7);
INSERT INTO map_monsters VALUES ('MAP_00000000001296788648248','MONS_00000000001297218526208',24,22);
INSERT INTO map_monsters VALUES ('MAP_00000000001296788648248','MONS_00000000001297218526208',24,23);
INSERT INTO map_monsters VALUES ('MAP_00000000001296788648248','MONS_00000000001297218526208',24,24);
INSERT INTO map_monsters VALUES ('MAP_00000000001296788648248','MONS_00000000001297218526208',24,42);
INSERT INTO map_monsters VALUES ('MAP_00000000001296788648248','MONS_00000000001297218526208',24,43);
INSERT INTO map_monsters VALUES ('MAP_00000000001296788648248','MONS_00000000001297218526208',25,2);
INSERT INTO map_monsters VALUES ('MAP_00000000001296788648248','MONS_00000000001297218526208',25,7);
INSERT INTO map_monsters VALUES ('MAP_00000000001296788648248','MONS_00000000001297218526208',25,22);
INSERT INTO map_monsters VALUES ('MAP_00000000001296788648248','MONS_00000000001297218526208',25,23);
INSERT INTO map_monsters VALUES ('MAP_00000000001296788648248','MONS_00000000001297218526208',25,24);
INSERT INTO map_monsters VALUES ('MAP_00000000001296788648248','MONS_00000000001297218526208',25,42);
INSERT INTO map_monsters VALUES ('MAP_00000000001296788648248','MONS_00000000001297218526208',25,43);
INSERT INTO map_monsters VALUES ('MAP_00000000001296788648248','MONS_00000000001297218526208',26,2);
INSERT INTO map_monsters VALUES ('MAP_00000000001296788648248','MONS_00000000001297218526208',26,3);
INSERT INTO map_monsters VALUES ('MAP_00000000001296788648248','MONS_00000000001297218526208',26,4);
INSERT INTO map_monsters VALUES ('MAP_00000000001296788648248','MONS_00000000001297218526208',26,5);
INSERT INTO map_monsters VALUES ('MAP_00000000001296788648248','MONS_00000000001297218526208',26,7);
INSERT INTO map_monsters VALUES ('MAP_00000000001296788648248','MONS_00000000001297218526208',26,15);
INSERT INTO map_monsters VALUES ('MAP_00000000001296788648248','MONS_00000000001297218526208',26,16);
INSERT INTO map_monsters VALUES ('MAP_00000000001296788648248','MONS_00000000001297218526208',26,17);
INSERT INTO map_monsters VALUES ('MAP_00000000001296788648248','MONS_00000000001297218526208',26,18);
INSERT INTO map_monsters VALUES ('MAP_00000000001296788648248','MONS_00000000001297218526208',26,19);
INSERT INTO map_monsters VALUES ('MAP_00000000001296788648248','MONS_00000000001297218526208',26,20);
INSERT INTO map_monsters VALUES ('MAP_00000000001296788648248','MONS_00000000001297218526208',26,21);
INSERT INTO map_monsters VALUES ('MAP_00000000001296788648248','MONS_00000000001297218526208',26,22);
INSERT INTO map_monsters VALUES ('MAP_00000000001296788648248','MONS_00000000001297218526208',26,23);
INSERT INTO map_monsters VALUES ('MAP_00000000001296788648248','MONS_00000000001297218526208',26,24);
INSERT INTO map_monsters VALUES ('MAP_00000000001296788648248','MONS_00000000001297218526208',26,25);
INSERT INTO map_monsters VALUES ('MAP_00000000001296788648248','MONS_00000000001297218526208',26,26);
INSERT INTO map_monsters VALUES ('MAP_00000000001296788648248','MONS_00000000001297218526208',26,27);
INSERT INTO map_monsters VALUES ('MAP_00000000001296788648248','MONS_00000000001297218526208',26,28);
INSERT INTO map_monsters VALUES ('MAP_00000000001296788648248','MONS_00000000001297218526208',26,29);
INSERT INTO map_monsters VALUES ('MAP_00000000001296788648248','MONS_00000000001297218526208',26,30);
INSERT INTO map_monsters VALUES ('MAP_00000000001296788648248','MONS_00000000001297218526208',26,31);
INSERT INTO map_monsters VALUES ('MAP_00000000001296788648248','MONS_00000000001297218526208',26,42);
INSERT INTO map_monsters VALUES ('MAP_00000000001296788648248','MONS_00000000001297218526208',26,43);
INSERT INTO map_monsters VALUES ('MAP_00000000001296788648248','MONS_00000000001297218526208',27,2);
INSERT INTO map_monsters VALUES ('MAP_00000000001296788648248','MONS_00000000001297218526208',27,5);
INSERT INTO map_monsters VALUES ('MAP_00000000001296788648248','MONS_00000000001297218526208',27,6);
INSERT INTO map_monsters VALUES ('MAP_00000000001296788648248','MONS_00000000001297218526208',27,7);
INSERT INTO map_monsters VALUES ('MAP_00000000001296788648248','MONS_00000000001297218526208',27,8);
INSERT INTO map_monsters VALUES ('MAP_00000000001296788648248','MONS_00000000001297218526208',27,9);
INSERT INTO map_monsters VALUES ('MAP_00000000001296788648248','MONS_00000000001297218526208',27,10);
INSERT INTO map_monsters VALUES ('MAP_00000000001296788648248','MONS_00000000001297218526208',27,11);
INSERT INTO map_monsters VALUES ('MAP_00000000001296788648248','MONS_00000000001297218526208',27,12);
INSERT INTO map_monsters VALUES ('MAP_00000000001296788648248','MONS_00000000001297218526208',27,13);
INSERT INTO map_monsters VALUES ('MAP_00000000001296788648248','MONS_00000000001297218526208',27,14);
INSERT INTO map_monsters VALUES ('MAP_00000000001296788648248','MONS_00000000001297218526208',27,15);
INSERT INTO map_monsters VALUES ('MAP_00000000001296788648248','MONS_00000000001297218526208',27,18);
INSERT INTO map_monsters VALUES ('MAP_00000000001296788648248','MONS_00000000001297218526208',27,22);
INSERT INTO map_monsters VALUES ('MAP_00000000001296788648248','MONS_00000000001297218526208',27,23);
INSERT INTO map_monsters VALUES ('MAP_00000000001296788648248','MONS_00000000001297218526208',27,24);
INSERT INTO map_monsters VALUES ('MAP_00000000001296788648248','MONS_00000000001297218526208',27,28);
INSERT INTO map_monsters VALUES ('MAP_00000000001296788648248','MONS_00000000001297218526208',27,31);
INSERT INTO map_monsters VALUES ('MAP_00000000001296788648248','MONS_00000000001297218526208',27,32);
INSERT INTO map_monsters VALUES ('MAP_00000000001296788648248','MONS_00000000001297218526208',27,33);
INSERT INTO map_monsters VALUES ('MAP_00000000001296788648248','MONS_00000000001297218526208',27,34);
INSERT INTO map_monsters VALUES ('MAP_00000000001296788648248','MONS_00000000001297218526208',27,35);
INSERT INTO map_monsters VALUES ('MAP_00000000001296788648248','MONS_00000000001297218526208',27,36);
INSERT INTO map_monsters VALUES ('MAP_00000000001296788648248','MONS_00000000001297218526208',27,37);
INSERT INTO map_monsters VALUES ('MAP_00000000001296788648248','MONS_00000000001297218526208',27,38);
INSERT INTO map_monsters VALUES ('MAP_00000000001296788648248','MONS_00000000001297218526208',27,39);
INSERT INTO map_monsters VALUES ('MAP_00000000001296788648248','MONS_00000000001297218526208',27,40);
INSERT INTO map_monsters VALUES ('MAP_00000000001296788648248','MONS_00000000001297218526208',27,41);
INSERT INTO map_monsters VALUES ('MAP_00000000001296788648248','MONS_00000000001297218526208',27,42);
INSERT INTO map_monsters VALUES ('MAP_00000000001296788648248','MONS_00000000001297218526208',27,43);
INSERT INTO map_monsters VALUES ('MAP_00000000001296788648248','MONS_00000000001297218526208',28,6);
INSERT INTO map_monsters VALUES ('MAP_00000000001296788648248','MONS_00000000001297218526208',28,15);
INSERT INTO map_monsters VALUES ('MAP_00000000001296788648248','MONS_00000000001297218526208',28,22);
INSERT INTO map_monsters VALUES ('MAP_00000000001296788648248','MONS_00000000001297218526208',28,23);
INSERT INTO map_monsters VALUES ('MAP_00000000001296788648248','MONS_00000000001297218526208',28,24);
INSERT INTO map_monsters VALUES ('MAP_00000000001296788648248','MONS_00000000001297218526208',28,31);
INSERT INTO map_monsters VALUES ('MAP_00000000001296788648248','MONS_00000000001297218526208',28,43);
INSERT INTO map_monsters VALUES ('MAP_00000000001296788648248','MONS_00000000001297218526208',29,4);
INSERT INTO map_monsters VALUES ('MAP_00000000001296788648248','MONS_00000000001297218526208',29,5);
INSERT INTO map_monsters VALUES ('MAP_00000000001296788648248','MONS_00000000001297218526208',29,6);
INSERT INTO map_monsters VALUES ('MAP_00000000001296788648248','MONS_00000000001297218526208',29,7);
INSERT INTO map_monsters VALUES ('MAP_00000000001296788648248','MONS_00000000001297218526208',29,8);
INSERT INTO map_monsters VALUES ('MAP_00000000001296788648248','MONS_00000000001297218526208',29,9);
INSERT INTO map_monsters VALUES ('MAP_00000000001296788648248','MONS_00000000001297218526208',29,10);
INSERT INTO map_monsters VALUES ('MAP_00000000001296788648248','MONS_00000000001297218526208',29,11);
INSERT INTO map_monsters VALUES ('MAP_00000000001296788648248','MONS_00000000001297218526208',29,12);
INSERT INTO map_monsters VALUES ('MAP_00000000001296788648248','MONS_00000000001297218526208',29,13);
INSERT INTO map_monsters VALUES ('MAP_00000000001296788648248','MONS_00000000001297218526208',29,14);
INSERT INTO map_monsters VALUES ('MAP_00000000001296788648248','MONS_00000000001297218526208',29,15);
INSERT INTO map_monsters VALUES ('MAP_00000000001296788648248','MONS_00000000001297218526208',29,20);
INSERT INTO map_monsters VALUES ('MAP_00000000001296788648248','MONS_00000000001297218526208',29,21);
INSERT INTO map_monsters VALUES ('MAP_00000000001296788648248','MONS_00000000001297218526208',29,22);
INSERT INTO map_monsters VALUES ('MAP_00000000001296788648248','MONS_00000000001297218526208',29,23);
INSERT INTO map_monsters VALUES ('MAP_00000000001296788648248','MONS_00000000001297218526208',29,24);
INSERT INTO map_monsters VALUES ('MAP_00000000001296788648248','MONS_00000000001297218526208',29,25);
INSERT INTO map_monsters VALUES ('MAP_00000000001296788648248','MONS_00000000001297218526208',29,26);
INSERT INTO map_monsters VALUES ('MAP_00000000001296788648248','MONS_00000000001297218526208',29,31);
INSERT INTO map_monsters VALUES ('MAP_00000000001296788648248','MONS_00000000001297218526208',29,32);
INSERT INTO map_monsters VALUES ('MAP_00000000001296788648248','MONS_00000000001297218526208',29,33);
INSERT INTO map_monsters VALUES ('MAP_00000000001296788648248','MONS_00000000001297218526208',29,34);
INSERT INTO map_monsters VALUES ('MAP_00000000001296788648248','MONS_00000000001297218526208',29,35);
INSERT INTO map_monsters VALUES ('MAP_00000000001296788648248','MONS_00000000001297218526208',29,36);
INSERT INTO map_monsters VALUES ('MAP_00000000001296788648248','MONS_00000000001297218526208',29,37);
INSERT INTO map_monsters VALUES ('MAP_00000000001296788648248','MONS_00000000001297218526208',29,38);
INSERT INTO map_monsters VALUES ('MAP_00000000001296788648248','MONS_00000000001297218526208',29,39);
INSERT INTO map_monsters VALUES ('MAP_00000000001296788648248','MONS_00000000001297218526208',29,40);
INSERT INTO map_monsters VALUES ('MAP_00000000001296788648248','MONS_00000000001297218526208',29,41);
INSERT INTO map_monsters VALUES ('MAP_00000000001296788648248','MONS_00000000001297218526208',29,42);
INSERT INTO map_monsters VALUES ('MAP_00000000001296788648248','MONS_00000000001297218526208',29,43);
INSERT INTO map_monsters VALUES ('MAP_00000000001296788648248','MONS_00000000001297218526208',29,44);
INSERT INTO map_monsters VALUES ('MAP_00000000001296788648248','MONS_00000000001297218526208',29,45);
INSERT INTO map_monsters VALUES ('MAP_00000000001296788648248','MONS_00000000001297218526208',29,46);
INSERT INTO map_monsters VALUES ('MAP_00000000001296788648248','MONS_00000000001297218526208',29,47);
INSERT INTO map_monsters VALUES ('MAP_00000000001296788648248','MONS_00000000001297218526208',29,48);
INSERT INTO map_monsters VALUES ('MAP_00000000001296788648248','MONS_00000000001297218526208',29,49);
INSERT INTO map_monsters VALUES ('MAP_00000000001296788648248','MONS_00000000001297218526208',29,50);
INSERT INTO map_monsters VALUES ('MAP_00000000001296788648248','MONS_00000000001297218526208',29,51);
INSERT INTO map_monsters VALUES ('MAP_00000000001296788648248','MONS_00000000001297218526208',29,52);
INSERT INTO map_monsters VALUES ('MAP_00000000001296788648248','MONS_00000000001297218526208',29,53);
INSERT INTO map_monsters VALUES ('MAP_00000000001296788648248','MONS_00000000001297218526208',29,54);
INSERT INTO map_monsters VALUES ('MAP_00000000001296788648248','MONS_00000000001297218526208',29,55);
INSERT INTO map_monsters VALUES ('MAP_00000000001296788648248','MONS_00000000001297218526208',29,56);
INSERT INTO map_monsters VALUES ('MAP_00000000001296788648248','MONS_00000000001297218526208',29,57);
INSERT INTO map_monsters VALUES ('MAP_00000000001296788648248','MONS_00000000001297218526208',29,58);
INSERT INTO map_monsters VALUES ('MAP_00000000001296788648248','MONS_00000000001297218526208',29,59);
INSERT INTO map_monsters VALUES ('MAP_00000000001296788648248','MONS_00000000001297218526208',30,22);
INSERT INTO map_monsters VALUES ('MAP_00000000001296788648248','MONS_00000000001297218526208',30,23);
INSERT INTO map_monsters VALUES ('MAP_00000000001296788648248','MONS_00000000001297218526208',30,24);
INSERT INTO map_monsters VALUES ('MAP_00000000001296788648248','MONS_00000000001297218526208',31,22);
INSERT INTO map_monsters VALUES ('MAP_00000000001296788648248','MONS_00000000001297218526208',31,23);
INSERT INTO map_monsters VALUES ('MAP_00000000001296788648248','MONS_00000000001297218526208',31,24);
INSERT INTO monsters VALUES ('MONS_00000000001297218526222','Cultist Initiate',24,1,1,1,1,6,6,6,0,0);
INSERT INTO map_monsters VALUES ('MAP_00000000001296788648248','MONS_00000000001297218526222',0,22);
INSERT INTO map_monsters VALUES ('MAP_00000000001296788648248','MONS_00000000001297218526222',0,23);
INSERT INTO map_monsters VALUES ('MAP_00000000001296788648248','MONS_00000000001297218526222',0,24);
INSERT INTO map_monsters VALUES ('MAP_00000000001296788648248','MONS_00000000001297218526222',1,22);
INSERT INTO map_monsters VALUES ('MAP_00000000001296788648248','MONS_00000000001297218526222',1,23);
INSERT INTO map_monsters VALUES ('MAP_00000000001296788648248','MONS_00000000001297218526222',1,24);
INSERT INTO map_monsters VALUES ('MAP_00000000001296788648248','MONS_00000000001297218526222',2,4);
INSERT INTO map_monsters VALUES ('MAP_00000000001296788648248','MONS_00000000001297218526222',2,5);
INSERT INTO map_monsters VALUES ('MAP_00000000001296788648248','MONS_00000000001297218526222',2,6);
INSERT INTO map_monsters VALUES ('MAP_00000000001296788648248','MONS_00000000001297218526222',2,7);
INSERT INTO map_monsters VALUES ('MAP_00000000001296788648248','MONS_00000000001297218526222',2,8);
INSERT INTO map_monsters VALUES ('MAP_00000000001296788648248','MONS_00000000001297218526222',2,9);
INSERT INTO map_monsters VALUES ('MAP_00000000001296788648248','MONS_00000000001297218526222',2,10);
INSERT INTO map_monsters VALUES ('MAP_00000000001296788648248','MONS_00000000001297218526222',2,11);
INSERT INTO map_monsters VALUES ('MAP_00000000001296788648248','MONS_00000000001297218526222',2,12);
INSERT INTO map_monsters VALUES ('MAP_00000000001296788648248','MONS_00000000001297218526222',2,13);
INSERT INTO map_monsters VALUES ('MAP_00000000001296788648248','MONS_00000000001297218526222',2,14);
INSERT INTO map_monsters VALUES ('MAP_00000000001296788648248','MONS_00000000001297218526222',2,15);
INSERT INTO map_monsters VALUES ('MAP_00000000001296788648248','MONS_00000000001297218526222',2,20);
INSERT INTO map_monsters VALUES ('MAP_00000000001296788648248','MONS_00000000001297218526222',2,21);
INSERT INTO map_monsters VALUES ('MAP_00000000001296788648248','MONS_00000000001297218526222',2,22);
INSERT INTO map_monsters VALUES ('MAP_00000000001296788648248','MONS_00000000001297218526222',2,23);
INSERT INTO map_monsters VALUES ('MAP_00000000001296788648248','MONS_00000000001297218526222',2,24);
INSERT INTO map_monsters VALUES ('MAP_00000000001296788648248','MONS_00000000001297218526222',2,25);
INSERT INTO map_monsters VALUES ('MAP_00000000001296788648248','MONS_00000000001297218526222',2,26);
INSERT INTO map_monsters VALUES ('MAP_00000000001296788648248','MONS_00000000001297218526222',2,31);
INSERT INTO map_monsters VALUES ('MAP_00000000001296788648248','MONS_00000000001297218526222',2,32);
INSERT INTO map_monsters VALUES ('MAP_00000000001296788648248','MONS_00000000001297218526222',2,33);
INSERT INTO map_monsters VALUES ('MAP_00000000001296788648248','MONS_00000000001297218526222',2,34);
INSERT INTO map_monsters VALUES ('MAP_00000000001296788648248','MONS_00000000001297218526222',2,35);
INSERT INTO map_monsters VALUES ('MAP_00000000001296788648248','MONS_00000000001297218526222',2,36);
INSERT INTO map_monsters VALUES ('MAP_00000000001296788648248','MONS_00000000001297218526222',2,37);
INSERT INTO map_monsters VALUES ('MAP_00000000001296788648248','MONS_00000000001297218526222',2,38);
INSERT INTO map_monsters VALUES ('MAP_00000000001296788648248','MONS_00000000001297218526222',2,39);
INSERT INTO map_monsters VALUES ('MAP_00000000001296788648248','MONS_00000000001297218526222',2,40);
INSERT INTO map_monsters VALUES ('MAP_00000000001296788648248','MONS_00000000001297218526222',2,41);
INSERT INTO map_monsters VALUES ('MAP_00000000001296788648248','MONS_00000000001297218526222',2,42);
INSERT INTO map_monsters VALUES ('MAP_00000000001296788648248','MONS_00000000001297218526222',2,43);
INSERT INTO map_monsters VALUES ('MAP_00000000001296788648248','MONS_00000000001297218526222',2,44);
INSERT INTO map_monsters VALUES ('MAP_00000000001296788648248','MONS_00000000001297218526222',2,45);
INSERT INTO map_monsters VALUES ('MAP_00000000001296788648248','MONS_00000000001297218526222',2,46);
INSERT INTO map_monsters VALUES ('MAP_00000000001296788648248','MONS_00000000001297218526222',2,47);
INSERT INTO map_monsters VALUES ('MAP_00000000001296788648248','MONS_00000000001297218526222',2,48);
INSERT INTO map_monsters VALUES ('MAP_00000000001296788648248','MONS_00000000001297218526222',2,49);
INSERT INTO map_monsters VALUES ('MAP_00000000001296788648248','MONS_00000000001297218526222',2,50);
INSERT INTO map_monsters VALUES ('MAP_00000000001296788648248','MONS_00000000001297218526222',2,51);
INSERT INTO map_monsters VALUES ('MAP_00000000001296788648248','MONS_00000000001297218526222',2,52);
INSERT INTO map_monsters VALUES ('MAP_00000000001296788648248','MONS_00000000001297218526222',2,53);
INSERT INTO map_monsters VALUES ('MAP_00000000001296788648248','MONS_00000000001297218526222',2,54);
INSERT INTO map_monsters VALUES ('MAP_00000000001296788648248','MONS_00000000001297218526222',2,55);
INSERT INTO map_monsters VALUES ('MAP_00000000001296788648248','MONS_00000000001297218526222',2,56);
INSERT INTO map_monsters VALUES ('MAP_00000000001296788648248','MONS_00000000001297218526222',2,57);
INSERT INTO map_monsters VALUES ('MAP_00000000001296788648248','MONS_00000000001297218526222',2,58);
INSERT INTO map_monsters VALUES ('MAP_00000000001296788648248','MONS_00000000001297218526222',2,59);
INSERT INTO map_monsters VALUES ('MAP_00000000001296788648248','MONS_00000000001297218526222',3,6);
INSERT INTO map_monsters VALUES ('MAP_00000000001296788648248','MONS_00000000001297218526222',3,15);
INSERT INTO map_monsters VALUES ('MAP_00000000001296788648248','MONS_00000000001297218526222',3,22);
INSERT INTO map_monsters VALUES ('MAP_00000000001296788648248','MONS_00000000001297218526222',3,23);
INSERT INTO map_monsters VALUES ('MAP_00000000001296788648248','MONS_00000000001297218526222',3,24);
INSERT INTO map_monsters VALUES ('MAP_00000000001296788648248','MONS_00000000001297218526222',3,31);
INSERT INTO map_monsters VALUES ('MAP_00000000001296788648248','MONS_00000000001297218526222',3,43);
INSERT INTO map_monsters VALUES ('MAP_00000000001296788648248','MONS_00000000001297218526222',4,2);
INSERT INTO map_monsters VALUES ('MAP_00000000001296788648248','MONS_00000000001297218526222',4,5);
INSERT INTO map_monsters VALUES ('MAP_00000000001296788648248','MONS_00000000001297218526222',4,6);
INSERT INTO map_monsters VALUES ('MAP_00000000001296788648248','MONS_00000000001297218526222',4,7);
INSERT INTO map_monsters VALUES ('MAP_00000000001296788648248','MONS_00000000001297218526222',4,8);
INSERT INTO map_monsters VALUES ('MAP_00000000001296788648248','MONS_00000000001297218526222',4,9);
INSERT INTO map_monsters VALUES ('MAP_00000000001296788648248','MONS_00000000001297218526222',4,10);
INSERT INTO map_monsters VALUES ('MAP_00000000001296788648248','MONS_00000000001297218526222',4,11);
INSERT INTO map_monsters VALUES ('MAP_00000000001296788648248','MONS_00000000001297218526222',4,12);
INSERT INTO map_monsters VALUES ('MAP_00000000001296788648248','MONS_00000000001297218526222',4,13);
INSERT INTO map_monsters VALUES ('MAP_00000000001296788648248','MONS_00000000001297218526222',4,14);
INSERT INTO map_monsters VALUES ('MAP_00000000001296788648248','MONS_00000000001297218526222',4,15);
INSERT INTO map_monsters VALUES ('MAP_00000000001296788648248','MONS_00000000001297218526222',4,18);
INSERT INTO map_monsters VALUES ('MAP_00000000001296788648248','MONS_00000000001297218526222',4,22);
INSERT INTO map_monsters VALUES ('MAP_00000000001296788648248','MONS_00000000001297218526222',4,23);
INSERT INTO map_monsters VALUES ('MAP_00000000001296788648248','MONS_00000000001297218526222',4,24);
INSERT INTO map_monsters VALUES ('MAP_00000000001296788648248','MONS_00000000001297218526222',4,28);
INSERT INTO map_monsters VALUES ('MAP_00000000001296788648248','MONS_00000000001297218526222',4,31);
INSERT INTO map_monsters VALUES ('MAP_00000000001296788648248','MONS_00000000001297218526222',4,32);
INSERT INTO map_monsters VALUES ('MAP_00000000001296788648248','MONS_00000000001297218526222',4,33);
INSERT INTO map_monsters VALUES ('MAP_00000000001296788648248','MONS_00000000001297218526222',4,34);
INSERT INTO map_monsters VALUES ('MAP_00000000001296788648248','MONS_00000000001297218526222',4,35);
INSERT INTO map_monsters VALUES ('MAP_00000000001296788648248','MONS_00000000001297218526222',4,36);
INSERT INTO map_monsters VALUES ('MAP_00000000001296788648248','MONS_00000000001297218526222',4,37);
INSERT INTO map_monsters VALUES ('MAP_00000000001296788648248','MONS_00000000001297218526222',4,38);
INSERT INTO map_monsters VALUES ('MAP_00000000001296788648248','MONS_00000000001297218526222',4,39);
INSERT INTO map_monsters VALUES ('MAP_00000000001296788648248','MONS_00000000001297218526222',4,40);
INSERT INTO map_monsters VALUES ('MAP_00000000001296788648248','MONS_00000000001297218526222',4,41);
INSERT INTO map_monsters VALUES ('MAP_00000000001296788648248','MONS_00000000001297218526222',4,42);
INSERT INTO map_monsters VALUES ('MAP_00000000001296788648248','MONS_00000000001297218526222',4,43);
INSERT INTO map_monsters VALUES ('MAP_00000000001296788648248','MONS_00000000001297218526222',5,2);
INSERT INTO map_monsters VALUES ('MAP_00000000001296788648248','MONS_00000000001297218526222',5,3);
INSERT INTO map_monsters VALUES ('MAP_00000000001296788648248','MONS_00000000001297218526222',5,4);
INSERT INTO map_monsters VALUES ('MAP_00000000001296788648248','MONS_00000000001297218526222',5,5);
INSERT INTO map_monsters VALUES ('MAP_00000000001296788648248','MONS_00000000001297218526222',5,7);
INSERT INTO map_monsters VALUES ('MAP_00000000001296788648248','MONS_00000000001297218526222',5,15);
INSERT INTO map_monsters VALUES ('MAP_00000000001296788648248','MONS_00000000001297218526222',5,16);
INSERT INTO map_monsters VALUES ('MAP_00000000001296788648248','MONS_00000000001297218526222',5,17);
INSERT INTO map_monsters VALUES ('MAP_00000000001296788648248','MONS_00000000001297218526222',5,18);
INSERT INTO map_monsters VALUES ('MAP_00000000001296788648248','MONS_00000000001297218526222',5,19);
INSERT INTO map_monsters VALUES ('MAP_00000000001296788648248','MONS_00000000001297218526222',5,20);
INSERT INTO map_monsters VALUES ('MAP_00000000001296788648248','MONS_00000000001297218526222',5,21);
INSERT INTO map_monsters VALUES ('MAP_00000000001296788648248','MONS_00000000001297218526222',5,22);
INSERT INTO map_monsters VALUES ('MAP_00000000001296788648248','MONS_00000000001297218526222',5,23);
INSERT INTO map_monsters VALUES ('MAP_00000000001296788648248','MONS_00000000001297218526222',5,24);
INSERT INTO map_monsters VALUES ('MAP_00000000001296788648248','MONS_00000000001297218526222',5,25);
INSERT INTO map_monsters VALUES ('MAP_00000000001296788648248','MONS_00000000001297218526222',5,26);
INSERT INTO map_monsters VALUES ('MAP_00000000001296788648248','MONS_00000000001297218526222',5,27);
INSERT INTO map_monsters VALUES ('MAP_00000000001296788648248','MONS_00000000001297218526222',5,28);
INSERT INTO map_monsters VALUES ('MAP_00000000001296788648248','MONS_00000000001297218526222',5,29);
INSERT INTO map_monsters VALUES ('MAP_00000000001296788648248','MONS_00000000001297218526222',5,30);
INSERT INTO map_monsters VALUES ('MAP_00000000001296788648248','MONS_00000000001297218526222',5,31);
INSERT INTO map_monsters VALUES ('MAP_00000000001296788648248','MONS_00000000001297218526222',5,42);
INSERT INTO map_monsters VALUES ('MAP_00000000001296788648248','MONS_00000000001297218526222',5,43);
INSERT INTO map_monsters VALUES ('MAP_00000000001296788648248','MONS_00000000001297218526222',6,2);
INSERT INTO map_monsters VALUES ('MAP_00000000001296788648248','MONS_00000000001297218526222',6,7);
INSERT INTO map_monsters VALUES ('MAP_00000000001296788648248','MONS_00000000001297218526222',6,22);
INSERT INTO map_monsters VALUES ('MAP_00000000001296788648248','MONS_00000000001297218526222',6,23);
INSERT INTO map_monsters VALUES ('MAP_00000000001296788648248','MONS_00000000001297218526222',6,24);
INSERT INTO map_monsters VALUES ('MAP_00000000001296788648248','MONS_00000000001297218526222',6,42);
INSERT INTO map_monsters VALUES ('MAP_00000000001296788648248','MONS_00000000001297218526222',6,43);
INSERT INTO map_monsters VALUES ('MAP_00000000001296788648248','MONS_00000000001297218526222',7,2);
INSERT INTO map_monsters VALUES ('MAP_00000000001296788648248','MONS_00000000001297218526222',7,7);
INSERT INTO map_monsters VALUES ('MAP_00000000001296788648248','MONS_00000000001297218526222',7,22);
INSERT INTO map_monsters VALUES ('MAP_00000000001296788648248','MONS_00000000001297218526222',7,23);
INSERT INTO map_monsters VALUES ('MAP_00000000001296788648248','MONS_00000000001297218526222',7,24);
INSERT INTO map_monsters VALUES ('MAP_00000000001296788648248','MONS_00000000001297218526222',7,42);
INSERT INTO map_monsters VALUES ('MAP_00000000001296788648248','MONS_00000000001297218526222',7,43);
INSERT INTO map_monsters VALUES ('MAP_00000000001296788648248','MONS_00000000001297218526222',8,2);
INSERT INTO map_monsters VALUES ('MAP_00000000001296788648248','MONS_00000000001297218526222',8,3);
INSERT INTO map_monsters VALUES ('MAP_00000000001296788648248','MONS_00000000001297218526222',8,4);
INSERT INTO map_monsters VALUES ('MAP_00000000001296788648248','MONS_00000000001297218526222',8,5);
INSERT INTO map_monsters VALUES ('MAP_00000000001296788648248','MONS_00000000001297218526222',8,7);
INSERT INTO map_monsters VALUES ('MAP_00000000001296788648248','MONS_00000000001297218526222',8,10);
INSERT INTO map_monsters VALUES ('MAP_00000000001296788648248','MONS_00000000001297218526222',8,11);
INSERT INTO map_monsters VALUES ('MAP_00000000001296788648248','MONS_00000000001297218526222',8,12);
INSERT INTO map_monsters VALUES ('MAP_00000000001296788648248','MONS_00000000001297218526222',8,13);
INSERT INTO map_monsters VALUES ('MAP_00000000001296788648248','MONS_00000000001297218526222',8,14);
INSERT INTO map_monsters VALUES ('MAP_00000000001296788648248','MONS_00000000001297218526222',8,15);
INSERT INTO map_monsters VALUES ('MAP_00000000001296788648248','MONS_00000000001297218526222',8,16);
INSERT INTO map_monsters VALUES ('MAP_00000000001296788648248','MONS_00000000001297218526222',8,17);
INSERT INTO map_monsters VALUES ('MAP_00000000001296788648248','MONS_00000000001297218526222',8,18);
INSERT INTO map_monsters VALUES ('MAP_00000000001296788648248','MONS_00000000001297218526222',8,19);
INSERT INTO map_monsters VALUES ('MAP_00000000001296788648248','MONS_00000000001297218526222',8,20);
INSERT INTO map_monsters VALUES ('MAP_00000000001296788648248','MONS_00000000001297218526222',8,22);
INSERT INTO map_monsters VALUES ('MAP_00000000001296788648248','MONS_00000000001297218526222',8,23);
INSERT INTO map_monsters VALUES ('MAP_00000000001296788648248','MONS_00000000001297218526222',8,24);
INSERT INTO map_monsters VALUES ('MAP_00000000001296788648248','MONS_00000000001297218526222',8,26);
INSERT INTO map_monsters VALUES ('MAP_00000000001296788648248','MONS_00000000001297218526222',8,27);
INSERT INTO map_monsters VALUES ('MAP_00000000001296788648248','MONS_00000000001297218526222',8,28);
INSERT INTO map_monsters VALUES ('MAP_00000000001296788648248','MONS_00000000001297218526222',8,29);
INSERT INTO map_monsters VALUES ('MAP_00000000001296788648248','MONS_00000000001297218526222',8,30);
INSERT INTO map_monsters VALUES ('MAP_00000000001296788648248','MONS_00000000001297218526222',8,31);
INSERT INTO map_monsters VALUES ('MAP_00000000001296788648248','MONS_00000000001297218526222',8,32);
INSERT INTO map_monsters VALUES ('MAP_00000000001296788648248','MONS_00000000001297218526222',8,33);
INSERT INTO map_monsters VALUES ('MAP_00000000001296788648248','MONS_00000000001297218526222',8,34);
INSERT INTO map_monsters VALUES ('MAP_00000000001296788648248','MONS_00000000001297218526222',8,35);
INSERT INTO map_monsters VALUES ('MAP_00000000001296788648248','MONS_00000000001297218526222',8,36);
INSERT INTO map_monsters VALUES ('MAP_00000000001296788648248','MONS_00000000001297218526222',8,37);
INSERT INTO map_monsters VALUES ('MAP_00000000001296788648248','MONS_00000000001297218526222',8,38);
INSERT INTO map_monsters VALUES ('MAP_00000000001296788648248','MONS_00000000001297218526222',8,39);
INSERT INTO map_monsters VALUES ('MAP_00000000001296788648248','MONS_00000000001297218526222',8,42);
INSERT INTO map_monsters VALUES ('MAP_00000000001296788648248','MONS_00000000001297218526222',8,43);
INSERT INTO map_monsters VALUES ('MAP_00000000001296788648248','MONS_00000000001297218526222',9,2);
INSERT INTO map_monsters VALUES ('MAP_00000000001296788648248','MONS_00000000001297218526222',9,5);
INSERT INTO map_monsters VALUES ('MAP_00000000001296788648248','MONS_00000000001297218526222',9,7);
INSERT INTO map_monsters VALUES ('MAP_00000000001296788648248','MONS_00000000001297218526222',9,10);
INSERT INTO map_monsters VALUES ('MAP_00000000001296788648248','MONS_00000000001297218526222',9,15);
INSERT INTO map_monsters VALUES ('MAP_00000000001296788648248','MONS_00000000001297218526222',9,20);
INSERT INTO map_monsters VALUES ('MAP_00000000001296788648248','MONS_00000000001297218526222',9,22);
INSERT INTO map_monsters VALUES ('MAP_00000000001296788648248','MONS_00000000001297218526222',9,23);
INSERT INTO map_monsters VALUES ('MAP_00000000001296788648248','MONS_00000000001297218526222',9,24);
INSERT INTO map_monsters VALUES ('MAP_00000000001296788648248','MONS_00000000001297218526222',9,26);
INSERT INTO map_monsters VALUES ('MAP_00000000001296788648248','MONS_00000000001297218526222',9,39);
INSERT INTO map_monsters VALUES ('MAP_00000000001296788648248','MONS_00000000001297218526222',9,42);
INSERT INTO map_monsters VALUES ('MAP_00000000001296788648248','MONS_00000000001297218526222',9,43);
INSERT INTO map_monsters VALUES ('MAP_00000000001296788648248','MONS_00000000001297218526222',10,5);
INSERT INTO map_monsters VALUES ('MAP_00000000001296788648248','MONS_00000000001297218526222',10,7);
INSERT INTO map_monsters VALUES ('MAP_00000000001296788648248','MONS_00000000001297218526222',10,10);
INSERT INTO map_monsters VALUES ('MAP_00000000001296788648248','MONS_00000000001297218526222',10,11);
INSERT INTO map_monsters VALUES ('MAP_00000000001296788648248','MONS_00000000001297218526222',10,12);
INSERT INTO map_monsters VALUES ('MAP_00000000001296788648248','MONS_00000000001297218526222',10,13);
INSERT INTO map_monsters VALUES ('MAP_00000000001296788648248','MONS_00000000001297218526222',10,14);
INSERT INTO map_monsters VALUES ('MAP_00000000001296788648248','MONS_00000000001297218526222',10,15);
INSERT INTO map_monsters VALUES ('MAP_00000000001296788648248','MONS_00000000001297218526222',10,16);
INSERT INTO map_monsters VALUES ('MAP_00000000001296788648248','MONS_00000000001297218526222',10,17);
INSERT INTO map_monsters VALUES ('MAP_00000000001296788648248','MONS_00000000001297218526222',10,18);
INSERT INTO map_monsters VALUES ('MAP_00000000001296788648248','MONS_00000000001297218526222',10,19);
INSERT INTO map_monsters VALUES ('MAP_00000000001296788648248','MONS_00000000001297218526222',10,20);
INSERT INTO map_monsters VALUES ('MAP_00000000001296788648248','MONS_00000000001297218526222',10,21);
INSERT INTO map_monsters VALUES ('MAP_00000000001296788648248','MONS_00000000001297218526222',10,22);
INSERT INTO map_monsters VALUES ('MAP_00000000001296788648248','MONS_00000000001297218526222',10,23);
INSERT INTO map_monsters VALUES ('MAP_00000000001296788648248','MONS_00000000001297218526222',10,24);
INSERT INTO map_monsters VALUES ('MAP_00000000001296788648248','MONS_00000000001297218526222',10,25);
INSERT INTO map_monsters VALUES ('MAP_00000000001296788648248','MONS_00000000001297218526222',10,26);
INSERT INTO map_monsters VALUES ('MAP_00000000001296788648248','MONS_00000000001297218526222',10,27);
INSERT INTO map_monsters VALUES ('MAP_00000000001296788648248','MONS_00000000001297218526222',10,28);
INSERT INTO map_monsters VALUES ('MAP_00000000001296788648248','MONS_00000000001297218526222',10,29);
INSERT INTO map_monsters VALUES ('MAP_00000000001296788648248','MONS_00000000001297218526222',10,30);
INSERT INTO map_monsters VALUES ('MAP_00000000001296788648248','MONS_00000000001297218526222',10,31);
INSERT INTO map_monsters VALUES ('MAP_00000000001296788648248','MONS_00000000001297218526222',10,32);
INSERT INTO map_monsters VALUES ('MAP_00000000001296788648248','MONS_00000000001297218526222',10,33);
INSERT INTO map_monsters VALUES ('MAP_00000000001296788648248','MONS_00000000001297218526222',10,34);
INSERT INTO map_monsters VALUES ('MAP_00000000001296788648248','MONS_00000000001297218526222',10,35);
INSERT INTO map_monsters VALUES ('MAP_00000000001296788648248','MONS_00000000001297218526222',10,36);
INSERT INTO map_monsters VALUES ('MAP_00000000001296788648248','MONS_00000000001297218526222',10,37);
INSERT INTO map_monsters VALUES ('MAP_00000000001296788648248','MONS_00000000001297218526222',10,38);
INSERT INTO map_monsters VALUES ('MAP_00000000001296788648248','MONS_00000000001297218526222',10,39);
INSERT INTO map_monsters VALUES ('MAP_00000000001296788648248','MONS_00000000001297218526222',10,42);
INSERT INTO map_monsters VALUES ('MAP_00000000001296788648248','MONS_00000000001297218526222',10,43);
INSERT INTO map_monsters VALUES ('MAP_00000000001296788648248','MONS_00000000001297218526222',11,4);
INSERT INTO map_monsters VALUES ('MAP_00000000001296788648248','MONS_00000000001297218526222',11,5);
INSERT INTO map_monsters VALUES ('MAP_00000000001296788648248','MONS_00000000001297218526222',11,6);
INSERT INTO map_monsters VALUES ('MAP_00000000001296788648248','MONS_00000000001297218526222',11,7);
INSERT INTO map_monsters VALUES ('MAP_00000000001296788648248','MONS_00000000001297218526222',11,10);
INSERT INTO map_monsters VALUES ('MAP_00000000001296788648248','MONS_00000000001297218526222',11,19);
INSERT INTO map_monsters VALUES ('MAP_00000000001296788648248','MONS_00000000001297218526222',11,22);
INSERT INTO map_monsters VALUES ('MAP_00000000001296788648248','MONS_00000000001297218526222',11,23);
INSERT INTO map_monsters VALUES ('MAP_00000000001296788648248','MONS_00000000001297218526222',11,24);
INSERT INTO map_monsters VALUES ('MAP_00000000001296788648248','MONS_00000000001297218526222',11,38);
INSERT INTO map_monsters VALUES ('MAP_00000000001296788648248','MONS_00000000001297218526222',11,42);
INSERT INTO map_monsters VALUES ('MAP_00000000001296788648248','MONS_00000000001297218526222',11,43);
INSERT INTO map_monsters VALUES ('MAP_00000000001296788648248','MONS_00000000001297218526222',12,7);
INSERT INTO map_monsters VALUES ('MAP_00000000001296788648248','MONS_00000000001297218526222',12,10);
INSERT INTO map_monsters VALUES ('MAP_00000000001296788648248','MONS_00000000001297218526222',12,11);
INSERT INTO map_monsters VALUES ('MAP_00000000001296788648248','MONS_00000000001297218526222',12,12);
INSERT INTO map_monsters VALUES ('MAP_00000000001296788648248','MONS_00000000001297218526222',12,13);
INSERT INTO map_monsters VALUES ('MAP_00000000001296788648248','MONS_00000000001297218526222',12,14);
INSERT INTO map_monsters VALUES ('MAP_00000000001296788648248','MONS_00000000001297218526222',12,15);
INSERT INTO map_monsters VALUES ('MAP_00000000001296788648248','MONS_00000000001297218526222',12,16);
INSERT INTO map_monsters VALUES ('MAP_00000000001296788648248','MONS_00000000001297218526222',12,17);
INSERT INTO map_monsters VALUES ('MAP_00000000001296788648248','MONS_00000000001297218526222',12,18);
INSERT INTO map_monsters VALUES ('MAP_00000000001296788648248','MONS_00000000001297218526222',12,20);
INSERT INTO map_monsters VALUES ('MAP_00000000001296788648248','MONS_00000000001297218526222',12,21);
INSERT INTO map_monsters VALUES ('MAP_00000000001296788648248','MONS_00000000001297218526222',12,22);
INSERT INTO map_monsters VALUES ('MAP_00000000001296788648248','MONS_00000000001297218526222',12,23);
INSERT INTO map_monsters VALUES ('MAP_00000000001296788648248','MONS_00000000001297218526222',12,24);
INSERT INTO map_monsters VALUES ('MAP_00000000001296788648248','MONS_00000000001297218526222',12,27);
INSERT INTO map_monsters VALUES ('MAP_00000000001296788648248','MONS_00000000001297218526222',12,28);
INSERT INTO map_monsters VALUES ('MAP_00000000001296788648248','MONS_00000000001297218526222',12,29);
INSERT INTO map_monsters VALUES ('MAP_00000000001296788648248','MONS_00000000001297218526222',12,30);
INSERT INTO map_monsters VALUES ('MAP_00000000001296788648248','MONS_00000000001297218526222',12,31);
INSERT INTO map_monsters VALUES ('MAP_00000000001296788648248','MONS_00000000001297218526222',12,32);
INSERT INTO map_monsters VALUES ('MAP_00000000001296788648248','MONS_00000000001297218526222',12,33);
INSERT INTO map_monsters VALUES ('MAP_00000000001296788648248','MONS_00000000001297218526222',12,34);
INSERT INTO map_monsters VALUES ('MAP_00000000001296788648248','MONS_00000000001297218526222',12,35);
INSERT INTO map_monsters VALUES ('MAP_00000000001296788648248','MONS_00000000001297218526222',12,36);
INSERT INTO map_monsters VALUES ('MAP_00000000001296788648248','MONS_00000000001297218526222',12,37);
INSERT INTO map_monsters VALUES ('MAP_00000000001296788648248','MONS_00000000001297218526222',12,38);
INSERT INTO map_monsters VALUES ('MAP_00000000001296788648248','MONS_00000000001297218526222',12,39);
INSERT INTO map_monsters VALUES ('MAP_00000000001296788648248','MONS_00000000001297218526222',12,40);
INSERT INTO map_monsters VALUES ('MAP_00000000001296788648248','MONS_00000000001297218526222',12,42);
INSERT INTO map_monsters VALUES ('MAP_00000000001296788648248','MONS_00000000001297218526222',12,43);
INSERT INTO map_monsters VALUES ('MAP_00000000001296788648248','MONS_00000000001297218526222',13,7);
INSERT INTO map_monsters VALUES ('MAP_00000000001296788648248','MONS_00000000001297218526222',13,11);
INSERT INTO map_monsters VALUES ('MAP_00000000001296788648248','MONS_00000000001297218526222',13,20);
INSERT INTO map_monsters VALUES ('MAP_00000000001296788648248','MONS_00000000001297218526222',13,21);
INSERT INTO map_monsters VALUES ('MAP_00000000001296788648248','MONS_00000000001297218526222',13,22);
INSERT INTO map_monsters VALUES ('MAP_00000000001296788648248','MONS_00000000001297218526222',13,23);
INSERT INTO map_monsters VALUES ('MAP_00000000001296788648248','MONS_00000000001297218526222',13,24);
INSERT INTO map_monsters VALUES ('MAP_00000000001296788648248','MONS_00000000001297218526222',13,25);
INSERT INTO map_monsters VALUES ('MAP_00000000001296788648248','MONS_00000000001297218526222',13,26);
INSERT INTO map_monsters VALUES ('MAP_00000000001296788648248','MONS_00000000001297218526222',13,28);
INSERT INTO map_monsters VALUES ('MAP_00000000001296788648248','MONS_00000000001297218526222',13,40);
INSERT INTO map_monsters VALUES ('MAP_00000000001296788648248','MONS_00000000001297218526222',13,41);
INSERT INTO map_monsters VALUES ('MAP_00000000001296788648248','MONS_00000000001297218526222',13,42);
INSERT INTO map_monsters VALUES ('MAP_00000000001296788648248','MONS_00000000001297218526222',13,43);
INSERT INTO map_monsters VALUES ('MAP_00000000001296788648248','MONS_00000000001297218526222',14,1);
INSERT INTO map_monsters VALUES ('MAP_00000000001296788648248','MONS_00000000001297218526222',14,2);
INSERT INTO map_monsters VALUES ('MAP_00000000001296788648248','MONS_00000000001297218526222',14,3);
INSERT INTO map_monsters VALUES ('MAP_00000000001296788648248','MONS_00000000001297218526222',14,4);
INSERT INTO map_monsters VALUES ('MAP_00000000001296788648248','MONS_00000000001297218526222',14,5);
INSERT INTO map_monsters VALUES ('MAP_00000000001296788648248','MONS_00000000001297218526222',14,6);
INSERT INTO map_monsters VALUES ('MAP_00000000001296788648248','MONS_00000000001297218526222',14,7);
INSERT INTO map_monsters VALUES ('MAP_00000000001296788648248','MONS_00000000001297218526222',14,8);
INSERT INTO map_monsters VALUES ('MAP_00000000001296788648248','MONS_00000000001297218526222',14,9);
INSERT INTO map_monsters VALUES ('MAP_00000000001296788648248','MONS_00000000001297218526222',14,10);
INSERT INTO map_monsters VALUES ('MAP_00000000001296788648248','MONS_00000000001297218526222',14,11);
INSERT INTO map_monsters VALUES ('MAP_00000000001296788648248','MONS_00000000001297218526222',14,12);
INSERT INTO map_monsters VALUES ('MAP_00000000001296788648248','MONS_00000000001297218526222',14,13);
INSERT INTO map_monsters VALUES ('MAP_00000000001296788648248','MONS_00000000001297218526222',14,14);
INSERT INTO map_monsters VALUES ('MAP_00000000001296788648248','MONS_00000000001297218526222',14,15);
INSERT INTO map_monsters VALUES ('MAP_00000000001296788648248','MONS_00000000001297218526222',14,16);
INSERT INTO map_monsters VALUES ('MAP_00000000001296788648248','MONS_00000000001297218526222',14,17);
INSERT INTO map_monsters VALUES ('MAP_00000000001296788648248','MONS_00000000001297218526222',14,18);
INSERT INTO map_monsters VALUES ('MAP_00000000001296788648248','MONS_00000000001297218526222',14,19);
INSERT INTO map_monsters VALUES ('MAP_00000000001296788648248','MONS_00000000001297218526222',14,20);
INSERT INTO map_monsters VALUES ('MAP_00000000001296788648248','MONS_00000000001297218526222',14,21);
INSERT INTO map_monsters VALUES ('MAP_00000000001296788648248','MONS_00000000001297218526222',14,23);
INSERT INTO map_monsters VALUES ('MAP_00000000001296788648248','MONS_00000000001297218526222',14,24);
INSERT INTO map_monsters VALUES ('MAP_00000000001296788648248','MONS_00000000001297218526222',14,25);
INSERT INTO map_monsters VALUES ('MAP_00000000001296788648248','MONS_00000000001297218526222',14,26);
INSERT INTO map_monsters VALUES ('MAP_00000000001296788648248','MONS_00000000001297218526222',14,27);
INSERT INTO map_monsters VALUES ('MAP_00000000001296788648248','MONS_00000000001297218526222',14,28);
INSERT INTO map_monsters VALUES ('MAP_00000000001296788648248','MONS_00000000001297218526222',14,29);
INSERT INTO map_monsters VALUES ('MAP_00000000001296788648248','MONS_00000000001297218526222',14,30);
INSERT INTO map_monsters VALUES ('MAP_00000000001296788648248','MONS_00000000001297218526222',14,31);
INSERT INTO map_monsters VALUES ('MAP_00000000001296788648248','MONS_00000000001297218526222',14,32);
INSERT INTO map_monsters VALUES ('MAP_00000000001296788648248','MONS_00000000001297218526222',14,33);
INSERT INTO map_monsters VALUES ('MAP_00000000001296788648248','MONS_00000000001297218526222',14,34);
INSERT INTO map_monsters VALUES ('MAP_00000000001296788648248','MONS_00000000001297218526222',14,35);
INSERT INTO map_monsters VALUES ('MAP_00000000001296788648248','MONS_00000000001297218526222',14,36);
INSERT INTO map_monsters VALUES ('MAP_00000000001296788648248','MONS_00000000001297218526222',14,37);
INSERT INTO map_monsters VALUES ('MAP_00000000001296788648248','MONS_00000000001297218526222',14,38);
INSERT INTO map_monsters VALUES ('MAP_00000000001296788648248','MONS_00000000001297218526222',14,39);
INSERT INTO map_monsters VALUES ('MAP_00000000001296788648248','MONS_00000000001297218526222',14,40);
INSERT INTO map_monsters VALUES ('MAP_00000000001296788648248','MONS_00000000001297218526222',15,0);
INSERT INTO map_monsters VALUES ('MAP_00000000001296788648248','MONS_00000000001297218526222',15,1);
INSERT INTO map_monsters VALUES ('MAP_00000000001296788648248','MONS_00000000001297218526222',15,2);
INSERT INTO map_monsters VALUES ('MAP_00000000001296788648248','MONS_00000000001297218526222',15,3);
INSERT INTO map_monsters VALUES ('MAP_00000000001296788648248','MONS_00000000001297218526222',15,4);
INSERT INTO map_monsters VALUES ('MAP_00000000001296788648248','MONS_00000000001297218526222',15,5);
INSERT INTO map_monsters VALUES ('MAP_00000000001296788648248','MONS_00000000001297218526222',15,6);
INSERT INTO map_monsters VALUES ('MAP_00000000001296788648248','MONS_00000000001297218526222',15,7);
INSERT INTO map_monsters VALUES ('MAP_00000000001296788648248','MONS_00000000001297218526222',15,8);
INSERT INTO map_monsters VALUES ('MAP_00000000001296788648248','MONS_00000000001297218526222',15,9);
INSERT INTO map_monsters VALUES ('MAP_00000000001296788648248','MONS_00000000001297218526222',15,10);
INSERT INTO map_monsters VALUES ('MAP_00000000001296788648248','MONS_00000000001297218526222',15,11);
INSERT INTO map_monsters VALUES ('MAP_00000000001296788648248','MONS_00000000001297218526222',15,12);
INSERT INTO map_monsters VALUES ('MAP_00000000001296788648248','MONS_00000000001297218526222',15,13);
INSERT INTO map_monsters VALUES ('MAP_00000000001296788648248','MONS_00000000001297218526222',15,14);
INSERT INTO map_monsters VALUES ('MAP_00000000001296788648248','MONS_00000000001297218526222',15,15);
INSERT INTO map_monsters VALUES ('MAP_00000000001296788648248','MONS_00000000001297218526222',15,19);
INSERT INTO map_monsters VALUES ('MAP_00000000001296788648248','MONS_00000000001297218526222',15,20);
INSERT INTO map_monsters VALUES ('MAP_00000000001296788648248','MONS_00000000001297218526222',15,21);
INSERT INTO map_monsters VALUES ('MAP_00000000001296788648248','MONS_00000000001297218526222',15,22);
INSERT INTO map_monsters VALUES ('MAP_00000000001296788648248','MONS_00000000001297218526222',15,23);
INSERT INTO map_monsters VALUES ('MAP_00000000001296788648248','MONS_00000000001297218526222',15,24);
INSERT INTO map_monsters VALUES ('MAP_00000000001296788648248','MONS_00000000001297218526222',15,25);
INSERT INTO map_monsters VALUES ('MAP_00000000001296788648248','MONS_00000000001297218526222',15,26);
INSERT INTO map_monsters VALUES ('MAP_00000000001296788648248','MONS_00000000001297218526222',15,27);
INSERT INTO map_monsters VALUES ('MAP_00000000001296788648248','MONS_00000000001297218526222',15,28);
INSERT INTO map_monsters VALUES ('MAP_00000000001296788648248','MONS_00000000001297218526222',15,29);
INSERT INTO map_monsters VALUES ('MAP_00000000001296788648248','MONS_00000000001297218526222',15,30);
INSERT INTO map_monsters VALUES ('MAP_00000000001296788648248','MONS_00000000001297218526222',15,31);
INSERT INTO map_monsters VALUES ('MAP_00000000001296788648248','MONS_00000000001297218526222',15,32);
INSERT INTO map_monsters VALUES ('MAP_00000000001296788648248','MONS_00000000001297218526222',15,33);
INSERT INTO map_monsters VALUES ('MAP_00000000001296788648248','MONS_00000000001297218526222',15,34);
INSERT INTO map_monsters VALUES ('MAP_00000000001296788648248','MONS_00000000001297218526222',15,35);
INSERT INTO map_monsters VALUES ('MAP_00000000001296788648248','MONS_00000000001297218526222',15,36);
INSERT INTO map_monsters VALUES ('MAP_00000000001296788648248','MONS_00000000001297218526222',15,37);
INSERT INTO map_monsters VALUES ('MAP_00000000001296788648248','MONS_00000000001297218526222',15,38);
INSERT INTO map_monsters VALUES ('MAP_00000000001296788648248','MONS_00000000001297218526222',15,39);
INSERT INTO map_monsters VALUES ('MAP_00000000001296788648248','MONS_00000000001297218526222',15,40);
INSERT INTO map_monsters VALUES ('MAP_00000000001296788648248','MONS_00000000001297218526222',15,41);
INSERT INTO map_monsters VALUES ('MAP_00000000001296788648248','MONS_00000000001297218526222',15,42);
INSERT INTO map_monsters VALUES ('MAP_00000000001296788648248','MONS_00000000001297218526222',15,43);
INSERT INTO map_monsters VALUES ('MAP_00000000001296788648248','MONS_00000000001297218526222',16,0);
INSERT INTO map_monsters VALUES ('MAP_00000000001296788648248','MONS_00000000001297218526222',16,1);
INSERT INTO map_monsters VALUES ('MAP_00000000001296788648248','MONS_00000000001297218526222',16,2);
INSERT INTO map_monsters VALUES ('MAP_00000000001296788648248','MONS_00000000001297218526222',16,3);
INSERT INTO map_monsters VALUES ('MAP_00000000001296788648248','MONS_00000000001297218526222',16,4);
INSERT INTO map_monsters VALUES ('MAP_00000000001296788648248','MONS_00000000001297218526222',16,5);
INSERT INTO map_monsters VALUES ('MAP_00000000001296788648248','MONS_00000000001297218526222',16,6);
INSERT INTO map_monsters VALUES ('MAP_00000000001296788648248','MONS_00000000001297218526222',16,7);
INSERT INTO map_monsters VALUES ('MAP_00000000001296788648248','MONS_00000000001297218526222',16,8);
INSERT INTO map_monsters VALUES ('MAP_00000000001296788648248','MONS_00000000001297218526222',16,9);
INSERT INTO map_monsters VALUES ('MAP_00000000001296788648248','MONS_00000000001297218526222',16,10);
INSERT INTO map_monsters VALUES ('MAP_00000000001296788648248','MONS_00000000001297218526222',16,11);
INSERT INTO map_monsters VALUES ('MAP_00000000001296788648248','MONS_00000000001297218526222',16,12);
INSERT INTO map_monsters VALUES ('MAP_00000000001296788648248','MONS_00000000001297218526222',16,13);
INSERT INTO map_monsters VALUES ('MAP_00000000001296788648248','MONS_00000000001297218526222',16,14);
INSERT INTO map_monsters VALUES ('MAP_00000000001296788648248','MONS_00000000001297218526222',16,15);
INSERT INTO map_monsters VALUES ('MAP_00000000001296788648248','MONS_00000000001297218526222',16,19);
INSERT INTO map_monsters VALUES ('MAP_00000000001296788648248','MONS_00000000001297218526222',16,20);
INSERT INTO map_monsters VALUES ('MAP_00000000001296788648248','MONS_00000000001297218526222',16,21);
INSERT INTO map_monsters VALUES ('MAP_00000000001296788648248','MONS_00000000001297218526222',16,22);
INSERT INTO map_monsters VALUES ('MAP_00000000001296788648248','MONS_00000000001297218526222',16,23);
INSERT INTO map_monsters VALUES ('MAP_00000000001296788648248','MONS_00000000001297218526222',16,24);
INSERT INTO map_monsters VALUES ('MAP_00000000001296788648248','MONS_00000000001297218526222',16,25);
INSERT INTO map_monsters VALUES ('MAP_00000000001296788648248','MONS_00000000001297218526222',16,26);
INSERT INTO map_monsters VALUES ('MAP_00000000001296788648248','MONS_00000000001297218526222',16,27);
INSERT INTO map_monsters VALUES ('MAP_00000000001296788648248','MONS_00000000001297218526222',16,28);
INSERT INTO map_monsters VALUES ('MAP_00000000001296788648248','MONS_00000000001297218526222',16,29);
INSERT INTO map_monsters VALUES ('MAP_00000000001296788648248','MONS_00000000001297218526222',16,30);
INSERT INTO map_monsters VALUES ('MAP_00000000001296788648248','MONS_00000000001297218526222',16,31);
INSERT INTO map_monsters VALUES ('MAP_00000000001296788648248','MONS_00000000001297218526222',16,32);
INSERT INTO map_monsters VALUES ('MAP_00000000001296788648248','MONS_00000000001297218526222',16,33);
INSERT INTO map_monsters VALUES ('MAP_00000000001296788648248','MONS_00000000001297218526222',16,34);
INSERT INTO map_monsters VALUES ('MAP_00000000001296788648248','MONS_00000000001297218526222',16,35);
INSERT INTO map_monsters VALUES ('MAP_00000000001296788648248','MONS_00000000001297218526222',16,36);
INSERT INTO map_monsters VALUES ('MAP_00000000001296788648248','MONS_00000000001297218526222',16,37);
INSERT INTO map_monsters VALUES ('MAP_00000000001296788648248','MONS_00000000001297218526222',16,38);
INSERT INTO map_monsters VALUES ('MAP_00000000001296788648248','MONS_00000000001297218526222',16,39);
INSERT INTO map_monsters VALUES ('MAP_00000000001296788648248','MONS_00000000001297218526222',16,40);
INSERT INTO map_monsters VALUES ('MAP_00000000001296788648248','MONS_00000000001297218526222',16,41);
INSERT INTO map_monsters VALUES ('MAP_00000000001296788648248','MONS_00000000001297218526222',16,42);
INSERT INTO map_monsters VALUES ('MAP_00000000001296788648248','MONS_00000000001297218526222',16,43);
INSERT INTO map_monsters VALUES ('MAP_00000000001296788648248','MONS_00000000001297218526222',17,1);
INSERT INTO map_monsters VALUES ('MAP_00000000001296788648248','MONS_00000000001297218526222',17,2);
INSERT INTO map_monsters VALUES ('MAP_00000000001296788648248','MONS_00000000001297218526222',17,3);
INSERT INTO map_monsters VALUES ('MAP_00000000001296788648248','MONS_00000000001297218526222',17,4);
INSERT INTO map_monsters VALUES ('MAP_00000000001296788648248','MONS_00000000001297218526222',17,5);
INSERT INTO map_monsters VALUES ('MAP_00000000001296788648248','MONS_00000000001297218526222',17,6);
INSERT INTO map_monsters VALUES ('MAP_00000000001296788648248','MONS_00000000001297218526222',17,7);
INSERT INTO map_monsters VALUES ('MAP_00000000001296788648248','MONS_00000000001297218526222',17,8);
INSERT INTO map_monsters VALUES ('MAP_00000000001296788648248','MONS_00000000001297218526222',17,9);
INSERT INTO map_monsters VALUES ('MAP_00000000001296788648248','MONS_00000000001297218526222',17,10);
INSERT INTO map_monsters VALUES ('MAP_00000000001296788648248','MONS_00000000001297218526222',17,11);
INSERT INTO map_monsters VALUES ('MAP_00000000001296788648248','MONS_00000000001297218526222',17,12);
INSERT INTO map_monsters VALUES ('MAP_00000000001296788648248','MONS_00000000001297218526222',17,13);
INSERT INTO map_monsters VALUES ('MAP_00000000001296788648248','MONS_00000000001297218526222',17,14);
INSERT INTO map_monsters VALUES ('MAP_00000000001296788648248','MONS_00000000001297218526222',17,15);
INSERT INTO map_monsters VALUES ('MAP_00000000001296788648248','MONS_00000000001297218526222',17,16);
INSERT INTO map_monsters VALUES ('MAP_00000000001296788648248','MONS_00000000001297218526222',17,17);
INSERT INTO map_monsters VALUES ('MAP_00000000001296788648248','MONS_00000000001297218526222',17,18);
INSERT INTO map_monsters VALUES ('MAP_00000000001296788648248','MONS_00000000001297218526222',17,19);
INSERT INTO map_monsters VALUES ('MAP_00000000001296788648248','MONS_00000000001297218526222',17,20);
INSERT INTO map_monsters VALUES ('MAP_00000000001296788648248','MONS_00000000001297218526222',17,21);
INSERT INTO map_monsters VALUES ('MAP_00000000001296788648248','MONS_00000000001297218526222',17,23);
INSERT INTO map_monsters VALUES ('MAP_00000000001296788648248','MONS_00000000001297218526222',17,24);
INSERT INTO map_monsters VALUES ('MAP_00000000001296788648248','MONS_00000000001297218526222',17,25);
INSERT INTO map_monsters VALUES ('MAP_00000000001296788648248','MONS_00000000001297218526222',17,26);
INSERT INTO map_monsters VALUES ('MAP_00000000001296788648248','MONS_00000000001297218526222',17,27);
INSERT INTO map_monsters VALUES ('MAP_00000000001296788648248','MONS_00000000001297218526222',17,28);
INSERT INTO map_monsters VALUES ('MAP_00000000001296788648248','MONS_00000000001297218526222',17,29);
INSERT INTO map_monsters VALUES ('MAP_00000000001296788648248','MONS_00000000001297218526222',17,30);
INSERT INTO map_monsters VALUES ('MAP_00000000001296788648248','MONS_00000000001297218526222',17,31);
INSERT INTO map_monsters VALUES ('MAP_00000000001296788648248','MONS_00000000001297218526222',17,32);
INSERT INTO map_monsters VALUES ('MAP_00000000001296788648248','MONS_00000000001297218526222',17,33);
INSERT INTO map_monsters VALUES ('MAP_00000000001296788648248','MONS_00000000001297218526222',17,34);
INSERT INTO map_monsters VALUES ('MAP_00000000001296788648248','MONS_00000000001297218526222',17,35);
INSERT INTO map_monsters VALUES ('MAP_00000000001296788648248','MONS_00000000001297218526222',17,36);
INSERT INTO map_monsters VALUES ('MAP_00000000001296788648248','MONS_00000000001297218526222',17,37);
INSERT INTO map_monsters VALUES ('MAP_00000000001296788648248','MONS_00000000001297218526222',17,38);
INSERT INTO map_monsters VALUES ('MAP_00000000001296788648248','MONS_00000000001297218526222',17,39);
INSERT INTO map_monsters VALUES ('MAP_00000000001296788648248','MONS_00000000001297218526222',17,40);
INSERT INTO map_monsters VALUES ('MAP_00000000001296788648248','MONS_00000000001297218526222',18,7);
INSERT INTO map_monsters VALUES ('MAP_00000000001296788648248','MONS_00000000001297218526222',18,11);
INSERT INTO map_monsters VALUES ('MAP_00000000001296788648248','MONS_00000000001297218526222',18,20);
INSERT INTO map_monsters VALUES ('MAP_00000000001296788648248','MONS_00000000001297218526222',18,21);
INSERT INTO map_monsters VALUES ('MAP_00000000001296788648248','MONS_00000000001297218526222',18,22);
INSERT INTO map_monsters VALUES ('MAP_00000000001296788648248','MONS_00000000001297218526222',18,23);
INSERT INTO map_monsters VALUES ('MAP_00000000001296788648248','MONS_00000000001297218526222',18,24);
INSERT INTO map_monsters VALUES ('MAP_00000000001296788648248','MONS_00000000001297218526222',18,25);
INSERT INTO map_monsters VALUES ('MAP_00000000001296788648248','MONS_00000000001297218526222',18,26);
INSERT INTO map_monsters VALUES ('MAP_00000000001296788648248','MONS_00000000001297218526222',18,28);
INSERT INTO map_monsters VALUES ('MAP_00000000001296788648248','MONS_00000000001297218526222',18,40);
INSERT INTO map_monsters VALUES ('MAP_00000000001296788648248','MONS_00000000001297218526222',18,41);
INSERT INTO map_monsters VALUES ('MAP_00000000001296788648248','MONS_00000000001297218526222',18,42);
INSERT INTO map_monsters VALUES ('MAP_00000000001296788648248','MONS_00000000001297218526222',18,43);
INSERT INTO map_monsters VALUES ('MAP_00000000001296788648248','MONS_00000000001297218526222',19,7);
INSERT INTO map_monsters VALUES ('MAP_00000000001296788648248','MONS_00000000001297218526222',19,10);
INSERT INTO map_monsters VALUES ('MAP_00000000001296788648248','MONS_00000000001297218526222',19,11);
INSERT INTO map_monsters VALUES ('MAP_00000000001296788648248','MONS_00000000001297218526222',19,12);
INSERT INTO map_monsters VALUES ('MAP_00000000001296788648248','MONS_00000000001297218526222',19,13);
INSERT INTO map_monsters VALUES ('MAP_00000000001296788648248','MONS_00000000001297218526222',19,14);
INSERT INTO map_monsters VALUES ('MAP_00000000001296788648248','MONS_00000000001297218526222',19,15);
INSERT INTO map_monsters VALUES ('MAP_00000000001296788648248','MONS_00000000001297218526222',19,16);
INSERT INTO map_monsters VALUES ('MAP_00000000001296788648248','MONS_00000000001297218526222',19,17);
INSERT INTO map_monsters VALUES ('MAP_00000000001296788648248','MONS_00000000001297218526222',19,18);
INSERT INTO map_monsters VALUES ('MAP_00000000001296788648248','MONS_00000000001297218526222',19,20);
INSERT INTO map_monsters VALUES ('MAP_00000000001296788648248','MONS_00000000001297218526222',19,21);
INSERT INTO map_monsters VALUES ('MAP_00000000001296788648248','MONS_00000000001297218526222',19,22);
INSERT INTO map_monsters VALUES ('MAP_00000000001296788648248','MONS_00000000001297218526222',19,23);
INSERT INTO map_monsters VALUES ('MAP_00000000001296788648248','MONS_00000000001297218526222',19,24);
INSERT INTO map_monsters VALUES ('MAP_00000000001296788648248','MONS_00000000001297218526222',19,27);
INSERT INTO map_monsters VALUES ('MAP_00000000001296788648248','MONS_00000000001297218526222',19,28);
INSERT INTO map_monsters VALUES ('MAP_00000000001296788648248','MONS_00000000001297218526222',19,29);
INSERT INTO map_monsters VALUES ('MAP_00000000001296788648248','MONS_00000000001297218526222',19,30);
INSERT INTO map_monsters VALUES ('MAP_00000000001296788648248','MONS_00000000001297218526222',19,31);
INSERT INTO map_monsters VALUES ('MAP_00000000001296788648248','MONS_00000000001297218526222',19,32);
INSERT INTO map_monsters VALUES ('MAP_00000000001296788648248','MONS_00000000001297218526222',19,33);
INSERT INTO map_monsters VALUES ('MAP_00000000001296788648248','MONS_00000000001297218526222',19,34);
INSERT INTO map_monsters VALUES ('MAP_00000000001296788648248','MONS_00000000001297218526222',19,35);
INSERT INTO map_monsters VALUES ('MAP_00000000001296788648248','MONS_00000000001297218526222',19,36);
INSERT INTO map_monsters VALUES ('MAP_00000000001296788648248','MONS_00000000001297218526222',19,37);
INSERT INTO map_monsters VALUES ('MAP_00000000001296788648248','MONS_00000000001297218526222',19,38);
INSERT INTO map_monsters VALUES ('MAP_00000000001296788648248','MONS_00000000001297218526222',19,39);
INSERT INTO map_monsters VALUES ('MAP_00000000001296788648248','MONS_00000000001297218526222',19,40);
INSERT INTO map_monsters VALUES ('MAP_00000000001296788648248','MONS_00000000001297218526222',19,42);
INSERT INTO map_monsters VALUES ('MAP_00000000001296788648248','MONS_00000000001297218526222',19,43);
INSERT INTO map_monsters VALUES ('MAP_00000000001296788648248','MONS_00000000001297218526222',20,4);
INSERT INTO map_monsters VALUES ('MAP_00000000001296788648248','MONS_00000000001297218526222',20,5);
INSERT INTO map_monsters VALUES ('MAP_00000000001296788648248','MONS_00000000001297218526222',20,6);
INSERT INTO map_monsters VALUES ('MAP_00000000001296788648248','MONS_00000000001297218526222',20,7);
INSERT INTO map_monsters VALUES ('MAP_00000000001296788648248','MONS_00000000001297218526222',20,10);
INSERT INTO map_monsters VALUES ('MAP_00000000001296788648248','MONS_00000000001297218526222',20,19);
INSERT INTO map_monsters VALUES ('MAP_00000000001296788648248','MONS_00000000001297218526222',20,22);
INSERT INTO map_monsters VALUES ('MAP_00000000001296788648248','MONS_00000000001297218526222',20,23);
INSERT INTO map_monsters VALUES ('MAP_00000000001296788648248','MONS_00000000001297218526222',20,24);
INSERT INTO map_monsters VALUES ('MAP_00000000001296788648248','MONS_00000000001297218526222',20,38);
INSERT INTO map_monsters VALUES ('MAP_00000000001296788648248','MONS_00000000001297218526222',20,42);
INSERT INTO map_monsters VALUES ('MAP_00000000001296788648248','MONS_00000000001297218526222',20,43);
INSERT INTO map_monsters VALUES ('MAP_00000000001296788648248','MONS_00000000001297218526222',21,5);
INSERT INTO map_monsters VALUES ('MAP_00000000001296788648248','MONS_00000000001297218526222',21,7);
INSERT INTO map_monsters VALUES ('MAP_00000000001296788648248','MONS_00000000001297218526222',21,10);
INSERT INTO map_monsters VALUES ('MAP_00000000001296788648248','MONS_00000000001297218526222',21,11);
INSERT INTO map_monsters VALUES ('MAP_00000000001296788648248','MONS_00000000001297218526222',21,12);
INSERT INTO map_monsters VALUES ('MAP_00000000001296788648248','MONS_00000000001297218526222',21,13);
INSERT INTO map_monsters VALUES ('MAP_00000000001296788648248','MONS_00000000001297218526222',21,14);
INSERT INTO map_monsters VALUES ('MAP_00000000001296788648248','MONS_00000000001297218526222',21,15);
INSERT INTO map_monsters VALUES ('MAP_00000000001296788648248','MONS_00000000001297218526222',21,16);
INSERT INTO map_monsters VALUES ('MAP_00000000001296788648248','MONS_00000000001297218526222',21,17);
INSERT INTO map_monsters VALUES ('MAP_00000000001296788648248','MONS_00000000001297218526222',21,18);
INSERT INTO map_monsters VALUES ('MAP_00000000001296788648248','MONS_00000000001297218526222',21,19);
INSERT INTO map_monsters VALUES ('MAP_00000000001296788648248','MONS_00000000001297218526222',21,20);
INSERT INTO map_monsters VALUES ('MAP_00000000001296788648248','MONS_00000000001297218526222',21,21);
INSERT INTO map_monsters VALUES ('MAP_00000000001296788648248','MONS_00000000001297218526222',21,22);
INSERT INTO map_monsters VALUES ('MAP_00000000001296788648248','MONS_00000000001297218526222',21,23);
INSERT INTO map_monsters VALUES ('MAP_00000000001296788648248','MONS_00000000001297218526222',21,24);
INSERT INTO map_monsters VALUES ('MAP_00000000001296788648248','MONS_00000000001297218526222',21,25);
INSERT INTO map_monsters VALUES ('MAP_00000000001296788648248','MONS_00000000001297218526222',21,26);
INSERT INTO map_monsters VALUES ('MAP_00000000001296788648248','MONS_00000000001297218526222',21,27);
INSERT INTO map_monsters VALUES ('MAP_00000000001296788648248','MONS_00000000001297218526222',21,28);
INSERT INTO map_monsters VALUES ('MAP_00000000001296788648248','MONS_00000000001297218526222',21,29);
INSERT INTO map_monsters VALUES ('MAP_00000000001296788648248','MONS_00000000001297218526222',21,30);
INSERT INTO map_monsters VALUES ('MAP_00000000001296788648248','MONS_00000000001297218526222',21,31);
INSERT INTO map_monsters VALUES ('MAP_00000000001296788648248','MONS_00000000001297218526222',21,32);
INSERT INTO map_monsters VALUES ('MAP_00000000001296788648248','MONS_00000000001297218526222',21,33);
INSERT INTO map_monsters VALUES ('MAP_00000000001296788648248','MONS_00000000001297218526222',21,34);
INSERT INTO map_monsters VALUES ('MAP_00000000001296788648248','MONS_00000000001297218526222',21,35);
INSERT INTO map_monsters VALUES ('MAP_00000000001296788648248','MONS_00000000001297218526222',21,36);
INSERT INTO map_monsters VALUES ('MAP_00000000001296788648248','MONS_00000000001297218526222',21,37);
INSERT INTO map_monsters VALUES ('MAP_00000000001296788648248','MONS_00000000001297218526222',21,38);
INSERT INTO map_monsters VALUES ('MAP_00000000001296788648248','MONS_00000000001297218526222',21,39);
INSERT INTO map_monsters VALUES ('MAP_00000000001296788648248','MONS_00000000001297218526222',21,42);
INSERT INTO map_monsters VALUES ('MAP_00000000001296788648248','MONS_00000000001297218526222',21,43);
INSERT INTO map_monsters VALUES ('MAP_00000000001296788648248','MONS_00000000001297218526222',22,2);
INSERT INTO map_monsters VALUES ('MAP_00000000001296788648248','MONS_00000000001297218526222',22,5);
INSERT INTO map_monsters VALUES ('MAP_00000000001296788648248','MONS_00000000001297218526222',22,7);
INSERT INTO map_monsters VALUES ('MAP_00000000001296788648248','MONS_00000000001297218526222',22,10);
INSERT INTO map_monsters VALUES ('MAP_00000000001296788648248','MONS_00000000001297218526222',22,15);
INSERT INTO map_monsters VALUES ('MAP_00000000001296788648248','MONS_00000000001297218526222',22,20);
INSERT INTO map_monsters VALUES ('MAP_00000000001296788648248','MONS_00000000001297218526222',22,22);
INSERT INTO map_monsters VALUES ('MAP_00000000001296788648248','MONS_00000000001297218526222',22,23);
INSERT INTO map_monsters VALUES ('MAP_00000000001296788648248','MONS_00000000001297218526222',22,24);
INSERT INTO map_monsters VALUES ('MAP_00000000001296788648248','MONS_00000000001297218526222',22,26);
INSERT INTO map_monsters VALUES ('MAP_00000000001296788648248','MONS_00000000001297218526222',22,39);
INSERT INTO map_monsters VALUES ('MAP_00000000001296788648248','MONS_00000000001297218526222',22,42);
INSERT INTO map_monsters VALUES ('MAP_00000000001296788648248','MONS_00000000001297218526222',22,43);
INSERT INTO map_monsters VALUES ('MAP_00000000001296788648248','MONS_00000000001297218526222',23,2);
INSERT INTO map_monsters VALUES ('MAP_00000000001296788648248','MONS_00000000001297218526222',23,3);
INSERT INTO map_monsters VALUES ('MAP_00000000001296788648248','MONS_00000000001297218526222',23,4);
INSERT INTO map_monsters VALUES ('MAP_00000000001296788648248','MONS_00000000001297218526222',23,5);
INSERT INTO map_monsters VALUES ('MAP_00000000001296788648248','MONS_00000000001297218526222',23,7);
INSERT INTO map_monsters VALUES ('MAP_00000000001296788648248','MONS_00000000001297218526222',23,10);
INSERT INTO map_monsters VALUES ('MAP_00000000001296788648248','MONS_00000000001297218526222',23,11);
INSERT INTO map_monsters VALUES ('MAP_00000000001296788648248','MONS_00000000001297218526222',23,12);
INSERT INTO map_monsters VALUES ('MAP_00000000001296788648248','MONS_00000000001297218526222',23,13);
INSERT INTO map_monsters VALUES ('MAP_00000000001296788648248','MONS_00000000001297218526222',23,14);
INSERT INTO map_monsters VALUES ('MAP_00000000001296788648248','MONS_00000000001297218526222',23,15);
INSERT INTO map_monsters VALUES ('MAP_00000000001296788648248','MONS_00000000001297218526222',23,16);
INSERT INTO map_monsters VALUES ('MAP_00000000001296788648248','MONS_00000000001297218526222',23,17);
INSERT INTO map_monsters VALUES ('MAP_00000000001296788648248','MONS_00000000001297218526222',23,18);
INSERT INTO map_monsters VALUES ('MAP_00000000001296788648248','MONS_00000000001297218526222',23,19);
INSERT INTO map_monsters VALUES ('MAP_00000000001296788648248','MONS_00000000001297218526222',23,20);
INSERT INTO map_monsters VALUES ('MAP_00000000001296788648248','MONS_00000000001297218526222',23,22);
INSERT INTO map_monsters VALUES ('MAP_00000000001296788648248','MONS_00000000001297218526222',23,23);
INSERT INTO map_monsters VALUES ('MAP_00000000001296788648248','MONS_00000000001297218526222',23,24);
INSERT INTO map_monsters VALUES ('MAP_00000000001296788648248','MONS_00000000001297218526222',23,26);
INSERT INTO map_monsters VALUES ('MAP_00000000001296788648248','MONS_00000000001297218526222',23,27);
INSERT INTO map_monsters VALUES ('MAP_00000000001296788648248','MONS_00000000001297218526222',23,28);
INSERT INTO map_monsters VALUES ('MAP_00000000001296788648248','MONS_00000000001297218526222',23,29);
INSERT INTO map_monsters VALUES ('MAP_00000000001296788648248','MONS_00000000001297218526222',23,30);
INSERT INTO map_monsters VALUES ('MAP_00000000001296788648248','MONS_00000000001297218526222',23,31);
INSERT INTO map_monsters VALUES ('MAP_00000000001296788648248','MONS_00000000001297218526222',23,32);
INSERT INTO map_monsters VALUES ('MAP_00000000001296788648248','MONS_00000000001297218526222',23,33);
INSERT INTO map_monsters VALUES ('MAP_00000000001296788648248','MONS_00000000001297218526222',23,34);
INSERT INTO map_monsters VALUES ('MAP_00000000001296788648248','MONS_00000000001297218526222',23,35);
INSERT INTO map_monsters VALUES ('MAP_00000000001296788648248','MONS_00000000001297218526222',23,36);
INSERT INTO map_monsters VALUES ('MAP_00000000001296788648248','MONS_00000000001297218526222',23,37);
INSERT INTO map_monsters VALUES ('MAP_00000000001296788648248','MONS_00000000001297218526222',23,38);
INSERT INTO map_monsters VALUES ('MAP_00000000001296788648248','MONS_00000000001297218526222',23,39);
INSERT INTO map_monsters VALUES ('MAP_00000000001296788648248','MONS_00000000001297218526222',23,42);
INSERT INTO map_monsters VALUES ('MAP_00000000001296788648248','MONS_00000000001297218526222',23,43);
INSERT INTO map_monsters VALUES ('MAP_00000000001296788648248','MONS_00000000001297218526222',24,2);
INSERT INTO map_monsters VALUES ('MAP_00000000001296788648248','MONS_00000000001297218526222',24,7);
INSERT INTO map_monsters VALUES ('MAP_00000000001296788648248','MONS_00000000001297218526222',24,22);
INSERT INTO map_monsters VALUES ('MAP_00000000001296788648248','MONS_00000000001297218526222',24,23);
INSERT INTO map_monsters VALUES ('MAP_00000000001296788648248','MONS_00000000001297218526222',24,24);
INSERT INTO map_monsters VALUES ('MAP_00000000001296788648248','MONS_00000000001297218526222',24,42);
INSERT INTO map_monsters VALUES ('MAP_00000000001296788648248','MONS_00000000001297218526222',24,43);
INSERT INTO map_monsters VALUES ('MAP_00000000001296788648248','MONS_00000000001297218526222',25,2);
INSERT INTO map_monsters VALUES ('MAP_00000000001296788648248','MONS_00000000001297218526222',25,7);
INSERT INTO map_monsters VALUES ('MAP_00000000001296788648248','MONS_00000000001297218526222',25,22);
INSERT INTO map_monsters VALUES ('MAP_00000000001296788648248','MONS_00000000001297218526222',25,23);
INSERT INTO map_monsters VALUES ('MAP_00000000001296788648248','MONS_00000000001297218526222',25,24);
INSERT INTO map_monsters VALUES ('MAP_00000000001296788648248','MONS_00000000001297218526222',25,42);
INSERT INTO map_monsters VALUES ('MAP_00000000001296788648248','MONS_00000000001297218526222',25,43);
INSERT INTO map_monsters VALUES ('MAP_00000000001296788648248','MONS_00000000001297218526222',26,2);
INSERT INTO map_monsters VALUES ('MAP_00000000001296788648248','MONS_00000000001297218526222',26,3);
INSERT INTO map_monsters VALUES ('MAP_00000000001296788648248','MONS_00000000001297218526222',26,4);
INSERT INTO map_monsters VALUES ('MAP_00000000001296788648248','MONS_00000000001297218526222',26,5);
INSERT INTO map_monsters VALUES ('MAP_00000000001296788648248','MONS_00000000001297218526222',26,7);
INSERT INTO map_monsters VALUES ('MAP_00000000001296788648248','MONS_00000000001297218526222',26,15);
INSERT INTO map_monsters VALUES ('MAP_00000000001296788648248','MONS_00000000001297218526222',26,16);
INSERT INTO map_monsters VALUES ('MAP_00000000001296788648248','MONS_00000000001297218526222',26,17);
INSERT INTO map_monsters VALUES ('MAP_00000000001296788648248','MONS_00000000001297218526222',26,18);
INSERT INTO map_monsters VALUES ('MAP_00000000001296788648248','MONS_00000000001297218526222',26,19);
INSERT INTO map_monsters VALUES ('MAP_00000000001296788648248','MONS_00000000001297218526222',26,20);
INSERT INTO map_monsters VALUES ('MAP_00000000001296788648248','MONS_00000000001297218526222',26,21);
INSERT INTO map_monsters VALUES ('MAP_00000000001296788648248','MONS_00000000001297218526222',26,22);
INSERT INTO map_monsters VALUES ('MAP_00000000001296788648248','MONS_00000000001297218526222',26,23);
INSERT INTO map_monsters VALUES ('MAP_00000000001296788648248','MONS_00000000001297218526222',26,24);
INSERT INTO map_monsters VALUES ('MAP_00000000001296788648248','MONS_00000000001297218526222',26,25);
INSERT INTO map_monsters VALUES ('MAP_00000000001296788648248','MONS_00000000001297218526222',26,26);
INSERT INTO map_monsters VALUES ('MAP_00000000001296788648248','MONS_00000000001297218526222',26,27);
INSERT INTO map_monsters VALUES ('MAP_00000000001296788648248','MONS_00000000001297218526222',26,28);
INSERT INTO map_monsters VALUES ('MAP_00000000001296788648248','MONS_00000000001297218526222',26,29);
INSERT INTO map_monsters VALUES ('MAP_00000000001296788648248','MONS_00000000001297218526222',26,30);
INSERT INTO map_monsters VALUES ('MAP_00000000001296788648248','MONS_00000000001297218526222',26,31);
INSERT INTO map_monsters VALUES ('MAP_00000000001296788648248','MONS_00000000001297218526222',26,42);
INSERT INTO map_monsters VALUES ('MAP_00000000001296788648248','MONS_00000000001297218526222',26,43);
INSERT INTO map_monsters VALUES ('MAP_00000000001296788648248','MONS_00000000001297218526222',27,2);
INSERT INTO map_monsters VALUES ('MAP_00000000001296788648248','MONS_00000000001297218526222',27,5);
INSERT INTO map_monsters VALUES ('MAP_00000000001296788648248','MONS_00000000001297218526222',27,6);
INSERT INTO map_monsters VALUES ('MAP_00000000001296788648248','MONS_00000000001297218526222',27,7);
INSERT INTO map_monsters VALUES ('MAP_00000000001296788648248','MONS_00000000001297218526222',27,8);
INSERT INTO map_monsters VALUES ('MAP_00000000001296788648248','MONS_00000000001297218526222',27,9);
INSERT INTO map_monsters VALUES ('MAP_00000000001296788648248','MONS_00000000001297218526222',27,10);
INSERT INTO map_monsters VALUES ('MAP_00000000001296788648248','MONS_00000000001297218526222',27,11);
INSERT INTO map_monsters VALUES ('MAP_00000000001296788648248','MONS_00000000001297218526222',27,12);
INSERT INTO map_monsters VALUES ('MAP_00000000001296788648248','MONS_00000000001297218526222',27,13);
INSERT INTO map_monsters VALUES ('MAP_00000000001296788648248','MONS_00000000001297218526222',27,14);
INSERT INTO map_monsters VALUES ('MAP_00000000001296788648248','MONS_00000000001297218526222',27,15);
INSERT INTO map_monsters VALUES ('MAP_00000000001296788648248','MONS_00000000001297218526222',27,18);
INSERT INTO map_monsters VALUES ('MAP_00000000001296788648248','MONS_00000000001297218526222',27,22);
INSERT INTO map_monsters VALUES ('MAP_00000000001296788648248','MONS_00000000001297218526222',27,23);
INSERT INTO map_monsters VALUES ('MAP_00000000001296788648248','MONS_00000000001297218526222',27,24);
INSERT INTO map_monsters VALUES ('MAP_00000000001296788648248','MONS_00000000001297218526222',27,28);
INSERT INTO map_monsters VALUES ('MAP_00000000001296788648248','MONS_00000000001297218526222',27,31);
INSERT INTO map_monsters VALUES ('MAP_00000000001296788648248','MONS_00000000001297218526222',27,32);
INSERT INTO map_monsters VALUES ('MAP_00000000001296788648248','MONS_00000000001297218526222',27,33);
INSERT INTO map_monsters VALUES ('MAP_00000000001296788648248','MONS_00000000001297218526222',27,34);
INSERT INTO map_monsters VALUES ('MAP_00000000001296788648248','MONS_00000000001297218526222',27,35);
INSERT INTO map_monsters VALUES ('MAP_00000000001296788648248','MONS_00000000001297218526222',27,36);
INSERT INTO map_monsters VALUES ('MAP_00000000001296788648248','MONS_00000000001297218526222',27,37);
INSERT INTO map_monsters VALUES ('MAP_00000000001296788648248','MONS_00000000001297218526222',27,38);
INSERT INTO map_monsters VALUES ('MAP_00000000001296788648248','MONS_00000000001297218526222',27,39);
INSERT INTO map_monsters VALUES ('MAP_00000000001296788648248','MONS_00000000001297218526222',27,40);
INSERT INTO map_monsters VALUES ('MAP_00000000001296788648248','MONS_00000000001297218526222',27,41);
INSERT INTO map_monsters VALUES ('MAP_00000000001296788648248','MONS_00000000001297218526222',27,42);
INSERT INTO map_monsters VALUES ('MAP_00000000001296788648248','MONS_00000000001297218526222',27,43);
INSERT INTO map_monsters VALUES ('MAP_00000000001296788648248','MONS_00000000001297218526222',28,6);
INSERT INTO map_monsters VALUES ('MAP_00000000001296788648248','MONS_00000000001297218526222',28,15);
INSERT INTO map_monsters VALUES ('MAP_00000000001296788648248','MONS_00000000001297218526222',28,22);
INSERT INTO map_monsters VALUES ('MAP_00000000001296788648248','MONS_00000000001297218526222',28,23);
INSERT INTO map_monsters VALUES ('MAP_00000000001296788648248','MONS_00000000001297218526222',28,24);
INSERT INTO map_monsters VALUES ('MAP_00000000001296788648248','MONS_00000000001297218526222',28,31);
INSERT INTO map_monsters VALUES ('MAP_00000000001296788648248','MONS_00000000001297218526222',28,43);
INSERT INTO map_monsters VALUES ('MAP_00000000001296788648248','MONS_00000000001297218526222',29,4);
INSERT INTO map_monsters VALUES ('MAP_00000000001296788648248','MONS_00000000001297218526222',29,5);
INSERT INTO map_monsters VALUES ('MAP_00000000001296788648248','MONS_00000000001297218526222',29,6);
INSERT INTO map_monsters VALUES ('MAP_00000000001296788648248','MONS_00000000001297218526222',29,7);
INSERT INTO map_monsters VALUES ('MAP_00000000001296788648248','MONS_00000000001297218526222',29,8);
INSERT INTO map_monsters VALUES ('MAP_00000000001296788648248','MONS_00000000001297218526222',29,9);
INSERT INTO map_monsters VALUES ('MAP_00000000001296788648248','MONS_00000000001297218526222',29,10);
INSERT INTO map_monsters VALUES ('MAP_00000000001296788648248','MONS_00000000001297218526222',29,11);
INSERT INTO map_monsters VALUES ('MAP_00000000001296788648248','MONS_00000000001297218526222',29,12);
INSERT INTO map_monsters VALUES ('MAP_00000000001296788648248','MONS_00000000001297218526222',29,13);
INSERT INTO map_monsters VALUES ('MAP_00000000001296788648248','MONS_00000000001297218526222',29,14);
INSERT INTO map_monsters VALUES ('MAP_00000000001296788648248','MONS_00000000001297218526222',29,15);
INSERT INTO map_monsters VALUES ('MAP_00000000001296788648248','MONS_00000000001297218526222',29,20);
INSERT INTO map_monsters VALUES ('MAP_00000000001296788648248','MONS_00000000001297218526222',29,21);
INSERT INTO map_monsters VALUES ('MAP_00000000001296788648248','MONS_00000000001297218526222',29,22);
INSERT INTO map_monsters VALUES ('MAP_00000000001296788648248','MONS_00000000001297218526222',29,23);
INSERT INTO map_monsters VALUES ('MAP_00000000001296788648248','MONS_00000000001297218526222',29,24);
INSERT INTO map_monsters VALUES ('MAP_00000000001296788648248','MONS_00000000001297218526222',29,25);
INSERT INTO map_monsters VALUES ('MAP_00000000001296788648248','MONS_00000000001297218526222',29,26);
INSERT INTO map_monsters VALUES ('MAP_00000000001296788648248','MONS_00000000001297218526222',29,31);
INSERT INTO map_monsters VALUES ('MAP_00000000001296788648248','MONS_00000000001297218526222',29,32);
INSERT INTO map_monsters VALUES ('MAP_00000000001296788648248','MONS_00000000001297218526222',29,33);
INSERT INTO map_monsters VALUES ('MAP_00000000001296788648248','MONS_00000000001297218526222',29,34);
INSERT INTO map_monsters VALUES ('MAP_00000000001296788648248','MONS_00000000001297218526222',29,35);
INSERT INTO map_monsters VALUES ('MAP_00000000001296788648248','MONS_00000000001297218526222',29,36);
INSERT INTO map_monsters VALUES ('MAP_00000000001296788648248','MONS_00000000001297218526222',29,37);
INSERT INTO map_monsters VALUES ('MAP_00000000001296788648248','MONS_00000000001297218526222',29,38);
INSERT INTO map_monsters VALUES ('MAP_00000000001296788648248','MONS_00000000001297218526222',29,39);
INSERT INTO map_monsters VALUES ('MAP_00000000001296788648248','MONS_00000000001297218526222',29,40);
INSERT INTO map_monsters VALUES ('MAP_00000000001296788648248','MONS_00000000001297218526222',29,41);
INSERT INTO map_monsters VALUES ('MAP_00000000001296788648248','MONS_00000000001297218526222',29,42);
INSERT INTO map_monsters VALUES ('MAP_00000000001296788648248','MONS_00000000001297218526222',29,43);
INSERT INTO map_monsters VALUES ('MAP_00000000001296788648248','MONS_00000000001297218526222',29,44);
INSERT INTO map_monsters VALUES ('MAP_00000000001296788648248','MONS_00000000001297218526222',29,45);
INSERT INTO map_monsters VALUES ('MAP_00000000001296788648248','MONS_00000000001297218526222',29,46);
INSERT INTO map_monsters VALUES ('MAP_00000000001296788648248','MONS_00000000001297218526222',29,47);
INSERT INTO map_monsters VALUES ('MAP_00000000001296788648248','MONS_00000000001297218526222',29,48);
INSERT INTO map_monsters VALUES ('MAP_00000000001296788648248','MONS_00000000001297218526222',29,49);
INSERT INTO map_monsters VALUES ('MAP_00000000001296788648248','MONS_00000000001297218526222',29,50);
INSERT INTO map_monsters VALUES ('MAP_00000000001296788648248','MONS_00000000001297218526222',29,51);
INSERT INTO map_monsters VALUES ('MAP_00000000001296788648248','MONS_00000000001297218526222',29,52);
INSERT INTO map_monsters VALUES ('MAP_00000000001296788648248','MONS_00000000001297218526222',29,53);
INSERT INTO map_monsters VALUES ('MAP_00000000001296788648248','MONS_00000000001297218526222',29,54);
INSERT INTO map_monsters VALUES ('MAP_00000000001296788648248','MONS_00000000001297218526222',29,55);
INSERT INTO map_monsters VALUES ('MAP_00000000001296788648248','MONS_00000000001297218526222',29,56);
INSERT INTO map_monsters VALUES ('MAP_00000000001296788648248','MONS_00000000001297218526222',29,57);
INSERT INTO map_monsters VALUES ('MAP_00000000001296788648248','MONS_00000000001297218526222',29,58);
INSERT INTO map_monsters VALUES ('MAP_00000000001296788648248','MONS_00000000001297218526222',29,59);
INSERT INTO map_monsters VALUES ('MAP_00000000001296788648248','MONS_00000000001297218526222',30,22);
INSERT INTO map_monsters VALUES ('MAP_00000000001296788648248','MONS_00000000001297218526222',30,23);
INSERT INTO map_monsters VALUES ('MAP_00000000001296788648248','MONS_00000000001297218526222',30,24);
INSERT INTO map_monsters VALUES ('MAP_00000000001296788648248','MONS_00000000001297218526222',31,22);
INSERT INTO map_monsters VALUES ('MAP_00000000001296788648248','MONS_00000000001297218526222',31,23);
INSERT INTO map_monsters VALUES ('MAP_00000000001296788648248','MONS_00000000001297218526222',31,24);
INSERT INTO monsters VALUES ('MONS_00000000001297218526236','Militia Volunteer',30,1,1,1,1,6,6,6,0,0);
INSERT INTO map_monsters VALUES ('MAP_00000000001296788648248','MONS_00000000001297218526236',0,22);
INSERT INTO map_monsters VALUES ('MAP_00000000001296788648248','MONS_00000000001297218526236',0,23);
INSERT INTO map_monsters VALUES ('MAP_00000000001296788648248','MONS_00000000001297218526236',0,24);
INSERT INTO map_monsters VALUES ('MAP_00000000001296788648248','MONS_00000000001297218526236',1,22);
INSERT INTO map_monsters VALUES ('MAP_00000000001296788648248','MONS_00000000001297218526236',1,23);
INSERT INTO map_monsters VALUES ('MAP_00000000001296788648248','MONS_00000000001297218526236',1,24);
INSERT INTO map_monsters VALUES ('MAP_00000000001296788648248','MONS_00000000001297218526236',2,4);
INSERT INTO map_monsters VALUES ('MAP_00000000001296788648248','MONS_00000000001297218526236',2,5);
INSERT INTO map_monsters VALUES ('MAP_00000000001296788648248','MONS_00000000001297218526236',2,6);
INSERT INTO map_monsters VALUES ('MAP_00000000001296788648248','MONS_00000000001297218526236',2,7);
INSERT INTO map_monsters VALUES ('MAP_00000000001296788648248','MONS_00000000001297218526236',2,8);
INSERT INTO map_monsters VALUES ('MAP_00000000001296788648248','MONS_00000000001297218526236',2,9);
INSERT INTO map_monsters VALUES ('MAP_00000000001296788648248','MONS_00000000001297218526236',2,10);
INSERT INTO map_monsters VALUES ('MAP_00000000001296788648248','MONS_00000000001297218526236',2,11);
INSERT INTO map_monsters VALUES ('MAP_00000000001296788648248','MONS_00000000001297218526236',2,12);
INSERT INTO map_monsters VALUES ('MAP_00000000001296788648248','MONS_00000000001297218526236',2,13);
INSERT INTO map_monsters VALUES ('MAP_00000000001296788648248','MONS_00000000001297218526236',2,14);
INSERT INTO map_monsters VALUES ('MAP_00000000001296788648248','MONS_00000000001297218526236',2,15);
INSERT INTO map_monsters VALUES ('MAP_00000000001296788648248','MONS_00000000001297218526236',2,20);
INSERT INTO map_monsters VALUES ('MAP_00000000001296788648248','MONS_00000000001297218526236',2,21);
INSERT INTO map_monsters VALUES ('MAP_00000000001296788648248','MONS_00000000001297218526236',2,22);
INSERT INTO map_monsters VALUES ('MAP_00000000001296788648248','MONS_00000000001297218526236',2,23);
INSERT INTO map_monsters VALUES ('MAP_00000000001296788648248','MONS_00000000001297218526236',2,24);
INSERT INTO map_monsters VALUES ('MAP_00000000001296788648248','MONS_00000000001297218526236',2,25);
INSERT INTO map_monsters VALUES ('MAP_00000000001296788648248','MONS_00000000001297218526236',2,26);
INSERT INTO map_monsters VALUES ('MAP_00000000001296788648248','MONS_00000000001297218526236',2,31);
INSERT INTO map_monsters VALUES ('MAP_00000000001296788648248','MONS_00000000001297218526236',2,32);
INSERT INTO map_monsters VALUES ('MAP_00000000001296788648248','MONS_00000000001297218526236',2,33);
INSERT INTO map_monsters VALUES ('MAP_00000000001296788648248','MONS_00000000001297218526236',2,34);
INSERT INTO map_monsters VALUES ('MAP_00000000001296788648248','MONS_00000000001297218526236',2,35);
INSERT INTO map_monsters VALUES ('MAP_00000000001296788648248','MONS_00000000001297218526236',2,36);
INSERT INTO map_monsters VALUES ('MAP_00000000001296788648248','MONS_00000000001297218526236',2,37);
INSERT INTO map_monsters VALUES ('MAP_00000000001296788648248','MONS_00000000001297218526236',2,38);
INSERT INTO map_monsters VALUES ('MAP_00000000001296788648248','MONS_00000000001297218526236',2,39);
INSERT INTO map_monsters VALUES ('MAP_00000000001296788648248','MONS_00000000001297218526236',2,40);
INSERT INTO map_monsters VALUES ('MAP_00000000001296788648248','MONS_00000000001297218526236',2,41);
INSERT INTO map_monsters VALUES ('MAP_00000000001296788648248','MONS_00000000001297218526236',2,42);
INSERT INTO map_monsters VALUES ('MAP_00000000001296788648248','MONS_00000000001297218526236',2,43);
INSERT INTO map_monsters VALUES ('MAP_00000000001296788648248','MONS_00000000001297218526236',2,44);
INSERT INTO map_monsters VALUES ('MAP_00000000001296788648248','MONS_00000000001297218526236',2,45);
INSERT INTO map_monsters VALUES ('MAP_00000000001296788648248','MONS_00000000001297218526236',2,46);
INSERT INTO map_monsters VALUES ('MAP_00000000001296788648248','MONS_00000000001297218526236',2,47);
INSERT INTO map_monsters VALUES ('MAP_00000000001296788648248','MONS_00000000001297218526236',2,48);
INSERT INTO map_monsters VALUES ('MAP_00000000001296788648248','MONS_00000000001297218526236',2,49);
INSERT INTO map_monsters VALUES ('MAP_00000000001296788648248','MONS_00000000001297218526236',2,50);
INSERT INTO map_monsters VALUES ('MAP_00000000001296788648248','MONS_00000000001297218526236',2,51);
INSERT INTO map_monsters VALUES ('MAP_00000000001296788648248','MONS_00000000001297218526236',2,52);
INSERT INTO map_monsters VALUES ('MAP_00000000001296788648248','MONS_00000000001297218526236',2,53);
INSERT INTO map_monsters VALUES ('MAP_00000000001296788648248','MONS_00000000001297218526236',2,54);
INSERT INTO map_monsters VALUES ('MAP_00000000001296788648248','MONS_00000000001297218526236',2,55);
INSERT INTO map_monsters VALUES ('MAP_00000000001296788648248','MONS_00000000001297218526236',2,56);
INSERT INTO map_monsters VALUES ('MAP_00000000001296788648248','MONS_00000000001297218526236',2,57);
INSERT INTO map_monsters VALUES ('MAP_00000000001296788648248','MONS_00000000001297218526236',2,58);
INSERT INTO map_monsters VALUES ('MAP_00000000001296788648248','MONS_00000000001297218526236',2,59);
INSERT INTO map_monsters VALUES ('MAP_00000000001296788648248','MONS_00000000001297218526236',3,6);
INSERT INTO map_monsters VALUES ('MAP_00000000001296788648248','MONS_00000000001297218526236',3,15);
INSERT INTO map_monsters VALUES ('MAP_00000000001296788648248','MONS_00000000001297218526236',3,22);
INSERT INTO map_monsters VALUES ('MAP_00000000001296788648248','MONS_00000000001297218526236',3,23);
INSERT INTO map_monsters VALUES ('MAP_00000000001296788648248','MONS_00000000001297218526236',3,24);
INSERT INTO map_monsters VALUES ('MAP_00000000001296788648248','MONS_00000000001297218526236',3,31);
INSERT INTO map_monsters VALUES ('MAP_00000000001296788648248','MONS_00000000001297218526236',3,43);
INSERT INTO map_monsters VALUES ('MAP_00000000001296788648248','MONS_00000000001297218526236',4,2);
INSERT INTO map_monsters VALUES ('MAP_00000000001296788648248','MONS_00000000001297218526236',4,5);
INSERT INTO map_monsters VALUES ('MAP_00000000001296788648248','MONS_00000000001297218526236',4,6);
INSERT INTO map_monsters VALUES ('MAP_00000000001296788648248','MONS_00000000001297218526236',4,7);
INSERT INTO map_monsters VALUES ('MAP_00000000001296788648248','MONS_00000000001297218526236',4,8);
INSERT INTO map_monsters VALUES ('MAP_00000000001296788648248','MONS_00000000001297218526236',4,9);
INSERT INTO map_monsters VALUES ('MAP_00000000001296788648248','MONS_00000000001297218526236',4,10);
INSERT INTO map_monsters VALUES ('MAP_00000000001296788648248','MONS_00000000001297218526236',4,11);
INSERT INTO map_monsters VALUES ('MAP_00000000001296788648248','MONS_00000000001297218526236',4,12);
INSERT INTO map_monsters VALUES ('MAP_00000000001296788648248','MONS_00000000001297218526236',4,13);
INSERT INTO map_monsters VALUES ('MAP_00000000001296788648248','MONS_00000000001297218526236',4,14);
INSERT INTO map_monsters VALUES ('MAP_00000000001296788648248','MONS_00000000001297218526236',4,15);
INSERT INTO map_monsters VALUES ('MAP_00000000001296788648248','MONS_00000000001297218526236',4,18);
INSERT INTO map_monsters VALUES ('MAP_00000000001296788648248','MONS_00000000001297218526236',4,22);
INSERT INTO map_monsters VALUES ('MAP_00000000001296788648248','MONS_00000000001297218526236',4,23);
INSERT INTO map_monsters VALUES ('MAP_00000000001296788648248','MONS_00000000001297218526236',4,24);
INSERT INTO map_monsters VALUES ('MAP_00000000001296788648248','MONS_00000000001297218526236',4,28);
INSERT INTO map_monsters VALUES ('MAP_00000000001296788648248','MONS_00000000001297218526236',4,31);
INSERT INTO map_monsters VALUES ('MAP_00000000001296788648248','MONS_00000000001297218526236',4,32);
INSERT INTO map_monsters VALUES ('MAP_00000000001296788648248','MONS_00000000001297218526236',4,33);
INSERT INTO map_monsters VALUES ('MAP_00000000001296788648248','MONS_00000000001297218526236',4,34);
INSERT INTO map_monsters VALUES ('MAP_00000000001296788648248','MONS_00000000001297218526236',4,35);
INSERT INTO map_monsters VALUES ('MAP_00000000001296788648248','MONS_00000000001297218526236',4,36);
INSERT INTO map_monsters VALUES ('MAP_00000000001296788648248','MONS_00000000001297218526236',4,37);
INSERT INTO map_monsters VALUES ('MAP_00000000001296788648248','MONS_00000000001297218526236',4,38);
INSERT INTO map_monsters VALUES ('MAP_00000000001296788648248','MONS_00000000001297218526236',4,39);
INSERT INTO map_monsters VALUES ('MAP_00000000001296788648248','MONS_00000000001297218526236',4,40);
INSERT INTO map_monsters VALUES ('MAP_00000000001296788648248','MONS_00000000001297218526236',4,41);
INSERT INTO map_monsters VALUES ('MAP_00000000001296788648248','MONS_00000000001297218526236',4,42);
INSERT INTO map_monsters VALUES ('MAP_00000000001296788648248','MONS_00000000001297218526236',4,43);
INSERT INTO map_monsters VALUES ('MAP_00000000001296788648248','MONS_00000000001297218526236',5,2);
INSERT INTO map_monsters VALUES ('MAP_00000000001296788648248','MONS_00000000001297218526236',5,3);
INSERT INTO map_monsters VALUES ('MAP_00000000001296788648248','MONS_00000000001297218526236',5,4);
INSERT INTO map_monsters VALUES ('MAP_00000000001296788648248','MONS_00000000001297218526236',5,5);
INSERT INTO map_monsters VALUES ('MAP_00000000001296788648248','MONS_00000000001297218526236',5,7);
INSERT INTO map_monsters VALUES ('MAP_00000000001296788648248','MONS_00000000001297218526236',5,15);
INSERT INTO map_monsters VALUES ('MAP_00000000001296788648248','MONS_00000000001297218526236',5,16);
INSERT INTO map_monsters VALUES ('MAP_00000000001296788648248','MONS_00000000001297218526236',5,17);
INSERT INTO map_monsters VALUES ('MAP_00000000001296788648248','MONS_00000000001297218526236',5,18);
INSERT INTO map_monsters VALUES ('MAP_00000000001296788648248','MONS_00000000001297218526236',5,19);
INSERT INTO map_monsters VALUES ('MAP_00000000001296788648248','MONS_00000000001297218526236',5,20);
INSERT INTO map_monsters VALUES ('MAP_00000000001296788648248','MONS_00000000001297218526236',5,21);
INSERT INTO map_monsters VALUES ('MAP_00000000001296788648248','MONS_00000000001297218526236',5,22);
INSERT INTO map_monsters VALUES ('MAP_00000000001296788648248','MONS_00000000001297218526236',5,23);
INSERT INTO map_monsters VALUES ('MAP_00000000001296788648248','MONS_00000000001297218526236',5,24);
INSERT INTO map_monsters VALUES ('MAP_00000000001296788648248','MONS_00000000001297218526236',5,25);
INSERT INTO map_monsters VALUES ('MAP_00000000001296788648248','MONS_00000000001297218526236',5,26);
INSERT INTO map_monsters VALUES ('MAP_00000000001296788648248','MONS_00000000001297218526236',5,27);
INSERT INTO map_monsters VALUES ('MAP_00000000001296788648248','MONS_00000000001297218526236',5,28);
INSERT INTO map_monsters VALUES ('MAP_00000000001296788648248','MONS_00000000001297218526236',5,29);
INSERT INTO map_monsters VALUES ('MAP_00000000001296788648248','MONS_00000000001297218526236',5,30);
INSERT INTO map_monsters VALUES ('MAP_00000000001296788648248','MONS_00000000001297218526236',5,31);
INSERT INTO map_monsters VALUES ('MAP_00000000001296788648248','MONS_00000000001297218526236',5,42);
INSERT INTO map_monsters VALUES ('MAP_00000000001296788648248','MONS_00000000001297218526236',5,43);
INSERT INTO map_monsters VALUES ('MAP_00000000001296788648248','MONS_00000000001297218526236',6,2);
INSERT INTO map_monsters VALUES ('MAP_00000000001296788648248','MONS_00000000001297218526236',6,7);
INSERT INTO map_monsters VALUES ('MAP_00000000001296788648248','MONS_00000000001297218526236',6,22);
INSERT INTO map_monsters VALUES ('MAP_00000000001296788648248','MONS_00000000001297218526236',6,23);
INSERT INTO map_monsters VALUES ('MAP_00000000001296788648248','MONS_00000000001297218526236',6,24);
INSERT INTO map_monsters VALUES ('MAP_00000000001296788648248','MONS_00000000001297218526236',6,42);
INSERT INTO map_monsters VALUES ('MAP_00000000001296788648248','MONS_00000000001297218526236',6,43);
INSERT INTO map_monsters VALUES ('MAP_00000000001296788648248','MONS_00000000001297218526236',7,2);
INSERT INTO map_monsters VALUES ('MAP_00000000001296788648248','MONS_00000000001297218526236',7,7);
INSERT INTO map_monsters VALUES ('MAP_00000000001296788648248','MONS_00000000001297218526236',7,22);
INSERT INTO map_monsters VALUES ('MAP_00000000001296788648248','MONS_00000000001297218526236',7,23);
INSERT INTO map_monsters VALUES ('MAP_00000000001296788648248','MONS_00000000001297218526236',7,24);
INSERT INTO map_monsters VALUES ('MAP_00000000001296788648248','MONS_00000000001297218526236',7,42);
INSERT INTO map_monsters VALUES ('MAP_00000000001296788648248','MONS_00000000001297218526236',7,43);
INSERT INTO map_monsters VALUES ('MAP_00000000001296788648248','MONS_00000000001297218526236',8,2);
INSERT INTO map_monsters VALUES ('MAP_00000000001296788648248','MONS_00000000001297218526236',8,3);
INSERT INTO map_monsters VALUES ('MAP_00000000001296788648248','MONS_00000000001297218526236',8,4);
INSERT INTO map_monsters VALUES ('MAP_00000000001296788648248','MONS_00000000001297218526236',8,5);
INSERT INTO map_monsters VALUES ('MAP_00000000001296788648248','MONS_00000000001297218526236',8,7);
INSERT INTO map_monsters VALUES ('MAP_00000000001296788648248','MONS_00000000001297218526236',8,10);
INSERT INTO map_monsters VALUES ('MAP_00000000001296788648248','MONS_00000000001297218526236',8,11);
INSERT INTO map_monsters VALUES ('MAP_00000000001296788648248','MONS_00000000001297218526236',8,12);
INSERT INTO map_monsters VALUES ('MAP_00000000001296788648248','MONS_00000000001297218526236',8,13);
INSERT INTO map_monsters VALUES ('MAP_00000000001296788648248','MONS_00000000001297218526236',8,14);
INSERT INTO map_monsters VALUES ('MAP_00000000001296788648248','MONS_00000000001297218526236',8,15);
INSERT INTO map_monsters VALUES ('MAP_00000000001296788648248','MONS_00000000001297218526236',8,16);
INSERT INTO map_monsters VALUES ('MAP_00000000001296788648248','MONS_00000000001297218526236',8,17);
INSERT INTO map_monsters VALUES ('MAP_00000000001296788648248','MONS_00000000001297218526236',8,18);
INSERT INTO map_monsters VALUES ('MAP_00000000001296788648248','MONS_00000000001297218526236',8,19);
INSERT INTO map_monsters VALUES ('MAP_00000000001296788648248','MONS_00000000001297218526236',8,20);
INSERT INTO map_monsters VALUES ('MAP_00000000001296788648248','MONS_00000000001297218526236',8,22);
INSERT INTO map_monsters VALUES ('MAP_00000000001296788648248','MONS_00000000001297218526236',8,23);
INSERT INTO map_monsters VALUES ('MAP_00000000001296788648248','MONS_00000000001297218526236',8,24);
INSERT INTO map_monsters VALUES ('MAP_00000000001296788648248','MONS_00000000001297218526236',8,26);
INSERT INTO map_monsters VALUES ('MAP_00000000001296788648248','MONS_00000000001297218526236',8,27);
INSERT INTO map_monsters VALUES ('MAP_00000000001296788648248','MONS_00000000001297218526236',8,28);
INSERT INTO map_monsters VALUES ('MAP_00000000001296788648248','MONS_00000000001297218526236',8,29);
INSERT INTO map_monsters VALUES ('MAP_00000000001296788648248','MONS_00000000001297218526236',8,30);
INSERT INTO map_monsters VALUES ('MAP_00000000001296788648248','MONS_00000000001297218526236',8,31);
INSERT INTO map_monsters VALUES ('MAP_00000000001296788648248','MONS_00000000001297218526236',8,32);
INSERT INTO map_monsters VALUES ('MAP_00000000001296788648248','MONS_00000000001297218526236',8,33);
INSERT INTO map_monsters VALUES ('MAP_00000000001296788648248','MONS_00000000001297218526236',8,34);
INSERT INTO map_monsters VALUES ('MAP_00000000001296788648248','MONS_00000000001297218526236',8,35);
INSERT INTO map_monsters VALUES ('MAP_00000000001296788648248','MONS_00000000001297218526236',8,36);
INSERT INTO map_monsters VALUES ('MAP_00000000001296788648248','MONS_00000000001297218526236',8,37);
INSERT INTO map_monsters VALUES ('MAP_00000000001296788648248','MONS_00000000001297218526236',8,38);
INSERT INTO map_monsters VALUES ('MAP_00000000001296788648248','MONS_00000000001297218526236',8,39);
INSERT INTO map_monsters VALUES ('MAP_00000000001296788648248','MONS_00000000001297218526236',8,42);
INSERT INTO map_monsters VALUES ('MAP_00000000001296788648248','MONS_00000000001297218526236',8,43);
INSERT INTO map_monsters VALUES ('MAP_00000000001296788648248','MONS_00000000001297218526236',9,2);
INSERT INTO map_monsters VALUES ('MAP_00000000001296788648248','MONS_00000000001297218526236',9,5);
INSERT INTO map_monsters VALUES ('MAP_00000000001296788648248','MONS_00000000001297218526236',9,7);
INSERT INTO map_monsters VALUES ('MAP_00000000001296788648248','MONS_00000000001297218526236',9,10);
INSERT INTO map_monsters VALUES ('MAP_00000000001296788648248','MONS_00000000001297218526236',9,15);
INSERT INTO map_monsters VALUES ('MAP_00000000001296788648248','MONS_00000000001297218526236',9,20);
INSERT INTO map_monsters VALUES ('MAP_00000000001296788648248','MONS_00000000001297218526236',9,22);
INSERT INTO map_monsters VALUES ('MAP_00000000001296788648248','MONS_00000000001297218526236',9,23);
INSERT INTO map_monsters VALUES ('MAP_00000000001296788648248','MONS_00000000001297218526236',9,24);
INSERT INTO map_monsters VALUES ('MAP_00000000001296788648248','MONS_00000000001297218526236',9,26);
INSERT INTO map_monsters VALUES ('MAP_00000000001296788648248','MONS_00000000001297218526236',9,39);
INSERT INTO map_monsters VALUES ('MAP_00000000001296788648248','MONS_00000000001297218526236',9,42);
INSERT INTO map_monsters VALUES ('MAP_00000000001296788648248','MONS_00000000001297218526236',9,43);
INSERT INTO map_monsters VALUES ('MAP_00000000001296788648248','MONS_00000000001297218526236',10,5);
INSERT INTO map_monsters VALUES ('MAP_00000000001296788648248','MONS_00000000001297218526236',10,7);
INSERT INTO map_monsters VALUES ('MAP_00000000001296788648248','MONS_00000000001297218526236',10,10);
INSERT INTO map_monsters VALUES ('MAP_00000000001296788648248','MONS_00000000001297218526236',10,11);
INSERT INTO map_monsters VALUES ('MAP_00000000001296788648248','MONS_00000000001297218526236',10,12);
INSERT INTO map_monsters VALUES ('MAP_00000000001296788648248','MONS_00000000001297218526236',10,13);
INSERT INTO map_monsters VALUES ('MAP_00000000001296788648248','MONS_00000000001297218526236',10,14);
INSERT INTO map_monsters VALUES ('MAP_00000000001296788648248','MONS_00000000001297218526236',10,15);
INSERT INTO map_monsters VALUES ('MAP_00000000001296788648248','MONS_00000000001297218526236',10,16);
INSERT INTO map_monsters VALUES ('MAP_00000000001296788648248','MONS_00000000001297218526236',10,17);
INSERT INTO map_monsters VALUES ('MAP_00000000001296788648248','MONS_00000000001297218526236',10,18);
INSERT INTO map_monsters VALUES ('MAP_00000000001296788648248','MONS_00000000001297218526236',10,19);
INSERT INTO map_monsters VALUES ('MAP_00000000001296788648248','MONS_00000000001297218526236',10,20);
INSERT INTO map_monsters VALUES ('MAP_00000000001296788648248','MONS_00000000001297218526236',10,21);
INSERT INTO map_monsters VALUES ('MAP_00000000001296788648248','MONS_00000000001297218526236',10,22);
INSERT INTO map_monsters VALUES ('MAP_00000000001296788648248','MONS_00000000001297218526236',10,23);
INSERT INTO map_monsters VALUES ('MAP_00000000001296788648248','MONS_00000000001297218526236',10,24);
INSERT INTO map_monsters VALUES ('MAP_00000000001296788648248','MONS_00000000001297218526236',10,25);
INSERT INTO map_monsters VALUES ('MAP_00000000001296788648248','MONS_00000000001297218526236',10,26);
INSERT INTO map_monsters VALUES ('MAP_00000000001296788648248','MONS_00000000001297218526236',10,27);
INSERT INTO map_monsters VALUES ('MAP_00000000001296788648248','MONS_00000000001297218526236',10,28);
INSERT INTO map_monsters VALUES ('MAP_00000000001296788648248','MONS_00000000001297218526236',10,29);
INSERT INTO map_monsters VALUES ('MAP_00000000001296788648248','MONS_00000000001297218526236',10,30);
INSERT INTO map_monsters VALUES ('MAP_00000000001296788648248','MONS_00000000001297218526236',10,31);
INSERT INTO map_monsters VALUES ('MAP_00000000001296788648248','MONS_00000000001297218526236',10,32);
INSERT INTO map_monsters VALUES ('MAP_00000000001296788648248','MONS_00000000001297218526236',10,33);
INSERT INTO map_monsters VALUES ('MAP_00000000001296788648248','MONS_00000000001297218526236',10,34);
INSERT INTO map_monsters VALUES ('MAP_00000000001296788648248','MONS_00000000001297218526236',10,35);
INSERT INTO map_monsters VALUES ('MAP_00000000001296788648248','MONS_00000000001297218526236',10,36);
INSERT INTO map_monsters VALUES ('MAP_00000000001296788648248','MONS_00000000001297218526236',10,37);
INSERT INTO map_monsters VALUES ('MAP_00000000001296788648248','MONS_00000000001297218526236',10,38);
INSERT INTO map_monsters VALUES ('MAP_00000000001296788648248','MONS_00000000001297218526236',10,39);
INSERT INTO map_monsters VALUES ('MAP_00000000001296788648248','MONS_00000000001297218526236',10,42);
INSERT INTO map_monsters VALUES ('MAP_00000000001296788648248','MONS_00000000001297218526236',10,43);
INSERT INTO map_monsters VALUES ('MAP_00000000001296788648248','MONS_00000000001297218526236',11,4);
INSERT INTO map_monsters VALUES ('MAP_00000000001296788648248','MONS_00000000001297218526236',11,5);
INSERT INTO map_monsters VALUES ('MAP_00000000001296788648248','MONS_00000000001297218526236',11,6);
INSERT INTO map_monsters VALUES ('MAP_00000000001296788648248','MONS_00000000001297218526236',11,7);
INSERT INTO map_monsters VALUES ('MAP_00000000001296788648248','MONS_00000000001297218526236',11,10);
INSERT INTO map_monsters VALUES ('MAP_00000000001296788648248','MONS_00000000001297218526236',11,19);
INSERT INTO map_monsters VALUES ('MAP_00000000001296788648248','MONS_00000000001297218526236',11,22);
INSERT INTO map_monsters VALUES ('MAP_00000000001296788648248','MONS_00000000001297218526236',11,23);
INSERT INTO map_monsters VALUES ('MAP_00000000001296788648248','MONS_00000000001297218526236',11,24);
INSERT INTO map_monsters VALUES ('MAP_00000000001296788648248','MONS_00000000001297218526236',11,38);
INSERT INTO map_monsters VALUES ('MAP_00000000001296788648248','MONS_00000000001297218526236',11,42);
INSERT INTO map_monsters VALUES ('MAP_00000000001296788648248','MONS_00000000001297218526236',11,43);
INSERT INTO map_monsters VALUES ('MAP_00000000001296788648248','MONS_00000000001297218526236',12,7);
INSERT INTO map_monsters VALUES ('MAP_00000000001296788648248','MONS_00000000001297218526236',12,10);
INSERT INTO map_monsters VALUES ('MAP_00000000001296788648248','MONS_00000000001297218526236',12,11);
INSERT INTO map_monsters VALUES ('MAP_00000000001296788648248','MONS_00000000001297218526236',12,12);
INSERT INTO map_monsters VALUES ('MAP_00000000001296788648248','MONS_00000000001297218526236',12,13);
INSERT INTO map_monsters VALUES ('MAP_00000000001296788648248','MONS_00000000001297218526236',12,14);
INSERT INTO map_monsters VALUES ('MAP_00000000001296788648248','MONS_00000000001297218526236',12,15);
INSERT INTO map_monsters VALUES ('MAP_00000000001296788648248','MONS_00000000001297218526236',12,16);
INSERT INTO map_monsters VALUES ('MAP_00000000001296788648248','MONS_00000000001297218526236',12,17);
INSERT INTO map_monsters VALUES ('MAP_00000000001296788648248','MONS_00000000001297218526236',12,18);
INSERT INTO map_monsters VALUES ('MAP_00000000001296788648248','MONS_00000000001297218526236',12,20);
INSERT INTO map_monsters VALUES ('MAP_00000000001296788648248','MONS_00000000001297218526236',12,21);
INSERT INTO map_monsters VALUES ('MAP_00000000001296788648248','MONS_00000000001297218526236',12,22);
INSERT INTO map_monsters VALUES ('MAP_00000000001296788648248','MONS_00000000001297218526236',12,23);
INSERT INTO map_monsters VALUES ('MAP_00000000001296788648248','MONS_00000000001297218526236',12,24);
INSERT INTO map_monsters VALUES ('MAP_00000000001296788648248','MONS_00000000001297218526236',12,27);
INSERT INTO map_monsters VALUES ('MAP_00000000001296788648248','MONS_00000000001297218526236',12,28);
INSERT INTO map_monsters VALUES ('MAP_00000000001296788648248','MONS_00000000001297218526236',12,29);
INSERT INTO map_monsters VALUES ('MAP_00000000001296788648248','MONS_00000000001297218526236',12,30);
INSERT INTO map_monsters VALUES ('MAP_00000000001296788648248','MONS_00000000001297218526236',12,31);
INSERT INTO map_monsters VALUES ('MAP_00000000001296788648248','MONS_00000000001297218526236',12,32);
INSERT INTO map_monsters VALUES ('MAP_00000000001296788648248','MONS_00000000001297218526236',12,33);
INSERT INTO map_monsters VALUES ('MAP_00000000001296788648248','MONS_00000000001297218526236',12,34);
INSERT INTO map_monsters VALUES ('MAP_00000000001296788648248','MONS_00000000001297218526236',12,35);
INSERT INTO map_monsters VALUES ('MAP_00000000001296788648248','MONS_00000000001297218526236',12,36);
INSERT INTO map_monsters VALUES ('MAP_00000000001296788648248','MONS_00000000001297218526236',12,37);
INSERT INTO map_monsters VALUES ('MAP_00000000001296788648248','MONS_00000000001297218526236',12,38);
INSERT INTO map_monsters VALUES ('MAP_00000000001296788648248','MONS_00000000001297218526236',12,39);
INSERT INTO map_monsters VALUES ('MAP_00000000001296788648248','MONS_00000000001297218526236',12,40);
INSERT INTO map_monsters VALUES ('MAP_00000000001296788648248','MONS_00000000001297218526236',12,42);
INSERT INTO map_monsters VALUES ('MAP_00000000001296788648248','MONS_00000000001297218526236',12,43);
INSERT INTO map_monsters VALUES ('MAP_00000000001296788648248','MONS_00000000001297218526236',13,7);
INSERT INTO map_monsters VALUES ('MAP_00000000001296788648248','MONS_00000000001297218526236',13,11);
INSERT INTO map_monsters VALUES ('MAP_00000000001296788648248','MONS_00000000001297218526236',13,20);
INSERT INTO map_monsters VALUES ('MAP_00000000001296788648248','MONS_00000000001297218526236',13,21);
INSERT INTO map_monsters VALUES ('MAP_00000000001296788648248','MONS_00000000001297218526236',13,22);
INSERT INTO map_monsters VALUES ('MAP_00000000001296788648248','MONS_00000000001297218526236',13,23);
INSERT INTO map_monsters VALUES ('MAP_00000000001296788648248','MONS_00000000001297218526236',13,24);
INSERT INTO map_monsters VALUES ('MAP_00000000001296788648248','MONS_00000000001297218526236',13,25);
INSERT INTO map_monsters VALUES ('MAP_00000000001296788648248','MONS_00000000001297218526236',13,26);
INSERT INTO map_monsters VALUES ('MAP_00000000001296788648248','MONS_00000000001297218526236',13,28);
INSERT INTO map_monsters VALUES ('MAP_00000000001296788648248','MONS_00000000001297218526236',13,40);
INSERT INTO map_monsters VALUES ('MAP_00000000001296788648248','MONS_00000000001297218526236',13,41);
INSERT INTO map_monsters VALUES ('MAP_00000000001296788648248','MONS_00000000001297218526236',13,42);
INSERT INTO map_monsters VALUES ('MAP_00000000001296788648248','MONS_00000000001297218526236',13,43);
INSERT INTO map_monsters VALUES ('MAP_00000000001296788648248','MONS_00000000001297218526236',14,1);
INSERT INTO map_monsters VALUES ('MAP_00000000001296788648248','MONS_00000000001297218526236',14,2);
INSERT INTO map_monsters VALUES ('MAP_00000000001296788648248','MONS_00000000001297218526236',14,3);
INSERT INTO map_monsters VALUES ('MAP_00000000001296788648248','MONS_00000000001297218526236',14,4);
INSERT INTO map_monsters VALUES ('MAP_00000000001296788648248','MONS_00000000001297218526236',14,5);
INSERT INTO map_monsters VALUES ('MAP_00000000001296788648248','MONS_00000000001297218526236',14,6);
INSERT INTO map_monsters VALUES ('MAP_00000000001296788648248','MONS_00000000001297218526236',14,7);
INSERT INTO map_monsters VALUES ('MAP_00000000001296788648248','MONS_00000000001297218526236',14,8);
INSERT INTO map_monsters VALUES ('MAP_00000000001296788648248','MONS_00000000001297218526236',14,9);
INSERT INTO map_monsters VALUES ('MAP_00000000001296788648248','MONS_00000000001297218526236',14,10);
INSERT INTO map_monsters VALUES ('MAP_00000000001296788648248','MONS_00000000001297218526236',14,11);
INSERT INTO map_monsters VALUES ('MAP_00000000001296788648248','MONS_00000000001297218526236',14,12);
INSERT INTO map_monsters VALUES ('MAP_00000000001296788648248','MONS_00000000001297218526236',14,13);
INSERT INTO map_monsters VALUES ('MAP_00000000001296788648248','MONS_00000000001297218526236',14,14);
INSERT INTO map_monsters VALUES ('MAP_00000000001296788648248','MONS_00000000001297218526236',14,15);
INSERT INTO map_monsters VALUES ('MAP_00000000001296788648248','MONS_00000000001297218526236',14,16);
INSERT INTO map_monsters VALUES ('MAP_00000000001296788648248','MONS_00000000001297218526236',14,17);
INSERT INTO map_monsters VALUES ('MAP_00000000001296788648248','MONS_00000000001297218526236',14,18);
INSERT INTO map_monsters VALUES ('MAP_00000000001296788648248','MONS_00000000001297218526236',14,19);
INSERT INTO map_monsters VALUES ('MAP_00000000001296788648248','MONS_00000000001297218526236',14,20);
INSERT INTO map_monsters VALUES ('MAP_00000000001296788648248','MONS_00000000001297218526236',14,21);
INSERT INTO map_monsters VALUES ('MAP_00000000001296788648248','MONS_00000000001297218526236',14,23);
INSERT INTO map_monsters VALUES ('MAP_00000000001296788648248','MONS_00000000001297218526236',14,24);
INSERT INTO map_monsters VALUES ('MAP_00000000001296788648248','MONS_00000000001297218526236',14,25);
INSERT INTO map_monsters VALUES ('MAP_00000000001296788648248','MONS_00000000001297218526236',14,26);
INSERT INTO map_monsters VALUES ('MAP_00000000001296788648248','MONS_00000000001297218526236',14,27);
INSERT INTO map_monsters VALUES ('MAP_00000000001296788648248','MONS_00000000001297218526236',14,28);
INSERT INTO map_monsters VALUES ('MAP_00000000001296788648248','MONS_00000000001297218526236',14,29);
INSERT INTO map_monsters VALUES ('MAP_00000000001296788648248','MONS_00000000001297218526236',14,30);
INSERT INTO map_monsters VALUES ('MAP_00000000001296788648248','MONS_00000000001297218526236',14,31);
INSERT INTO map_monsters VALUES ('MAP_00000000001296788648248','MONS_00000000001297218526236',14,32);
INSERT INTO map_monsters VALUES ('MAP_00000000001296788648248','MONS_00000000001297218526236',14,33);
INSERT INTO map_monsters VALUES ('MAP_00000000001296788648248','MONS_00000000001297218526236',14,34);
INSERT INTO map_monsters VALUES ('MAP_00000000001296788648248','MONS_00000000001297218526236',14,35);
INSERT INTO map_monsters VALUES ('MAP_00000000001296788648248','MONS_00000000001297218526236',14,36);
INSERT INTO map_monsters VALUES ('MAP_00000000001296788648248','MONS_00000000001297218526236',14,37);
INSERT INTO map_monsters VALUES ('MAP_00000000001296788648248','MONS_00000000001297218526236',14,38);
INSERT INTO map_monsters VALUES ('MAP_00000000001296788648248','MONS_00000000001297218526236',14,39);
INSERT INTO map_monsters VALUES ('MAP_00000000001296788648248','MONS_00000000001297218526236',14,40);
INSERT INTO map_monsters VALUES ('MAP_00000000001296788648248','MONS_00000000001297218526236',15,0);
INSERT INTO map_monsters VALUES ('MAP_00000000001296788648248','MONS_00000000001297218526236',15,1);
INSERT INTO map_monsters VALUES ('MAP_00000000001296788648248','MONS_00000000001297218526236',15,2);
INSERT INTO map_monsters VALUES ('MAP_00000000001296788648248','MONS_00000000001297218526236',15,3);
INSERT INTO map_monsters VALUES ('MAP_00000000001296788648248','MONS_00000000001297218526236',15,4);
INSERT INTO map_monsters VALUES ('MAP_00000000001296788648248','MONS_00000000001297218526236',15,5);
INSERT INTO map_monsters VALUES ('MAP_00000000001296788648248','MONS_00000000001297218526236',15,6);
INSERT INTO map_monsters VALUES ('MAP_00000000001296788648248','MONS_00000000001297218526236',15,7);
INSERT INTO map_monsters VALUES ('MAP_00000000001296788648248','MONS_00000000001297218526236',15,8);
INSERT INTO map_monsters VALUES ('MAP_00000000001296788648248','MONS_00000000001297218526236',15,9);
INSERT INTO map_monsters VALUES ('MAP_00000000001296788648248','MONS_00000000001297218526236',15,10);
INSERT INTO map_monsters VALUES ('MAP_00000000001296788648248','MONS_00000000001297218526236',15,11);
INSERT INTO map_monsters VALUES ('MAP_00000000001296788648248','MONS_00000000001297218526236',15,12);
INSERT INTO map_monsters VALUES ('MAP_00000000001296788648248','MONS_00000000001297218526236',15,13);
INSERT INTO map_monsters VALUES ('MAP_00000000001296788648248','MONS_00000000001297218526236',15,14);
INSERT INTO map_monsters VALUES ('MAP_00000000001296788648248','MONS_00000000001297218526236',15,15);
INSERT INTO map_monsters VALUES ('MAP_00000000001296788648248','MONS_00000000001297218526236',15,19);
INSERT INTO map_monsters VALUES ('MAP_00000000001296788648248','MONS_00000000001297218526236',15,20);
INSERT INTO map_monsters VALUES ('MAP_00000000001296788648248','MONS_00000000001297218526236',15,21);
INSERT INTO map_monsters VALUES ('MAP_00000000001296788648248','MONS_00000000001297218526236',15,22);
INSERT INTO map_monsters VALUES ('MAP_00000000001296788648248','MONS_00000000001297218526236',15,23);
INSERT INTO map_monsters VALUES ('MAP_00000000001296788648248','MONS_00000000001297218526236',15,24);
INSERT INTO map_monsters VALUES ('MAP_00000000001296788648248','MONS_00000000001297218526236',15,25);
INSERT INTO map_monsters VALUES ('MAP_00000000001296788648248','MONS_00000000001297218526236',15,26);
INSERT INTO map_monsters VALUES ('MAP_00000000001296788648248','MONS_00000000001297218526236',15,27);
INSERT INTO map_monsters VALUES ('MAP_00000000001296788648248','MONS_00000000001297218526236',15,28);
INSERT INTO map_monsters VALUES ('MAP_00000000001296788648248','MONS_00000000001297218526236',15,29);
INSERT INTO map_monsters VALUES ('MAP_00000000001296788648248','MONS_00000000001297218526236',15,30);
INSERT INTO map_monsters VALUES ('MAP_00000000001296788648248','MONS_00000000001297218526236',15,31);
INSERT INTO map_monsters VALUES ('MAP_00000000001296788648248','MONS_00000000001297218526236',15,32);
INSERT INTO map_monsters VALUES ('MAP_00000000001296788648248','MONS_00000000001297218526236',15,33);
INSERT INTO map_monsters VALUES ('MAP_00000000001296788648248','MONS_00000000001297218526236',15,34);
INSERT INTO map_monsters VALUES ('MAP_00000000001296788648248','MONS_00000000001297218526236',15,35);
INSERT INTO map_monsters VALUES ('MAP_00000000001296788648248','MONS_00000000001297218526236',15,36);
INSERT INTO map_monsters VALUES ('MAP_00000000001296788648248','MONS_00000000001297218526236',15,37);
INSERT INTO map_monsters VALUES ('MAP_00000000001296788648248','MONS_00000000001297218526236',15,38);
INSERT INTO map_monsters VALUES ('MAP_00000000001296788648248','MONS_00000000001297218526236',15,39);
INSERT INTO map_monsters VALUES ('MAP_00000000001296788648248','MONS_00000000001297218526236',15,40);
INSERT INTO map_monsters VALUES ('MAP_00000000001296788648248','MONS_00000000001297218526236',15,41);
INSERT INTO map_monsters VALUES ('MAP_00000000001296788648248','MONS_00000000001297218526236',15,42);
INSERT INTO map_monsters VALUES ('MAP_00000000001296788648248','MONS_00000000001297218526236',15,43);
INSERT INTO map_monsters VALUES ('MAP_00000000001296788648248','MONS_00000000001297218526236',16,0);
INSERT INTO map_monsters VALUES ('MAP_00000000001296788648248','MONS_00000000001297218526236',16,1);
INSERT INTO map_monsters VALUES ('MAP_00000000001296788648248','MONS_00000000001297218526236',16,2);
INSERT INTO map_monsters VALUES ('MAP_00000000001296788648248','MONS_00000000001297218526236',16,3);
INSERT INTO map_monsters VALUES ('MAP_00000000001296788648248','MONS_00000000001297218526236',16,4);
INSERT INTO map_monsters VALUES ('MAP_00000000001296788648248','MONS_00000000001297218526236',16,5);
INSERT INTO map_monsters VALUES ('MAP_00000000001296788648248','MONS_00000000001297218526236',16,6);
INSERT INTO map_monsters VALUES ('MAP_00000000001296788648248','MONS_00000000001297218526236',16,7);
INSERT INTO map_monsters VALUES ('MAP_00000000001296788648248','MONS_00000000001297218526236',16,8);
INSERT INTO map_monsters VALUES ('MAP_00000000001296788648248','MONS_00000000001297218526236',16,9);
INSERT INTO map_monsters VALUES ('MAP_00000000001296788648248','MONS_00000000001297218526236',16,10);
INSERT INTO map_monsters VALUES ('MAP_00000000001296788648248','MONS_00000000001297218526236',16,11);
INSERT INTO map_monsters VALUES ('MAP_00000000001296788648248','MONS_00000000001297218526236',16,12);
INSERT INTO map_monsters VALUES ('MAP_00000000001296788648248','MONS_00000000001297218526236',16,13);
INSERT INTO map_monsters VALUES ('MAP_00000000001296788648248','MONS_00000000001297218526236',16,14);
INSERT INTO map_monsters VALUES ('MAP_00000000001296788648248','MONS_00000000001297218526236',16,15);
INSERT INTO map_monsters VALUES ('MAP_00000000001296788648248','MONS_00000000001297218526236',16,19);
INSERT INTO map_monsters VALUES ('MAP_00000000001296788648248','MONS_00000000001297218526236',16,20);
INSERT INTO map_monsters VALUES ('MAP_00000000001296788648248','MONS_00000000001297218526236',16,21);
INSERT INTO map_monsters VALUES ('MAP_00000000001296788648248','MONS_00000000001297218526236',16,22);
INSERT INTO map_monsters VALUES ('MAP_00000000001296788648248','MONS_00000000001297218526236',16,23);
INSERT INTO map_monsters VALUES ('MAP_00000000001296788648248','MONS_00000000001297218526236',16,24);
INSERT INTO map_monsters VALUES ('MAP_00000000001296788648248','MONS_00000000001297218526236',16,25);
INSERT INTO map_monsters VALUES ('MAP_00000000001296788648248','MONS_00000000001297218526236',16,26);
INSERT INTO map_monsters VALUES ('MAP_00000000001296788648248','MONS_00000000001297218526236',16,27);
INSERT INTO map_monsters VALUES ('MAP_00000000001296788648248','MONS_00000000001297218526236',16,28);
INSERT INTO map_monsters VALUES ('MAP_00000000001296788648248','MONS_00000000001297218526236',16,29);
INSERT INTO map_monsters VALUES ('MAP_00000000001296788648248','MONS_00000000001297218526236',16,30);
INSERT INTO map_monsters VALUES ('MAP_00000000001296788648248','MONS_00000000001297218526236',16,31);
INSERT INTO map_monsters VALUES ('MAP_00000000001296788648248','MONS_00000000001297218526236',16,32);
INSERT INTO map_monsters VALUES ('MAP_00000000001296788648248','MONS_00000000001297218526236',16,33);
INSERT INTO map_monsters VALUES ('MAP_00000000001296788648248','MONS_00000000001297218526236',16,34);
INSERT INTO map_monsters VALUES ('MAP_00000000001296788648248','MONS_00000000001297218526236',16,35);
INSERT INTO map_monsters VALUES ('MAP_00000000001296788648248','MONS_00000000001297218526236',16,36);
INSERT INTO map_monsters VALUES ('MAP_00000000001296788648248','MONS_00000000001297218526236',16,37);
INSERT INTO map_monsters VALUES ('MAP_00000000001296788648248','MONS_00000000001297218526236',16,38);
INSERT INTO map_monsters VALUES ('MAP_00000000001296788648248','MONS_00000000001297218526236',16,39);
INSERT INTO map_monsters VALUES ('MAP_00000000001296788648248','MONS_00000000001297218526236',16,40);
INSERT INTO map_monsters VALUES ('MAP_00000000001296788648248','MONS_00000000001297218526236',16,41);
INSERT INTO map_monsters VALUES ('MAP_00000000001296788648248','MONS_00000000001297218526236',16,42);
INSERT INTO map_monsters VALUES ('MAP_00000000001296788648248','MONS_00000000001297218526236',16,43);
INSERT INTO map_monsters VALUES ('MAP_00000000001296788648248','MONS_00000000001297218526236',17,1);
INSERT INTO map_monsters VALUES ('MAP_00000000001296788648248','MONS_00000000001297218526236',17,2);
INSERT INTO map_monsters VALUES ('MAP_00000000001296788648248','MONS_00000000001297218526236',17,3);
INSERT INTO map_monsters VALUES ('MAP_00000000001296788648248','MONS_00000000001297218526236',17,4);
INSERT INTO map_monsters VALUES ('MAP_00000000001296788648248','MONS_00000000001297218526236',17,5);
INSERT INTO map_monsters VALUES ('MAP_00000000001296788648248','MONS_00000000001297218526236',17,6);
INSERT INTO map_monsters VALUES ('MAP_00000000001296788648248','MONS_00000000001297218526236',17,7);
INSERT INTO map_monsters VALUES ('MAP_00000000001296788648248','MONS_00000000001297218526236',17,8);
INSERT INTO map_monsters VALUES ('MAP_00000000001296788648248','MONS_00000000001297218526236',17,9);
INSERT INTO map_monsters VALUES ('MAP_00000000001296788648248','MONS_00000000001297218526236',17,10);
INSERT INTO map_monsters VALUES ('MAP_00000000001296788648248','MONS_00000000001297218526236',17,11);
INSERT INTO map_monsters VALUES ('MAP_00000000001296788648248','MONS_00000000001297218526236',17,12);
INSERT INTO map_monsters VALUES ('MAP_00000000001296788648248','MONS_00000000001297218526236',17,13);
INSERT INTO map_monsters VALUES ('MAP_00000000001296788648248','MONS_00000000001297218526236',17,14);
INSERT INTO map_monsters VALUES ('MAP_00000000001296788648248','MONS_00000000001297218526236',17,15);
INSERT INTO map_monsters VALUES ('MAP_00000000001296788648248','MONS_00000000001297218526236',17,16);
INSERT INTO map_monsters VALUES ('MAP_00000000001296788648248','MONS_00000000001297218526236',17,17);
INSERT INTO map_monsters VALUES ('MAP_00000000001296788648248','MONS_00000000001297218526236',17,18);
INSERT INTO map_monsters VALUES ('MAP_00000000001296788648248','MONS_00000000001297218526236',17,19);
INSERT INTO map_monsters VALUES ('MAP_00000000001296788648248','MONS_00000000001297218526236',17,20);
INSERT INTO map_monsters VALUES ('MAP_00000000001296788648248','MONS_00000000001297218526236',17,21);
INSERT INTO map_monsters VALUES ('MAP_00000000001296788648248','MONS_00000000001297218526236',17,23);
INSERT INTO map_monsters VALUES ('MAP_00000000001296788648248','MONS_00000000001297218526236',17,24);
INSERT INTO map_monsters VALUES ('MAP_00000000001296788648248','MONS_00000000001297218526236',17,25);
INSERT INTO map_monsters VALUES ('MAP_00000000001296788648248','MONS_00000000001297218526236',17,26);
INSERT INTO map_monsters VALUES ('MAP_00000000001296788648248','MONS_00000000001297218526236',17,27);
INSERT INTO map_monsters VALUES ('MAP_00000000001296788648248','MONS_00000000001297218526236',17,28);
INSERT INTO map_monsters VALUES ('MAP_00000000001296788648248','MONS_00000000001297218526236',17,29);
INSERT INTO map_monsters VALUES ('MAP_00000000001296788648248','MONS_00000000001297218526236',17,30);
INSERT INTO map_monsters VALUES ('MAP_00000000001296788648248','MONS_00000000001297218526236',17,31);
INSERT INTO map_monsters VALUES ('MAP_00000000001296788648248','MONS_00000000001297218526236',17,32);
INSERT INTO map_monsters VALUES ('MAP_00000000001296788648248','MONS_00000000001297218526236',17,33);
INSERT INTO map_monsters VALUES ('MAP_00000000001296788648248','MONS_00000000001297218526236',17,34);
INSERT INTO map_monsters VALUES ('MAP_00000000001296788648248','MONS_00000000001297218526236',17,35);
INSERT INTO map_monsters VALUES ('MAP_00000000001296788648248','MONS_00000000001297218526236',17,36);
INSERT INTO map_monsters VALUES ('MAP_00000000001296788648248','MONS_00000000001297218526236',17,37);
INSERT INTO map_monsters VALUES ('MAP_00000000001296788648248','MONS_00000000001297218526236',17,38);
INSERT INTO map_monsters VALUES ('MAP_00000000001296788648248','MONS_00000000001297218526236',17,39);
INSERT INTO map_monsters VALUES ('MAP_00000000001296788648248','MONS_00000000001297218526236',17,40);
INSERT INTO map_monsters VALUES ('MAP_00000000001296788648248','MONS_00000000001297218526236',18,7);
INSERT INTO map_monsters VALUES ('MAP_00000000001296788648248','MONS_00000000001297218526236',18,11);
INSERT INTO map_monsters VALUES ('MAP_00000000001296788648248','MONS_00000000001297218526236',18,20);
INSERT INTO map_monsters VALUES ('MAP_00000000001296788648248','MONS_00000000001297218526236',18,21);
INSERT INTO map_monsters VALUES ('MAP_00000000001296788648248','MONS_00000000001297218526236',18,22);
INSERT INTO map_monsters VALUES ('MAP_00000000001296788648248','MONS_00000000001297218526236',18,23);
INSERT INTO map_monsters VALUES ('MAP_00000000001296788648248','MONS_00000000001297218526236',18,24);
INSERT INTO map_monsters VALUES ('MAP_00000000001296788648248','MONS_00000000001297218526236',18,25);
INSERT INTO map_monsters VALUES ('MAP_00000000001296788648248','MONS_00000000001297218526236',18,26);
INSERT INTO map_monsters VALUES ('MAP_00000000001296788648248','MONS_00000000001297218526236',18,28);
INSERT INTO map_monsters VALUES ('MAP_00000000001296788648248','MONS_00000000001297218526236',18,40);
INSERT INTO map_monsters VALUES ('MAP_00000000001296788648248','MONS_00000000001297218526236',18,41);
INSERT INTO map_monsters VALUES ('MAP_00000000001296788648248','MONS_00000000001297218526236',18,42);
INSERT INTO map_monsters VALUES ('MAP_00000000001296788648248','MONS_00000000001297218526236',18,43);
INSERT INTO map_monsters VALUES ('MAP_00000000001296788648248','MONS_00000000001297218526236',19,7);
INSERT INTO map_monsters VALUES ('MAP_00000000001296788648248','MONS_00000000001297218526236',19,10);
INSERT INTO map_monsters VALUES ('MAP_00000000001296788648248','MONS_00000000001297218526236',19,11);
INSERT INTO map_monsters VALUES ('MAP_00000000001296788648248','MONS_00000000001297218526236',19,12);
INSERT INTO map_monsters VALUES ('MAP_00000000001296788648248','MONS_00000000001297218526236',19,13);
INSERT INTO map_monsters VALUES ('MAP_00000000001296788648248','MONS_00000000001297218526236',19,14);
INSERT INTO map_monsters VALUES ('MAP_00000000001296788648248','MONS_00000000001297218526236',19,15);
INSERT INTO map_monsters VALUES ('MAP_00000000001296788648248','MONS_00000000001297218526236',19,16);
INSERT INTO map_monsters VALUES ('MAP_00000000001296788648248','MONS_00000000001297218526236',19,17);
INSERT INTO map_monsters VALUES ('MAP_00000000001296788648248','MONS_00000000001297218526236',19,18);
INSERT INTO map_monsters VALUES ('MAP_00000000001296788648248','MONS_00000000001297218526236',19,20);
INSERT INTO map_monsters VALUES ('MAP_00000000001296788648248','MONS_00000000001297218526236',19,21);
INSERT INTO map_monsters VALUES ('MAP_00000000001296788648248','MONS_00000000001297218526236',19,22);
INSERT INTO map_monsters VALUES ('MAP_00000000001296788648248','MONS_00000000001297218526236',19,23);
INSERT INTO map_monsters VALUES ('MAP_00000000001296788648248','MONS_00000000001297218526236',19,24);
INSERT INTO map_monsters VALUES ('MAP_00000000001296788648248','MONS_00000000001297218526236',19,27);
INSERT INTO map_monsters VALUES ('MAP_00000000001296788648248','MONS_00000000001297218526236',19,28);
INSERT INTO map_monsters VALUES ('MAP_00000000001296788648248','MONS_00000000001297218526236',19,29);
INSERT INTO map_monsters VALUES ('MAP_00000000001296788648248','MONS_00000000001297218526236',19,30);
INSERT INTO map_monsters VALUES ('MAP_00000000001296788648248','MONS_00000000001297218526236',19,31);
INSERT INTO map_monsters VALUES ('MAP_00000000001296788648248','MONS_00000000001297218526236',19,32);
INSERT INTO map_monsters VALUES ('MAP_00000000001296788648248','MONS_00000000001297218526236',19,33);
INSERT INTO map_monsters VALUES ('MAP_00000000001296788648248','MONS_00000000001297218526236',19,34);
INSERT INTO map_monsters VALUES ('MAP_00000000001296788648248','MONS_00000000001297218526236',19,35);
INSERT INTO map_monsters VALUES ('MAP_00000000001296788648248','MONS_00000000001297218526236',19,36);
INSERT INTO map_monsters VALUES ('MAP_00000000001296788648248','MONS_00000000001297218526236',19,37);
INSERT INTO map_monsters VALUES ('MAP_00000000001296788648248','MONS_00000000001297218526236',19,38);
INSERT INTO map_monsters VALUES ('MAP_00000000001296788648248','MONS_00000000001297218526236',19,39);
INSERT INTO map_monsters VALUES ('MAP_00000000001296788648248','MONS_00000000001297218526236',19,40);
INSERT INTO map_monsters VALUES ('MAP_00000000001296788648248','MONS_00000000001297218526236',19,42);
INSERT INTO map_monsters VALUES ('MAP_00000000001296788648248','MONS_00000000001297218526236',19,43);
INSERT INTO map_monsters VALUES ('MAP_00000000001296788648248','MONS_00000000001297218526236',20,4);
INSERT INTO map_monsters VALUES ('MAP_00000000001296788648248','MONS_00000000001297218526236',20,5);
INSERT INTO map_monsters VALUES ('MAP_00000000001296788648248','MONS_00000000001297218526236',20,6);
INSERT INTO map_monsters VALUES ('MAP_00000000001296788648248','MONS_00000000001297218526236',20,7);
INSERT INTO map_monsters VALUES ('MAP_00000000001296788648248','MONS_00000000001297218526236',20,10);
INSERT INTO map_monsters VALUES ('MAP_00000000001296788648248','MONS_00000000001297218526236',20,19);
INSERT INTO map_monsters VALUES ('MAP_00000000001296788648248','MONS_00000000001297218526236',20,22);
INSERT INTO map_monsters VALUES ('MAP_00000000001296788648248','MONS_00000000001297218526236',20,23);
INSERT INTO map_monsters VALUES ('MAP_00000000001296788648248','MONS_00000000001297218526236',20,24);
INSERT INTO map_monsters VALUES ('MAP_00000000001296788648248','MONS_00000000001297218526236',20,38);
INSERT INTO map_monsters VALUES ('MAP_00000000001296788648248','MONS_00000000001297218526236',20,42);
INSERT INTO map_monsters VALUES ('MAP_00000000001296788648248','MONS_00000000001297218526236',20,43);
INSERT INTO map_monsters VALUES ('MAP_00000000001296788648248','MONS_00000000001297218526236',21,5);
INSERT INTO map_monsters VALUES ('MAP_00000000001296788648248','MONS_00000000001297218526236',21,7);
INSERT INTO map_monsters VALUES ('MAP_00000000001296788648248','MONS_00000000001297218526236',21,10);
INSERT INTO map_monsters VALUES ('MAP_00000000001296788648248','MONS_00000000001297218526236',21,11);
INSERT INTO map_monsters VALUES ('MAP_00000000001296788648248','MONS_00000000001297218526236',21,12);
INSERT INTO map_monsters VALUES ('MAP_00000000001296788648248','MONS_00000000001297218526236',21,13);
INSERT INTO map_monsters VALUES ('MAP_00000000001296788648248','MONS_00000000001297218526236',21,14);
INSERT INTO map_monsters VALUES ('MAP_00000000001296788648248','MONS_00000000001297218526236',21,15);
INSERT INTO map_monsters VALUES ('MAP_00000000001296788648248','MONS_00000000001297218526236',21,16);
INSERT INTO map_monsters VALUES ('MAP_00000000001296788648248','MONS_00000000001297218526236',21,17);
INSERT INTO map_monsters VALUES ('MAP_00000000001296788648248','MONS_00000000001297218526236',21,18);
INSERT INTO map_monsters VALUES ('MAP_00000000001296788648248','MONS_00000000001297218526236',21,19);
INSERT INTO map_monsters VALUES ('MAP_00000000001296788648248','MONS_00000000001297218526236',21,20);
INSERT INTO map_monsters VALUES ('MAP_00000000001296788648248','MONS_00000000001297218526236',21,21);
INSERT INTO map_monsters VALUES ('MAP_00000000001296788648248','MONS_00000000001297218526236',21,22);
INSERT INTO map_monsters VALUES ('MAP_00000000001296788648248','MONS_00000000001297218526236',21,23);
INSERT INTO map_monsters VALUES ('MAP_00000000001296788648248','MONS_00000000001297218526236',21,24);
INSERT INTO map_monsters VALUES ('MAP_00000000001296788648248','MONS_00000000001297218526236',21,25);
INSERT INTO map_monsters VALUES ('MAP_00000000001296788648248','MONS_00000000001297218526236',21,26);
INSERT INTO map_monsters VALUES ('MAP_00000000001296788648248','MONS_00000000001297218526236',21,27);
INSERT INTO map_monsters VALUES ('MAP_00000000001296788648248','MONS_00000000001297218526236',21,28);
INSERT INTO map_monsters VALUES ('MAP_00000000001296788648248','MONS_00000000001297218526236',21,29);
INSERT INTO map_monsters VALUES ('MAP_00000000001296788648248','MONS_00000000001297218526236',21,30);
INSERT INTO map_monsters VALUES ('MAP_00000000001296788648248','MONS_00000000001297218526236',21,31);
INSERT INTO map_monsters VALUES ('MAP_00000000001296788648248','MONS_00000000001297218526236',21,32);
INSERT INTO map_monsters VALUES ('MAP_00000000001296788648248','MONS_00000000001297218526236',21,33);
INSERT INTO map_monsters VALUES ('MAP_00000000001296788648248','MONS_00000000001297218526236',21,34);
INSERT INTO map_monsters VALUES ('MAP_00000000001296788648248','MONS_00000000001297218526236',21,35);
INSERT INTO map_monsters VALUES ('MAP_00000000001296788648248','MONS_00000000001297218526236',21,36);
INSERT INTO map_monsters VALUES ('MAP_00000000001296788648248','MONS_00000000001297218526236',21,37);
INSERT INTO map_monsters VALUES ('MAP_00000000001296788648248','MONS_00000000001297218526236',21,38);
INSERT INTO map_monsters VALUES ('MAP_00000000001296788648248','MONS_00000000001297218526236',21,39);
INSERT INTO map_monsters VALUES ('MAP_00000000001296788648248','MONS_00000000001297218526236',21,42);
INSERT INTO map_monsters VALUES ('MAP_00000000001296788648248','MONS_00000000001297218526236',21,43);
INSERT INTO map_monsters VALUES ('MAP_00000000001296788648248','MONS_00000000001297218526236',22,2);
INSERT INTO map_monsters VALUES ('MAP_00000000001296788648248','MONS_00000000001297218526236',22,5);
INSERT INTO map_monsters VALUES ('MAP_00000000001296788648248','MONS_00000000001297218526236',22,7);
INSERT INTO map_monsters VALUES ('MAP_00000000001296788648248','MONS_00000000001297218526236',22,10);
INSERT INTO map_monsters VALUES ('MAP_00000000001296788648248','MONS_00000000001297218526236',22,15);
INSERT INTO map_monsters VALUES ('MAP_00000000001296788648248','MONS_00000000001297218526236',22,20);
INSERT INTO map_monsters VALUES ('MAP_00000000001296788648248','MONS_00000000001297218526236',22,22);
INSERT INTO map_monsters VALUES ('MAP_00000000001296788648248','MONS_00000000001297218526236',22,23);
INSERT INTO map_monsters VALUES ('MAP_00000000001296788648248','MONS_00000000001297218526236',22,24);
INSERT INTO map_monsters VALUES ('MAP_00000000001296788648248','MONS_00000000001297218526236',22,26);
INSERT INTO map_monsters VALUES ('MAP_00000000001296788648248','MONS_00000000001297218526236',22,39);
INSERT INTO map_monsters VALUES ('MAP_00000000001296788648248','MONS_00000000001297218526236',22,42);
INSERT INTO map_monsters VALUES ('MAP_00000000001296788648248','MONS_00000000001297218526236',22,43);
INSERT INTO map_monsters VALUES ('MAP_00000000001296788648248','MONS_00000000001297218526236',23,2);
INSERT INTO map_monsters VALUES ('MAP_00000000001296788648248','MONS_00000000001297218526236',23,3);
INSERT INTO map_monsters VALUES ('MAP_00000000001296788648248','MONS_00000000001297218526236',23,4);
INSERT INTO map_monsters VALUES ('MAP_00000000001296788648248','MONS_00000000001297218526236',23,5);
INSERT INTO map_monsters VALUES ('MAP_00000000001296788648248','MONS_00000000001297218526236',23,7);
INSERT INTO map_monsters VALUES ('MAP_00000000001296788648248','MONS_00000000001297218526236',23,10);
INSERT INTO map_monsters VALUES ('MAP_00000000001296788648248','MONS_00000000001297218526236',23,11);
INSERT INTO map_monsters VALUES ('MAP_00000000001296788648248','MONS_00000000001297218526236',23,12);
INSERT INTO map_monsters VALUES ('MAP_00000000001296788648248','MONS_00000000001297218526236',23,13);
INSERT INTO map_monsters VALUES ('MAP_00000000001296788648248','MONS_00000000001297218526236',23,14);
INSERT INTO map_monsters VALUES ('MAP_00000000001296788648248','MONS_00000000001297218526236',23,15);
INSERT INTO map_monsters VALUES ('MAP_00000000001296788648248','MONS_00000000001297218526236',23,16);
INSERT INTO map_monsters VALUES ('MAP_00000000001296788648248','MONS_00000000001297218526236',23,17);
INSERT INTO map_monsters VALUES ('MAP_00000000001296788648248','MONS_00000000001297218526236',23,18);
INSERT INTO map_monsters VALUES ('MAP_00000000001296788648248','MONS_00000000001297218526236',23,19);
INSERT INTO map_monsters VALUES ('MAP_00000000001296788648248','MONS_00000000001297218526236',23,20);
INSERT INTO map_monsters VALUES ('MAP_00000000001296788648248','MONS_00000000001297218526236',23,22);
INSERT INTO map_monsters VALUES ('MAP_00000000001296788648248','MONS_00000000001297218526236',23,23);
INSERT INTO map_monsters VALUES ('MAP_00000000001296788648248','MONS_00000000001297218526236',23,24);
INSERT INTO map_monsters VALUES ('MAP_00000000001296788648248','MONS_00000000001297218526236',23,26);
INSERT INTO map_monsters VALUES ('MAP_00000000001296788648248','MONS_00000000001297218526236',23,27);
INSERT INTO map_monsters VALUES ('MAP_00000000001296788648248','MONS_00000000001297218526236',23,28);
INSERT INTO map_monsters VALUES ('MAP_00000000001296788648248','MONS_00000000001297218526236',23,29);
INSERT INTO map_monsters VALUES ('MAP_00000000001296788648248','MONS_00000000001297218526236',23,30);
INSERT INTO map_monsters VALUES ('MAP_00000000001296788648248','MONS_00000000001297218526236',23,31);
INSERT INTO map_monsters VALUES ('MAP_00000000001296788648248','MONS_00000000001297218526236',23,32);
INSERT INTO map_monsters VALUES ('MAP_00000000001296788648248','MONS_00000000001297218526236',23,33);
INSERT INTO map_monsters VALUES ('MAP_00000000001296788648248','MONS_00000000001297218526236',23,34);
INSERT INTO map_monsters VALUES ('MAP_00000000001296788648248','MONS_00000000001297218526236',23,35);
INSERT INTO map_monsters VALUES ('MAP_00000000001296788648248','MONS_00000000001297218526236',23,36);
INSERT INTO map_monsters VALUES ('MAP_00000000001296788648248','MONS_00000000001297218526236',23,37);
INSERT INTO map_monsters VALUES ('MAP_00000000001296788648248','MONS_00000000001297218526236',23,38);
INSERT INTO map_monsters VALUES ('MAP_00000000001296788648248','MONS_00000000001297218526236',23,39);
INSERT INTO map_monsters VALUES ('MAP_00000000001296788648248','MONS_00000000001297218526236',23,42);
INSERT INTO map_monsters VALUES ('MAP_00000000001296788648248','MONS_00000000001297218526236',23,43);
INSERT INTO map_monsters VALUES ('MAP_00000000001296788648248','MONS_00000000001297218526236',24,2);
INSERT INTO map_monsters VALUES ('MAP_00000000001296788648248','MONS_00000000001297218526236',24,7);
INSERT INTO map_monsters VALUES ('MAP_00000000001296788648248','MONS_00000000001297218526236',24,22);
INSERT INTO map_monsters VALUES ('MAP_00000000001296788648248','MONS_00000000001297218526236',24,23);
INSERT INTO map_monsters VALUES ('MAP_00000000001296788648248','MONS_00000000001297218526236',24,24);
INSERT INTO map_monsters VALUES ('MAP_00000000001296788648248','MONS_00000000001297218526236',24,42);
INSERT INTO map_monsters VALUES ('MAP_00000000001296788648248','MONS_00000000001297218526236',24,43);
INSERT INTO map_monsters VALUES ('MAP_00000000001296788648248','MONS_00000000001297218526236',25,2);
INSERT INTO map_monsters VALUES ('MAP_00000000001296788648248','MONS_00000000001297218526236',25,7);
INSERT INTO map_monsters VALUES ('MAP_00000000001296788648248','MONS_00000000001297218526236',25,22);
INSERT INTO map_monsters VALUES ('MAP_00000000001296788648248','MONS_00000000001297218526236',25,23);
INSERT INTO map_monsters VALUES ('MAP_00000000001296788648248','MONS_00000000001297218526236',25,24);
INSERT INTO map_monsters VALUES ('MAP_00000000001296788648248','MONS_00000000001297218526236',25,42);
INSERT INTO map_monsters VALUES ('MAP_00000000001296788648248','MONS_00000000001297218526236',25,43);
INSERT INTO map_monsters VALUES ('MAP_00000000001296788648248','MONS_00000000001297218526236',26,2);
INSERT INTO map_monsters VALUES ('MAP_00000000001296788648248','MONS_00000000001297218526236',26,3);
INSERT INTO map_monsters VALUES ('MAP_00000000001296788648248','MONS_00000000001297218526236',26,4);
INSERT INTO map_monsters VALUES ('MAP_00000000001296788648248','MONS_00000000001297218526236',26,5);
INSERT INTO map_monsters VALUES ('MAP_00000000001296788648248','MONS_00000000001297218526236',26,7);
INSERT INTO map_monsters VALUES ('MAP_00000000001296788648248','MONS_00000000001297218526236',26,15);
INSERT INTO map_monsters VALUES ('MAP_00000000001296788648248','MONS_00000000001297218526236',26,16);
INSERT INTO map_monsters VALUES ('MAP_00000000001296788648248','MONS_00000000001297218526236',26,17);
INSERT INTO map_monsters VALUES ('MAP_00000000001296788648248','MONS_00000000001297218526236',26,18);
INSERT INTO map_monsters VALUES ('MAP_00000000001296788648248','MONS_00000000001297218526236',26,19);
INSERT INTO map_monsters VALUES ('MAP_00000000001296788648248','MONS_00000000001297218526236',26,20);
INSERT INTO map_monsters VALUES ('MAP_00000000001296788648248','MONS_00000000001297218526236',26,21);
INSERT INTO map_monsters VALUES ('MAP_00000000001296788648248','MONS_00000000001297218526236',26,22);
INSERT INTO map_monsters VALUES ('MAP_00000000001296788648248','MONS_00000000001297218526236',26,23);
INSERT INTO map_monsters VALUES ('MAP_00000000001296788648248','MONS_00000000001297218526236',26,24);
INSERT INTO map_monsters VALUES ('MAP_00000000001296788648248','MONS_00000000001297218526236',26,25);
INSERT INTO map_monsters VALUES ('MAP_00000000001296788648248','MONS_00000000001297218526236',26,26);
INSERT INTO map_monsters VALUES ('MAP_00000000001296788648248','MONS_00000000001297218526236',26,27);
INSERT INTO map_monsters VALUES ('MAP_00000000001296788648248','MONS_00000000001297218526236',26,28);
INSERT INTO map_monsters VALUES ('MAP_00000000001296788648248','MONS_00000000001297218526236',26,29);
INSERT INTO map_monsters VALUES ('MAP_00000000001296788648248','MONS_00000000001297218526236',26,30);
INSERT INTO map_monsters VALUES ('MAP_00000000001296788648248','MONS_00000000001297218526236',26,31);
INSERT INTO map_monsters VALUES ('MAP_00000000001296788648248','MONS_00000000001297218526236',26,42);
INSERT INTO map_monsters VALUES ('MAP_00000000001296788648248','MONS_00000000001297218526236',26,43);
INSERT INTO map_monsters VALUES ('MAP_00000000001296788648248','MONS_00000000001297218526236',27,2);
INSERT INTO map_monsters VALUES ('MAP_00000000001296788648248','MONS_00000000001297218526236',27,5);
INSERT INTO map_monsters VALUES ('MAP_00000000001296788648248','MONS_00000000001297218526236',27,6);
INSERT INTO map_monsters VALUES ('MAP_00000000001296788648248','MONS_00000000001297218526236',27,7);
INSERT INTO map_monsters VALUES ('MAP_00000000001296788648248','MONS_00000000001297218526236',27,8);
INSERT INTO map_monsters VALUES ('MAP_00000000001296788648248','MONS_00000000001297218526236',27,9);
INSERT INTO map_monsters VALUES ('MAP_00000000001296788648248','MONS_00000000001297218526236',27,10);
INSERT INTO map_monsters VALUES ('MAP_00000000001296788648248','MONS_00000000001297218526236',27,11);
INSERT INTO map_monsters VALUES ('MAP_00000000001296788648248','MONS_00000000001297218526236',27,12);
INSERT INTO map_monsters VALUES ('MAP_00000000001296788648248','MONS_00000000001297218526236',27,13);
INSERT INTO map_monsters VALUES ('MAP_00000000001296788648248','MONS_00000000001297218526236',27,14);
INSERT INTO map_monsters VALUES ('MAP_00000000001296788648248','MONS_00000000001297218526236',27,15);
INSERT INTO map_monsters VALUES ('MAP_00000000001296788648248','MONS_00000000001297218526236',27,18);
INSERT INTO map_monsters VALUES ('MAP_00000000001296788648248','MONS_00000000001297218526236',27,22);
INSERT INTO map_monsters VALUES ('MAP_00000000001296788648248','MONS_00000000001297218526236',27,23);
INSERT INTO map_monsters VALUES ('MAP_00000000001296788648248','MONS_00000000001297218526236',27,24);
INSERT INTO map_monsters VALUES ('MAP_00000000001296788648248','MONS_00000000001297218526236',27,28);
INSERT INTO map_monsters VALUES ('MAP_00000000001296788648248','MONS_00000000001297218526236',27,31);
INSERT INTO map_monsters VALUES ('MAP_00000000001296788648248','MONS_00000000001297218526236',27,32);
INSERT INTO map_monsters VALUES ('MAP_00000000001296788648248','MONS_00000000001297218526236',27,33);
INSERT INTO map_monsters VALUES ('MAP_00000000001296788648248','MONS_00000000001297218526236',27,34);
INSERT INTO map_monsters VALUES ('MAP_00000000001296788648248','MONS_00000000001297218526236',27,35);
INSERT INTO map_monsters VALUES ('MAP_00000000001296788648248','MONS_00000000001297218526236',27,36);
INSERT INTO map_monsters VALUES ('MAP_00000000001296788648248','MONS_00000000001297218526236',27,37);
INSERT INTO map_monsters VALUES ('MAP_00000000001296788648248','MONS_00000000001297218526236',27,38);
INSERT INTO map_monsters VALUES ('MAP_00000000001296788648248','MONS_00000000001297218526236',27,39);
INSERT INTO map_monsters VALUES ('MAP_00000000001296788648248','MONS_00000000001297218526236',27,40);
INSERT INTO map_monsters VALUES ('MAP_00000000001296788648248','MONS_00000000001297218526236',27,41);
INSERT INTO map_monsters VALUES ('MAP_00000000001296788648248','MONS_00000000001297218526236',27,42);
INSERT INTO map_monsters VALUES ('MAP_00000000001296788648248','MONS_00000000001297218526236',27,43);
INSERT INTO map_monsters VALUES ('MAP_00000000001296788648248','MONS_00000000001297218526236',28,6);
INSERT INTO map_monsters VALUES ('MAP_00000000001296788648248','MONS_00000000001297218526236',28,15);
INSERT INTO map_monsters VALUES ('MAP_00000000001296788648248','MONS_00000000001297218526236',28,22);
INSERT INTO map_monsters VALUES ('MAP_00000000001296788648248','MONS_00000000001297218526236',28,23);
INSERT INTO map_monsters VALUES ('MAP_00000000001296788648248','MONS_00000000001297218526236',28,24);
INSERT INTO map_monsters VALUES ('MAP_00000000001296788648248','MONS_00000000001297218526236',28,31);
INSERT INTO map_monsters VALUES ('MAP_00000000001296788648248','MONS_00000000001297218526236',28,43);
INSERT INTO map_monsters VALUES ('MAP_00000000001296788648248','MONS_00000000001297218526236',29,4);
INSERT INTO map_monsters VALUES ('MAP_00000000001296788648248','MONS_00000000001297218526236',29,5);
INSERT INTO map_monsters VALUES ('MAP_00000000001296788648248','MONS_00000000001297218526236',29,6);
INSERT INTO map_monsters VALUES ('MAP_00000000001296788648248','MONS_00000000001297218526236',29,7);
INSERT INTO map_monsters VALUES ('MAP_00000000001296788648248','MONS_00000000001297218526236',29,8);
INSERT INTO map_monsters VALUES ('MAP_00000000001296788648248','MONS_00000000001297218526236',29,9);
INSERT INTO map_monsters VALUES ('MAP_00000000001296788648248','MONS_00000000001297218526236',29,10);
INSERT INTO map_monsters VALUES ('MAP_00000000001296788648248','MONS_00000000001297218526236',29,11);
INSERT INTO map_monsters VALUES ('MAP_00000000001296788648248','MONS_00000000001297218526236',29,12);
INSERT INTO map_monsters VALUES ('MAP_00000000001296788648248','MONS_00000000001297218526236',29,13);
INSERT INTO map_monsters VALUES ('MAP_00000000001296788648248','MONS_00000000001297218526236',29,14);
INSERT INTO map_monsters VALUES ('MAP_00000000001296788648248','MONS_00000000001297218526236',29,15);
INSERT INTO map_monsters VALUES ('MAP_00000000001296788648248','MONS_00000000001297218526236',29,20);
INSERT INTO map_monsters VALUES ('MAP_00000000001296788648248','MONS_00000000001297218526236',29,21);
INSERT INTO map_monsters VALUES ('MAP_00000000001296788648248','MONS_00000000001297218526236',29,22);
INSERT INTO map_monsters VALUES ('MAP_00000000001296788648248','MONS_00000000001297218526236',29,23);
INSERT INTO map_monsters VALUES ('MAP_00000000001296788648248','MONS_00000000001297218526236',29,24);
INSERT INTO map_monsters VALUES ('MAP_00000000001296788648248','MONS_00000000001297218526236',29,25);
INSERT INTO map_monsters VALUES ('MAP_00000000001296788648248','MONS_00000000001297218526236',29,26);
INSERT INTO map_monsters VALUES ('MAP_00000000001296788648248','MONS_00000000001297218526236',29,31);
INSERT INTO map_monsters VALUES ('MAP_00000000001296788648248','MONS_00000000001297218526236',29,32);
INSERT INTO map_monsters VALUES ('MAP_00000000001296788648248','MONS_00000000001297218526236',29,33);
INSERT INTO map_monsters VALUES ('MAP_00000000001296788648248','MONS_00000000001297218526236',29,34);
INSERT INTO map_monsters VALUES ('MAP_00000000001296788648248','MONS_00000000001297218526236',29,35);
INSERT INTO map_monsters VALUES ('MAP_00000000001296788648248','MONS_00000000001297218526236',29,36);
INSERT INTO map_monsters VALUES ('MAP_00000000001296788648248','MONS_00000000001297218526236',29,37);
INSERT INTO map_monsters VALUES ('MAP_00000000001296788648248','MONS_00000000001297218526236',29,38);
INSERT INTO map_monsters VALUES ('MAP_00000000001296788648248','MONS_00000000001297218526236',29,39);
INSERT INTO map_monsters VALUES ('MAP_00000000001296788648248','MONS_00000000001297218526236',29,40);
INSERT INTO map_monsters VALUES ('MAP_00000000001296788648248','MONS_00000000001297218526236',29,41);
INSERT INTO map_monsters VALUES ('MAP_00000000001296788648248','MONS_00000000001297218526236',29,42);
INSERT INTO map_monsters VALUES ('MAP_00000000001296788648248','MONS_00000000001297218526236',29,43);
INSERT INTO map_monsters VALUES ('MAP_00000000001296788648248','MONS_00000000001297218526236',29,44);
INSERT INTO map_monsters VALUES ('MAP_00000000001296788648248','MONS_00000000001297218526236',29,45);
INSERT INTO map_monsters VALUES ('MAP_00000000001296788648248','MONS_00000000001297218526236',29,46);
INSERT INTO map_monsters VALUES ('MAP_00000000001296788648248','MONS_00000000001297218526236',29,47);
INSERT INTO map_monsters VALUES ('MAP_00000000001296788648248','MONS_00000000001297218526236',29,48);
INSERT INTO map_monsters VALUES ('MAP_00000000001296788648248','MONS_00000000001297218526236',29,49);
INSERT INTO map_monsters VALUES ('MAP_00000000001296788648248','MONS_00000000001297218526236',29,50);
INSERT INTO map_monsters VALUES ('MAP_00000000001296788648248','MONS_00000000001297218526236',29,51);
INSERT INTO map_monsters VALUES ('MAP_00000000001296788648248','MONS_00000000001297218526236',29,52);
INSERT INTO map_monsters VALUES ('MAP_00000000001296788648248','MONS_00000000001297218526236',29,53);
INSERT INTO map_monsters VALUES ('MAP_00000000001296788648248','MONS_00000000001297218526236',29,54);
INSERT INTO map_monsters VALUES ('MAP_00000000001296788648248','MONS_00000000001297218526236',29,55);
INSERT INTO map_monsters VALUES ('MAP_00000000001296788648248','MONS_00000000001297218526236',29,56);
INSERT INTO map_monsters VALUES ('MAP_00000000001296788648248','MONS_00000000001297218526236',29,57);
INSERT INTO map_monsters VALUES ('MAP_00000000001296788648248','MONS_00000000001297218526236',29,58);
INSERT INTO map_monsters VALUES ('MAP_00000000001296788648248','MONS_00000000001297218526236',29,59);
INSERT INTO map_monsters VALUES ('MAP_00000000001296788648248','MONS_00000000001297218526236',30,22);
INSERT INTO map_monsters VALUES ('MAP_00000000001296788648248','MONS_00000000001297218526236',30,23);
INSERT INTO map_monsters VALUES ('MAP_00000000001296788648248','MONS_00000000001297218526236',30,24);
INSERT INTO map_monsters VALUES ('MAP_00000000001296788648248','MONS_00000000001297218526236',31,22);
INSERT INTO map_monsters VALUES ('MAP_00000000001296788648248','MONS_00000000001297218526236',31,23);
INSERT INTO map_monsters VALUES ('MAP_00000000001296788648248','MONS_00000000001297218526236',31,24);
INSERT INTO monsters VALUES ('MONS_00000000001297218526250','Murderous Cultist',36,1,1,1,1,8,8,8,0,0);
INSERT INTO map_monsters VALUES ('MAP_00000000001296788648248','MONS_00000000001297218526250',0,22);
INSERT INTO map_monsters VALUES ('MAP_00000000001296788648248','MONS_00000000001297218526250',0,23);
INSERT INTO map_monsters VALUES ('MAP_00000000001296788648248','MONS_00000000001297218526250',0,24);
INSERT INTO map_monsters VALUES ('MAP_00000000001296788648248','MONS_00000000001297218526250',1,22);
INSERT INTO map_monsters VALUES ('MAP_00000000001296788648248','MONS_00000000001297218526250',1,23);
INSERT INTO map_monsters VALUES ('MAP_00000000001296788648248','MONS_00000000001297218526250',1,24);
INSERT INTO map_monsters VALUES ('MAP_00000000001296788648248','MONS_00000000001297218526250',2,4);
INSERT INTO map_monsters VALUES ('MAP_00000000001296788648248','MONS_00000000001297218526250',2,5);
INSERT INTO map_monsters VALUES ('MAP_00000000001296788648248','MONS_00000000001297218526250',2,6);
INSERT INTO map_monsters VALUES ('MAP_00000000001296788648248','MONS_00000000001297218526250',2,7);
INSERT INTO map_monsters VALUES ('MAP_00000000001296788648248','MONS_00000000001297218526250',2,8);
INSERT INTO map_monsters VALUES ('MAP_00000000001296788648248','MONS_00000000001297218526250',2,9);
INSERT INTO map_monsters VALUES ('MAP_00000000001296788648248','MONS_00000000001297218526250',2,10);
INSERT INTO map_monsters VALUES ('MAP_00000000001296788648248','MONS_00000000001297218526250',2,11);
INSERT INTO map_monsters VALUES ('MAP_00000000001296788648248','MONS_00000000001297218526250',2,12);
INSERT INTO map_monsters VALUES ('MAP_00000000001296788648248','MONS_00000000001297218526250',2,13);
INSERT INTO map_monsters VALUES ('MAP_00000000001296788648248','MONS_00000000001297218526250',2,14);
INSERT INTO map_monsters VALUES ('MAP_00000000001296788648248','MONS_00000000001297218526250',2,15);
INSERT INTO map_monsters VALUES ('MAP_00000000001296788648248','MONS_00000000001297218526250',2,20);
INSERT INTO map_monsters VALUES ('MAP_00000000001296788648248','MONS_00000000001297218526250',2,21);
INSERT INTO map_monsters VALUES ('MAP_00000000001296788648248','MONS_00000000001297218526250',2,22);
INSERT INTO map_monsters VALUES ('MAP_00000000001296788648248','MONS_00000000001297218526250',2,23);
INSERT INTO map_monsters VALUES ('MAP_00000000001296788648248','MONS_00000000001297218526250',2,24);
INSERT INTO map_monsters VALUES ('MAP_00000000001296788648248','MONS_00000000001297218526250',2,25);
INSERT INTO map_monsters VALUES ('MAP_00000000001296788648248','MONS_00000000001297218526250',2,26);
INSERT INTO map_monsters VALUES ('MAP_00000000001296788648248','MONS_00000000001297218526250',2,31);
INSERT INTO map_monsters VALUES ('MAP_00000000001296788648248','MONS_00000000001297218526250',2,32);
INSERT INTO map_monsters VALUES ('MAP_00000000001296788648248','MONS_00000000001297218526250',2,33);
INSERT INTO map_monsters VALUES ('MAP_00000000001296788648248','MONS_00000000001297218526250',2,34);
INSERT INTO map_monsters VALUES ('MAP_00000000001296788648248','MONS_00000000001297218526250',2,35);
INSERT INTO map_monsters VALUES ('MAP_00000000001296788648248','MONS_00000000001297218526250',2,36);
INSERT INTO map_monsters VALUES ('MAP_00000000001296788648248','MONS_00000000001297218526250',2,37);
INSERT INTO map_monsters VALUES ('MAP_00000000001296788648248','MONS_00000000001297218526250',2,38);
INSERT INTO map_monsters VALUES ('MAP_00000000001296788648248','MONS_00000000001297218526250',2,39);
INSERT INTO map_monsters VALUES ('MAP_00000000001296788648248','MONS_00000000001297218526250',2,40);
INSERT INTO map_monsters VALUES ('MAP_00000000001296788648248','MONS_00000000001297218526250',2,41);
INSERT INTO map_monsters VALUES ('MAP_00000000001296788648248','MONS_00000000001297218526250',2,42);
INSERT INTO map_monsters VALUES ('MAP_00000000001296788648248','MONS_00000000001297218526250',2,43);
INSERT INTO map_monsters VALUES ('MAP_00000000001296788648248','MONS_00000000001297218526250',2,44);
INSERT INTO map_monsters VALUES ('MAP_00000000001296788648248','MONS_00000000001297218526250',2,45);
INSERT INTO map_monsters VALUES ('MAP_00000000001296788648248','MONS_00000000001297218526250',2,46);
INSERT INTO map_monsters VALUES ('MAP_00000000001296788648248','MONS_00000000001297218526250',2,47);
INSERT INTO map_monsters VALUES ('MAP_00000000001296788648248','MONS_00000000001297218526250',2,48);
INSERT INTO map_monsters VALUES ('MAP_00000000001296788648248','MONS_00000000001297218526250',2,49);
INSERT INTO map_monsters VALUES ('MAP_00000000001296788648248','MONS_00000000001297218526250',2,50);
INSERT INTO map_monsters VALUES ('MAP_00000000001296788648248','MONS_00000000001297218526250',2,51);
INSERT INTO map_monsters VALUES ('MAP_00000000001296788648248','MONS_00000000001297218526250',2,52);
INSERT INTO map_monsters VALUES ('MAP_00000000001296788648248','MONS_00000000001297218526250',2,53);
INSERT INTO map_monsters VALUES ('MAP_00000000001296788648248','MONS_00000000001297218526250',2,54);
INSERT INTO map_monsters VALUES ('MAP_00000000001296788648248','MONS_00000000001297218526250',2,55);
INSERT INTO map_monsters VALUES ('MAP_00000000001296788648248','MONS_00000000001297218526250',2,56);
INSERT INTO map_monsters VALUES ('MAP_00000000001296788648248','MONS_00000000001297218526250',2,57);
INSERT INTO map_monsters VALUES ('MAP_00000000001296788648248','MONS_00000000001297218526250',2,58);
INSERT INTO map_monsters VALUES ('MAP_00000000001296788648248','MONS_00000000001297218526250',2,59);
INSERT INTO map_monsters VALUES ('MAP_00000000001296788648248','MONS_00000000001297218526250',3,6);
INSERT INTO map_monsters VALUES ('MAP_00000000001296788648248','MONS_00000000001297218526250',3,15);
INSERT INTO map_monsters VALUES ('MAP_00000000001296788648248','MONS_00000000001297218526250',3,22);
INSERT INTO map_monsters VALUES ('MAP_00000000001296788648248','MONS_00000000001297218526250',3,23);
INSERT INTO map_monsters VALUES ('MAP_00000000001296788648248','MONS_00000000001297218526250',3,24);
INSERT INTO map_monsters VALUES ('MAP_00000000001296788648248','MONS_00000000001297218526250',3,31);
INSERT INTO map_monsters VALUES ('MAP_00000000001296788648248','MONS_00000000001297218526250',3,43);
INSERT INTO map_monsters VALUES ('MAP_00000000001296788648248','MONS_00000000001297218526250',4,2);
INSERT INTO map_monsters VALUES ('MAP_00000000001296788648248','MONS_00000000001297218526250',4,5);
INSERT INTO map_monsters VALUES ('MAP_00000000001296788648248','MONS_00000000001297218526250',4,6);
INSERT INTO map_monsters VALUES ('MAP_00000000001296788648248','MONS_00000000001297218526250',4,7);
INSERT INTO map_monsters VALUES ('MAP_00000000001296788648248','MONS_00000000001297218526250',4,8);
INSERT INTO map_monsters VALUES ('MAP_00000000001296788648248','MONS_00000000001297218526250',4,9);
INSERT INTO map_monsters VALUES ('MAP_00000000001296788648248','MONS_00000000001297218526250',4,10);
INSERT INTO map_monsters VALUES ('MAP_00000000001296788648248','MONS_00000000001297218526250',4,11);
INSERT INTO map_monsters VALUES ('MAP_00000000001296788648248','MONS_00000000001297218526250',4,12);
INSERT INTO map_monsters VALUES ('MAP_00000000001296788648248','MONS_00000000001297218526250',4,13);
INSERT INTO map_monsters VALUES ('MAP_00000000001296788648248','MONS_00000000001297218526250',4,14);
INSERT INTO map_monsters VALUES ('MAP_00000000001296788648248','MONS_00000000001297218526250',4,15);
INSERT INTO map_monsters VALUES ('MAP_00000000001296788648248','MONS_00000000001297218526250',4,18);
INSERT INTO map_monsters VALUES ('MAP_00000000001296788648248','MONS_00000000001297218526250',4,22);
INSERT INTO map_monsters VALUES ('MAP_00000000001296788648248','MONS_00000000001297218526250',4,23);
INSERT INTO map_monsters VALUES ('MAP_00000000001296788648248','MONS_00000000001297218526250',4,24);
INSERT INTO map_monsters VALUES ('MAP_00000000001296788648248','MONS_00000000001297218526250',4,28);
INSERT INTO map_monsters VALUES ('MAP_00000000001296788648248','MONS_00000000001297218526250',4,31);
INSERT INTO map_monsters VALUES ('MAP_00000000001296788648248','MONS_00000000001297218526250',4,32);
INSERT INTO map_monsters VALUES ('MAP_00000000001296788648248','MONS_00000000001297218526250',4,33);
INSERT INTO map_monsters VALUES ('MAP_00000000001296788648248','MONS_00000000001297218526250',4,34);
INSERT INTO map_monsters VALUES ('MAP_00000000001296788648248','MONS_00000000001297218526250',4,35);
INSERT INTO map_monsters VALUES ('MAP_00000000001296788648248','MONS_00000000001297218526250',4,36);
INSERT INTO map_monsters VALUES ('MAP_00000000001296788648248','MONS_00000000001297218526250',4,37);
INSERT INTO map_monsters VALUES ('MAP_00000000001296788648248','MONS_00000000001297218526250',4,38);
INSERT INTO map_monsters VALUES ('MAP_00000000001296788648248','MONS_00000000001297218526250',4,39);
INSERT INTO map_monsters VALUES ('MAP_00000000001296788648248','MONS_00000000001297218526250',4,40);
INSERT INTO map_monsters VALUES ('MAP_00000000001296788648248','MONS_00000000001297218526250',4,41);
INSERT INTO map_monsters VALUES ('MAP_00000000001296788648248','MONS_00000000001297218526250',4,42);
INSERT INTO map_monsters VALUES ('MAP_00000000001296788648248','MONS_00000000001297218526250',4,43);
INSERT INTO map_monsters VALUES ('MAP_00000000001296788648248','MONS_00000000001297218526250',5,2);
INSERT INTO map_monsters VALUES ('MAP_00000000001296788648248','MONS_00000000001297218526250',5,3);
INSERT INTO map_monsters VALUES ('MAP_00000000001296788648248','MONS_00000000001297218526250',5,4);
INSERT INTO map_monsters VALUES ('MAP_00000000001296788648248','MONS_00000000001297218526250',5,5);
INSERT INTO map_monsters VALUES ('MAP_00000000001296788648248','MONS_00000000001297218526250',5,7);
INSERT INTO map_monsters VALUES ('MAP_00000000001296788648248','MONS_00000000001297218526250',5,15);
INSERT INTO map_monsters VALUES ('MAP_00000000001296788648248','MONS_00000000001297218526250',5,16);
INSERT INTO map_monsters VALUES ('MAP_00000000001296788648248','MONS_00000000001297218526250',5,17);
INSERT INTO map_monsters VALUES ('MAP_00000000001296788648248','MONS_00000000001297218526250',5,18);
INSERT INTO map_monsters VALUES ('MAP_00000000001296788648248','MONS_00000000001297218526250',5,19);
INSERT INTO map_monsters VALUES ('MAP_00000000001296788648248','MONS_00000000001297218526250',5,20);
INSERT INTO map_monsters VALUES ('MAP_00000000001296788648248','MONS_00000000001297218526250',5,21);
INSERT INTO map_monsters VALUES ('MAP_00000000001296788648248','MONS_00000000001297218526250',5,22);
INSERT INTO map_monsters VALUES ('MAP_00000000001296788648248','MONS_00000000001297218526250',5,23);
INSERT INTO map_monsters VALUES ('MAP_00000000001296788648248','MONS_00000000001297218526250',5,24);
INSERT INTO map_monsters VALUES ('MAP_00000000001296788648248','MONS_00000000001297218526250',5,25);
INSERT INTO map_monsters VALUES ('MAP_00000000001296788648248','MONS_00000000001297218526250',5,26);
INSERT INTO map_monsters VALUES ('MAP_00000000001296788648248','MONS_00000000001297218526250',5,27);
INSERT INTO map_monsters VALUES ('MAP_00000000001296788648248','MONS_00000000001297218526250',5,28);
INSERT INTO map_monsters VALUES ('MAP_00000000001296788648248','MONS_00000000001297218526250',5,29);
INSERT INTO map_monsters VALUES ('MAP_00000000001296788648248','MONS_00000000001297218526250',5,30);
INSERT INTO map_monsters VALUES ('MAP_00000000001296788648248','MONS_00000000001297218526250',5,31);
INSERT INTO map_monsters VALUES ('MAP_00000000001296788648248','MONS_00000000001297218526250',5,42);
INSERT INTO map_monsters VALUES ('MAP_00000000001296788648248','MONS_00000000001297218526250',5,43);
INSERT INTO map_monsters VALUES ('MAP_00000000001296788648248','MONS_00000000001297218526250',6,2);
INSERT INTO map_monsters VALUES ('MAP_00000000001296788648248','MONS_00000000001297218526250',6,7);
INSERT INTO map_monsters VALUES ('MAP_00000000001296788648248','MONS_00000000001297218526250',6,22);
INSERT INTO map_monsters VALUES ('MAP_00000000001296788648248','MONS_00000000001297218526250',6,23);
INSERT INTO map_monsters VALUES ('MAP_00000000001296788648248','MONS_00000000001297218526250',6,24);
INSERT INTO map_monsters VALUES ('MAP_00000000001296788648248','MONS_00000000001297218526250',6,42);
INSERT INTO map_monsters VALUES ('MAP_00000000001296788648248','MONS_00000000001297218526250',6,43);
INSERT INTO map_monsters VALUES ('MAP_00000000001296788648248','MONS_00000000001297218526250',7,2);
INSERT INTO map_monsters VALUES ('MAP_00000000001296788648248','MONS_00000000001297218526250',7,7);
INSERT INTO map_monsters VALUES ('MAP_00000000001296788648248','MONS_00000000001297218526250',7,22);
INSERT INTO map_monsters VALUES ('MAP_00000000001296788648248','MONS_00000000001297218526250',7,23);
INSERT INTO map_monsters VALUES ('MAP_00000000001296788648248','MONS_00000000001297218526250',7,24);
INSERT INTO map_monsters VALUES ('MAP_00000000001296788648248','MONS_00000000001297218526250',7,42);
INSERT INTO map_monsters VALUES ('MAP_00000000001296788648248','MONS_00000000001297218526250',7,43);
INSERT INTO map_monsters VALUES ('MAP_00000000001296788648248','MONS_00000000001297218526250',8,2);
INSERT INTO map_monsters VALUES ('MAP_00000000001296788648248','MONS_00000000001297218526250',8,3);
INSERT INTO map_monsters VALUES ('MAP_00000000001296788648248','MONS_00000000001297218526250',8,4);
INSERT INTO map_monsters VALUES ('MAP_00000000001296788648248','MONS_00000000001297218526250',8,5);
INSERT INTO map_monsters VALUES ('MAP_00000000001296788648248','MONS_00000000001297218526250',8,7);
INSERT INTO map_monsters VALUES ('MAP_00000000001296788648248','MONS_00000000001297218526250',8,10);
INSERT INTO map_monsters VALUES ('MAP_00000000001296788648248','MONS_00000000001297218526250',8,11);
INSERT INTO map_monsters VALUES ('MAP_00000000001296788648248','MONS_00000000001297218526250',8,12);
INSERT INTO map_monsters VALUES ('MAP_00000000001296788648248','MONS_00000000001297218526250',8,13);
INSERT INTO map_monsters VALUES ('MAP_00000000001296788648248','MONS_00000000001297218526250',8,14);
INSERT INTO map_monsters VALUES ('MAP_00000000001296788648248','MONS_00000000001297218526250',8,15);
INSERT INTO map_monsters VALUES ('MAP_00000000001296788648248','MONS_00000000001297218526250',8,16);
INSERT INTO map_monsters VALUES ('MAP_00000000001296788648248','MONS_00000000001297218526250',8,17);
INSERT INTO map_monsters VALUES ('MAP_00000000001296788648248','MONS_00000000001297218526250',8,18);
INSERT INTO map_monsters VALUES ('MAP_00000000001296788648248','MONS_00000000001297218526250',8,19);
INSERT INTO map_monsters VALUES ('MAP_00000000001296788648248','MONS_00000000001297218526250',8,20);
INSERT INTO map_monsters VALUES ('MAP_00000000001296788648248','MONS_00000000001297218526250',8,22);
INSERT INTO map_monsters VALUES ('MAP_00000000001296788648248','MONS_00000000001297218526250',8,23);
INSERT INTO map_monsters VALUES ('MAP_00000000001296788648248','MONS_00000000001297218526250',8,24);
INSERT INTO map_monsters VALUES ('MAP_00000000001296788648248','MONS_00000000001297218526250',8,26);
INSERT INTO map_monsters VALUES ('MAP_00000000001296788648248','MONS_00000000001297218526250',8,27);
INSERT INTO map_monsters VALUES ('MAP_00000000001296788648248','MONS_00000000001297218526250',8,28);
INSERT INTO map_monsters VALUES ('MAP_00000000001296788648248','MONS_00000000001297218526250',8,29);
INSERT INTO map_monsters VALUES ('MAP_00000000001296788648248','MONS_00000000001297218526250',8,30);
INSERT INTO map_monsters VALUES ('MAP_00000000001296788648248','MONS_00000000001297218526250',8,31);
INSERT INTO map_monsters VALUES ('MAP_00000000001296788648248','MONS_00000000001297218526250',8,32);
INSERT INTO map_monsters VALUES ('MAP_00000000001296788648248','MONS_00000000001297218526250',8,33);
INSERT INTO map_monsters VALUES ('MAP_00000000001296788648248','MONS_00000000001297218526250',8,34);
INSERT INTO map_monsters VALUES ('MAP_00000000001296788648248','MONS_00000000001297218526250',8,35);
INSERT INTO map_monsters VALUES ('MAP_00000000001296788648248','MONS_00000000001297218526250',8,36);
INSERT INTO map_monsters VALUES ('MAP_00000000001296788648248','MONS_00000000001297218526250',8,37);
INSERT INTO map_monsters VALUES ('MAP_00000000001296788648248','MONS_00000000001297218526250',8,38);
INSERT INTO map_monsters VALUES ('MAP_00000000001296788648248','MONS_00000000001297218526250',8,39);
INSERT INTO map_monsters VALUES ('MAP_00000000001296788648248','MONS_00000000001297218526250',8,42);
INSERT INTO map_monsters VALUES ('MAP_00000000001296788648248','MONS_00000000001297218526250',8,43);
INSERT INTO map_monsters VALUES ('MAP_00000000001296788648248','MONS_00000000001297218526250',9,2);
INSERT INTO map_monsters VALUES ('MAP_00000000001296788648248','MONS_00000000001297218526250',9,5);
INSERT INTO map_monsters VALUES ('MAP_00000000001296788648248','MONS_00000000001297218526250',9,7);
INSERT INTO map_monsters VALUES ('MAP_00000000001296788648248','MONS_00000000001297218526250',9,10);
INSERT INTO map_monsters VALUES ('MAP_00000000001296788648248','MONS_00000000001297218526250',9,15);
INSERT INTO map_monsters VALUES ('MAP_00000000001296788648248','MONS_00000000001297218526250',9,20);
INSERT INTO map_monsters VALUES ('MAP_00000000001296788648248','MONS_00000000001297218526250',9,22);
INSERT INTO map_monsters VALUES ('MAP_00000000001296788648248','MONS_00000000001297218526250',9,23);
INSERT INTO map_monsters VALUES ('MAP_00000000001296788648248','MONS_00000000001297218526250',9,24);
INSERT INTO map_monsters VALUES ('MAP_00000000001296788648248','MONS_00000000001297218526250',9,26);
INSERT INTO map_monsters VALUES ('MAP_00000000001296788648248','MONS_00000000001297218526250',9,39);
INSERT INTO map_monsters VALUES ('MAP_00000000001296788648248','MONS_00000000001297218526250',9,42);
INSERT INTO map_monsters VALUES ('MAP_00000000001296788648248','MONS_00000000001297218526250',9,43);
INSERT INTO map_monsters VALUES ('MAP_00000000001296788648248','MONS_00000000001297218526250',10,5);
INSERT INTO map_monsters VALUES ('MAP_00000000001296788648248','MONS_00000000001297218526250',10,7);
INSERT INTO map_monsters VALUES ('MAP_00000000001296788648248','MONS_00000000001297218526250',10,10);
INSERT INTO map_monsters VALUES ('MAP_00000000001296788648248','MONS_00000000001297218526250',10,11);
INSERT INTO map_monsters VALUES ('MAP_00000000001296788648248','MONS_00000000001297218526250',10,12);
INSERT INTO map_monsters VALUES ('MAP_00000000001296788648248','MONS_00000000001297218526250',10,13);
INSERT INTO map_monsters VALUES ('MAP_00000000001296788648248','MONS_00000000001297218526250',10,14);
INSERT INTO map_monsters VALUES ('MAP_00000000001296788648248','MONS_00000000001297218526250',10,15);
INSERT INTO map_monsters VALUES ('MAP_00000000001296788648248','MONS_00000000001297218526250',10,16);
INSERT INTO map_monsters VALUES ('MAP_00000000001296788648248','MONS_00000000001297218526250',10,17);
INSERT INTO map_monsters VALUES ('MAP_00000000001296788648248','MONS_00000000001297218526250',10,18);
INSERT INTO map_monsters VALUES ('MAP_00000000001296788648248','MONS_00000000001297218526250',10,19);
INSERT INTO map_monsters VALUES ('MAP_00000000001296788648248','MONS_00000000001297218526250',10,20);
INSERT INTO map_monsters VALUES ('MAP_00000000001296788648248','MONS_00000000001297218526250',10,21);
INSERT INTO map_monsters VALUES ('MAP_00000000001296788648248','MONS_00000000001297218526250',10,22);
INSERT INTO map_monsters VALUES ('MAP_00000000001296788648248','MONS_00000000001297218526250',10,23);
INSERT INTO map_monsters VALUES ('MAP_00000000001296788648248','MONS_00000000001297218526250',10,24);
INSERT INTO map_monsters VALUES ('MAP_00000000001296788648248','MONS_00000000001297218526250',10,25);
INSERT INTO map_monsters VALUES ('MAP_00000000001296788648248','MONS_00000000001297218526250',10,26);
INSERT INTO map_monsters VALUES ('MAP_00000000001296788648248','MONS_00000000001297218526250',10,27);
INSERT INTO map_monsters VALUES ('MAP_00000000001296788648248','MONS_00000000001297218526250',10,28);
INSERT INTO map_monsters VALUES ('MAP_00000000001296788648248','MONS_00000000001297218526250',10,29);
INSERT INTO map_monsters VALUES ('MAP_00000000001296788648248','MONS_00000000001297218526250',10,30);
INSERT INTO map_monsters VALUES ('MAP_00000000001296788648248','MONS_00000000001297218526250',10,31);
INSERT INTO map_monsters VALUES ('MAP_00000000001296788648248','MONS_00000000001297218526250',10,32);
INSERT INTO map_monsters VALUES ('MAP_00000000001296788648248','MONS_00000000001297218526250',10,33);
INSERT INTO map_monsters VALUES ('MAP_00000000001296788648248','MONS_00000000001297218526250',10,34);
INSERT INTO map_monsters VALUES ('MAP_00000000001296788648248','MONS_00000000001297218526250',10,35);
INSERT INTO map_monsters VALUES ('MAP_00000000001296788648248','MONS_00000000001297218526250',10,36);
INSERT INTO map_monsters VALUES ('MAP_00000000001296788648248','MONS_00000000001297218526250',10,37);
INSERT INTO map_monsters VALUES ('MAP_00000000001296788648248','MONS_00000000001297218526250',10,38);
INSERT INTO map_monsters VALUES ('MAP_00000000001296788648248','MONS_00000000001297218526250',10,39);
INSERT INTO map_monsters VALUES ('MAP_00000000001296788648248','MONS_00000000001297218526250',10,42);
INSERT INTO map_monsters VALUES ('MAP_00000000001296788648248','MONS_00000000001297218526250',10,43);
INSERT INTO map_monsters VALUES ('MAP_00000000001296788648248','MONS_00000000001297218526250',11,4);
INSERT INTO map_monsters VALUES ('MAP_00000000001296788648248','MONS_00000000001297218526250',11,5);
INSERT INTO map_monsters VALUES ('MAP_00000000001296788648248','MONS_00000000001297218526250',11,6);
INSERT INTO map_monsters VALUES ('MAP_00000000001296788648248','MONS_00000000001297218526250',11,7);
INSERT INTO map_monsters VALUES ('MAP_00000000001296788648248','MONS_00000000001297218526250',11,10);
INSERT INTO map_monsters VALUES ('MAP_00000000001296788648248','MONS_00000000001297218526250',11,19);
INSERT INTO map_monsters VALUES ('MAP_00000000001296788648248','MONS_00000000001297218526250',11,22);
INSERT INTO map_monsters VALUES ('MAP_00000000001296788648248','MONS_00000000001297218526250',11,23);
INSERT INTO map_monsters VALUES ('MAP_00000000001296788648248','MONS_00000000001297218526250',11,24);
INSERT INTO map_monsters VALUES ('MAP_00000000001296788648248','MONS_00000000001297218526250',11,38);
INSERT INTO map_monsters VALUES ('MAP_00000000001296788648248','MONS_00000000001297218526250',11,42);
INSERT INTO map_monsters VALUES ('MAP_00000000001296788648248','MONS_00000000001297218526250',11,43);
INSERT INTO map_monsters VALUES ('MAP_00000000001296788648248','MONS_00000000001297218526250',12,7);
INSERT INTO map_monsters VALUES ('MAP_00000000001296788648248','MONS_00000000001297218526250',12,10);
INSERT INTO map_monsters VALUES ('MAP_00000000001296788648248','MONS_00000000001297218526250',12,11);
INSERT INTO map_monsters VALUES ('MAP_00000000001296788648248','MONS_00000000001297218526250',12,12);
INSERT INTO map_monsters VALUES ('MAP_00000000001296788648248','MONS_00000000001297218526250',12,13);
INSERT INTO map_monsters VALUES ('MAP_00000000001296788648248','MONS_00000000001297218526250',12,14);
INSERT INTO map_monsters VALUES ('MAP_00000000001296788648248','MONS_00000000001297218526250',12,15);
INSERT INTO map_monsters VALUES ('MAP_00000000001296788648248','MONS_00000000001297218526250',12,16);
INSERT INTO map_monsters VALUES ('MAP_00000000001296788648248','MONS_00000000001297218526250',12,17);
INSERT INTO map_monsters VALUES ('MAP_00000000001296788648248','MONS_00000000001297218526250',12,18);
INSERT INTO map_monsters VALUES ('MAP_00000000001296788648248','MONS_00000000001297218526250',12,20);
INSERT INTO map_monsters VALUES ('MAP_00000000001296788648248','MONS_00000000001297218526250',12,21);
INSERT INTO map_monsters VALUES ('MAP_00000000001296788648248','MONS_00000000001297218526250',12,22);
INSERT INTO map_monsters VALUES ('MAP_00000000001296788648248','MONS_00000000001297218526250',12,23);
INSERT INTO map_monsters VALUES ('MAP_00000000001296788648248','MONS_00000000001297218526250',12,24);
INSERT INTO map_monsters VALUES ('MAP_00000000001296788648248','MONS_00000000001297218526250',12,27);
INSERT INTO map_monsters VALUES ('MAP_00000000001296788648248','MONS_00000000001297218526250',12,28);
INSERT INTO map_monsters VALUES ('MAP_00000000001296788648248','MONS_00000000001297218526250',12,29);
INSERT INTO map_monsters VALUES ('MAP_00000000001296788648248','MONS_00000000001297218526250',12,30);
INSERT INTO map_monsters VALUES ('MAP_00000000001296788648248','MONS_00000000001297218526250',12,31);
INSERT INTO map_monsters VALUES ('MAP_00000000001296788648248','MONS_00000000001297218526250',12,32);
INSERT INTO map_monsters VALUES ('MAP_00000000001296788648248','MONS_00000000001297218526250',12,33);
INSERT INTO map_monsters VALUES ('MAP_00000000001296788648248','MONS_00000000001297218526250',12,34);
INSERT INTO map_monsters VALUES ('MAP_00000000001296788648248','MONS_00000000001297218526250',12,35);
INSERT INTO map_monsters VALUES ('MAP_00000000001296788648248','MONS_00000000001297218526250',12,36);
INSERT INTO map_monsters VALUES ('MAP_00000000001296788648248','MONS_00000000001297218526250',12,37);
INSERT INTO map_monsters VALUES ('MAP_00000000001296788648248','MONS_00000000001297218526250',12,38);
INSERT INTO map_monsters VALUES ('MAP_00000000001296788648248','MONS_00000000001297218526250',12,39);
INSERT INTO map_monsters VALUES ('MAP_00000000001296788648248','MONS_00000000001297218526250',12,40);
INSERT INTO map_monsters VALUES ('MAP_00000000001296788648248','MONS_00000000001297218526250',12,42);
INSERT INTO map_monsters VALUES ('MAP_00000000001296788648248','MONS_00000000001297218526250',12,43);
INSERT INTO map_monsters VALUES ('MAP_00000000001296788648248','MONS_00000000001297218526250',13,7);
INSERT INTO map_monsters VALUES ('MAP_00000000001296788648248','MONS_00000000001297218526250',13,11);
INSERT INTO map_monsters VALUES ('MAP_00000000001296788648248','MONS_00000000001297218526250',13,20);
INSERT INTO map_monsters VALUES ('MAP_00000000001296788648248','MONS_00000000001297218526250',13,21);
INSERT INTO map_monsters VALUES ('MAP_00000000001296788648248','MONS_00000000001297218526250',13,22);
INSERT INTO map_monsters VALUES ('MAP_00000000001296788648248','MONS_00000000001297218526250',13,23);
INSERT INTO map_monsters VALUES ('MAP_00000000001296788648248','MONS_00000000001297218526250',13,24);
INSERT INTO map_monsters VALUES ('MAP_00000000001296788648248','MONS_00000000001297218526250',13,25);
INSERT INTO map_monsters VALUES ('MAP_00000000001296788648248','MONS_00000000001297218526250',13,26);
INSERT INTO map_monsters VALUES ('MAP_00000000001296788648248','MONS_00000000001297218526250',13,28);
INSERT INTO map_monsters VALUES ('MAP_00000000001296788648248','MONS_00000000001297218526250',13,40);
INSERT INTO map_monsters VALUES ('MAP_00000000001296788648248','MONS_00000000001297218526250',13,41);
INSERT INTO map_monsters VALUES ('MAP_00000000001296788648248','MONS_00000000001297218526250',13,42);
INSERT INTO map_monsters VALUES ('MAP_00000000001296788648248','MONS_00000000001297218526250',13,43);
INSERT INTO map_monsters VALUES ('MAP_00000000001296788648248','MONS_00000000001297218526250',14,1);
INSERT INTO map_monsters VALUES ('MAP_00000000001296788648248','MONS_00000000001297218526250',14,2);
INSERT INTO map_monsters VALUES ('MAP_00000000001296788648248','MONS_00000000001297218526250',14,3);
INSERT INTO map_monsters VALUES ('MAP_00000000001296788648248','MONS_00000000001297218526250',14,4);
INSERT INTO map_monsters VALUES ('MAP_00000000001296788648248','MONS_00000000001297218526250',14,5);
INSERT INTO map_monsters VALUES ('MAP_00000000001296788648248','MONS_00000000001297218526250',14,6);
INSERT INTO map_monsters VALUES ('MAP_00000000001296788648248','MONS_00000000001297218526250',14,7);
INSERT INTO map_monsters VALUES ('MAP_00000000001296788648248','MONS_00000000001297218526250',14,8);
INSERT INTO map_monsters VALUES ('MAP_00000000001296788648248','MONS_00000000001297218526250',14,9);
INSERT INTO map_monsters VALUES ('MAP_00000000001296788648248','MONS_00000000001297218526250',14,10);
INSERT INTO map_monsters VALUES ('MAP_00000000001296788648248','MONS_00000000001297218526250',14,11);
INSERT INTO map_monsters VALUES ('MAP_00000000001296788648248','MONS_00000000001297218526250',14,12);
INSERT INTO map_monsters VALUES ('MAP_00000000001296788648248','MONS_00000000001297218526250',14,13);
INSERT INTO map_monsters VALUES ('MAP_00000000001296788648248','MONS_00000000001297218526250',14,14);
INSERT INTO map_monsters VALUES ('MAP_00000000001296788648248','MONS_00000000001297218526250',14,15);
INSERT INTO map_monsters VALUES ('MAP_00000000001296788648248','MONS_00000000001297218526250',14,16);
INSERT INTO map_monsters VALUES ('MAP_00000000001296788648248','MONS_00000000001297218526250',14,17);
INSERT INTO map_monsters VALUES ('MAP_00000000001296788648248','MONS_00000000001297218526250',14,18);
INSERT INTO map_monsters VALUES ('MAP_00000000001296788648248','MONS_00000000001297218526250',14,19);
INSERT INTO map_monsters VALUES ('MAP_00000000001296788648248','MONS_00000000001297218526250',14,20);
INSERT INTO map_monsters VALUES ('MAP_00000000001296788648248','MONS_00000000001297218526250',14,21);
INSERT INTO map_monsters VALUES ('MAP_00000000001296788648248','MONS_00000000001297218526250',14,23);
INSERT INTO map_monsters VALUES ('MAP_00000000001296788648248','MONS_00000000001297218526250',14,24);
INSERT INTO map_monsters VALUES ('MAP_00000000001296788648248','MONS_00000000001297218526250',14,25);
INSERT INTO map_monsters VALUES ('MAP_00000000001296788648248','MONS_00000000001297218526250',14,26);
INSERT INTO map_monsters VALUES ('MAP_00000000001296788648248','MONS_00000000001297218526250',14,27);
INSERT INTO map_monsters VALUES ('MAP_00000000001296788648248','MONS_00000000001297218526250',14,28);
INSERT INTO map_monsters VALUES ('MAP_00000000001296788648248','MONS_00000000001297218526250',14,29);
INSERT INTO map_monsters VALUES ('MAP_00000000001296788648248','MONS_00000000001297218526250',14,30);
INSERT INTO map_monsters VALUES ('MAP_00000000001296788648248','MONS_00000000001297218526250',14,31);
INSERT INTO map_monsters VALUES ('MAP_00000000001296788648248','MONS_00000000001297218526250',14,32);
INSERT INTO map_monsters VALUES ('MAP_00000000001296788648248','MONS_00000000001297218526250',14,33);
INSERT INTO map_monsters VALUES ('MAP_00000000001296788648248','MONS_00000000001297218526250',14,34);
INSERT INTO map_monsters VALUES ('MAP_00000000001296788648248','MONS_00000000001297218526250',14,35);
INSERT INTO map_monsters VALUES ('MAP_00000000001296788648248','MONS_00000000001297218526250',14,36);
INSERT INTO map_monsters VALUES ('MAP_00000000001296788648248','MONS_00000000001297218526250',14,37);
INSERT INTO map_monsters VALUES ('MAP_00000000001296788648248','MONS_00000000001297218526250',14,38);
INSERT INTO map_monsters VALUES ('MAP_00000000001296788648248','MONS_00000000001297218526250',14,39);
INSERT INTO map_monsters VALUES ('MAP_00000000001296788648248','MONS_00000000001297218526250',14,40);
INSERT INTO map_monsters VALUES ('MAP_00000000001296788648248','MONS_00000000001297218526250',15,0);
INSERT INTO map_monsters VALUES ('MAP_00000000001296788648248','MONS_00000000001297218526250',15,1);
INSERT INTO map_monsters VALUES ('MAP_00000000001296788648248','MONS_00000000001297218526250',15,2);
INSERT INTO map_monsters VALUES ('MAP_00000000001296788648248','MONS_00000000001297218526250',15,3);
INSERT INTO map_monsters VALUES ('MAP_00000000001296788648248','MONS_00000000001297218526250',15,4);
INSERT INTO map_monsters VALUES ('MAP_00000000001296788648248','MONS_00000000001297218526250',15,5);
INSERT INTO map_monsters VALUES ('MAP_00000000001296788648248','MONS_00000000001297218526250',15,6);
INSERT INTO map_monsters VALUES ('MAP_00000000001296788648248','MONS_00000000001297218526250',15,7);
INSERT INTO map_monsters VALUES ('MAP_00000000001296788648248','MONS_00000000001297218526250',15,8);
INSERT INTO map_monsters VALUES ('MAP_00000000001296788648248','MONS_00000000001297218526250',15,9);
INSERT INTO map_monsters VALUES ('MAP_00000000001296788648248','MONS_00000000001297218526250',15,10);
INSERT INTO map_monsters VALUES ('MAP_00000000001296788648248','MONS_00000000001297218526250',15,11);
INSERT INTO map_monsters VALUES ('MAP_00000000001296788648248','MONS_00000000001297218526250',15,12);
INSERT INTO map_monsters VALUES ('MAP_00000000001296788648248','MONS_00000000001297218526250',15,13);
INSERT INTO map_monsters VALUES ('MAP_00000000001296788648248','MONS_00000000001297218526250',15,14);
INSERT INTO map_monsters VALUES ('MAP_00000000001296788648248','MONS_00000000001297218526250',15,15);
INSERT INTO map_monsters VALUES ('MAP_00000000001296788648248','MONS_00000000001297218526250',15,19);
INSERT INTO map_monsters VALUES ('MAP_00000000001296788648248','MONS_00000000001297218526250',15,20);
INSERT INTO map_monsters VALUES ('MAP_00000000001296788648248','MONS_00000000001297218526250',15,21);
INSERT INTO map_monsters VALUES ('MAP_00000000001296788648248','MONS_00000000001297218526250',15,22);
INSERT INTO map_monsters VALUES ('MAP_00000000001296788648248','MONS_00000000001297218526250',15,23);
INSERT INTO map_monsters VALUES ('MAP_00000000001296788648248','MONS_00000000001297218526250',15,24);
INSERT INTO map_monsters VALUES ('MAP_00000000001296788648248','MONS_00000000001297218526250',15,25);
INSERT INTO map_monsters VALUES ('MAP_00000000001296788648248','MONS_00000000001297218526250',15,26);
INSERT INTO map_monsters VALUES ('MAP_00000000001296788648248','MONS_00000000001297218526250',15,27);
INSERT INTO map_monsters VALUES ('MAP_00000000001296788648248','MONS_00000000001297218526250',15,28);
INSERT INTO map_monsters VALUES ('MAP_00000000001296788648248','MONS_00000000001297218526250',15,29);
INSERT INTO map_monsters VALUES ('MAP_00000000001296788648248','MONS_00000000001297218526250',15,30);
INSERT INTO map_monsters VALUES ('MAP_00000000001296788648248','MONS_00000000001297218526250',15,31);
INSERT INTO map_monsters VALUES ('MAP_00000000001296788648248','MONS_00000000001297218526250',15,32);
INSERT INTO map_monsters VALUES ('MAP_00000000001296788648248','MONS_00000000001297218526250',15,33);
INSERT INTO map_monsters VALUES ('MAP_00000000001296788648248','MONS_00000000001297218526250',15,34);
INSERT INTO map_monsters VALUES ('MAP_00000000001296788648248','MONS_00000000001297218526250',15,35);
INSERT INTO map_monsters VALUES ('MAP_00000000001296788648248','MONS_00000000001297218526250',15,36);
INSERT INTO map_monsters VALUES ('MAP_00000000001296788648248','MONS_00000000001297218526250',15,37);
INSERT INTO map_monsters VALUES ('MAP_00000000001296788648248','MONS_00000000001297218526250',15,38);
INSERT INTO map_monsters VALUES ('MAP_00000000001296788648248','MONS_00000000001297218526250',15,39);
INSERT INTO map_monsters VALUES ('MAP_00000000001296788648248','MONS_00000000001297218526250',15,40);
INSERT INTO map_monsters VALUES ('MAP_00000000001296788648248','MONS_00000000001297218526250',15,41);
INSERT INTO map_monsters VALUES ('MAP_00000000001296788648248','MONS_00000000001297218526250',15,42);
INSERT INTO map_monsters VALUES ('MAP_00000000001296788648248','MONS_00000000001297218526250',15,43);
INSERT INTO map_monsters VALUES ('MAP_00000000001296788648248','MONS_00000000001297218526250',16,0);
INSERT INTO map_monsters VALUES ('MAP_00000000001296788648248','MONS_00000000001297218526250',16,1);
INSERT INTO map_monsters VALUES ('MAP_00000000001296788648248','MONS_00000000001297218526250',16,2);
INSERT INTO map_monsters VALUES ('MAP_00000000001296788648248','MONS_00000000001297218526250',16,3);
INSERT INTO map_monsters VALUES ('MAP_00000000001296788648248','MONS_00000000001297218526250',16,4);
INSERT INTO map_monsters VALUES ('MAP_00000000001296788648248','MONS_00000000001297218526250',16,5);
INSERT INTO map_monsters VALUES ('MAP_00000000001296788648248','MONS_00000000001297218526250',16,6);
INSERT INTO map_monsters VALUES ('MAP_00000000001296788648248','MONS_00000000001297218526250',16,7);
INSERT INTO map_monsters VALUES ('MAP_00000000001296788648248','MONS_00000000001297218526250',16,8);
INSERT INTO map_monsters VALUES ('MAP_00000000001296788648248','MONS_00000000001297218526250',16,9);
INSERT INTO map_monsters VALUES ('MAP_00000000001296788648248','MONS_00000000001297218526250',16,10);
INSERT INTO map_monsters VALUES ('MAP_00000000001296788648248','MONS_00000000001297218526250',16,11);
INSERT INTO map_monsters VALUES ('MAP_00000000001296788648248','MONS_00000000001297218526250',16,12);
INSERT INTO map_monsters VALUES ('MAP_00000000001296788648248','MONS_00000000001297218526250',16,13);
INSERT INTO map_monsters VALUES ('MAP_00000000001296788648248','MONS_00000000001297218526250',16,14);
INSERT INTO map_monsters VALUES ('MAP_00000000001296788648248','MONS_00000000001297218526250',16,15);
INSERT INTO map_monsters VALUES ('MAP_00000000001296788648248','MONS_00000000001297218526250',16,19);
INSERT INTO map_monsters VALUES ('MAP_00000000001296788648248','MONS_00000000001297218526250',16,20);
INSERT INTO map_monsters VALUES ('MAP_00000000001296788648248','MONS_00000000001297218526250',16,21);
INSERT INTO map_monsters VALUES ('MAP_00000000001296788648248','MONS_00000000001297218526250',16,22);
INSERT INTO map_monsters VALUES ('MAP_00000000001296788648248','MONS_00000000001297218526250',16,23);
INSERT INTO map_monsters VALUES ('MAP_00000000001296788648248','MONS_00000000001297218526250',16,24);
INSERT INTO map_monsters VALUES ('MAP_00000000001296788648248','MONS_00000000001297218526250',16,25);
INSERT INTO map_monsters VALUES ('MAP_00000000001296788648248','MONS_00000000001297218526250',16,26);
INSERT INTO map_monsters VALUES ('MAP_00000000001296788648248','MONS_00000000001297218526250',16,27);
INSERT INTO map_monsters VALUES ('MAP_00000000001296788648248','MONS_00000000001297218526250',16,28);
INSERT INTO map_monsters VALUES ('MAP_00000000001296788648248','MONS_00000000001297218526250',16,29);
INSERT INTO map_monsters VALUES ('MAP_00000000001296788648248','MONS_00000000001297218526250',16,30);
INSERT INTO map_monsters VALUES ('MAP_00000000001296788648248','MONS_00000000001297218526250',16,31);
INSERT INTO map_monsters VALUES ('MAP_00000000001296788648248','MONS_00000000001297218526250',16,32);
INSERT INTO map_monsters VALUES ('MAP_00000000001296788648248','MONS_00000000001297218526250',16,33);
INSERT INTO map_monsters VALUES ('MAP_00000000001296788648248','MONS_00000000001297218526250',16,34);
INSERT INTO map_monsters VALUES ('MAP_00000000001296788648248','MONS_00000000001297218526250',16,35);
INSERT INTO map_monsters VALUES ('MAP_00000000001296788648248','MONS_00000000001297218526250',16,36);
INSERT INTO map_monsters VALUES ('MAP_00000000001296788648248','MONS_00000000001297218526250',16,37);
INSERT INTO map_monsters VALUES ('MAP_00000000001296788648248','MONS_00000000001297218526250',16,38);
INSERT INTO map_monsters VALUES ('MAP_00000000001296788648248','MONS_00000000001297218526250',16,39);
INSERT INTO map_monsters VALUES ('MAP_00000000001296788648248','MONS_00000000001297218526250',16,40);
INSERT INTO map_monsters VALUES ('MAP_00000000001296788648248','MONS_00000000001297218526250',16,41);
INSERT INTO map_monsters VALUES ('MAP_00000000001296788648248','MONS_00000000001297218526250',16,42);
INSERT INTO map_monsters VALUES ('MAP_00000000001296788648248','MONS_00000000001297218526250',16,43);
INSERT INTO map_monsters VALUES ('MAP_00000000001296788648248','MONS_00000000001297218526250',17,1);
INSERT INTO map_monsters VALUES ('MAP_00000000001296788648248','MONS_00000000001297218526250',17,2);
INSERT INTO map_monsters VALUES ('MAP_00000000001296788648248','MONS_00000000001297218526250',17,3);
INSERT INTO map_monsters VALUES ('MAP_00000000001296788648248','MONS_00000000001297218526250',17,4);
INSERT INTO map_monsters VALUES ('MAP_00000000001296788648248','MONS_00000000001297218526250',17,5);
INSERT INTO map_monsters VALUES ('MAP_00000000001296788648248','MONS_00000000001297218526250',17,6);
INSERT INTO map_monsters VALUES ('MAP_00000000001296788648248','MONS_00000000001297218526250',17,7);
INSERT INTO map_monsters VALUES ('MAP_00000000001296788648248','MONS_00000000001297218526250',17,8);
INSERT INTO map_monsters VALUES ('MAP_00000000001296788648248','MONS_00000000001297218526250',17,9);
INSERT INTO map_monsters VALUES ('MAP_00000000001296788648248','MONS_00000000001297218526250',17,10);
INSERT INTO map_monsters VALUES ('MAP_00000000001296788648248','MONS_00000000001297218526250',17,11);
INSERT INTO map_monsters VALUES ('MAP_00000000001296788648248','MONS_00000000001297218526250',17,12);
INSERT INTO map_monsters VALUES ('MAP_00000000001296788648248','MONS_00000000001297218526250',17,13);
INSERT INTO map_monsters VALUES ('MAP_00000000001296788648248','MONS_00000000001297218526250',17,14);
INSERT INTO map_monsters VALUES ('MAP_00000000001296788648248','MONS_00000000001297218526250',17,15);
INSERT INTO map_monsters VALUES ('MAP_00000000001296788648248','MONS_00000000001297218526250',17,16);
INSERT INTO map_monsters VALUES ('MAP_00000000001296788648248','MONS_00000000001297218526250',17,17);
INSERT INTO map_monsters VALUES ('MAP_00000000001296788648248','MONS_00000000001297218526250',17,18);
INSERT INTO map_monsters VALUES ('MAP_00000000001296788648248','MONS_00000000001297218526250',17,19);
INSERT INTO map_monsters VALUES ('MAP_00000000001296788648248','MONS_00000000001297218526250',17,20);
INSERT INTO map_monsters VALUES ('MAP_00000000001296788648248','MONS_00000000001297218526250',17,21);
INSERT INTO map_monsters VALUES ('MAP_00000000001296788648248','MONS_00000000001297218526250',17,23);
INSERT INTO map_monsters VALUES ('MAP_00000000001296788648248','MONS_00000000001297218526250',17,24);
INSERT INTO map_monsters VALUES ('MAP_00000000001296788648248','MONS_00000000001297218526250',17,25);
INSERT INTO map_monsters VALUES ('MAP_00000000001296788648248','MONS_00000000001297218526250',17,26);
INSERT INTO map_monsters VALUES ('MAP_00000000001296788648248','MONS_00000000001297218526250',17,27);
INSERT INTO map_monsters VALUES ('MAP_00000000001296788648248','MONS_00000000001297218526250',17,28);
INSERT INTO map_monsters VALUES ('MAP_00000000001296788648248','MONS_00000000001297218526250',17,29);
INSERT INTO map_monsters VALUES ('MAP_00000000001296788648248','MONS_00000000001297218526250',17,30);
INSERT INTO map_monsters VALUES ('MAP_00000000001296788648248','MONS_00000000001297218526250',17,31);
INSERT INTO map_monsters VALUES ('MAP_00000000001296788648248','MONS_00000000001297218526250',17,32);
INSERT INTO map_monsters VALUES ('MAP_00000000001296788648248','MONS_00000000001297218526250',17,33);
INSERT INTO map_monsters VALUES ('MAP_00000000001296788648248','MONS_00000000001297218526250',17,34);
INSERT INTO map_monsters VALUES ('MAP_00000000001296788648248','MONS_00000000001297218526250',17,35);
INSERT INTO map_monsters VALUES ('MAP_00000000001296788648248','MONS_00000000001297218526250',17,36);
INSERT INTO map_monsters VALUES ('MAP_00000000001296788648248','MONS_00000000001297218526250',17,37);
INSERT INTO map_monsters VALUES ('MAP_00000000001296788648248','MONS_00000000001297218526250',17,38);
INSERT INTO map_monsters VALUES ('MAP_00000000001296788648248','MONS_00000000001297218526250',17,39);
INSERT INTO map_monsters VALUES ('MAP_00000000001296788648248','MONS_00000000001297218526250',17,40);
INSERT INTO map_monsters VALUES ('MAP_00000000001296788648248','MONS_00000000001297218526250',18,7);
INSERT INTO map_monsters VALUES ('MAP_00000000001296788648248','MONS_00000000001297218526250',18,11);
INSERT INTO map_monsters VALUES ('MAP_00000000001296788648248','MONS_00000000001297218526250',18,20);
INSERT INTO map_monsters VALUES ('MAP_00000000001296788648248','MONS_00000000001297218526250',18,21);
INSERT INTO map_monsters VALUES ('MAP_00000000001296788648248','MONS_00000000001297218526250',18,22);
INSERT INTO map_monsters VALUES ('MAP_00000000001296788648248','MONS_00000000001297218526250',18,23);
INSERT INTO map_monsters VALUES ('MAP_00000000001296788648248','MONS_00000000001297218526250',18,24);
INSERT INTO map_monsters VALUES ('MAP_00000000001296788648248','MONS_00000000001297218526250',18,25);
INSERT INTO map_monsters VALUES ('MAP_00000000001296788648248','MONS_00000000001297218526250',18,26);
INSERT INTO map_monsters VALUES ('MAP_00000000001296788648248','MONS_00000000001297218526250',18,28);
INSERT INTO map_monsters VALUES ('MAP_00000000001296788648248','MONS_00000000001297218526250',18,40);
INSERT INTO map_monsters VALUES ('MAP_00000000001296788648248','MONS_00000000001297218526250',18,41);
INSERT INTO map_monsters VALUES ('MAP_00000000001296788648248','MONS_00000000001297218526250',18,42);
INSERT INTO map_monsters VALUES ('MAP_00000000001296788648248','MONS_00000000001297218526250',18,43);
INSERT INTO map_monsters VALUES ('MAP_00000000001296788648248','MONS_00000000001297218526250',19,7);
INSERT INTO map_monsters VALUES ('MAP_00000000001296788648248','MONS_00000000001297218526250',19,10);
INSERT INTO map_monsters VALUES ('MAP_00000000001296788648248','MONS_00000000001297218526250',19,11);
INSERT INTO map_monsters VALUES ('MAP_00000000001296788648248','MONS_00000000001297218526250',19,12);
INSERT INTO map_monsters VALUES ('MAP_00000000001296788648248','MONS_00000000001297218526250',19,13);
INSERT INTO map_monsters VALUES ('MAP_00000000001296788648248','MONS_00000000001297218526250',19,14);
INSERT INTO map_monsters VALUES ('MAP_00000000001296788648248','MONS_00000000001297218526250',19,15);
INSERT INTO map_monsters VALUES ('MAP_00000000001296788648248','MONS_00000000001297218526250',19,16);
INSERT INTO map_monsters VALUES ('MAP_00000000001296788648248','MONS_00000000001297218526250',19,17);
INSERT INTO map_monsters VALUES ('MAP_00000000001296788648248','MONS_00000000001297218526250',19,18);
INSERT INTO map_monsters VALUES ('MAP_00000000001296788648248','MONS_00000000001297218526250',19,20);
INSERT INTO map_monsters VALUES ('MAP_00000000001296788648248','MONS_00000000001297218526250',19,21);
INSERT INTO map_monsters VALUES ('MAP_00000000001296788648248','MONS_00000000001297218526250',19,22);
INSERT INTO map_monsters VALUES ('MAP_00000000001296788648248','MONS_00000000001297218526250',19,23);
INSERT INTO map_monsters VALUES ('MAP_00000000001296788648248','MONS_00000000001297218526250',19,24);
INSERT INTO map_monsters VALUES ('MAP_00000000001296788648248','MONS_00000000001297218526250',19,27);
INSERT INTO map_monsters VALUES ('MAP_00000000001296788648248','MONS_00000000001297218526250',19,28);
INSERT INTO map_monsters VALUES ('MAP_00000000001296788648248','MONS_00000000001297218526250',19,29);
INSERT INTO map_monsters VALUES ('MAP_00000000001296788648248','MONS_00000000001297218526250',19,30);
INSERT INTO map_monsters VALUES ('MAP_00000000001296788648248','MONS_00000000001297218526250',19,31);
INSERT INTO map_monsters VALUES ('MAP_00000000001296788648248','MONS_00000000001297218526250',19,32);
INSERT INTO map_monsters VALUES ('MAP_00000000001296788648248','MONS_00000000001297218526250',19,33);
INSERT INTO map_monsters VALUES ('MAP_00000000001296788648248','MONS_00000000001297218526250',19,34);
INSERT INTO map_monsters VALUES ('MAP_00000000001296788648248','MONS_00000000001297218526250',19,35);
INSERT INTO map_monsters VALUES ('MAP_00000000001296788648248','MONS_00000000001297218526250',19,36);
INSERT INTO map_monsters VALUES ('MAP_00000000001296788648248','MONS_00000000001297218526250',19,37);
INSERT INTO map_monsters VALUES ('MAP_00000000001296788648248','MONS_00000000001297218526250',19,38);
INSERT INTO map_monsters VALUES ('MAP_00000000001296788648248','MONS_00000000001297218526250',19,39);
INSERT INTO map_monsters VALUES ('MAP_00000000001296788648248','MONS_00000000001297218526250',19,40);
INSERT INTO map_monsters VALUES ('MAP_00000000001296788648248','MONS_00000000001297218526250',19,42);
INSERT INTO map_monsters VALUES ('MAP_00000000001296788648248','MONS_00000000001297218526250',19,43);
INSERT INTO map_monsters VALUES ('MAP_00000000001296788648248','MONS_00000000001297218526250',20,4);
INSERT INTO map_monsters VALUES ('MAP_00000000001296788648248','MONS_00000000001297218526250',20,5);
INSERT INTO map_monsters VALUES ('MAP_00000000001296788648248','MONS_00000000001297218526250',20,6);
INSERT INTO map_monsters VALUES ('MAP_00000000001296788648248','MONS_00000000001297218526250',20,7);
INSERT INTO map_monsters VALUES ('MAP_00000000001296788648248','MONS_00000000001297218526250',20,10);
INSERT INTO map_monsters VALUES ('MAP_00000000001296788648248','MONS_00000000001297218526250',20,19);
INSERT INTO map_monsters VALUES ('MAP_00000000001296788648248','MONS_00000000001297218526250',20,22);
INSERT INTO map_monsters VALUES ('MAP_00000000001296788648248','MONS_00000000001297218526250',20,23);
INSERT INTO map_monsters VALUES ('MAP_00000000001296788648248','MONS_00000000001297218526250',20,24);
INSERT INTO map_monsters VALUES ('MAP_00000000001296788648248','MONS_00000000001297218526250',20,38);
INSERT INTO map_monsters VALUES ('MAP_00000000001296788648248','MONS_00000000001297218526250',20,42);
INSERT INTO map_monsters VALUES ('MAP_00000000001296788648248','MONS_00000000001297218526250',20,43);
INSERT INTO map_monsters VALUES ('MAP_00000000001296788648248','MONS_00000000001297218526250',21,5);
INSERT INTO map_monsters VALUES ('MAP_00000000001296788648248','MONS_00000000001297218526250',21,7);
INSERT INTO map_monsters VALUES ('MAP_00000000001296788648248','MONS_00000000001297218526250',21,10);
INSERT INTO map_monsters VALUES ('MAP_00000000001296788648248','MONS_00000000001297218526250',21,11);
INSERT INTO map_monsters VALUES ('MAP_00000000001296788648248','MONS_00000000001297218526250',21,12);
INSERT INTO map_monsters VALUES ('MAP_00000000001296788648248','MONS_00000000001297218526250',21,13);
INSERT INTO map_monsters VALUES ('MAP_00000000001296788648248','MONS_00000000001297218526250',21,14);
INSERT INTO map_monsters VALUES ('MAP_00000000001296788648248','MONS_00000000001297218526250',21,15);
INSERT INTO map_monsters VALUES ('MAP_00000000001296788648248','MONS_00000000001297218526250',21,16);
INSERT INTO map_monsters VALUES ('MAP_00000000001296788648248','MONS_00000000001297218526250',21,17);
INSERT INTO map_monsters VALUES ('MAP_00000000001296788648248','MONS_00000000001297218526250',21,18);
INSERT INTO map_monsters VALUES ('MAP_00000000001296788648248','MONS_00000000001297218526250',21,19);
INSERT INTO map_monsters VALUES ('MAP_00000000001296788648248','MONS_00000000001297218526250',21,20);
INSERT INTO map_monsters VALUES ('MAP_00000000001296788648248','MONS_00000000001297218526250',21,21);
INSERT INTO map_monsters VALUES ('MAP_00000000001296788648248','MONS_00000000001297218526250',21,22);
INSERT INTO map_monsters VALUES ('MAP_00000000001296788648248','MONS_00000000001297218526250',21,23);
INSERT INTO map_monsters VALUES ('MAP_00000000001296788648248','MONS_00000000001297218526250',21,24);
INSERT INTO map_monsters VALUES ('MAP_00000000001296788648248','MONS_00000000001297218526250',21,25);
INSERT INTO map_monsters VALUES ('MAP_00000000001296788648248','MONS_00000000001297218526250',21,26);
INSERT INTO map_monsters VALUES ('MAP_00000000001296788648248','MONS_00000000001297218526250',21,27);
INSERT INTO map_monsters VALUES ('MAP_00000000001296788648248','MONS_00000000001297218526250',21,28);
INSERT INTO map_monsters VALUES ('MAP_00000000001296788648248','MONS_00000000001297218526250',21,29);
INSERT INTO map_monsters VALUES ('MAP_00000000001296788648248','MONS_00000000001297218526250',21,30);
INSERT INTO map_monsters VALUES ('MAP_00000000001296788648248','MONS_00000000001297218526250',21,31);
INSERT INTO map_monsters VALUES ('MAP_00000000001296788648248','MONS_00000000001297218526250',21,32);
INSERT INTO map_monsters VALUES ('MAP_00000000001296788648248','MONS_00000000001297218526250',21,33);
INSERT INTO map_monsters VALUES ('MAP_00000000001296788648248','MONS_00000000001297218526250',21,34);
INSERT INTO map_monsters VALUES ('MAP_00000000001296788648248','MONS_00000000001297218526250',21,35);
INSERT INTO map_monsters VALUES ('MAP_00000000001296788648248','MONS_00000000001297218526250',21,36);
INSERT INTO map_monsters VALUES ('MAP_00000000001296788648248','MONS_00000000001297218526250',21,37);
INSERT INTO map_monsters VALUES ('MAP_00000000001296788648248','MONS_00000000001297218526250',21,38);
INSERT INTO map_monsters VALUES ('MAP_00000000001296788648248','MONS_00000000001297218526250',21,39);
INSERT INTO map_monsters VALUES ('MAP_00000000001296788648248','MONS_00000000001297218526250',21,42);
INSERT INTO map_monsters VALUES ('MAP_00000000001296788648248','MONS_00000000001297218526250',21,43);
INSERT INTO map_monsters VALUES ('MAP_00000000001296788648248','MONS_00000000001297218526250',22,2);
INSERT INTO map_monsters VALUES ('MAP_00000000001296788648248','MONS_00000000001297218526250',22,5);
INSERT INTO map_monsters VALUES ('MAP_00000000001296788648248','MONS_00000000001297218526250',22,7);
INSERT INTO map_monsters VALUES ('MAP_00000000001296788648248','MONS_00000000001297218526250',22,10);
INSERT INTO map_monsters VALUES ('MAP_00000000001296788648248','MONS_00000000001297218526250',22,15);
INSERT INTO map_monsters VALUES ('MAP_00000000001296788648248','MONS_00000000001297218526250',22,20);
INSERT INTO map_monsters VALUES ('MAP_00000000001296788648248','MONS_00000000001297218526250',22,22);
INSERT INTO map_monsters VALUES ('MAP_00000000001296788648248','MONS_00000000001297218526250',22,23);
INSERT INTO map_monsters VALUES ('MAP_00000000001296788648248','MONS_00000000001297218526250',22,24);
INSERT INTO map_monsters VALUES ('MAP_00000000001296788648248','MONS_00000000001297218526250',22,26);
INSERT INTO map_monsters VALUES ('MAP_00000000001296788648248','MONS_00000000001297218526250',22,39);
INSERT INTO map_monsters VALUES ('MAP_00000000001296788648248','MONS_00000000001297218526250',22,42);
INSERT INTO map_monsters VALUES ('MAP_00000000001296788648248','MONS_00000000001297218526250',22,43);
INSERT INTO map_monsters VALUES ('MAP_00000000001296788648248','MONS_00000000001297218526250',23,2);
INSERT INTO map_monsters VALUES ('MAP_00000000001296788648248','MONS_00000000001297218526250',23,3);
INSERT INTO map_monsters VALUES ('MAP_00000000001296788648248','MONS_00000000001297218526250',23,4);
INSERT INTO map_monsters VALUES ('MAP_00000000001296788648248','MONS_00000000001297218526250',23,5);
INSERT INTO map_monsters VALUES ('MAP_00000000001296788648248','MONS_00000000001297218526250',23,7);
INSERT INTO map_monsters VALUES ('MAP_00000000001296788648248','MONS_00000000001297218526250',23,10);
INSERT INTO map_monsters VALUES ('MAP_00000000001296788648248','MONS_00000000001297218526250',23,11);
INSERT INTO map_monsters VALUES ('MAP_00000000001296788648248','MONS_00000000001297218526250',23,12);
INSERT INTO map_monsters VALUES ('MAP_00000000001296788648248','MONS_00000000001297218526250',23,13);
INSERT INTO map_monsters VALUES ('MAP_00000000001296788648248','MONS_00000000001297218526250',23,14);
INSERT INTO map_monsters VALUES ('MAP_00000000001296788648248','MONS_00000000001297218526250',23,15);
INSERT INTO map_monsters VALUES ('MAP_00000000001296788648248','MONS_00000000001297218526250',23,16);
INSERT INTO map_monsters VALUES ('MAP_00000000001296788648248','MONS_00000000001297218526250',23,17);
INSERT INTO map_monsters VALUES ('MAP_00000000001296788648248','MONS_00000000001297218526250',23,18);
INSERT INTO map_monsters VALUES ('MAP_00000000001296788648248','MONS_00000000001297218526250',23,19);
INSERT INTO map_monsters VALUES ('MAP_00000000001296788648248','MONS_00000000001297218526250',23,20);
INSERT INTO map_monsters VALUES ('MAP_00000000001296788648248','MONS_00000000001297218526250',23,22);
INSERT INTO map_monsters VALUES ('MAP_00000000001296788648248','MONS_00000000001297218526250',23,23);
INSERT INTO map_monsters VALUES ('MAP_00000000001296788648248','MONS_00000000001297218526250',23,24);
INSERT INTO map_monsters VALUES ('MAP_00000000001296788648248','MONS_00000000001297218526250',23,26);
INSERT INTO map_monsters VALUES ('MAP_00000000001296788648248','MONS_00000000001297218526250',23,27);
INSERT INTO map_monsters VALUES ('MAP_00000000001296788648248','MONS_00000000001297218526250',23,28);
INSERT INTO map_monsters VALUES ('MAP_00000000001296788648248','MONS_00000000001297218526250',23,29);
INSERT INTO map_monsters VALUES ('MAP_00000000001296788648248','MONS_00000000001297218526250',23,30);
INSERT INTO map_monsters VALUES ('MAP_00000000001296788648248','MONS_00000000001297218526250',23,31);
INSERT INTO map_monsters VALUES ('MAP_00000000001296788648248','MONS_00000000001297218526250',23,32);
INSERT INTO map_monsters VALUES ('MAP_00000000001296788648248','MONS_00000000001297218526250',23,33);
INSERT INTO map_monsters VALUES ('MAP_00000000001296788648248','MONS_00000000001297218526250',23,34);
INSERT INTO map_monsters VALUES ('MAP_00000000001296788648248','MONS_00000000001297218526250',23,35);
INSERT INTO map_monsters VALUES ('MAP_00000000001296788648248','MONS_00000000001297218526250',23,36);
INSERT INTO map_monsters VALUES ('MAP_00000000001296788648248','MONS_00000000001297218526250',23,37);
INSERT INTO map_monsters VALUES ('MAP_00000000001296788648248','MONS_00000000001297218526250',23,38);
INSERT INTO map_monsters VALUES ('MAP_00000000001296788648248','MONS_00000000001297218526250',23,39);
INSERT INTO map_monsters VALUES ('MAP_00000000001296788648248','MONS_00000000001297218526250',23,42);
INSERT INTO map_monsters VALUES ('MAP_00000000001296788648248','MONS_00000000001297218526250',23,43);
INSERT INTO map_monsters VALUES ('MAP_00000000001296788648248','MONS_00000000001297218526250',24,2);
INSERT INTO map_monsters VALUES ('MAP_00000000001296788648248','MONS_00000000001297218526250',24,7);
INSERT INTO map_monsters VALUES ('MAP_00000000001296788648248','MONS_00000000001297218526250',24,22);
INSERT INTO map_monsters VALUES ('MAP_00000000001296788648248','MONS_00000000001297218526250',24,23);
INSERT INTO map_monsters VALUES ('MAP_00000000001296788648248','MONS_00000000001297218526250',24,24);
INSERT INTO map_monsters VALUES ('MAP_00000000001296788648248','MONS_00000000001297218526250',24,42);
INSERT INTO map_monsters VALUES ('MAP_00000000001296788648248','MONS_00000000001297218526250',24,43);
INSERT INTO map_monsters VALUES ('MAP_00000000001296788648248','MONS_00000000001297218526250',25,2);
INSERT INTO map_monsters VALUES ('MAP_00000000001296788648248','MONS_00000000001297218526250',25,7);
INSERT INTO map_monsters VALUES ('MAP_00000000001296788648248','MONS_00000000001297218526250',25,22);
INSERT INTO map_monsters VALUES ('MAP_00000000001296788648248','MONS_00000000001297218526250',25,23);
INSERT INTO map_monsters VALUES ('MAP_00000000001296788648248','MONS_00000000001297218526250',25,24);
INSERT INTO map_monsters VALUES ('MAP_00000000001296788648248','MONS_00000000001297218526250',25,42);
INSERT INTO map_monsters VALUES ('MAP_00000000001296788648248','MONS_00000000001297218526250',25,43);
INSERT INTO map_monsters VALUES ('MAP_00000000001296788648248','MONS_00000000001297218526250',26,2);
INSERT INTO map_monsters VALUES ('MAP_00000000001296788648248','MONS_00000000001297218526250',26,3);
INSERT INTO map_monsters VALUES ('MAP_00000000001296788648248','MONS_00000000001297218526250',26,4);
INSERT INTO map_monsters VALUES ('MAP_00000000001296788648248','MONS_00000000001297218526250',26,5);
INSERT INTO map_monsters VALUES ('MAP_00000000001296788648248','MONS_00000000001297218526250',26,7);
INSERT INTO map_monsters VALUES ('MAP_00000000001296788648248','MONS_00000000001297218526250',26,15);
INSERT INTO map_monsters VALUES ('MAP_00000000001296788648248','MONS_00000000001297218526250',26,16);
INSERT INTO map_monsters VALUES ('MAP_00000000001296788648248','MONS_00000000001297218526250',26,17);
INSERT INTO map_monsters VALUES ('MAP_00000000001296788648248','MONS_00000000001297218526250',26,18);
INSERT INTO map_monsters VALUES ('MAP_00000000001296788648248','MONS_00000000001297218526250',26,19);
INSERT INTO map_monsters VALUES ('MAP_00000000001296788648248','MONS_00000000001297218526250',26,20);
INSERT INTO map_monsters VALUES ('MAP_00000000001296788648248','MONS_00000000001297218526250',26,21);
INSERT INTO map_monsters VALUES ('MAP_00000000001296788648248','MONS_00000000001297218526250',26,22);
INSERT INTO map_monsters VALUES ('MAP_00000000001296788648248','MONS_00000000001297218526250',26,23);
INSERT INTO map_monsters VALUES ('MAP_00000000001296788648248','MONS_00000000001297218526250',26,24);
INSERT INTO map_monsters VALUES ('MAP_00000000001296788648248','MONS_00000000001297218526250',26,25);
INSERT INTO map_monsters VALUES ('MAP_00000000001296788648248','MONS_00000000001297218526250',26,26);
INSERT INTO map_monsters VALUES ('MAP_00000000001296788648248','MONS_00000000001297218526250',26,27);
INSERT INTO map_monsters VALUES ('MAP_00000000001296788648248','MONS_00000000001297218526250',26,28);
INSERT INTO map_monsters VALUES ('MAP_00000000001296788648248','MONS_00000000001297218526250',26,29);
INSERT INTO map_monsters VALUES ('MAP_00000000001296788648248','MONS_00000000001297218526250',26,30);
INSERT INTO map_monsters VALUES ('MAP_00000000001296788648248','MONS_00000000001297218526250',26,31);
INSERT INTO map_monsters VALUES ('MAP_00000000001296788648248','MONS_00000000001297218526250',26,42);
INSERT INTO map_monsters VALUES ('MAP_00000000001296788648248','MONS_00000000001297218526250',26,43);
INSERT INTO map_monsters VALUES ('MAP_00000000001296788648248','MONS_00000000001297218526250',27,2);
INSERT INTO map_monsters VALUES ('MAP_00000000001296788648248','MONS_00000000001297218526250',27,5);
INSERT INTO map_monsters VALUES ('MAP_00000000001296788648248','MONS_00000000001297218526250',27,6);
INSERT INTO map_monsters VALUES ('MAP_00000000001296788648248','MONS_00000000001297218526250',27,7);
INSERT INTO map_monsters VALUES ('MAP_00000000001296788648248','MONS_00000000001297218526250',27,8);
INSERT INTO map_monsters VALUES ('MAP_00000000001296788648248','MONS_00000000001297218526250',27,9);
INSERT INTO map_monsters VALUES ('MAP_00000000001296788648248','MONS_00000000001297218526250',27,10);
INSERT INTO map_monsters VALUES ('MAP_00000000001296788648248','MONS_00000000001297218526250',27,11);
INSERT INTO map_monsters VALUES ('MAP_00000000001296788648248','MONS_00000000001297218526250',27,12);
INSERT INTO map_monsters VALUES ('MAP_00000000001296788648248','MONS_00000000001297218526250',27,13);
INSERT INTO map_monsters VALUES ('MAP_00000000001296788648248','MONS_00000000001297218526250',27,14);
INSERT INTO map_monsters VALUES ('MAP_00000000001296788648248','MONS_00000000001297218526250',27,15);
INSERT INTO map_monsters VALUES ('MAP_00000000001296788648248','MONS_00000000001297218526250',27,18);
INSERT INTO map_monsters VALUES ('MAP_00000000001296788648248','MONS_00000000001297218526250',27,22);
INSERT INTO map_monsters VALUES ('MAP_00000000001296788648248','MONS_00000000001297218526250',27,23);
INSERT INTO map_monsters VALUES ('MAP_00000000001296788648248','MONS_00000000001297218526250',27,24);
INSERT INTO map_monsters VALUES ('MAP_00000000001296788648248','MONS_00000000001297218526250',27,28);
INSERT INTO map_monsters VALUES ('MAP_00000000001296788648248','MONS_00000000001297218526250',27,31);
INSERT INTO map_monsters VALUES ('MAP_00000000001296788648248','MONS_00000000001297218526250',27,32);
INSERT INTO map_monsters VALUES ('MAP_00000000001296788648248','MONS_00000000001297218526250',27,33);
INSERT INTO map_monsters VALUES ('MAP_00000000001296788648248','MONS_00000000001297218526250',27,34);
INSERT INTO map_monsters VALUES ('MAP_00000000001296788648248','MONS_00000000001297218526250',27,35);
INSERT INTO map_monsters VALUES ('MAP_00000000001296788648248','MONS_00000000001297218526250',27,36);
INSERT INTO map_monsters VALUES ('MAP_00000000001296788648248','MONS_00000000001297218526250',27,37);
INSERT INTO map_monsters VALUES ('MAP_00000000001296788648248','MONS_00000000001297218526250',27,38);
INSERT INTO map_monsters VALUES ('MAP_00000000001296788648248','MONS_00000000001297218526250',27,39);
INSERT INTO map_monsters VALUES ('MAP_00000000001296788648248','MONS_00000000001297218526250',27,40);
INSERT INTO map_monsters VALUES ('MAP_00000000001296788648248','MONS_00000000001297218526250',27,41);
INSERT INTO map_monsters VALUES ('MAP_00000000001296788648248','MONS_00000000001297218526250',27,42);
INSERT INTO map_monsters VALUES ('MAP_00000000001296788648248','MONS_00000000001297218526250',27,43);
INSERT INTO map_monsters VALUES ('MAP_00000000001296788648248','MONS_00000000001297218526250',28,6);
INSERT INTO map_monsters VALUES ('MAP_00000000001296788648248','MONS_00000000001297218526250',28,15);
INSERT INTO map_monsters VALUES ('MAP_00000000001296788648248','MONS_00000000001297218526250',28,22);
INSERT INTO map_monsters VALUES ('MAP_00000000001296788648248','MONS_00000000001297218526250',28,23);
INSERT INTO map_monsters VALUES ('MAP_00000000001296788648248','MONS_00000000001297218526250',28,24);
INSERT INTO map_monsters VALUES ('MAP_00000000001296788648248','MONS_00000000001297218526250',28,31);
INSERT INTO map_monsters VALUES ('MAP_00000000001296788648248','MONS_00000000001297218526250',28,43);
INSERT INTO map_monsters VALUES ('MAP_00000000001296788648248','MONS_00000000001297218526250',29,4);
INSERT INTO map_monsters VALUES ('MAP_00000000001296788648248','MONS_00000000001297218526250',29,5);
INSERT INTO map_monsters VALUES ('MAP_00000000001296788648248','MONS_00000000001297218526250',29,6);
INSERT INTO map_monsters VALUES ('MAP_00000000001296788648248','MONS_00000000001297218526250',29,7);
INSERT INTO map_monsters VALUES ('MAP_00000000001296788648248','MONS_00000000001297218526250',29,8);
INSERT INTO map_monsters VALUES ('MAP_00000000001296788648248','MONS_00000000001297218526250',29,9);
INSERT INTO map_monsters VALUES ('MAP_00000000001296788648248','MONS_00000000001297218526250',29,10);
INSERT INTO map_monsters VALUES ('MAP_00000000001296788648248','MONS_00000000001297218526250',29,11);
INSERT INTO map_monsters VALUES ('MAP_00000000001296788648248','MONS_00000000001297218526250',29,12);
INSERT INTO map_monsters VALUES ('MAP_00000000001296788648248','MONS_00000000001297218526250',29,13);
INSERT INTO map_monsters VALUES ('MAP_00000000001296788648248','MONS_00000000001297218526250',29,14);
INSERT INTO map_monsters VALUES ('MAP_00000000001296788648248','MONS_00000000001297218526250',29,15);
INSERT INTO map_monsters VALUES ('MAP_00000000001296788648248','MONS_00000000001297218526250',29,20);
INSERT INTO map_monsters VALUES ('MAP_00000000001296788648248','MONS_00000000001297218526250',29,21);
INSERT INTO map_monsters VALUES ('MAP_00000000001296788648248','MONS_00000000001297218526250',29,22);
INSERT INTO map_monsters VALUES ('MAP_00000000001296788648248','MONS_00000000001297218526250',29,23);
INSERT INTO map_monsters VALUES ('MAP_00000000001296788648248','MONS_00000000001297218526250',29,24);
INSERT INTO map_monsters VALUES ('MAP_00000000001296788648248','MONS_00000000001297218526250',29,25);
INSERT INTO map_monsters VALUES ('MAP_00000000001296788648248','MONS_00000000001297218526250',29,26);
INSERT INTO map_monsters VALUES ('MAP_00000000001296788648248','MONS_00000000001297218526250',29,31);
INSERT INTO map_monsters VALUES ('MAP_00000000001296788648248','MONS_00000000001297218526250',29,32);
INSERT INTO map_monsters VALUES ('MAP_00000000001296788648248','MONS_00000000001297218526250',29,33);
INSERT INTO map_monsters VALUES ('MAP_00000000001296788648248','MONS_00000000001297218526250',29,34);
INSERT INTO map_monsters VALUES ('MAP_00000000001296788648248','MONS_00000000001297218526250',29,35);
INSERT INTO map_monsters VALUES ('MAP_00000000001296788648248','MONS_00000000001297218526250',29,36);
INSERT INTO map_monsters VALUES ('MAP_00000000001296788648248','MONS_00000000001297218526250',29,37);
INSERT INTO map_monsters VALUES ('MAP_00000000001296788648248','MONS_00000000001297218526250',29,38);
INSERT INTO map_monsters VALUES ('MAP_00000000001296788648248','MONS_00000000001297218526250',29,39);
INSERT INTO map_monsters VALUES ('MAP_00000000001296788648248','MONS_00000000001297218526250',29,40);
INSERT INTO map_monsters VALUES ('MAP_00000000001296788648248','MONS_00000000001297218526250',29,41);
INSERT INTO map_monsters VALUES ('MAP_00000000001296788648248','MONS_00000000001297218526250',29,42);
INSERT INTO map_monsters VALUES ('MAP_00000000001296788648248','MONS_00000000001297218526250',29,43);
INSERT INTO map_monsters VALUES ('MAP_00000000001296788648248','MONS_00000000001297218526250',29,44);
INSERT INTO map_monsters VALUES ('MAP_00000000001296788648248','MONS_00000000001297218526250',29,45);
INSERT INTO map_monsters VALUES ('MAP_00000000001296788648248','MONS_00000000001297218526250',29,46);
INSERT INTO map_monsters VALUES ('MAP_00000000001296788648248','MONS_00000000001297218526250',29,47);
INSERT INTO map_monsters VALUES ('MAP_00000000001296788648248','MONS_00000000001297218526250',29,48);
INSERT INTO map_monsters VALUES ('MAP_00000000001296788648248','MONS_00000000001297218526250',29,49);
INSERT INTO map_monsters VALUES ('MAP_00000000001296788648248','MONS_00000000001297218526250',29,50);
INSERT INTO map_monsters VALUES ('MAP_00000000001296788648248','MONS_00000000001297218526250',29,51);
INSERT INTO map_monsters VALUES ('MAP_00000000001296788648248','MONS_00000000001297218526250',29,52);
INSERT INTO map_monsters VALUES ('MAP_00000000001296788648248','MONS_00000000001297218526250',29,53);
INSERT INTO map_monsters VALUES ('MAP_00000000001296788648248','MONS_00000000001297218526250',29,54);
INSERT INTO map_monsters VALUES ('MAP_00000000001296788648248','MONS_00000000001297218526250',29,55);
INSERT INTO map_monsters VALUES ('MAP_00000000001296788648248','MONS_00000000001297218526250',29,56);
INSERT INTO map_monsters VALUES ('MAP_00000000001296788648248','MONS_00000000001297218526250',29,57);
INSERT INTO map_monsters VALUES ('MAP_00000000001296788648248','MONS_00000000001297218526250',29,58);
INSERT INTO map_monsters VALUES ('MAP_00000000001296788648248','MONS_00000000001297218526250',29,59);
INSERT INTO map_monsters VALUES ('MAP_00000000001296788648248','MONS_00000000001297218526250',30,22);
INSERT INTO map_monsters VALUES ('MAP_00000000001296788648248','MONS_00000000001297218526250',30,23);
INSERT INTO map_monsters VALUES ('MAP_00000000001296788648248','MONS_00000000001297218526250',30,24);
INSERT INTO map_monsters VALUES ('MAP_00000000001296788648248','MONS_00000000001297218526250',31,22);
INSERT INTO map_monsters VALUES ('MAP_00000000001296788648248','MONS_00000000001297218526250',31,23);
INSERT INTO map_monsters VALUES ('MAP_00000000001296788648248','MONS_00000000001297218526250',31,24);
INSERT INTO monsters VALUES ('MONS_00000000001297218526264','Street Performer',43,1,1,1,1,8,8,8,0,0);
INSERT INTO map_monsters VALUES ('MAP_00000000001296788648248','MONS_00000000001297218526264',0,22);
INSERT INTO map_monsters VALUES ('MAP_00000000001296788648248','MONS_00000000001297218526264',0,23);
INSERT INTO map_monsters VALUES ('MAP_00000000001296788648248','MONS_00000000001297218526264',0,24);
INSERT INTO map_monsters VALUES ('MAP_00000000001296788648248','MONS_00000000001297218526264',1,22);
INSERT INTO map_monsters VALUES ('MAP_00000000001296788648248','MONS_00000000001297218526264',1,23);
INSERT INTO map_monsters VALUES ('MAP_00000000001296788648248','MONS_00000000001297218526264',1,24);
INSERT INTO map_monsters VALUES ('MAP_00000000001296788648248','MONS_00000000001297218526264',2,4);
INSERT INTO map_monsters VALUES ('MAP_00000000001296788648248','MONS_00000000001297218526264',2,5);
INSERT INTO map_monsters VALUES ('MAP_00000000001296788648248','MONS_00000000001297218526264',2,6);
INSERT INTO map_monsters VALUES ('MAP_00000000001296788648248','MONS_00000000001297218526264',2,7);
INSERT INTO map_monsters VALUES ('MAP_00000000001296788648248','MONS_00000000001297218526264',2,8);
INSERT INTO map_monsters VALUES ('MAP_00000000001296788648248','MONS_00000000001297218526264',2,9);
INSERT INTO map_monsters VALUES ('MAP_00000000001296788648248','MONS_00000000001297218526264',2,10);
INSERT INTO map_monsters VALUES ('MAP_00000000001296788648248','MONS_00000000001297218526264',2,11);
INSERT INTO map_monsters VALUES ('MAP_00000000001296788648248','MONS_00000000001297218526264',2,12);
INSERT INTO map_monsters VALUES ('MAP_00000000001296788648248','MONS_00000000001297218526264',2,13);
INSERT INTO map_monsters VALUES ('MAP_00000000001296788648248','MONS_00000000001297218526264',2,14);
INSERT INTO map_monsters VALUES ('MAP_00000000001296788648248','MONS_00000000001297218526264',2,15);
INSERT INTO map_monsters VALUES ('MAP_00000000001296788648248','MONS_00000000001297218526264',2,20);
INSERT INTO map_monsters VALUES ('MAP_00000000001296788648248','MONS_00000000001297218526264',2,21);
INSERT INTO map_monsters VALUES ('MAP_00000000001296788648248','MONS_00000000001297218526264',2,22);
INSERT INTO map_monsters VALUES ('MAP_00000000001296788648248','MONS_00000000001297218526264',2,23);
INSERT INTO map_monsters VALUES ('MAP_00000000001296788648248','MONS_00000000001297218526264',2,24);
INSERT INTO map_monsters VALUES ('MAP_00000000001296788648248','MONS_00000000001297218526264',2,25);
INSERT INTO map_monsters VALUES ('MAP_00000000001296788648248','MONS_00000000001297218526264',2,26);
INSERT INTO map_monsters VALUES ('MAP_00000000001296788648248','MONS_00000000001297218526264',2,31);
INSERT INTO map_monsters VALUES ('MAP_00000000001296788648248','MONS_00000000001297218526264',2,32);
INSERT INTO map_monsters VALUES ('MAP_00000000001296788648248','MONS_00000000001297218526264',2,33);
INSERT INTO map_monsters VALUES ('MAP_00000000001296788648248','MONS_00000000001297218526264',2,34);
INSERT INTO map_monsters VALUES ('MAP_00000000001296788648248','MONS_00000000001297218526264',2,35);
INSERT INTO map_monsters VALUES ('MAP_00000000001296788648248','MONS_00000000001297218526264',2,36);
INSERT INTO map_monsters VALUES ('MAP_00000000001296788648248','MONS_00000000001297218526264',2,37);
INSERT INTO map_monsters VALUES ('MAP_00000000001296788648248','MONS_00000000001297218526264',2,38);
INSERT INTO map_monsters VALUES ('MAP_00000000001296788648248','MONS_00000000001297218526264',2,39);
INSERT INTO map_monsters VALUES ('MAP_00000000001296788648248','MONS_00000000001297218526264',2,40);
INSERT INTO map_monsters VALUES ('MAP_00000000001296788648248','MONS_00000000001297218526264',2,41);
INSERT INTO map_monsters VALUES ('MAP_00000000001296788648248','MONS_00000000001297218526264',2,42);
INSERT INTO map_monsters VALUES ('MAP_00000000001296788648248','MONS_00000000001297218526264',2,43);
INSERT INTO map_monsters VALUES ('MAP_00000000001296788648248','MONS_00000000001297218526264',2,44);
INSERT INTO map_monsters VALUES ('MAP_00000000001296788648248','MONS_00000000001297218526264',2,45);
INSERT INTO map_monsters VALUES ('MAP_00000000001296788648248','MONS_00000000001297218526264',2,46);
INSERT INTO map_monsters VALUES ('MAP_00000000001296788648248','MONS_00000000001297218526264',2,47);
INSERT INTO map_monsters VALUES ('MAP_00000000001296788648248','MONS_00000000001297218526264',2,48);
INSERT INTO map_monsters VALUES ('MAP_00000000001296788648248','MONS_00000000001297218526264',2,49);
INSERT INTO map_monsters VALUES ('MAP_00000000001296788648248','MONS_00000000001297218526264',2,50);
INSERT INTO map_monsters VALUES ('MAP_00000000001296788648248','MONS_00000000001297218526264',2,51);
INSERT INTO map_monsters VALUES ('MAP_00000000001296788648248','MONS_00000000001297218526264',2,52);
INSERT INTO map_monsters VALUES ('MAP_00000000001296788648248','MONS_00000000001297218526264',2,53);
INSERT INTO map_monsters VALUES ('MAP_00000000001296788648248','MONS_00000000001297218526264',2,54);
INSERT INTO map_monsters VALUES ('MAP_00000000001296788648248','MONS_00000000001297218526264',2,55);
INSERT INTO map_monsters VALUES ('MAP_00000000001296788648248','MONS_00000000001297218526264',2,56);
INSERT INTO map_monsters VALUES ('MAP_00000000001296788648248','MONS_00000000001297218526264',2,57);
INSERT INTO map_monsters VALUES ('MAP_00000000001296788648248','MONS_00000000001297218526264',2,58);
INSERT INTO map_monsters VALUES ('MAP_00000000001296788648248','MONS_00000000001297218526264',2,59);
INSERT INTO map_monsters VALUES ('MAP_00000000001296788648248','MONS_00000000001297218526264',3,6);
INSERT INTO map_monsters VALUES ('MAP_00000000001296788648248','MONS_00000000001297218526264',3,15);
INSERT INTO map_monsters VALUES ('MAP_00000000001296788648248','MONS_00000000001297218526264',3,22);
INSERT INTO map_monsters VALUES ('MAP_00000000001296788648248','MONS_00000000001297218526264',3,23);
INSERT INTO map_monsters VALUES ('MAP_00000000001296788648248','MONS_00000000001297218526264',3,24);
INSERT INTO map_monsters VALUES ('MAP_00000000001296788648248','MONS_00000000001297218526264',3,31);
INSERT INTO map_monsters VALUES ('MAP_00000000001296788648248','MONS_00000000001297218526264',3,43);
INSERT INTO map_monsters VALUES ('MAP_00000000001296788648248','MONS_00000000001297218526264',4,2);
INSERT INTO map_monsters VALUES ('MAP_00000000001296788648248','MONS_00000000001297218526264',4,5);
INSERT INTO map_monsters VALUES ('MAP_00000000001296788648248','MONS_00000000001297218526264',4,6);
INSERT INTO map_monsters VALUES ('MAP_00000000001296788648248','MONS_00000000001297218526264',4,7);
INSERT INTO map_monsters VALUES ('MAP_00000000001296788648248','MONS_00000000001297218526264',4,8);
INSERT INTO map_monsters VALUES ('MAP_00000000001296788648248','MONS_00000000001297218526264',4,9);
INSERT INTO map_monsters VALUES ('MAP_00000000001296788648248','MONS_00000000001297218526264',4,10);
INSERT INTO map_monsters VALUES ('MAP_00000000001296788648248','MONS_00000000001297218526264',4,11);
INSERT INTO map_monsters VALUES ('MAP_00000000001296788648248','MONS_00000000001297218526264',4,12);
INSERT INTO map_monsters VALUES ('MAP_00000000001296788648248','MONS_00000000001297218526264',4,13);
INSERT INTO map_monsters VALUES ('MAP_00000000001296788648248','MONS_00000000001297218526264',4,14);
INSERT INTO map_monsters VALUES ('MAP_00000000001296788648248','MONS_00000000001297218526264',4,15);
INSERT INTO map_monsters VALUES ('MAP_00000000001296788648248','MONS_00000000001297218526264',4,18);
INSERT INTO map_monsters VALUES ('MAP_00000000001296788648248','MONS_00000000001297218526264',4,22);
INSERT INTO map_monsters VALUES ('MAP_00000000001296788648248','MONS_00000000001297218526264',4,23);
INSERT INTO map_monsters VALUES ('MAP_00000000001296788648248','MONS_00000000001297218526264',4,24);
INSERT INTO map_monsters VALUES ('MAP_00000000001296788648248','MONS_00000000001297218526264',4,28);
INSERT INTO map_monsters VALUES ('MAP_00000000001296788648248','MONS_00000000001297218526264',4,31);
INSERT INTO map_monsters VALUES ('MAP_00000000001296788648248','MONS_00000000001297218526264',4,32);
INSERT INTO map_monsters VALUES ('MAP_00000000001296788648248','MONS_00000000001297218526264',4,33);
INSERT INTO map_monsters VALUES ('MAP_00000000001296788648248','MONS_00000000001297218526264',4,34);
INSERT INTO map_monsters VALUES ('MAP_00000000001296788648248','MONS_00000000001297218526264',4,35);
INSERT INTO map_monsters VALUES ('MAP_00000000001296788648248','MONS_00000000001297218526264',4,36);
INSERT INTO map_monsters VALUES ('MAP_00000000001296788648248','MONS_00000000001297218526264',4,37);
INSERT INTO map_monsters VALUES ('MAP_00000000001296788648248','MONS_00000000001297218526264',4,38);
INSERT INTO map_monsters VALUES ('MAP_00000000001296788648248','MONS_00000000001297218526264',4,39);
INSERT INTO map_monsters VALUES ('MAP_00000000001296788648248','MONS_00000000001297218526264',4,40);
INSERT INTO map_monsters VALUES ('MAP_00000000001296788648248','MONS_00000000001297218526264',4,41);
INSERT INTO map_monsters VALUES ('MAP_00000000001296788648248','MONS_00000000001297218526264',4,42);
INSERT INTO map_monsters VALUES ('MAP_00000000001296788648248','MONS_00000000001297218526264',4,43);
INSERT INTO map_monsters VALUES ('MAP_00000000001296788648248','MONS_00000000001297218526264',5,2);
INSERT INTO map_monsters VALUES ('MAP_00000000001296788648248','MONS_00000000001297218526264',5,3);
INSERT INTO map_monsters VALUES ('MAP_00000000001296788648248','MONS_00000000001297218526264',5,4);
INSERT INTO map_monsters VALUES ('MAP_00000000001296788648248','MONS_00000000001297218526264',5,5);
INSERT INTO map_monsters VALUES ('MAP_00000000001296788648248','MONS_00000000001297218526264',5,7);
INSERT INTO map_monsters VALUES ('MAP_00000000001296788648248','MONS_00000000001297218526264',5,15);
INSERT INTO map_monsters VALUES ('MAP_00000000001296788648248','MONS_00000000001297218526264',5,16);
INSERT INTO map_monsters VALUES ('MAP_00000000001296788648248','MONS_00000000001297218526264',5,17);
INSERT INTO map_monsters VALUES ('MAP_00000000001296788648248','MONS_00000000001297218526264',5,18);
INSERT INTO map_monsters VALUES ('MAP_00000000001296788648248','MONS_00000000001297218526264',5,19);
INSERT INTO map_monsters VALUES ('MAP_00000000001296788648248','MONS_00000000001297218526264',5,20);
INSERT INTO map_monsters VALUES ('MAP_00000000001296788648248','MONS_00000000001297218526264',5,21);
INSERT INTO map_monsters VALUES ('MAP_00000000001296788648248','MONS_00000000001297218526264',5,22);
INSERT INTO map_monsters VALUES ('MAP_00000000001296788648248','MONS_00000000001297218526264',5,23);
INSERT INTO map_monsters VALUES ('MAP_00000000001296788648248','MONS_00000000001297218526264',5,24);
INSERT INTO map_monsters VALUES ('MAP_00000000001296788648248','MONS_00000000001297218526264',5,25);
INSERT INTO map_monsters VALUES ('MAP_00000000001296788648248','MONS_00000000001297218526264',5,26);
INSERT INTO map_monsters VALUES ('MAP_00000000001296788648248','MONS_00000000001297218526264',5,27);
INSERT INTO map_monsters VALUES ('MAP_00000000001296788648248','MONS_00000000001297218526264',5,28);
INSERT INTO map_monsters VALUES ('MAP_00000000001296788648248','MONS_00000000001297218526264',5,29);
INSERT INTO map_monsters VALUES ('MAP_00000000001296788648248','MONS_00000000001297218526264',5,30);
INSERT INTO map_monsters VALUES ('MAP_00000000001296788648248','MONS_00000000001297218526264',5,31);
INSERT INTO map_monsters VALUES ('MAP_00000000001296788648248','MONS_00000000001297218526264',5,42);
INSERT INTO map_monsters VALUES ('MAP_00000000001296788648248','MONS_00000000001297218526264',5,43);
INSERT INTO map_monsters VALUES ('MAP_00000000001296788648248','MONS_00000000001297218526264',6,2);
INSERT INTO map_monsters VALUES ('MAP_00000000001296788648248','MONS_00000000001297218526264',6,7);
INSERT INTO map_monsters VALUES ('MAP_00000000001296788648248','MONS_00000000001297218526264',6,22);
INSERT INTO map_monsters VALUES ('MAP_00000000001296788648248','MONS_00000000001297218526264',6,23);
INSERT INTO map_monsters VALUES ('MAP_00000000001296788648248','MONS_00000000001297218526264',6,24);
INSERT INTO map_monsters VALUES ('MAP_00000000001296788648248','MONS_00000000001297218526264',6,42);
INSERT INTO map_monsters VALUES ('MAP_00000000001296788648248','MONS_00000000001297218526264',6,43);
INSERT INTO map_monsters VALUES ('MAP_00000000001296788648248','MONS_00000000001297218526264',7,2);
INSERT INTO map_monsters VALUES ('MAP_00000000001296788648248','MONS_00000000001297218526264',7,7);
INSERT INTO map_monsters VALUES ('MAP_00000000001296788648248','MONS_00000000001297218526264',7,22);
INSERT INTO map_monsters VALUES ('MAP_00000000001296788648248','MONS_00000000001297218526264',7,23);
INSERT INTO map_monsters VALUES ('MAP_00000000001296788648248','MONS_00000000001297218526264',7,24);
INSERT INTO map_monsters VALUES ('MAP_00000000001296788648248','MONS_00000000001297218526264',7,42);
INSERT INTO map_monsters VALUES ('MAP_00000000001296788648248','MONS_00000000001297218526264',7,43);
INSERT INTO map_monsters VALUES ('MAP_00000000001296788648248','MONS_00000000001297218526264',8,2);
INSERT INTO map_monsters VALUES ('MAP_00000000001296788648248','MONS_00000000001297218526264',8,3);
INSERT INTO map_monsters VALUES ('MAP_00000000001296788648248','MONS_00000000001297218526264',8,4);
INSERT INTO map_monsters VALUES ('MAP_00000000001296788648248','MONS_00000000001297218526264',8,5);
INSERT INTO map_monsters VALUES ('MAP_00000000001296788648248','MONS_00000000001297218526264',8,7);
INSERT INTO map_monsters VALUES ('MAP_00000000001296788648248','MONS_00000000001297218526264',8,10);
INSERT INTO map_monsters VALUES ('MAP_00000000001296788648248','MONS_00000000001297218526264',8,11);
INSERT INTO map_monsters VALUES ('MAP_00000000001296788648248','MONS_00000000001297218526264',8,12);
INSERT INTO map_monsters VALUES ('MAP_00000000001296788648248','MONS_00000000001297218526264',8,13);
INSERT INTO map_monsters VALUES ('MAP_00000000001296788648248','MONS_00000000001297218526264',8,14);
INSERT INTO map_monsters VALUES ('MAP_00000000001296788648248','MONS_00000000001297218526264',8,15);
INSERT INTO map_monsters VALUES ('MAP_00000000001296788648248','MONS_00000000001297218526264',8,16);
INSERT INTO map_monsters VALUES ('MAP_00000000001296788648248','MONS_00000000001297218526264',8,17);
INSERT INTO map_monsters VALUES ('MAP_00000000001296788648248','MONS_00000000001297218526264',8,18);
INSERT INTO map_monsters VALUES ('MAP_00000000001296788648248','MONS_00000000001297218526264',8,19);
INSERT INTO map_monsters VALUES ('MAP_00000000001296788648248','MONS_00000000001297218526264',8,20);
INSERT INTO map_monsters VALUES ('MAP_00000000001296788648248','MONS_00000000001297218526264',8,22);
INSERT INTO map_monsters VALUES ('MAP_00000000001296788648248','MONS_00000000001297218526264',8,23);
INSERT INTO map_monsters VALUES ('MAP_00000000001296788648248','MONS_00000000001297218526264',8,24);
INSERT INTO map_monsters VALUES ('MAP_00000000001296788648248','MONS_00000000001297218526264',8,26);
INSERT INTO map_monsters VALUES ('MAP_00000000001296788648248','MONS_00000000001297218526264',8,27);
INSERT INTO map_monsters VALUES ('MAP_00000000001296788648248','MONS_00000000001297218526264',8,28);
INSERT INTO map_monsters VALUES ('MAP_00000000001296788648248','MONS_00000000001297218526264',8,29);
INSERT INTO map_monsters VALUES ('MAP_00000000001296788648248','MONS_00000000001297218526264',8,30);
INSERT INTO map_monsters VALUES ('MAP_00000000001296788648248','MONS_00000000001297218526264',8,31);
INSERT INTO map_monsters VALUES ('MAP_00000000001296788648248','MONS_00000000001297218526264',8,32);
INSERT INTO map_monsters VALUES ('MAP_00000000001296788648248','MONS_00000000001297218526264',8,33);
INSERT INTO map_monsters VALUES ('MAP_00000000001296788648248','MONS_00000000001297218526264',8,34);
INSERT INTO map_monsters VALUES ('MAP_00000000001296788648248','MONS_00000000001297218526264',8,35);
INSERT INTO map_monsters VALUES ('MAP_00000000001296788648248','MONS_00000000001297218526264',8,36);
INSERT INTO map_monsters VALUES ('MAP_00000000001296788648248','MONS_00000000001297218526264',8,37);
INSERT INTO map_monsters VALUES ('MAP_00000000001296788648248','MONS_00000000001297218526264',8,38);
INSERT INTO map_monsters VALUES ('MAP_00000000001296788648248','MONS_00000000001297218526264',8,39);
INSERT INTO map_monsters VALUES ('MAP_00000000001296788648248','MONS_00000000001297218526264',8,42);
INSERT INTO map_monsters VALUES ('MAP_00000000001296788648248','MONS_00000000001297218526264',8,43);
INSERT INTO map_monsters VALUES ('MAP_00000000001296788648248','MONS_00000000001297218526264',9,2);
INSERT INTO map_monsters VALUES ('MAP_00000000001296788648248','MONS_00000000001297218526264',9,5);
INSERT INTO map_monsters VALUES ('MAP_00000000001296788648248','MONS_00000000001297218526264',9,7);
INSERT INTO map_monsters VALUES ('MAP_00000000001296788648248','MONS_00000000001297218526264',9,10);
INSERT INTO map_monsters VALUES ('MAP_00000000001296788648248','MONS_00000000001297218526264',9,15);
INSERT INTO map_monsters VALUES ('MAP_00000000001296788648248','MONS_00000000001297218526264',9,20);
INSERT INTO map_monsters VALUES ('MAP_00000000001296788648248','MONS_00000000001297218526264',9,22);
INSERT INTO map_monsters VALUES ('MAP_00000000001296788648248','MONS_00000000001297218526264',9,23);
INSERT INTO map_monsters VALUES ('MAP_00000000001296788648248','MONS_00000000001297218526264',9,24);
INSERT INTO map_monsters VALUES ('MAP_00000000001296788648248','MONS_00000000001297218526264',9,26);
INSERT INTO map_monsters VALUES ('MAP_00000000001296788648248','MONS_00000000001297218526264',9,39);
INSERT INTO map_monsters VALUES ('MAP_00000000001296788648248','MONS_00000000001297218526264',9,42);
INSERT INTO map_monsters VALUES ('MAP_00000000001296788648248','MONS_00000000001297218526264',9,43);
INSERT INTO map_monsters VALUES ('MAP_00000000001296788648248','MONS_00000000001297218526264',10,5);
INSERT INTO map_monsters VALUES ('MAP_00000000001296788648248','MONS_00000000001297218526264',10,7);
INSERT INTO map_monsters VALUES ('MAP_00000000001296788648248','MONS_00000000001297218526264',10,10);
INSERT INTO map_monsters VALUES ('MAP_00000000001296788648248','MONS_00000000001297218526264',10,11);
INSERT INTO map_monsters VALUES ('MAP_00000000001296788648248','MONS_00000000001297218526264',10,12);
INSERT INTO map_monsters VALUES ('MAP_00000000001296788648248','MONS_00000000001297218526264',10,13);
INSERT INTO map_monsters VALUES ('MAP_00000000001296788648248','MONS_00000000001297218526264',10,14);
INSERT INTO map_monsters VALUES ('MAP_00000000001296788648248','MONS_00000000001297218526264',10,15);
INSERT INTO map_monsters VALUES ('MAP_00000000001296788648248','MONS_00000000001297218526264',10,16);
INSERT INTO map_monsters VALUES ('MAP_00000000001296788648248','MONS_00000000001297218526264',10,17);
INSERT INTO map_monsters VALUES ('MAP_00000000001296788648248','MONS_00000000001297218526264',10,18);
INSERT INTO map_monsters VALUES ('MAP_00000000001296788648248','MONS_00000000001297218526264',10,19);
INSERT INTO map_monsters VALUES ('MAP_00000000001296788648248','MONS_00000000001297218526264',10,20);
INSERT INTO map_monsters VALUES ('MAP_00000000001296788648248','MONS_00000000001297218526264',10,21);
INSERT INTO map_monsters VALUES ('MAP_00000000001296788648248','MONS_00000000001297218526264',10,22);
INSERT INTO map_monsters VALUES ('MAP_00000000001296788648248','MONS_00000000001297218526264',10,23);
INSERT INTO map_monsters VALUES ('MAP_00000000001296788648248','MONS_00000000001297218526264',10,24);
INSERT INTO map_monsters VALUES ('MAP_00000000001296788648248','MONS_00000000001297218526264',10,25);
INSERT INTO map_monsters VALUES ('MAP_00000000001296788648248','MONS_00000000001297218526264',10,26);
INSERT INTO map_monsters VALUES ('MAP_00000000001296788648248','MONS_00000000001297218526264',10,27);
INSERT INTO map_monsters VALUES ('MAP_00000000001296788648248','MONS_00000000001297218526264',10,28);
INSERT INTO map_monsters VALUES ('MAP_00000000001296788648248','MONS_00000000001297218526264',10,29);
INSERT INTO map_monsters VALUES ('MAP_00000000001296788648248','MONS_00000000001297218526264',10,30);
INSERT INTO map_monsters VALUES ('MAP_00000000001296788648248','MONS_00000000001297218526264',10,31);
INSERT INTO map_monsters VALUES ('MAP_00000000001296788648248','MONS_00000000001297218526264',10,32);
INSERT INTO map_monsters VALUES ('MAP_00000000001296788648248','MONS_00000000001297218526264',10,33);
INSERT INTO map_monsters VALUES ('MAP_00000000001296788648248','MONS_00000000001297218526264',10,34);
INSERT INTO map_monsters VALUES ('MAP_00000000001296788648248','MONS_00000000001297218526264',10,35);
INSERT INTO map_monsters VALUES ('MAP_00000000001296788648248','MONS_00000000001297218526264',10,36);
INSERT INTO map_monsters VALUES ('MAP_00000000001296788648248','MONS_00000000001297218526264',10,37);
INSERT INTO map_monsters VALUES ('MAP_00000000001296788648248','MONS_00000000001297218526264',10,38);
INSERT INTO map_monsters VALUES ('MAP_00000000001296788648248','MONS_00000000001297218526264',10,39);
INSERT INTO map_monsters VALUES ('MAP_00000000001296788648248','MONS_00000000001297218526264',10,42);
INSERT INTO map_monsters VALUES ('MAP_00000000001296788648248','MONS_00000000001297218526264',10,43);
INSERT INTO map_monsters VALUES ('MAP_00000000001296788648248','MONS_00000000001297218526264',11,4);
INSERT INTO map_monsters VALUES ('MAP_00000000001296788648248','MONS_00000000001297218526264',11,5);
INSERT INTO map_monsters VALUES ('MAP_00000000001296788648248','MONS_00000000001297218526264',11,6);
INSERT INTO map_monsters VALUES ('MAP_00000000001296788648248','MONS_00000000001297218526264',11,7);
INSERT INTO map_monsters VALUES ('MAP_00000000001296788648248','MONS_00000000001297218526264',11,10);
INSERT INTO map_monsters VALUES ('MAP_00000000001296788648248','MONS_00000000001297218526264',11,19);
INSERT INTO map_monsters VALUES ('MAP_00000000001296788648248','MONS_00000000001297218526264',11,22);
INSERT INTO map_monsters VALUES ('MAP_00000000001296788648248','MONS_00000000001297218526264',11,23);
INSERT INTO map_monsters VALUES ('MAP_00000000001296788648248','MONS_00000000001297218526264',11,24);
INSERT INTO map_monsters VALUES ('MAP_00000000001296788648248','MONS_00000000001297218526264',11,38);
INSERT INTO map_monsters VALUES ('MAP_00000000001296788648248','MONS_00000000001297218526264',11,42);
INSERT INTO map_monsters VALUES ('MAP_00000000001296788648248','MONS_00000000001297218526264',11,43);
INSERT INTO map_monsters VALUES ('MAP_00000000001296788648248','MONS_00000000001297218526264',12,7);
INSERT INTO map_monsters VALUES ('MAP_00000000001296788648248','MONS_00000000001297218526264',12,10);
INSERT INTO map_monsters VALUES ('MAP_00000000001296788648248','MONS_00000000001297218526264',12,11);
INSERT INTO map_monsters VALUES ('MAP_00000000001296788648248','MONS_00000000001297218526264',12,12);
INSERT INTO map_monsters VALUES ('MAP_00000000001296788648248','MONS_00000000001297218526264',12,13);
INSERT INTO map_monsters VALUES ('MAP_00000000001296788648248','MONS_00000000001297218526264',12,14);
INSERT INTO map_monsters VALUES ('MAP_00000000001296788648248','MONS_00000000001297218526264',12,15);
INSERT INTO map_monsters VALUES ('MAP_00000000001296788648248','MONS_00000000001297218526264',12,16);
INSERT INTO map_monsters VALUES ('MAP_00000000001296788648248','MONS_00000000001297218526264',12,17);
INSERT INTO map_monsters VALUES ('MAP_00000000001296788648248','MONS_00000000001297218526264',12,18);
INSERT INTO map_monsters VALUES ('MAP_00000000001296788648248','MONS_00000000001297218526264',12,20);
INSERT INTO map_monsters VALUES ('MAP_00000000001296788648248','MONS_00000000001297218526264',12,21);
INSERT INTO map_monsters VALUES ('MAP_00000000001296788648248','MONS_00000000001297218526264',12,22);
INSERT INTO map_monsters VALUES ('MAP_00000000001296788648248','MONS_00000000001297218526264',12,23);
INSERT INTO map_monsters VALUES ('MAP_00000000001296788648248','MONS_00000000001297218526264',12,24);
INSERT INTO map_monsters VALUES ('MAP_00000000001296788648248','MONS_00000000001297218526264',12,27);
INSERT INTO map_monsters VALUES ('MAP_00000000001296788648248','MONS_00000000001297218526264',12,28);
INSERT INTO map_monsters VALUES ('MAP_00000000001296788648248','MONS_00000000001297218526264',12,29);
INSERT INTO map_monsters VALUES ('MAP_00000000001296788648248','MONS_00000000001297218526264',12,30);
INSERT INTO map_monsters VALUES ('MAP_00000000001296788648248','MONS_00000000001297218526264',12,31);
INSERT INTO map_monsters VALUES ('MAP_00000000001296788648248','MONS_00000000001297218526264',12,32);
INSERT INTO map_monsters VALUES ('MAP_00000000001296788648248','MONS_00000000001297218526264',12,33);
INSERT INTO map_monsters VALUES ('MAP_00000000001296788648248','MONS_00000000001297218526264',12,34);
INSERT INTO map_monsters VALUES ('MAP_00000000001296788648248','MONS_00000000001297218526264',12,35);
INSERT INTO map_monsters VALUES ('MAP_00000000001296788648248','MONS_00000000001297218526264',12,36);
INSERT INTO map_monsters VALUES ('MAP_00000000001296788648248','MONS_00000000001297218526264',12,37);
INSERT INTO map_monsters VALUES ('MAP_00000000001296788648248','MONS_00000000001297218526264',12,38);
INSERT INTO map_monsters VALUES ('MAP_00000000001296788648248','MONS_00000000001297218526264',12,39);
INSERT INTO map_monsters VALUES ('MAP_00000000001296788648248','MONS_00000000001297218526264',12,40);
INSERT INTO map_monsters VALUES ('MAP_00000000001296788648248','MONS_00000000001297218526264',12,42);
INSERT INTO map_monsters VALUES ('MAP_00000000001296788648248','MONS_00000000001297218526264',12,43);
INSERT INTO map_monsters VALUES ('MAP_00000000001296788648248','MONS_00000000001297218526264',13,7);
INSERT INTO map_monsters VALUES ('MAP_00000000001296788648248','MONS_00000000001297218526264',13,11);
INSERT INTO map_monsters VALUES ('MAP_00000000001296788648248','MONS_00000000001297218526264',13,20);
INSERT INTO map_monsters VALUES ('MAP_00000000001296788648248','MONS_00000000001297218526264',13,21);
INSERT INTO map_monsters VALUES ('MAP_00000000001296788648248','MONS_00000000001297218526264',13,22);
INSERT INTO map_monsters VALUES ('MAP_00000000001296788648248','MONS_00000000001297218526264',13,23);
INSERT INTO map_monsters VALUES ('MAP_00000000001296788648248','MONS_00000000001297218526264',13,24);
INSERT INTO map_monsters VALUES ('MAP_00000000001296788648248','MONS_00000000001297218526264',13,25);
INSERT INTO map_monsters VALUES ('MAP_00000000001296788648248','MONS_00000000001297218526264',13,26);
INSERT INTO map_monsters VALUES ('MAP_00000000001296788648248','MONS_00000000001297218526264',13,28);
INSERT INTO map_monsters VALUES ('MAP_00000000001296788648248','MONS_00000000001297218526264',13,40);
INSERT INTO map_monsters VALUES ('MAP_00000000001296788648248','MONS_00000000001297218526264',13,41);
INSERT INTO map_monsters VALUES ('MAP_00000000001296788648248','MONS_00000000001297218526264',13,42);
INSERT INTO map_monsters VALUES ('MAP_00000000001296788648248','MONS_00000000001297218526264',13,43);
INSERT INTO map_monsters VALUES ('MAP_00000000001296788648248','MONS_00000000001297218526264',14,1);
INSERT INTO map_monsters VALUES ('MAP_00000000001296788648248','MONS_00000000001297218526264',14,2);
INSERT INTO map_monsters VALUES ('MAP_00000000001296788648248','MONS_00000000001297218526264',14,3);
INSERT INTO map_monsters VALUES ('MAP_00000000001296788648248','MONS_00000000001297218526264',14,4);
INSERT INTO map_monsters VALUES ('MAP_00000000001296788648248','MONS_00000000001297218526264',14,5);
INSERT INTO map_monsters VALUES ('MAP_00000000001296788648248','MONS_00000000001297218526264',14,6);
INSERT INTO map_monsters VALUES ('MAP_00000000001296788648248','MONS_00000000001297218526264',14,7);
INSERT INTO map_monsters VALUES ('MAP_00000000001296788648248','MONS_00000000001297218526264',14,8);
INSERT INTO map_monsters VALUES ('MAP_00000000001296788648248','MONS_00000000001297218526264',14,9);
INSERT INTO map_monsters VALUES ('MAP_00000000001296788648248','MONS_00000000001297218526264',14,10);
INSERT INTO map_monsters VALUES ('MAP_00000000001296788648248','MONS_00000000001297218526264',14,11);
INSERT INTO map_monsters VALUES ('MAP_00000000001296788648248','MONS_00000000001297218526264',14,12);
INSERT INTO map_monsters VALUES ('MAP_00000000001296788648248','MONS_00000000001297218526264',14,13);
INSERT INTO map_monsters VALUES ('MAP_00000000001296788648248','MONS_00000000001297218526264',14,14);
INSERT INTO map_monsters VALUES ('MAP_00000000001296788648248','MONS_00000000001297218526264',14,15);
INSERT INTO map_monsters VALUES ('MAP_00000000001296788648248','MONS_00000000001297218526264',14,16);
INSERT INTO map_monsters VALUES ('MAP_00000000001296788648248','MONS_00000000001297218526264',14,17);
INSERT INTO map_monsters VALUES ('MAP_00000000001296788648248','MONS_00000000001297218526264',14,18);
INSERT INTO map_monsters VALUES ('MAP_00000000001296788648248','MONS_00000000001297218526264',14,19);
INSERT INTO map_monsters VALUES ('MAP_00000000001296788648248','MONS_00000000001297218526264',14,20);
INSERT INTO map_monsters VALUES ('MAP_00000000001296788648248','MONS_00000000001297218526264',14,21);
INSERT INTO map_monsters VALUES ('MAP_00000000001296788648248','MONS_00000000001297218526264',14,23);
INSERT INTO map_monsters VALUES ('MAP_00000000001296788648248','MONS_00000000001297218526264',14,24);
INSERT INTO map_monsters VALUES ('MAP_00000000001296788648248','MONS_00000000001297218526264',14,25);
INSERT INTO map_monsters VALUES ('MAP_00000000001296788648248','MONS_00000000001297218526264',14,26);
INSERT INTO map_monsters VALUES ('MAP_00000000001296788648248','MONS_00000000001297218526264',14,27);
INSERT INTO map_monsters VALUES ('MAP_00000000001296788648248','MONS_00000000001297218526264',14,28);
INSERT INTO map_monsters VALUES ('MAP_00000000001296788648248','MONS_00000000001297218526264',14,29);
INSERT INTO map_monsters VALUES ('MAP_00000000001296788648248','MONS_00000000001297218526264',14,30);
INSERT INTO map_monsters VALUES ('MAP_00000000001296788648248','MONS_00000000001297218526264',14,31);
INSERT INTO map_monsters VALUES ('MAP_00000000001296788648248','MONS_00000000001297218526264',14,32);
INSERT INTO map_monsters VALUES ('MAP_00000000001296788648248','MONS_00000000001297218526264',14,33);
INSERT INTO map_monsters VALUES ('MAP_00000000001296788648248','MONS_00000000001297218526264',14,34);
INSERT INTO map_monsters VALUES ('MAP_00000000001296788648248','MONS_00000000001297218526264',14,35);
INSERT INTO map_monsters VALUES ('MAP_00000000001296788648248','MONS_00000000001297218526264',14,36);
INSERT INTO map_monsters VALUES ('MAP_00000000001296788648248','MONS_00000000001297218526264',14,37);
INSERT INTO map_monsters VALUES ('MAP_00000000001296788648248','MONS_00000000001297218526264',14,38);
INSERT INTO map_monsters VALUES ('MAP_00000000001296788648248','MONS_00000000001297218526264',14,39);
INSERT INTO map_monsters VALUES ('MAP_00000000001296788648248','MONS_00000000001297218526264',14,40);
INSERT INTO map_monsters VALUES ('MAP_00000000001296788648248','MONS_00000000001297218526264',15,0);
INSERT INTO map_monsters VALUES ('MAP_00000000001296788648248','MONS_00000000001297218526264',15,1);
INSERT INTO map_monsters VALUES ('MAP_00000000001296788648248','MONS_00000000001297218526264',15,2);
INSERT INTO map_monsters VALUES ('MAP_00000000001296788648248','MONS_00000000001297218526264',15,3);
INSERT INTO map_monsters VALUES ('MAP_00000000001296788648248','MONS_00000000001297218526264',15,4);
INSERT INTO map_monsters VALUES ('MAP_00000000001296788648248','MONS_00000000001297218526264',15,5);
INSERT INTO map_monsters VALUES ('MAP_00000000001296788648248','MONS_00000000001297218526264',15,6);
INSERT INTO map_monsters VALUES ('MAP_00000000001296788648248','MONS_00000000001297218526264',15,7);
INSERT INTO map_monsters VALUES ('MAP_00000000001296788648248','MONS_00000000001297218526264',15,8);
INSERT INTO map_monsters VALUES ('MAP_00000000001296788648248','MONS_00000000001297218526264',15,9);
INSERT INTO map_monsters VALUES ('MAP_00000000001296788648248','MONS_00000000001297218526264',15,10);
INSERT INTO map_monsters VALUES ('MAP_00000000001296788648248','MONS_00000000001297218526264',15,11);
INSERT INTO map_monsters VALUES ('MAP_00000000001296788648248','MONS_00000000001297218526264',15,12);
INSERT INTO map_monsters VALUES ('MAP_00000000001296788648248','MONS_00000000001297218526264',15,13);
INSERT INTO map_monsters VALUES ('MAP_00000000001296788648248','MONS_00000000001297218526264',15,14);
INSERT INTO map_monsters VALUES ('MAP_00000000001296788648248','MONS_00000000001297218526264',15,15);
INSERT INTO map_monsters VALUES ('MAP_00000000001296788648248','MONS_00000000001297218526264',15,19);
INSERT INTO map_monsters VALUES ('MAP_00000000001296788648248','MONS_00000000001297218526264',15,20);
INSERT INTO map_monsters VALUES ('MAP_00000000001296788648248','MONS_00000000001297218526264',15,21);
INSERT INTO map_monsters VALUES ('MAP_00000000001296788648248','MONS_00000000001297218526264',15,22);
INSERT INTO map_monsters VALUES ('MAP_00000000001296788648248','MONS_00000000001297218526264',15,23);
INSERT INTO map_monsters VALUES ('MAP_00000000001296788648248','MONS_00000000001297218526264',15,24);
INSERT INTO map_monsters VALUES ('MAP_00000000001296788648248','MONS_00000000001297218526264',15,25);
INSERT INTO map_monsters VALUES ('MAP_00000000001296788648248','MONS_00000000001297218526264',15,26);
INSERT INTO map_monsters VALUES ('MAP_00000000001296788648248','MONS_00000000001297218526264',15,27);
INSERT INTO map_monsters VALUES ('MAP_00000000001296788648248','MONS_00000000001297218526264',15,28);
INSERT INTO map_monsters VALUES ('MAP_00000000001296788648248','MONS_00000000001297218526264',15,29);
INSERT INTO map_monsters VALUES ('MAP_00000000001296788648248','MONS_00000000001297218526264',15,30);
INSERT INTO map_monsters VALUES ('MAP_00000000001296788648248','MONS_00000000001297218526264',15,31);
INSERT INTO map_monsters VALUES ('MAP_00000000001296788648248','MONS_00000000001297218526264',15,32);
INSERT INTO map_monsters VALUES ('MAP_00000000001296788648248','MONS_00000000001297218526264',15,33);
INSERT INTO map_monsters VALUES ('MAP_00000000001296788648248','MONS_00000000001297218526264',15,34);
INSERT INTO map_monsters VALUES ('MAP_00000000001296788648248','MONS_00000000001297218526264',15,35);
INSERT INTO map_monsters VALUES ('MAP_00000000001296788648248','MONS_00000000001297218526264',15,36);
INSERT INTO map_monsters VALUES ('MAP_00000000001296788648248','MONS_00000000001297218526264',15,37);
INSERT INTO map_monsters VALUES ('MAP_00000000001296788648248','MONS_00000000001297218526264',15,38);
INSERT INTO map_monsters VALUES ('MAP_00000000001296788648248','MONS_00000000001297218526264',15,39);
INSERT INTO map_monsters VALUES ('MAP_00000000001296788648248','MONS_00000000001297218526264',15,40);
INSERT INTO map_monsters VALUES ('MAP_00000000001296788648248','MONS_00000000001297218526264',15,41);
INSERT INTO map_monsters VALUES ('MAP_00000000001296788648248','MONS_00000000001297218526264',15,42);
INSERT INTO map_monsters VALUES ('MAP_00000000001296788648248','MONS_00000000001297218526264',15,43);
INSERT INTO map_monsters VALUES ('MAP_00000000001296788648248','MONS_00000000001297218526264',16,0);
INSERT INTO map_monsters VALUES ('MAP_00000000001296788648248','MONS_00000000001297218526264',16,1);
INSERT INTO map_monsters VALUES ('MAP_00000000001296788648248','MONS_00000000001297218526264',16,2);
INSERT INTO map_monsters VALUES ('MAP_00000000001296788648248','MONS_00000000001297218526264',16,3);
INSERT INTO map_monsters VALUES ('MAP_00000000001296788648248','MONS_00000000001297218526264',16,4);
INSERT INTO map_monsters VALUES ('MAP_00000000001296788648248','MONS_00000000001297218526264',16,5);
INSERT INTO map_monsters VALUES ('MAP_00000000001296788648248','MONS_00000000001297218526264',16,6);
INSERT INTO map_monsters VALUES ('MAP_00000000001296788648248','MONS_00000000001297218526264',16,7);
INSERT INTO map_monsters VALUES ('MAP_00000000001296788648248','MONS_00000000001297218526264',16,8);
INSERT INTO map_monsters VALUES ('MAP_00000000001296788648248','MONS_00000000001297218526264',16,9);
INSERT INTO map_monsters VALUES ('MAP_00000000001296788648248','MONS_00000000001297218526264',16,10);
INSERT INTO map_monsters VALUES ('MAP_00000000001296788648248','MONS_00000000001297218526264',16,11);
INSERT INTO map_monsters VALUES ('MAP_00000000001296788648248','MONS_00000000001297218526264',16,12);
INSERT INTO map_monsters VALUES ('MAP_00000000001296788648248','MONS_00000000001297218526264',16,13);
INSERT INTO map_monsters VALUES ('MAP_00000000001296788648248','MONS_00000000001297218526264',16,14);
INSERT INTO map_monsters VALUES ('MAP_00000000001296788648248','MONS_00000000001297218526264',16,15);
INSERT INTO map_monsters VALUES ('MAP_00000000001296788648248','MONS_00000000001297218526264',16,19);
INSERT INTO map_monsters VALUES ('MAP_00000000001296788648248','MONS_00000000001297218526264',16,20);
INSERT INTO map_monsters VALUES ('MAP_00000000001296788648248','MONS_00000000001297218526264',16,21);
INSERT INTO map_monsters VALUES ('MAP_00000000001296788648248','MONS_00000000001297218526264',16,22);
INSERT INTO map_monsters VALUES ('MAP_00000000001296788648248','MONS_00000000001297218526264',16,23);
INSERT INTO map_monsters VALUES ('MAP_00000000001296788648248','MONS_00000000001297218526264',16,24);
INSERT INTO map_monsters VALUES ('MAP_00000000001296788648248','MONS_00000000001297218526264',16,25);
INSERT INTO map_monsters VALUES ('MAP_00000000001296788648248','MONS_00000000001297218526264',16,26);
INSERT INTO map_monsters VALUES ('MAP_00000000001296788648248','MONS_00000000001297218526264',16,27);
INSERT INTO map_monsters VALUES ('MAP_00000000001296788648248','MONS_00000000001297218526264',16,28);
INSERT INTO map_monsters VALUES ('MAP_00000000001296788648248','MONS_00000000001297218526264',16,29);
INSERT INTO map_monsters VALUES ('MAP_00000000001296788648248','MONS_00000000001297218526264',16,30);
INSERT INTO map_monsters VALUES ('MAP_00000000001296788648248','MONS_00000000001297218526264',16,31);
INSERT INTO map_monsters VALUES ('MAP_00000000001296788648248','MONS_00000000001297218526264',16,32);
INSERT INTO map_monsters VALUES ('MAP_00000000001296788648248','MONS_00000000001297218526264',16,33);
INSERT INTO map_monsters VALUES ('MAP_00000000001296788648248','MONS_00000000001297218526264',16,34);
INSERT INTO map_monsters VALUES ('MAP_00000000001296788648248','MONS_00000000001297218526264',16,35);
INSERT INTO map_monsters VALUES ('MAP_00000000001296788648248','MONS_00000000001297218526264',16,36);
INSERT INTO map_monsters VALUES ('MAP_00000000001296788648248','MONS_00000000001297218526264',16,37);
INSERT INTO map_monsters VALUES ('MAP_00000000001296788648248','MONS_00000000001297218526264',16,38);
INSERT INTO map_monsters VALUES ('MAP_00000000001296788648248','MONS_00000000001297218526264',16,39);
INSERT INTO map_monsters VALUES ('MAP_00000000001296788648248','MONS_00000000001297218526264',16,40);
INSERT INTO map_monsters VALUES ('MAP_00000000001296788648248','MONS_00000000001297218526264',16,41);
INSERT INTO map_monsters VALUES ('MAP_00000000001296788648248','MONS_00000000001297218526264',16,42);
INSERT INTO map_monsters VALUES ('MAP_00000000001296788648248','MONS_00000000001297218526264',16,43);
INSERT INTO map_monsters VALUES ('MAP_00000000001296788648248','MONS_00000000001297218526264',17,1);
INSERT INTO map_monsters VALUES ('MAP_00000000001296788648248','MONS_00000000001297218526264',17,2);
INSERT INTO map_monsters VALUES ('MAP_00000000001296788648248','MONS_00000000001297218526264',17,3);
INSERT INTO map_monsters VALUES ('MAP_00000000001296788648248','MONS_00000000001297218526264',17,4);
INSERT INTO map_monsters VALUES ('MAP_00000000001296788648248','MONS_00000000001297218526264',17,5);
INSERT INTO map_monsters VALUES ('MAP_00000000001296788648248','MONS_00000000001297218526264',17,6);
INSERT INTO map_monsters VALUES ('MAP_00000000001296788648248','MONS_00000000001297218526264',17,7);
INSERT INTO map_monsters VALUES ('MAP_00000000001296788648248','MONS_00000000001297218526264',17,8);
INSERT INTO map_monsters VALUES ('MAP_00000000001296788648248','MONS_00000000001297218526264',17,9);
INSERT INTO map_monsters VALUES ('MAP_00000000001296788648248','MONS_00000000001297218526264',17,10);
INSERT INTO map_monsters VALUES ('MAP_00000000001296788648248','MONS_00000000001297218526264',17,11);
INSERT INTO map_monsters VALUES ('MAP_00000000001296788648248','MONS_00000000001297218526264',17,12);
INSERT INTO map_monsters VALUES ('MAP_00000000001296788648248','MONS_00000000001297218526264',17,13);
INSERT INTO map_monsters VALUES ('MAP_00000000001296788648248','MONS_00000000001297218526264',17,14);
INSERT INTO map_monsters VALUES ('MAP_00000000001296788648248','MONS_00000000001297218526264',17,15);
INSERT INTO map_monsters VALUES ('MAP_00000000001296788648248','MONS_00000000001297218526264',17,16);
INSERT INTO map_monsters VALUES ('MAP_00000000001296788648248','MONS_00000000001297218526264',17,17);
INSERT INTO map_monsters VALUES ('MAP_00000000001296788648248','MONS_00000000001297218526264',17,18);
INSERT INTO map_monsters VALUES ('MAP_00000000001296788648248','MONS_00000000001297218526264',17,19);
INSERT INTO map_monsters VALUES ('MAP_00000000001296788648248','MONS_00000000001297218526264',17,20);
INSERT INTO map_monsters VALUES ('MAP_00000000001296788648248','MONS_00000000001297218526264',17,21);
INSERT INTO map_monsters VALUES ('MAP_00000000001296788648248','MONS_00000000001297218526264',17,23);
INSERT INTO map_monsters VALUES ('MAP_00000000001296788648248','MONS_00000000001297218526264',17,24);
INSERT INTO map_monsters VALUES ('MAP_00000000001296788648248','MONS_00000000001297218526264',17,25);
INSERT INTO map_monsters VALUES ('MAP_00000000001296788648248','MONS_00000000001297218526264',17,26);
INSERT INTO map_monsters VALUES ('MAP_00000000001296788648248','MONS_00000000001297218526264',17,27);
INSERT INTO map_monsters VALUES ('MAP_00000000001296788648248','MONS_00000000001297218526264',17,28);
INSERT INTO map_monsters VALUES ('MAP_00000000001296788648248','MONS_00000000001297218526264',17,29);
INSERT INTO map_monsters VALUES ('MAP_00000000001296788648248','MONS_00000000001297218526264',17,30);
INSERT INTO map_monsters VALUES ('MAP_00000000001296788648248','MONS_00000000001297218526264',17,31);
INSERT INTO map_monsters VALUES ('MAP_00000000001296788648248','MONS_00000000001297218526264',17,32);
INSERT INTO map_monsters VALUES ('MAP_00000000001296788648248','MONS_00000000001297218526264',17,33);
INSERT INTO map_monsters VALUES ('MAP_00000000001296788648248','MONS_00000000001297218526264',17,34);
INSERT INTO map_monsters VALUES ('MAP_00000000001296788648248','MONS_00000000001297218526264',17,35);
INSERT INTO map_monsters VALUES ('MAP_00000000001296788648248','MONS_00000000001297218526264',17,36);
INSERT INTO map_monsters VALUES ('MAP_00000000001296788648248','MONS_00000000001297218526264',17,37);
INSERT INTO map_monsters VALUES ('MAP_00000000001296788648248','MONS_00000000001297218526264',17,38);
INSERT INTO map_monsters VALUES ('MAP_00000000001296788648248','MONS_00000000001297218526264',17,39);
INSERT INTO map_monsters VALUES ('MAP_00000000001296788648248','MONS_00000000001297218526264',17,40);
INSERT INTO map_monsters VALUES ('MAP_00000000001296788648248','MONS_00000000001297218526264',18,7);
INSERT INTO map_monsters VALUES ('MAP_00000000001296788648248','MONS_00000000001297218526264',18,11);
INSERT INTO map_monsters VALUES ('MAP_00000000001296788648248','MONS_00000000001297218526264',18,20);
INSERT INTO map_monsters VALUES ('MAP_00000000001296788648248','MONS_00000000001297218526264',18,21);
INSERT INTO map_monsters VALUES ('MAP_00000000001296788648248','MONS_00000000001297218526264',18,22);
INSERT INTO map_monsters VALUES ('MAP_00000000001296788648248','MONS_00000000001297218526264',18,23);
INSERT INTO map_monsters VALUES ('MAP_00000000001296788648248','MONS_00000000001297218526264',18,24);
INSERT INTO map_monsters VALUES ('MAP_00000000001296788648248','MONS_00000000001297218526264',18,25);
INSERT INTO map_monsters VALUES ('MAP_00000000001296788648248','MONS_00000000001297218526264',18,26);
INSERT INTO map_monsters VALUES ('MAP_00000000001296788648248','MONS_00000000001297218526264',18,28);
INSERT INTO map_monsters VALUES ('MAP_00000000001296788648248','MONS_00000000001297218526264',18,40);
INSERT INTO map_monsters VALUES ('MAP_00000000001296788648248','MONS_00000000001297218526264',18,41);
INSERT INTO map_monsters VALUES ('MAP_00000000001296788648248','MONS_00000000001297218526264',18,42);
INSERT INTO map_monsters VALUES ('MAP_00000000001296788648248','MONS_00000000001297218526264',18,43);
INSERT INTO map_monsters VALUES ('MAP_00000000001296788648248','MONS_00000000001297218526264',19,7);
INSERT INTO map_monsters VALUES ('MAP_00000000001296788648248','MONS_00000000001297218526264',19,10);
INSERT INTO map_monsters VALUES ('MAP_00000000001296788648248','MONS_00000000001297218526264',19,11);
INSERT INTO map_monsters VALUES ('MAP_00000000001296788648248','MONS_00000000001297218526264',19,12);
INSERT INTO map_monsters VALUES ('MAP_00000000001296788648248','MONS_00000000001297218526264',19,13);
INSERT INTO map_monsters VALUES ('MAP_00000000001296788648248','MONS_00000000001297218526264',19,14);
INSERT INTO map_monsters VALUES ('MAP_00000000001296788648248','MONS_00000000001297218526264',19,15);
INSERT INTO map_monsters VALUES ('MAP_00000000001296788648248','MONS_00000000001297218526264',19,16);
INSERT INTO map_monsters VALUES ('MAP_00000000001296788648248','MONS_00000000001297218526264',19,17);
INSERT INTO map_monsters VALUES ('MAP_00000000001296788648248','MONS_00000000001297218526264',19,18);
INSERT INTO map_monsters VALUES ('MAP_00000000001296788648248','MONS_00000000001297218526264',19,20);
INSERT INTO map_monsters VALUES ('MAP_00000000001296788648248','MONS_00000000001297218526264',19,21);
INSERT INTO map_monsters VALUES ('MAP_00000000001296788648248','MONS_00000000001297218526264',19,22);
INSERT INTO map_monsters VALUES ('MAP_00000000001296788648248','MONS_00000000001297218526264',19,23);
INSERT INTO map_monsters VALUES ('MAP_00000000001296788648248','MONS_00000000001297218526264',19,24);
INSERT INTO map_monsters VALUES ('MAP_00000000001296788648248','MONS_00000000001297218526264',19,27);
INSERT INTO map_monsters VALUES ('MAP_00000000001296788648248','MONS_00000000001297218526264',19,28);
INSERT INTO map_monsters VALUES ('MAP_00000000001296788648248','MONS_00000000001297218526264',19,29);
INSERT INTO map_monsters VALUES ('MAP_00000000001296788648248','MONS_00000000001297218526264',19,30);
INSERT INTO map_monsters VALUES ('MAP_00000000001296788648248','MONS_00000000001297218526264',19,31);
INSERT INTO map_monsters VALUES ('MAP_00000000001296788648248','MONS_00000000001297218526264',19,32);
INSERT INTO map_monsters VALUES ('MAP_00000000001296788648248','MONS_00000000001297218526264',19,33);
INSERT INTO map_monsters VALUES ('MAP_00000000001296788648248','MONS_00000000001297218526264',19,34);
INSERT INTO map_monsters VALUES ('MAP_00000000001296788648248','MONS_00000000001297218526264',19,35);
INSERT INTO map_monsters VALUES ('MAP_00000000001296788648248','MONS_00000000001297218526264',19,36);
INSERT INTO map_monsters VALUES ('MAP_00000000001296788648248','MONS_00000000001297218526264',19,37);
INSERT INTO map_monsters VALUES ('MAP_00000000001296788648248','MONS_00000000001297218526264',19,38);
INSERT INTO map_monsters VALUES ('MAP_00000000001296788648248','MONS_00000000001297218526264',19,39);
INSERT INTO map_monsters VALUES ('MAP_00000000001296788648248','MONS_00000000001297218526264',19,40);
INSERT INTO map_monsters VALUES ('MAP_00000000001296788648248','MONS_00000000001297218526264',19,42);
INSERT INTO map_monsters VALUES ('MAP_00000000001296788648248','MONS_00000000001297218526264',19,43);
INSERT INTO map_monsters VALUES ('MAP_00000000001296788648248','MONS_00000000001297218526264',20,4);
INSERT INTO map_monsters VALUES ('MAP_00000000001296788648248','MONS_00000000001297218526264',20,5);
INSERT INTO map_monsters VALUES ('MAP_00000000001296788648248','MONS_00000000001297218526264',20,6);
INSERT INTO map_monsters VALUES ('MAP_00000000001296788648248','MONS_00000000001297218526264',20,7);
INSERT INTO map_monsters VALUES ('MAP_00000000001296788648248','MONS_00000000001297218526264',20,10);
INSERT INTO map_monsters VALUES ('MAP_00000000001296788648248','MONS_00000000001297218526264',20,19);
INSERT INTO map_monsters VALUES ('MAP_00000000001296788648248','MONS_00000000001297218526264',20,22);
INSERT INTO map_monsters VALUES ('MAP_00000000001296788648248','MONS_00000000001297218526264',20,23);
INSERT INTO map_monsters VALUES ('MAP_00000000001296788648248','MONS_00000000001297218526264',20,24);
INSERT INTO map_monsters VALUES ('MAP_00000000001296788648248','MONS_00000000001297218526264',20,38);
INSERT INTO map_monsters VALUES ('MAP_00000000001296788648248','MONS_00000000001297218526264',20,42);
INSERT INTO map_monsters VALUES ('MAP_00000000001296788648248','MONS_00000000001297218526264',20,43);
INSERT INTO map_monsters VALUES ('MAP_00000000001296788648248','MONS_00000000001297218526264',21,5);
INSERT INTO map_monsters VALUES ('MAP_00000000001296788648248','MONS_00000000001297218526264',21,7);
INSERT INTO map_monsters VALUES ('MAP_00000000001296788648248','MONS_00000000001297218526264',21,10);
INSERT INTO map_monsters VALUES ('MAP_00000000001296788648248','MONS_00000000001297218526264',21,11);
INSERT INTO map_monsters VALUES ('MAP_00000000001296788648248','MONS_00000000001297218526264',21,12);
INSERT INTO map_monsters VALUES ('MAP_00000000001296788648248','MONS_00000000001297218526264',21,13);
INSERT INTO map_monsters VALUES ('MAP_00000000001296788648248','MONS_00000000001297218526264',21,14);
INSERT INTO map_monsters VALUES ('MAP_00000000001296788648248','MONS_00000000001297218526264',21,15);
INSERT INTO map_monsters VALUES ('MAP_00000000001296788648248','MONS_00000000001297218526264',21,16);
INSERT INTO map_monsters VALUES ('MAP_00000000001296788648248','MONS_00000000001297218526264',21,17);
INSERT INTO map_monsters VALUES ('MAP_00000000001296788648248','MONS_00000000001297218526264',21,18);
INSERT INTO map_monsters VALUES ('MAP_00000000001296788648248','MONS_00000000001297218526264',21,19);
INSERT INTO map_monsters VALUES ('MAP_00000000001296788648248','MONS_00000000001297218526264',21,20);
INSERT INTO map_monsters VALUES ('MAP_00000000001296788648248','MONS_00000000001297218526264',21,21);
INSERT INTO map_monsters VALUES ('MAP_00000000001296788648248','MONS_00000000001297218526264',21,22);
INSERT INTO map_monsters VALUES ('MAP_00000000001296788648248','MONS_00000000001297218526264',21,23);
INSERT INTO map_monsters VALUES ('MAP_00000000001296788648248','MONS_00000000001297218526264',21,24);
INSERT INTO map_monsters VALUES ('MAP_00000000001296788648248','MONS_00000000001297218526264',21,25);
INSERT INTO map_monsters VALUES ('MAP_00000000001296788648248','MONS_00000000001297218526264',21,26);
INSERT INTO map_monsters VALUES ('MAP_00000000001296788648248','MONS_00000000001297218526264',21,27);
INSERT INTO map_monsters VALUES ('MAP_00000000001296788648248','MONS_00000000001297218526264',21,28);
INSERT INTO map_monsters VALUES ('MAP_00000000001296788648248','MONS_00000000001297218526264',21,29);
INSERT INTO map_monsters VALUES ('MAP_00000000001296788648248','MONS_00000000001297218526264',21,30);
INSERT INTO map_monsters VALUES ('MAP_00000000001296788648248','MONS_00000000001297218526264',21,31);
INSERT INTO map_monsters VALUES ('MAP_00000000001296788648248','MONS_00000000001297218526264',21,32);
INSERT INTO map_monsters VALUES ('MAP_00000000001296788648248','MONS_00000000001297218526264',21,33);
INSERT INTO map_monsters VALUES ('MAP_00000000001296788648248','MONS_00000000001297218526264',21,34);
INSERT INTO map_monsters VALUES ('MAP_00000000001296788648248','MONS_00000000001297218526264',21,35);
INSERT INTO map_monsters VALUES ('MAP_00000000001296788648248','MONS_00000000001297218526264',21,36);
INSERT INTO map_monsters VALUES ('MAP_00000000001296788648248','MONS_00000000001297218526264',21,37);
INSERT INTO map_monsters VALUES ('MAP_00000000001296788648248','MONS_00000000001297218526264',21,38);
INSERT INTO map_monsters VALUES ('MAP_00000000001296788648248','MONS_00000000001297218526264',21,39);
INSERT INTO map_monsters VALUES ('MAP_00000000001296788648248','MONS_00000000001297218526264',21,42);
INSERT INTO map_monsters VALUES ('MAP_00000000001296788648248','MONS_00000000001297218526264',21,43);
INSERT INTO map_monsters VALUES ('MAP_00000000001296788648248','MONS_00000000001297218526264',22,2);
INSERT INTO map_monsters VALUES ('MAP_00000000001296788648248','MONS_00000000001297218526264',22,5);
INSERT INTO map_monsters VALUES ('MAP_00000000001296788648248','MONS_00000000001297218526264',22,7);
INSERT INTO map_monsters VALUES ('MAP_00000000001296788648248','MONS_00000000001297218526264',22,10);
INSERT INTO map_monsters VALUES ('MAP_00000000001296788648248','MONS_00000000001297218526264',22,15);
INSERT INTO map_monsters VALUES ('MAP_00000000001296788648248','MONS_00000000001297218526264',22,20);
INSERT INTO map_monsters VALUES ('MAP_00000000001296788648248','MONS_00000000001297218526264',22,22);
INSERT INTO map_monsters VALUES ('MAP_00000000001296788648248','MONS_00000000001297218526264',22,23);
INSERT INTO map_monsters VALUES ('MAP_00000000001296788648248','MONS_00000000001297218526264',22,24);
INSERT INTO map_monsters VALUES ('MAP_00000000001296788648248','MONS_00000000001297218526264',22,26);
INSERT INTO map_monsters VALUES ('MAP_00000000001296788648248','MONS_00000000001297218526264',22,39);
INSERT INTO map_monsters VALUES ('MAP_00000000001296788648248','MONS_00000000001297218526264',22,42);
INSERT INTO map_monsters VALUES ('MAP_00000000001296788648248','MONS_00000000001297218526264',22,43);
INSERT INTO map_monsters VALUES ('MAP_00000000001296788648248','MONS_00000000001297218526264',23,2);
INSERT INTO map_monsters VALUES ('MAP_00000000001296788648248','MONS_00000000001297218526264',23,3);
INSERT INTO map_monsters VALUES ('MAP_00000000001296788648248','MONS_00000000001297218526264',23,4);
INSERT INTO map_monsters VALUES ('MAP_00000000001296788648248','MONS_00000000001297218526264',23,5);
INSERT INTO map_monsters VALUES ('MAP_00000000001296788648248','MONS_00000000001297218526264',23,7);
INSERT INTO map_monsters VALUES ('MAP_00000000001296788648248','MONS_00000000001297218526264',23,10);
INSERT INTO map_monsters VALUES ('MAP_00000000001296788648248','MONS_00000000001297218526264',23,11);
INSERT INTO map_monsters VALUES ('MAP_00000000001296788648248','MONS_00000000001297218526264',23,12);
INSERT INTO map_monsters VALUES ('MAP_00000000001296788648248','MONS_00000000001297218526264',23,13);
INSERT INTO map_monsters VALUES ('MAP_00000000001296788648248','MONS_00000000001297218526264',23,14);
INSERT INTO map_monsters VALUES ('MAP_00000000001296788648248','MONS_00000000001297218526264',23,15);
INSERT INTO map_monsters VALUES ('MAP_00000000001296788648248','MONS_00000000001297218526264',23,16);
INSERT INTO map_monsters VALUES ('MAP_00000000001296788648248','MONS_00000000001297218526264',23,17);
INSERT INTO map_monsters VALUES ('MAP_00000000001296788648248','MONS_00000000001297218526264',23,18);
INSERT INTO map_monsters VALUES ('MAP_00000000001296788648248','MONS_00000000001297218526264',23,19);
INSERT INTO map_monsters VALUES ('MAP_00000000001296788648248','MONS_00000000001297218526264',23,20);
INSERT INTO map_monsters VALUES ('MAP_00000000001296788648248','MONS_00000000001297218526264',23,22);
INSERT INTO map_monsters VALUES ('MAP_00000000001296788648248','MONS_00000000001297218526264',23,23);
INSERT INTO map_monsters VALUES ('MAP_00000000001296788648248','MONS_00000000001297218526264',23,24);
INSERT INTO map_monsters VALUES ('MAP_00000000001296788648248','MONS_00000000001297218526264',23,26);
INSERT INTO map_monsters VALUES ('MAP_00000000001296788648248','MONS_00000000001297218526264',23,27);
INSERT INTO map_monsters VALUES ('MAP_00000000001296788648248','MONS_00000000001297218526264',23,28);
INSERT INTO map_monsters VALUES ('MAP_00000000001296788648248','MONS_00000000001297218526264',23,29);
INSERT INTO map_monsters VALUES ('MAP_00000000001296788648248','MONS_00000000001297218526264',23,30);
INSERT INTO map_monsters VALUES ('MAP_00000000001296788648248','MONS_00000000001297218526264',23,31);
INSERT INTO map_monsters VALUES ('MAP_00000000001296788648248','MONS_00000000001297218526264',23,32);
INSERT INTO map_monsters VALUES ('MAP_00000000001296788648248','MONS_00000000001297218526264',23,33);
INSERT INTO map_monsters VALUES ('MAP_00000000001296788648248','MONS_00000000001297218526264',23,34);
INSERT INTO map_monsters VALUES ('MAP_00000000001296788648248','MONS_00000000001297218526264',23,35);
INSERT INTO map_monsters VALUES ('MAP_00000000001296788648248','MONS_00000000001297218526264',23,36);
INSERT INTO map_monsters VALUES ('MAP_00000000001296788648248','MONS_00000000001297218526264',23,37);
INSERT INTO map_monsters VALUES ('MAP_00000000001296788648248','MONS_00000000001297218526264',23,38);
INSERT INTO map_monsters VALUES ('MAP_00000000001296788648248','MONS_00000000001297218526264',23,39);
INSERT INTO map_monsters VALUES ('MAP_00000000001296788648248','MONS_00000000001297218526264',23,42);
INSERT INTO map_monsters VALUES ('MAP_00000000001296788648248','MONS_00000000001297218526264',23,43);
INSERT INTO map_monsters VALUES ('MAP_00000000001296788648248','MONS_00000000001297218526264',24,2);
INSERT INTO map_monsters VALUES ('MAP_00000000001296788648248','MONS_00000000001297218526264',24,7);
INSERT INTO map_monsters VALUES ('MAP_00000000001296788648248','MONS_00000000001297218526264',24,22);
INSERT INTO map_monsters VALUES ('MAP_00000000001296788648248','MONS_00000000001297218526264',24,23);
INSERT INTO map_monsters VALUES ('MAP_00000000001296788648248','MONS_00000000001297218526264',24,24);
INSERT INTO map_monsters VALUES ('MAP_00000000001296788648248','MONS_00000000001297218526264',24,42);
INSERT INTO map_monsters VALUES ('MAP_00000000001296788648248','MONS_00000000001297218526264',24,43);
INSERT INTO map_monsters VALUES ('MAP_00000000001296788648248','MONS_00000000001297218526264',25,2);
INSERT INTO map_monsters VALUES ('MAP_00000000001296788648248','MONS_00000000001297218526264',25,7);
INSERT INTO map_monsters VALUES ('MAP_00000000001296788648248','MONS_00000000001297218526264',25,22);
INSERT INTO map_monsters VALUES ('MAP_00000000001296788648248','MONS_00000000001297218526264',25,23);
INSERT INTO map_monsters VALUES ('MAP_00000000001296788648248','MONS_00000000001297218526264',25,24);
INSERT INTO map_monsters VALUES ('MAP_00000000001296788648248','MONS_00000000001297218526264',25,42);
INSERT INTO map_monsters VALUES ('MAP_00000000001296788648248','MONS_00000000001297218526264',25,43);
INSERT INTO map_monsters VALUES ('MAP_00000000001296788648248','MONS_00000000001297218526264',26,2);
INSERT INTO map_monsters VALUES ('MAP_00000000001296788648248','MONS_00000000001297218526264',26,3);
INSERT INTO map_monsters VALUES ('MAP_00000000001296788648248','MONS_00000000001297218526264',26,4);
INSERT INTO map_monsters VALUES ('MAP_00000000001296788648248','MONS_00000000001297218526264',26,5);
INSERT INTO map_monsters VALUES ('MAP_00000000001296788648248','MONS_00000000001297218526264',26,7);
INSERT INTO map_monsters VALUES ('MAP_00000000001296788648248','MONS_00000000001297218526264',26,15);
INSERT INTO map_monsters VALUES ('MAP_00000000001296788648248','MONS_00000000001297218526264',26,16);
INSERT INTO map_monsters VALUES ('MAP_00000000001296788648248','MONS_00000000001297218526264',26,17);
INSERT INTO map_monsters VALUES ('MAP_00000000001296788648248','MONS_00000000001297218526264',26,18);
INSERT INTO map_monsters VALUES ('MAP_00000000001296788648248','MONS_00000000001297218526264',26,19);
INSERT INTO map_monsters VALUES ('MAP_00000000001296788648248','MONS_00000000001297218526264',26,20);
INSERT INTO map_monsters VALUES ('MAP_00000000001296788648248','MONS_00000000001297218526264',26,21);
INSERT INTO map_monsters VALUES ('MAP_00000000001296788648248','MONS_00000000001297218526264',26,22);
INSERT INTO map_monsters VALUES ('MAP_00000000001296788648248','MONS_00000000001297218526264',26,23);
INSERT INTO map_monsters VALUES ('MAP_00000000001296788648248','MONS_00000000001297218526264',26,24);
INSERT INTO map_monsters VALUES ('MAP_00000000001296788648248','MONS_00000000001297218526264',26,25);
INSERT INTO map_monsters VALUES ('MAP_00000000001296788648248','MONS_00000000001297218526264',26,26);
INSERT INTO map_monsters VALUES ('MAP_00000000001296788648248','MONS_00000000001297218526264',26,27);
INSERT INTO map_monsters VALUES ('MAP_00000000001296788648248','MONS_00000000001297218526264',26,28);
INSERT INTO map_monsters VALUES ('MAP_00000000001296788648248','MONS_00000000001297218526264',26,29);
INSERT INTO map_monsters VALUES ('MAP_00000000001296788648248','MONS_00000000001297218526264',26,30);
INSERT INTO map_monsters VALUES ('MAP_00000000001296788648248','MONS_00000000001297218526264',26,31);
INSERT INTO map_monsters VALUES ('MAP_00000000001296788648248','MONS_00000000001297218526264',26,42);
INSERT INTO map_monsters VALUES ('MAP_00000000001296788648248','MONS_00000000001297218526264',26,43);
INSERT INTO map_monsters VALUES ('MAP_00000000001296788648248','MONS_00000000001297218526264',27,2);
INSERT INTO map_monsters VALUES ('MAP_00000000001296788648248','MONS_00000000001297218526264',27,5);
INSERT INTO map_monsters VALUES ('MAP_00000000001296788648248','MONS_00000000001297218526264',27,6);
INSERT INTO map_monsters VALUES ('MAP_00000000001296788648248','MONS_00000000001297218526264',27,7);
INSERT INTO map_monsters VALUES ('MAP_00000000001296788648248','MONS_00000000001297218526264',27,8);
INSERT INTO map_monsters VALUES ('MAP_00000000001296788648248','MONS_00000000001297218526264',27,9);
INSERT INTO map_monsters VALUES ('MAP_00000000001296788648248','MONS_00000000001297218526264',27,10);
INSERT INTO map_monsters VALUES ('MAP_00000000001296788648248','MONS_00000000001297218526264',27,11);
INSERT INTO map_monsters VALUES ('MAP_00000000001296788648248','MONS_00000000001297218526264',27,12);
INSERT INTO map_monsters VALUES ('MAP_00000000001296788648248','MONS_00000000001297218526264',27,13);
INSERT INTO map_monsters VALUES ('MAP_00000000001296788648248','MONS_00000000001297218526264',27,14);
INSERT INTO map_monsters VALUES ('MAP_00000000001296788648248','MONS_00000000001297218526264',27,15);
INSERT INTO map_monsters VALUES ('MAP_00000000001296788648248','MONS_00000000001297218526264',27,18);
INSERT INTO map_monsters VALUES ('MAP_00000000001296788648248','MONS_00000000001297218526264',27,22);
INSERT INTO map_monsters VALUES ('MAP_00000000001296788648248','MONS_00000000001297218526264',27,23);
INSERT INTO map_monsters VALUES ('MAP_00000000001296788648248','MONS_00000000001297218526264',27,24);
INSERT INTO map_monsters VALUES ('MAP_00000000001296788648248','MONS_00000000001297218526264',27,28);
INSERT INTO map_monsters VALUES ('MAP_00000000001296788648248','MONS_00000000001297218526264',27,31);
INSERT INTO map_monsters VALUES ('MAP_00000000001296788648248','MONS_00000000001297218526264',27,32);
INSERT INTO map_monsters VALUES ('MAP_00000000001296788648248','MONS_00000000001297218526264',27,33);
INSERT INTO map_monsters VALUES ('MAP_00000000001296788648248','MONS_00000000001297218526264',27,34);
INSERT INTO map_monsters VALUES ('MAP_00000000001296788648248','MONS_00000000001297218526264',27,35);
INSERT INTO map_monsters VALUES ('MAP_00000000001296788648248','MONS_00000000001297218526264',27,36);
INSERT INTO map_monsters VALUES ('MAP_00000000001296788648248','MONS_00000000001297218526264',27,37);
INSERT INTO map_monsters VALUES ('MAP_00000000001296788648248','MONS_00000000001297218526264',27,38);
INSERT INTO map_monsters VALUES ('MAP_00000000001296788648248','MONS_00000000001297218526264',27,39);
INSERT INTO map_monsters VALUES ('MAP_00000000001296788648248','MONS_00000000001297218526264',27,40);
INSERT INTO map_monsters VALUES ('MAP_00000000001296788648248','MONS_00000000001297218526264',27,41);
INSERT INTO map_monsters VALUES ('MAP_00000000001296788648248','MONS_00000000001297218526264',27,42);
INSERT INTO map_monsters VALUES ('MAP_00000000001296788648248','MONS_00000000001297218526264',27,43);
INSERT INTO map_monsters VALUES ('MAP_00000000001296788648248','MONS_00000000001297218526264',28,6);
INSERT INTO map_monsters VALUES ('MAP_00000000001296788648248','MONS_00000000001297218526264',28,15);
INSERT INTO map_monsters VALUES ('MAP_00000000001296788648248','MONS_00000000001297218526264',28,22);
INSERT INTO map_monsters VALUES ('MAP_00000000001296788648248','MONS_00000000001297218526264',28,23);
INSERT INTO map_monsters VALUES ('MAP_00000000001296788648248','MONS_00000000001297218526264',28,24);
INSERT INTO map_monsters VALUES ('MAP_00000000001296788648248','MONS_00000000001297218526264',28,31);
INSERT INTO map_monsters VALUES ('MAP_00000000001296788648248','MONS_00000000001297218526264',28,43);
INSERT INTO map_monsters VALUES ('MAP_00000000001296788648248','MONS_00000000001297218526264',29,4);
INSERT INTO map_monsters VALUES ('MAP_00000000001296788648248','MONS_00000000001297218526264',29,5);
INSERT INTO map_monsters VALUES ('MAP_00000000001296788648248','MONS_00000000001297218526264',29,6);
INSERT INTO map_monsters VALUES ('MAP_00000000001296788648248','MONS_00000000001297218526264',29,7);
INSERT INTO map_monsters VALUES ('MAP_00000000001296788648248','MONS_00000000001297218526264',29,8);
INSERT INTO map_monsters VALUES ('MAP_00000000001296788648248','MONS_00000000001297218526264',29,9);
INSERT INTO map_monsters VALUES ('MAP_00000000001296788648248','MONS_00000000001297218526264',29,10);
INSERT INTO map_monsters VALUES ('MAP_00000000001296788648248','MONS_00000000001297218526264',29,11);
INSERT INTO map_monsters VALUES ('MAP_00000000001296788648248','MONS_00000000001297218526264',29,12);
INSERT INTO map_monsters VALUES ('MAP_00000000001296788648248','MONS_00000000001297218526264',29,13);
INSERT INTO map_monsters VALUES ('MAP_00000000001296788648248','MONS_00000000001297218526264',29,14);
INSERT INTO map_monsters VALUES ('MAP_00000000001296788648248','MONS_00000000001297218526264',29,15);
INSERT INTO map_monsters VALUES ('MAP_00000000001296788648248','MONS_00000000001297218526264',29,20);
INSERT INTO map_monsters VALUES ('MAP_00000000001296788648248','MONS_00000000001297218526264',29,21);
INSERT INTO map_monsters VALUES ('MAP_00000000001296788648248','MONS_00000000001297218526264',29,22);
INSERT INTO map_monsters VALUES ('MAP_00000000001296788648248','MONS_00000000001297218526264',29,23);
INSERT INTO map_monsters VALUES ('MAP_00000000001296788648248','MONS_00000000001297218526264',29,24);
INSERT INTO map_monsters VALUES ('MAP_00000000001296788648248','MONS_00000000001297218526264',29,25);
INSERT INTO map_monsters VALUES ('MAP_00000000001296788648248','MONS_00000000001297218526264',29,26);
INSERT INTO map_monsters VALUES ('MAP_00000000001296788648248','MONS_00000000001297218526264',29,31);
INSERT INTO map_monsters VALUES ('MAP_00000000001296788648248','MONS_00000000001297218526264',29,32);
INSERT INTO map_monsters VALUES ('MAP_00000000001296788648248','MONS_00000000001297218526264',29,33);
INSERT INTO map_monsters VALUES ('MAP_00000000001296788648248','MONS_00000000001297218526264',29,34);
INSERT INTO map_monsters VALUES ('MAP_00000000001296788648248','MONS_00000000001297218526264',29,35);
INSERT INTO map_monsters VALUES ('MAP_00000000001296788648248','MONS_00000000001297218526264',29,36);
INSERT INTO map_monsters VALUES ('MAP_00000000001296788648248','MONS_00000000001297218526264',29,37);
INSERT INTO map_monsters VALUES ('MAP_00000000001296788648248','MONS_00000000001297218526264',29,38);
INSERT INTO map_monsters VALUES ('MAP_00000000001296788648248','MONS_00000000001297218526264',29,39);
INSERT INTO map_monsters VALUES ('MAP_00000000001296788648248','MONS_00000000001297218526264',29,40);
INSERT INTO map_monsters VALUES ('MAP_00000000001296788648248','MONS_00000000001297218526264',29,41);
INSERT INTO map_monsters VALUES ('MAP_00000000001296788648248','MONS_00000000001297218526264',29,42);
INSERT INTO map_monsters VALUES ('MAP_00000000001296788648248','MONS_00000000001297218526264',29,43);
INSERT INTO map_monsters VALUES ('MAP_00000000001296788648248','MONS_00000000001297218526264',29,44);
INSERT INTO map_monsters VALUES ('MAP_00000000001296788648248','MONS_00000000001297218526264',29,45);
INSERT INTO map_monsters VALUES ('MAP_00000000001296788648248','MONS_00000000001297218526264',29,46);
INSERT INTO map_monsters VALUES ('MAP_00000000001296788648248','MONS_00000000001297218526264',29,47);
INSERT INTO map_monsters VALUES ('MAP_00000000001296788648248','MONS_00000000001297218526264',29,48);
INSERT INTO map_monsters VALUES ('MAP_00000000001296788648248','MONS_00000000001297218526264',29,49);
INSERT INTO map_monsters VALUES ('MAP_00000000001296788648248','MONS_00000000001297218526264',29,50);
INSERT INTO map_monsters VALUES ('MAP_00000000001296788648248','MONS_00000000001297218526264',29,51);
INSERT INTO map_monsters VALUES ('MAP_00000000001296788648248','MONS_00000000001297218526264',29,52);
INSERT INTO map_monsters VALUES ('MAP_00000000001296788648248','MONS_00000000001297218526264',29,53);
INSERT INTO map_monsters VALUES ('MAP_00000000001296788648248','MONS_00000000001297218526264',29,54);
INSERT INTO map_monsters VALUES ('MAP_00000000001296788648248','MONS_00000000001297218526264',29,55);
INSERT INTO map_monsters VALUES ('MAP_00000000001296788648248','MONS_00000000001297218526264',29,56);
INSERT INTO map_monsters VALUES ('MAP_00000000001296788648248','MONS_00000000001297218526264',29,57);
INSERT INTO map_monsters VALUES ('MAP_00000000001296788648248','MONS_00000000001297218526264',29,58);
INSERT INTO map_monsters VALUES ('MAP_00000000001296788648248','MONS_00000000001297218526264',29,59);
INSERT INTO map_monsters VALUES ('MAP_00000000001296788648248','MONS_00000000001297218526264',30,22);
INSERT INTO map_monsters VALUES ('MAP_00000000001296788648248','MONS_00000000001297218526264',30,23);
INSERT INTO map_monsters VALUES ('MAP_00000000001296788648248','MONS_00000000001297218526264',30,24);
INSERT INTO map_monsters VALUES ('MAP_00000000001296788648248','MONS_00000000001297218526264',31,22);
INSERT INTO map_monsters VALUES ('MAP_00000000001296788648248','MONS_00000000001297218526264',31,23);
INSERT INTO map_monsters VALUES ('MAP_00000000001296788648248','MONS_00000000001297218526264',31,24);
INSERT INTO monsters VALUES ('MONS_00000000001297218526283','Enticing Ladies',50,1,1,1,1,10,10,10,0,0);
INSERT INTO map_monsters VALUES ('MAP_00000000001296788648248','MONS_00000000001297218526283',0,22);
INSERT INTO map_monsters VALUES ('MAP_00000000001296788648248','MONS_00000000001297218526283',0,23);
INSERT INTO map_monsters VALUES ('MAP_00000000001296788648248','MONS_00000000001297218526283',0,24);
INSERT INTO map_monsters VALUES ('MAP_00000000001296788648248','MONS_00000000001297218526283',1,22);
INSERT INTO map_monsters VALUES ('MAP_00000000001296788648248','MONS_00000000001297218526283',1,23);
INSERT INTO map_monsters VALUES ('MAP_00000000001296788648248','MONS_00000000001297218526283',1,24);
INSERT INTO map_monsters VALUES ('MAP_00000000001296788648248','MONS_00000000001297218526283',2,4);
INSERT INTO map_monsters VALUES ('MAP_00000000001296788648248','MONS_00000000001297218526283',2,5);
INSERT INTO map_monsters VALUES ('MAP_00000000001296788648248','MONS_00000000001297218526283',2,6);
INSERT INTO map_monsters VALUES ('MAP_00000000001296788648248','MONS_00000000001297218526283',2,7);
INSERT INTO map_monsters VALUES ('MAP_00000000001296788648248','MONS_00000000001297218526283',2,8);
INSERT INTO map_monsters VALUES ('MAP_00000000001296788648248','MONS_00000000001297218526283',2,9);
INSERT INTO map_monsters VALUES ('MAP_00000000001296788648248','MONS_00000000001297218526283',2,10);
INSERT INTO map_monsters VALUES ('MAP_00000000001296788648248','MONS_00000000001297218526283',2,11);
INSERT INTO map_monsters VALUES ('MAP_00000000001296788648248','MONS_00000000001297218526283',2,12);
INSERT INTO map_monsters VALUES ('MAP_00000000001296788648248','MONS_00000000001297218526283',2,13);
INSERT INTO map_monsters VALUES ('MAP_00000000001296788648248','MONS_00000000001297218526283',2,14);
INSERT INTO map_monsters VALUES ('MAP_00000000001296788648248','MONS_00000000001297218526283',2,15);
INSERT INTO map_monsters VALUES ('MAP_00000000001296788648248','MONS_00000000001297218526283',2,20);
INSERT INTO map_monsters VALUES ('MAP_00000000001296788648248','MONS_00000000001297218526283',2,21);
INSERT INTO map_monsters VALUES ('MAP_00000000001296788648248','MONS_00000000001297218526283',2,22);
INSERT INTO map_monsters VALUES ('MAP_00000000001296788648248','MONS_00000000001297218526283',2,23);
INSERT INTO map_monsters VALUES ('MAP_00000000001296788648248','MONS_00000000001297218526283',2,24);
INSERT INTO map_monsters VALUES ('MAP_00000000001296788648248','MONS_00000000001297218526283',2,25);
INSERT INTO map_monsters VALUES ('MAP_00000000001296788648248','MONS_00000000001297218526283',2,26);
INSERT INTO map_monsters VALUES ('MAP_00000000001296788648248','MONS_00000000001297218526283',2,31);
INSERT INTO map_monsters VALUES ('MAP_00000000001296788648248','MONS_00000000001297218526283',2,32);
INSERT INTO map_monsters VALUES ('MAP_00000000001296788648248','MONS_00000000001297218526283',2,33);
INSERT INTO map_monsters VALUES ('MAP_00000000001296788648248','MONS_00000000001297218526283',2,34);
INSERT INTO map_monsters VALUES ('MAP_00000000001296788648248','MONS_00000000001297218526283',2,35);
INSERT INTO map_monsters VALUES ('MAP_00000000001296788648248','MONS_00000000001297218526283',2,36);
INSERT INTO map_monsters VALUES ('MAP_00000000001296788648248','MONS_00000000001297218526283',2,37);
INSERT INTO map_monsters VALUES ('MAP_00000000001296788648248','MONS_00000000001297218526283',2,38);
INSERT INTO map_monsters VALUES ('MAP_00000000001296788648248','MONS_00000000001297218526283',2,39);
INSERT INTO map_monsters VALUES ('MAP_00000000001296788648248','MONS_00000000001297218526283',2,40);
INSERT INTO map_monsters VALUES ('MAP_00000000001296788648248','MONS_00000000001297218526283',2,41);
INSERT INTO map_monsters VALUES ('MAP_00000000001296788648248','MONS_00000000001297218526283',2,42);
INSERT INTO map_monsters VALUES ('MAP_00000000001296788648248','MONS_00000000001297218526283',2,43);
INSERT INTO map_monsters VALUES ('MAP_00000000001296788648248','MONS_00000000001297218526283',2,44);
INSERT INTO map_monsters VALUES ('MAP_00000000001296788648248','MONS_00000000001297218526283',2,45);
INSERT INTO map_monsters VALUES ('MAP_00000000001296788648248','MONS_00000000001297218526283',2,46);
INSERT INTO map_monsters VALUES ('MAP_00000000001296788648248','MONS_00000000001297218526283',2,47);
INSERT INTO map_monsters VALUES ('MAP_00000000001296788648248','MONS_00000000001297218526283',2,48);
INSERT INTO map_monsters VALUES ('MAP_00000000001296788648248','MONS_00000000001297218526283',2,49);
INSERT INTO map_monsters VALUES ('MAP_00000000001296788648248','MONS_00000000001297218526283',2,50);
INSERT INTO map_monsters VALUES ('MAP_00000000001296788648248','MONS_00000000001297218526283',2,51);
INSERT INTO map_monsters VALUES ('MAP_00000000001296788648248','MONS_00000000001297218526283',2,52);
INSERT INTO map_monsters VALUES ('MAP_00000000001296788648248','MONS_00000000001297218526283',2,53);
INSERT INTO map_monsters VALUES ('MAP_00000000001296788648248','MONS_00000000001297218526283',2,54);
INSERT INTO map_monsters VALUES ('MAP_00000000001296788648248','MONS_00000000001297218526283',2,55);
INSERT INTO map_monsters VALUES ('MAP_00000000001296788648248','MONS_00000000001297218526283',2,56);
INSERT INTO map_monsters VALUES ('MAP_00000000001296788648248','MONS_00000000001297218526283',2,57);
INSERT INTO map_monsters VALUES ('MAP_00000000001296788648248','MONS_00000000001297218526283',2,58);
INSERT INTO map_monsters VALUES ('MAP_00000000001296788648248','MONS_00000000001297218526283',2,59);
INSERT INTO map_monsters VALUES ('MAP_00000000001296788648248','MONS_00000000001297218526283',3,6);
INSERT INTO map_monsters VALUES ('MAP_00000000001296788648248','MONS_00000000001297218526283',3,15);
INSERT INTO map_monsters VALUES ('MAP_00000000001296788648248','MONS_00000000001297218526283',3,22);
INSERT INTO map_monsters VALUES ('MAP_00000000001296788648248','MONS_00000000001297218526283',3,23);
INSERT INTO map_monsters VALUES ('MAP_00000000001296788648248','MONS_00000000001297218526283',3,24);
INSERT INTO map_monsters VALUES ('MAP_00000000001296788648248','MONS_00000000001297218526283',3,31);
INSERT INTO map_monsters VALUES ('MAP_00000000001296788648248','MONS_00000000001297218526283',3,43);
INSERT INTO map_monsters VALUES ('MAP_00000000001296788648248','MONS_00000000001297218526283',4,2);
INSERT INTO map_monsters VALUES ('MAP_00000000001296788648248','MONS_00000000001297218526283',4,5);
INSERT INTO map_monsters VALUES ('MAP_00000000001296788648248','MONS_00000000001297218526283',4,6);
INSERT INTO map_monsters VALUES ('MAP_00000000001296788648248','MONS_00000000001297218526283',4,7);
INSERT INTO map_monsters VALUES ('MAP_00000000001296788648248','MONS_00000000001297218526283',4,8);
INSERT INTO map_monsters VALUES ('MAP_00000000001296788648248','MONS_00000000001297218526283',4,9);
INSERT INTO map_monsters VALUES ('MAP_00000000001296788648248','MONS_00000000001297218526283',4,10);
INSERT INTO map_monsters VALUES ('MAP_00000000001296788648248','MONS_00000000001297218526283',4,11);
INSERT INTO map_monsters VALUES ('MAP_00000000001296788648248','MONS_00000000001297218526283',4,12);
INSERT INTO map_monsters VALUES ('MAP_00000000001296788648248','MONS_00000000001297218526283',4,13);
INSERT INTO map_monsters VALUES ('MAP_00000000001296788648248','MONS_00000000001297218526283',4,14);
INSERT INTO map_monsters VALUES ('MAP_00000000001296788648248','MONS_00000000001297218526283',4,15);
INSERT INTO map_monsters VALUES ('MAP_00000000001296788648248','MONS_00000000001297218526283',4,18);
INSERT INTO map_monsters VALUES ('MAP_00000000001296788648248','MONS_00000000001297218526283',4,22);
INSERT INTO map_monsters VALUES ('MAP_00000000001296788648248','MONS_00000000001297218526283',4,23);
INSERT INTO map_monsters VALUES ('MAP_00000000001296788648248','MONS_00000000001297218526283',4,24);
INSERT INTO map_monsters VALUES ('MAP_00000000001296788648248','MONS_00000000001297218526283',4,28);
INSERT INTO map_monsters VALUES ('MAP_00000000001296788648248','MONS_00000000001297218526283',4,31);
INSERT INTO map_monsters VALUES ('MAP_00000000001296788648248','MONS_00000000001297218526283',4,32);
INSERT INTO map_monsters VALUES ('MAP_00000000001296788648248','MONS_00000000001297218526283',4,33);
INSERT INTO map_monsters VALUES ('MAP_00000000001296788648248','MONS_00000000001297218526283',4,34);
INSERT INTO map_monsters VALUES ('MAP_00000000001296788648248','MONS_00000000001297218526283',4,35);
INSERT INTO map_monsters VALUES ('MAP_00000000001296788648248','MONS_00000000001297218526283',4,36);
INSERT INTO map_monsters VALUES ('MAP_00000000001296788648248','MONS_00000000001297218526283',4,37);
INSERT INTO map_monsters VALUES ('MAP_00000000001296788648248','MONS_00000000001297218526283',4,38);
INSERT INTO map_monsters VALUES ('MAP_00000000001296788648248','MONS_00000000001297218526283',4,39);
INSERT INTO map_monsters VALUES ('MAP_00000000001296788648248','MONS_00000000001297218526283',4,40);
INSERT INTO map_monsters VALUES ('MAP_00000000001296788648248','MONS_00000000001297218526283',4,41);
INSERT INTO map_monsters VALUES ('MAP_00000000001296788648248','MONS_00000000001297218526283',4,42);
INSERT INTO map_monsters VALUES ('MAP_00000000001296788648248','MONS_00000000001297218526283',4,43);
INSERT INTO map_monsters VALUES ('MAP_00000000001296788648248','MONS_00000000001297218526283',5,2);
INSERT INTO map_monsters VALUES ('MAP_00000000001296788648248','MONS_00000000001297218526283',5,3);
INSERT INTO map_monsters VALUES ('MAP_00000000001296788648248','MONS_00000000001297218526283',5,4);
INSERT INTO map_monsters VALUES ('MAP_00000000001296788648248','MONS_00000000001297218526283',5,5);
INSERT INTO map_monsters VALUES ('MAP_00000000001296788648248','MONS_00000000001297218526283',5,7);
INSERT INTO map_monsters VALUES ('MAP_00000000001296788648248','MONS_00000000001297218526283',5,15);
INSERT INTO map_monsters VALUES ('MAP_00000000001296788648248','MONS_00000000001297218526283',5,16);
INSERT INTO map_monsters VALUES ('MAP_00000000001296788648248','MONS_00000000001297218526283',5,17);
INSERT INTO map_monsters VALUES ('MAP_00000000001296788648248','MONS_00000000001297218526283',5,18);
INSERT INTO map_monsters VALUES ('MAP_00000000001296788648248','MONS_00000000001297218526283',5,19);
INSERT INTO map_monsters VALUES ('MAP_00000000001296788648248','MONS_00000000001297218526283',5,20);
INSERT INTO map_monsters VALUES ('MAP_00000000001296788648248','MONS_00000000001297218526283',5,21);
INSERT INTO map_monsters VALUES ('MAP_00000000001296788648248','MONS_00000000001297218526283',5,22);
INSERT INTO map_monsters VALUES ('MAP_00000000001296788648248','MONS_00000000001297218526283',5,23);
INSERT INTO map_monsters VALUES ('MAP_00000000001296788648248','MONS_00000000001297218526283',5,24);
INSERT INTO map_monsters VALUES ('MAP_00000000001296788648248','MONS_00000000001297218526283',5,25);
INSERT INTO map_monsters VALUES ('MAP_00000000001296788648248','MONS_00000000001297218526283',5,26);
INSERT INTO map_monsters VALUES ('MAP_00000000001296788648248','MONS_00000000001297218526283',5,27);
INSERT INTO map_monsters VALUES ('MAP_00000000001296788648248','MONS_00000000001297218526283',5,28);
INSERT INTO map_monsters VALUES ('MAP_00000000001296788648248','MONS_00000000001297218526283',5,29);
INSERT INTO map_monsters VALUES ('MAP_00000000001296788648248','MONS_00000000001297218526283',5,30);
INSERT INTO map_monsters VALUES ('MAP_00000000001296788648248','MONS_00000000001297218526283',5,31);
INSERT INTO map_monsters VALUES ('MAP_00000000001296788648248','MONS_00000000001297218526283',5,42);
INSERT INTO map_monsters VALUES ('MAP_00000000001296788648248','MONS_00000000001297218526283',5,43);
INSERT INTO map_monsters VALUES ('MAP_00000000001296788648248','MONS_00000000001297218526283',6,2);
INSERT INTO map_monsters VALUES ('MAP_00000000001296788648248','MONS_00000000001297218526283',6,7);
INSERT INTO map_monsters VALUES ('MAP_00000000001296788648248','MONS_00000000001297218526283',6,22);
INSERT INTO map_monsters VALUES ('MAP_00000000001296788648248','MONS_00000000001297218526283',6,23);
INSERT INTO map_monsters VALUES ('MAP_00000000001296788648248','MONS_00000000001297218526283',6,24);
INSERT INTO map_monsters VALUES ('MAP_00000000001296788648248','MONS_00000000001297218526283',6,42);
INSERT INTO map_monsters VALUES ('MAP_00000000001296788648248','MONS_00000000001297218526283',6,43);
INSERT INTO map_monsters VALUES ('MAP_00000000001296788648248','MONS_00000000001297218526283',7,2);
INSERT INTO map_monsters VALUES ('MAP_00000000001296788648248','MONS_00000000001297218526283',7,7);
INSERT INTO map_monsters VALUES ('MAP_00000000001296788648248','MONS_00000000001297218526283',7,22);
INSERT INTO map_monsters VALUES ('MAP_00000000001296788648248','MONS_00000000001297218526283',7,23);
INSERT INTO map_monsters VALUES ('MAP_00000000001296788648248','MONS_00000000001297218526283',7,24);
INSERT INTO map_monsters VALUES ('MAP_00000000001296788648248','MONS_00000000001297218526283',7,42);
INSERT INTO map_monsters VALUES ('MAP_00000000001296788648248','MONS_00000000001297218526283',7,43);
INSERT INTO map_monsters VALUES ('MAP_00000000001296788648248','MONS_00000000001297218526283',8,2);
INSERT INTO map_monsters VALUES ('MAP_00000000001296788648248','MONS_00000000001297218526283',8,3);
INSERT INTO map_monsters VALUES ('MAP_00000000001296788648248','MONS_00000000001297218526283',8,4);
INSERT INTO map_monsters VALUES ('MAP_00000000001296788648248','MONS_00000000001297218526283',8,5);
INSERT INTO map_monsters VALUES ('MAP_00000000001296788648248','MONS_00000000001297218526283',8,7);
INSERT INTO map_monsters VALUES ('MAP_00000000001296788648248','MONS_00000000001297218526283',8,10);
INSERT INTO map_monsters VALUES ('MAP_00000000001296788648248','MONS_00000000001297218526283',8,11);
INSERT INTO map_monsters VALUES ('MAP_00000000001296788648248','MONS_00000000001297218526283',8,12);
INSERT INTO map_monsters VALUES ('MAP_00000000001296788648248','MONS_00000000001297218526283',8,13);
INSERT INTO map_monsters VALUES ('MAP_00000000001296788648248','MONS_00000000001297218526283',8,14);
INSERT INTO map_monsters VALUES ('MAP_00000000001296788648248','MONS_00000000001297218526283',8,15);
INSERT INTO map_monsters VALUES ('MAP_00000000001296788648248','MONS_00000000001297218526283',8,16);
INSERT INTO map_monsters VALUES ('MAP_00000000001296788648248','MONS_00000000001297218526283',8,17);
INSERT INTO map_monsters VALUES ('MAP_00000000001296788648248','MONS_00000000001297218526283',8,18);
INSERT INTO map_monsters VALUES ('MAP_00000000001296788648248','MONS_00000000001297218526283',8,19);
INSERT INTO map_monsters VALUES ('MAP_00000000001296788648248','MONS_00000000001297218526283',8,20);
INSERT INTO map_monsters VALUES ('MAP_00000000001296788648248','MONS_00000000001297218526283',8,22);
INSERT INTO map_monsters VALUES ('MAP_00000000001296788648248','MONS_00000000001297218526283',8,23);
INSERT INTO map_monsters VALUES ('MAP_00000000001296788648248','MONS_00000000001297218526283',8,24);
INSERT INTO map_monsters VALUES ('MAP_00000000001296788648248','MONS_00000000001297218526283',8,26);
INSERT INTO map_monsters VALUES ('MAP_00000000001296788648248','MONS_00000000001297218526283',8,27);
INSERT INTO map_monsters VALUES ('MAP_00000000001296788648248','MONS_00000000001297218526283',8,28);
INSERT INTO map_monsters VALUES ('MAP_00000000001296788648248','MONS_00000000001297218526283',8,29);
INSERT INTO map_monsters VALUES ('MAP_00000000001296788648248','MONS_00000000001297218526283',8,30);
INSERT INTO map_monsters VALUES ('MAP_00000000001296788648248','MONS_00000000001297218526283',8,31);
INSERT INTO map_monsters VALUES ('MAP_00000000001296788648248','MONS_00000000001297218526283',8,32);
INSERT INTO map_monsters VALUES ('MAP_00000000001296788648248','MONS_00000000001297218526283',8,33);
INSERT INTO map_monsters VALUES ('MAP_00000000001296788648248','MONS_00000000001297218526283',8,34);
INSERT INTO map_monsters VALUES ('MAP_00000000001296788648248','MONS_00000000001297218526283',8,35);
INSERT INTO map_monsters VALUES ('MAP_00000000001296788648248','MONS_00000000001297218526283',8,36);
INSERT INTO map_monsters VALUES ('MAP_00000000001296788648248','MONS_00000000001297218526283',8,37);
INSERT INTO map_monsters VALUES ('MAP_00000000001296788648248','MONS_00000000001297218526283',8,38);
INSERT INTO map_monsters VALUES ('MAP_00000000001296788648248','MONS_00000000001297218526283',8,39);
INSERT INTO map_monsters VALUES ('MAP_00000000001296788648248','MONS_00000000001297218526283',8,42);
INSERT INTO map_monsters VALUES ('MAP_00000000001296788648248','MONS_00000000001297218526283',8,43);
INSERT INTO map_monsters VALUES ('MAP_00000000001296788648248','MONS_00000000001297218526283',9,2);
INSERT INTO map_monsters VALUES ('MAP_00000000001296788648248','MONS_00000000001297218526283',9,5);
INSERT INTO map_monsters VALUES ('MAP_00000000001296788648248','MONS_00000000001297218526283',9,7);
INSERT INTO map_monsters VALUES ('MAP_00000000001296788648248','MONS_00000000001297218526283',9,10);
INSERT INTO map_monsters VALUES ('MAP_00000000001296788648248','MONS_00000000001297218526283',9,15);
INSERT INTO map_monsters VALUES ('MAP_00000000001296788648248','MONS_00000000001297218526283',9,20);
INSERT INTO map_monsters VALUES ('MAP_00000000001296788648248','MONS_00000000001297218526283',9,22);
INSERT INTO map_monsters VALUES ('MAP_00000000001296788648248','MONS_00000000001297218526283',9,23);
INSERT INTO map_monsters VALUES ('MAP_00000000001296788648248','MONS_00000000001297218526283',9,24);
INSERT INTO map_monsters VALUES ('MAP_00000000001296788648248','MONS_00000000001297218526283',9,26);
INSERT INTO map_monsters VALUES ('MAP_00000000001296788648248','MONS_00000000001297218526283',9,39);
INSERT INTO map_monsters VALUES ('MAP_00000000001296788648248','MONS_00000000001297218526283',9,42);
INSERT INTO map_monsters VALUES ('MAP_00000000001296788648248','MONS_00000000001297218526283',9,43);
INSERT INTO map_monsters VALUES ('MAP_00000000001296788648248','MONS_00000000001297218526283',10,5);
INSERT INTO map_monsters VALUES ('MAP_00000000001296788648248','MONS_00000000001297218526283',10,7);
INSERT INTO map_monsters VALUES ('MAP_00000000001296788648248','MONS_00000000001297218526283',10,10);
INSERT INTO map_monsters VALUES ('MAP_00000000001296788648248','MONS_00000000001297218526283',10,11);
INSERT INTO map_monsters VALUES ('MAP_00000000001296788648248','MONS_00000000001297218526283',10,12);
INSERT INTO map_monsters VALUES ('MAP_00000000001296788648248','MONS_00000000001297218526283',10,13);
INSERT INTO map_monsters VALUES ('MAP_00000000001296788648248','MONS_00000000001297218526283',10,14);
INSERT INTO map_monsters VALUES ('MAP_00000000001296788648248','MONS_00000000001297218526283',10,15);
INSERT INTO map_monsters VALUES ('MAP_00000000001296788648248','MONS_00000000001297218526283',10,16);
INSERT INTO map_monsters VALUES ('MAP_00000000001296788648248','MONS_00000000001297218526283',10,17);
INSERT INTO map_monsters VALUES ('MAP_00000000001296788648248','MONS_00000000001297218526283',10,18);
INSERT INTO map_monsters VALUES ('MAP_00000000001296788648248','MONS_00000000001297218526283',10,19);
INSERT INTO map_monsters VALUES ('MAP_00000000001296788648248','MONS_00000000001297218526283',10,20);
INSERT INTO map_monsters VALUES ('MAP_00000000001296788648248','MONS_00000000001297218526283',10,21);
INSERT INTO map_monsters VALUES ('MAP_00000000001296788648248','MONS_00000000001297218526283',10,22);
INSERT INTO map_monsters VALUES ('MAP_00000000001296788648248','MONS_00000000001297218526283',10,23);
INSERT INTO map_monsters VALUES ('MAP_00000000001296788648248','MONS_00000000001297218526283',10,24);
INSERT INTO map_monsters VALUES ('MAP_00000000001296788648248','MONS_00000000001297218526283',10,25);
INSERT INTO map_monsters VALUES ('MAP_00000000001296788648248','MONS_00000000001297218526283',10,26);
INSERT INTO map_monsters VALUES ('MAP_00000000001296788648248','MONS_00000000001297218526283',10,27);
INSERT INTO map_monsters VALUES ('MAP_00000000001296788648248','MONS_00000000001297218526283',10,28);
INSERT INTO map_monsters VALUES ('MAP_00000000001296788648248','MONS_00000000001297218526283',10,29);
INSERT INTO map_monsters VALUES ('MAP_00000000001296788648248','MONS_00000000001297218526283',10,30);
INSERT INTO map_monsters VALUES ('MAP_00000000001296788648248','MONS_00000000001297218526283',10,31);
INSERT INTO map_monsters VALUES ('MAP_00000000001296788648248','MONS_00000000001297218526283',10,32);
INSERT INTO map_monsters VALUES ('MAP_00000000001296788648248','MONS_00000000001297218526283',10,33);
INSERT INTO map_monsters VALUES ('MAP_00000000001296788648248','MONS_00000000001297218526283',10,34);
INSERT INTO map_monsters VALUES ('MAP_00000000001296788648248','MONS_00000000001297218526283',10,35);
INSERT INTO map_monsters VALUES ('MAP_00000000001296788648248','MONS_00000000001297218526283',10,36);
INSERT INTO map_monsters VALUES ('MAP_00000000001296788648248','MONS_00000000001297218526283',10,37);
INSERT INTO map_monsters VALUES ('MAP_00000000001296788648248','MONS_00000000001297218526283',10,38);
INSERT INTO map_monsters VALUES ('MAP_00000000001296788648248','MONS_00000000001297218526283',10,39);
INSERT INTO map_monsters VALUES ('MAP_00000000001296788648248','MONS_00000000001297218526283',10,42);
INSERT INTO map_monsters VALUES ('MAP_00000000001296788648248','MONS_00000000001297218526283',10,43);
INSERT INTO map_monsters VALUES ('MAP_00000000001296788648248','MONS_00000000001297218526283',11,4);
INSERT INTO map_monsters VALUES ('MAP_00000000001296788648248','MONS_00000000001297218526283',11,5);
INSERT INTO map_monsters VALUES ('MAP_00000000001296788648248','MONS_00000000001297218526283',11,6);
INSERT INTO map_monsters VALUES ('MAP_00000000001296788648248','MONS_00000000001297218526283',11,7);
INSERT INTO map_monsters VALUES ('MAP_00000000001296788648248','MONS_00000000001297218526283',11,10);
INSERT INTO map_monsters VALUES ('MAP_00000000001296788648248','MONS_00000000001297218526283',11,19);
INSERT INTO map_monsters VALUES ('MAP_00000000001296788648248','MONS_00000000001297218526283',11,22);
INSERT INTO map_monsters VALUES ('MAP_00000000001296788648248','MONS_00000000001297218526283',11,23);
INSERT INTO map_monsters VALUES ('MAP_00000000001296788648248','MONS_00000000001297218526283',11,24);
INSERT INTO map_monsters VALUES ('MAP_00000000001296788648248','MONS_00000000001297218526283',11,38);
INSERT INTO map_monsters VALUES ('MAP_00000000001296788648248','MONS_00000000001297218526283',11,42);
INSERT INTO map_monsters VALUES ('MAP_00000000001296788648248','MONS_00000000001297218526283',11,43);
INSERT INTO map_monsters VALUES ('MAP_00000000001296788648248','MONS_00000000001297218526283',12,7);
INSERT INTO map_monsters VALUES ('MAP_00000000001296788648248','MONS_00000000001297218526283',12,10);
INSERT INTO map_monsters VALUES ('MAP_00000000001296788648248','MONS_00000000001297218526283',12,11);
INSERT INTO map_monsters VALUES ('MAP_00000000001296788648248','MONS_00000000001297218526283',12,12);
INSERT INTO map_monsters VALUES ('MAP_00000000001296788648248','MONS_00000000001297218526283',12,13);
INSERT INTO map_monsters VALUES ('MAP_00000000001296788648248','MONS_00000000001297218526283',12,14);
INSERT INTO map_monsters VALUES ('MAP_00000000001296788648248','MONS_00000000001297218526283',12,15);
INSERT INTO map_monsters VALUES ('MAP_00000000001296788648248','MONS_00000000001297218526283',12,16);
INSERT INTO map_monsters VALUES ('MAP_00000000001296788648248','MONS_00000000001297218526283',12,17);
INSERT INTO map_monsters VALUES ('MAP_00000000001296788648248','MONS_00000000001297218526283',12,18);
INSERT INTO map_monsters VALUES ('MAP_00000000001296788648248','MONS_00000000001297218526283',12,20);
INSERT INTO map_monsters VALUES ('MAP_00000000001296788648248','MONS_00000000001297218526283',12,21);
INSERT INTO map_monsters VALUES ('MAP_00000000001296788648248','MONS_00000000001297218526283',12,22);
INSERT INTO map_monsters VALUES ('MAP_00000000001296788648248','MONS_00000000001297218526283',12,23);
INSERT INTO map_monsters VALUES ('MAP_00000000001296788648248','MONS_00000000001297218526283',12,24);
INSERT INTO map_monsters VALUES ('MAP_00000000001296788648248','MONS_00000000001297218526283',12,27);
INSERT INTO map_monsters VALUES ('MAP_00000000001296788648248','MONS_00000000001297218526283',12,28);
INSERT INTO map_monsters VALUES ('MAP_00000000001296788648248','MONS_00000000001297218526283',12,29);
INSERT INTO map_monsters VALUES ('MAP_00000000001296788648248','MONS_00000000001297218526283',12,30);
INSERT INTO map_monsters VALUES ('MAP_00000000001296788648248','MONS_00000000001297218526283',12,31);
INSERT INTO map_monsters VALUES ('MAP_00000000001296788648248','MONS_00000000001297218526283',12,32);
INSERT INTO map_monsters VALUES ('MAP_00000000001296788648248','MONS_00000000001297218526283',12,33);
INSERT INTO map_monsters VALUES ('MAP_00000000001296788648248','MONS_00000000001297218526283',12,34);
INSERT INTO map_monsters VALUES ('MAP_00000000001296788648248','MONS_00000000001297218526283',12,35);
INSERT INTO map_monsters VALUES ('MAP_00000000001296788648248','MONS_00000000001297218526283',12,36);
INSERT INTO map_monsters VALUES ('MAP_00000000001296788648248','MONS_00000000001297218526283',12,37);
INSERT INTO map_monsters VALUES ('MAP_00000000001296788648248','MONS_00000000001297218526283',12,38);
INSERT INTO map_monsters VALUES ('MAP_00000000001296788648248','MONS_00000000001297218526283',12,39);
INSERT INTO map_monsters VALUES ('MAP_00000000001296788648248','MONS_00000000001297218526283',12,40);
INSERT INTO map_monsters VALUES ('MAP_00000000001296788648248','MONS_00000000001297218526283',12,42);
INSERT INTO map_monsters VALUES ('MAP_00000000001296788648248','MONS_00000000001297218526283',12,43);
INSERT INTO map_monsters VALUES ('MAP_00000000001296788648248','MONS_00000000001297218526283',13,7);
INSERT INTO map_monsters VALUES ('MAP_00000000001296788648248','MONS_00000000001297218526283',13,11);
INSERT INTO map_monsters VALUES ('MAP_00000000001296788648248','MONS_00000000001297218526283',13,20);
INSERT INTO map_monsters VALUES ('MAP_00000000001296788648248','MONS_00000000001297218526283',13,21);
INSERT INTO map_monsters VALUES ('MAP_00000000001296788648248','MONS_00000000001297218526283',13,22);
INSERT INTO map_monsters VALUES ('MAP_00000000001296788648248','MONS_00000000001297218526283',13,23);
INSERT INTO map_monsters VALUES ('MAP_00000000001296788648248','MONS_00000000001297218526283',13,24);
INSERT INTO map_monsters VALUES ('MAP_00000000001296788648248','MONS_00000000001297218526283',13,25);
INSERT INTO map_monsters VALUES ('MAP_00000000001296788648248','MONS_00000000001297218526283',13,26);
INSERT INTO map_monsters VALUES ('MAP_00000000001296788648248','MONS_00000000001297218526283',13,28);
INSERT INTO map_monsters VALUES ('MAP_00000000001296788648248','MONS_00000000001297218526283',13,40);
INSERT INTO map_monsters VALUES ('MAP_00000000001296788648248','MONS_00000000001297218526283',13,41);
INSERT INTO map_monsters VALUES ('MAP_00000000001296788648248','MONS_00000000001297218526283',13,42);
INSERT INTO map_monsters VALUES ('MAP_00000000001296788648248','MONS_00000000001297218526283',13,43);
INSERT INTO map_monsters VALUES ('MAP_00000000001296788648248','MONS_00000000001297218526283',14,1);
INSERT INTO map_monsters VALUES ('MAP_00000000001296788648248','MONS_00000000001297218526283',14,2);
INSERT INTO map_monsters VALUES ('MAP_00000000001296788648248','MONS_00000000001297218526283',14,3);
INSERT INTO map_monsters VALUES ('MAP_00000000001296788648248','MONS_00000000001297218526283',14,4);
INSERT INTO map_monsters VALUES ('MAP_00000000001296788648248','MONS_00000000001297218526283',14,5);
INSERT INTO map_monsters VALUES ('MAP_00000000001296788648248','MONS_00000000001297218526283',14,6);
INSERT INTO map_monsters VALUES ('MAP_00000000001296788648248','MONS_00000000001297218526283',14,7);
INSERT INTO map_monsters VALUES ('MAP_00000000001296788648248','MONS_00000000001297218526283',14,8);
INSERT INTO map_monsters VALUES ('MAP_00000000001296788648248','MONS_00000000001297218526283',14,9);
INSERT INTO map_monsters VALUES ('MAP_00000000001296788648248','MONS_00000000001297218526283',14,10);
INSERT INTO map_monsters VALUES ('MAP_00000000001296788648248','MONS_00000000001297218526283',14,11);
INSERT INTO map_monsters VALUES ('MAP_00000000001296788648248','MONS_00000000001297218526283',14,12);
INSERT INTO map_monsters VALUES ('MAP_00000000001296788648248','MONS_00000000001297218526283',14,13);
INSERT INTO map_monsters VALUES ('MAP_00000000001296788648248','MONS_00000000001297218526283',14,14);
INSERT INTO map_monsters VALUES ('MAP_00000000001296788648248','MONS_00000000001297218526283',14,15);
INSERT INTO map_monsters VALUES ('MAP_00000000001296788648248','MONS_00000000001297218526283',14,16);
INSERT INTO map_monsters VALUES ('MAP_00000000001296788648248','MONS_00000000001297218526283',14,17);
INSERT INTO map_monsters VALUES ('MAP_00000000001296788648248','MONS_00000000001297218526283',14,18);
INSERT INTO map_monsters VALUES ('MAP_00000000001296788648248','MONS_00000000001297218526283',14,19);
INSERT INTO map_monsters VALUES ('MAP_00000000001296788648248','MONS_00000000001297218526283',14,20);
INSERT INTO map_monsters VALUES ('MAP_00000000001296788648248','MONS_00000000001297218526283',14,21);
INSERT INTO map_monsters VALUES ('MAP_00000000001296788648248','MONS_00000000001297218526283',14,23);
INSERT INTO map_monsters VALUES ('MAP_00000000001296788648248','MONS_00000000001297218526283',14,24);
INSERT INTO map_monsters VALUES ('MAP_00000000001296788648248','MONS_00000000001297218526283',14,25);
INSERT INTO map_monsters VALUES ('MAP_00000000001296788648248','MONS_00000000001297218526283',14,26);
INSERT INTO map_monsters VALUES ('MAP_00000000001296788648248','MONS_00000000001297218526283',14,27);
INSERT INTO map_monsters VALUES ('MAP_00000000001296788648248','MONS_00000000001297218526283',14,28);
INSERT INTO map_monsters VALUES ('MAP_00000000001296788648248','MONS_00000000001297218526283',14,29);
INSERT INTO map_monsters VALUES ('MAP_00000000001296788648248','MONS_00000000001297218526283',14,30);
INSERT INTO map_monsters VALUES ('MAP_00000000001296788648248','MONS_00000000001297218526283',14,31);
INSERT INTO map_monsters VALUES ('MAP_00000000001296788648248','MONS_00000000001297218526283',14,32);
INSERT INTO map_monsters VALUES ('MAP_00000000001296788648248','MONS_00000000001297218526283',14,33);
INSERT INTO map_monsters VALUES ('MAP_00000000001296788648248','MONS_00000000001297218526283',14,34);
INSERT INTO map_monsters VALUES ('MAP_00000000001296788648248','MONS_00000000001297218526283',14,35);
INSERT INTO map_monsters VALUES ('MAP_00000000001296788648248','MONS_00000000001297218526283',14,36);
INSERT INTO map_monsters VALUES ('MAP_00000000001296788648248','MONS_00000000001297218526283',14,37);
INSERT INTO map_monsters VALUES ('MAP_00000000001296788648248','MONS_00000000001297218526283',14,38);
INSERT INTO map_monsters VALUES ('MAP_00000000001296788648248','MONS_00000000001297218526283',14,39);
INSERT INTO map_monsters VALUES ('MAP_00000000001296788648248','MONS_00000000001297218526283',14,40);
INSERT INTO map_monsters VALUES ('MAP_00000000001296788648248','MONS_00000000001297218526283',15,0);
INSERT INTO map_monsters VALUES ('MAP_00000000001296788648248','MONS_00000000001297218526283',15,1);
INSERT INTO map_monsters VALUES ('MAP_00000000001296788648248','MONS_00000000001297218526283',15,2);
INSERT INTO map_monsters VALUES ('MAP_00000000001296788648248','MONS_00000000001297218526283',15,3);
INSERT INTO map_monsters VALUES ('MAP_00000000001296788648248','MONS_00000000001297218526283',15,4);
INSERT INTO map_monsters VALUES ('MAP_00000000001296788648248','MONS_00000000001297218526283',15,5);
INSERT INTO map_monsters VALUES ('MAP_00000000001296788648248','MONS_00000000001297218526283',15,6);
INSERT INTO map_monsters VALUES ('MAP_00000000001296788648248','MONS_00000000001297218526283',15,7);
INSERT INTO map_monsters VALUES ('MAP_00000000001296788648248','MONS_00000000001297218526283',15,8);
INSERT INTO map_monsters VALUES ('MAP_00000000001296788648248','MONS_00000000001297218526283',15,9);
INSERT INTO map_monsters VALUES ('MAP_00000000001296788648248','MONS_00000000001297218526283',15,10);
INSERT INTO map_monsters VALUES ('MAP_00000000001296788648248','MONS_00000000001297218526283',15,11);
INSERT INTO map_monsters VALUES ('MAP_00000000001296788648248','MONS_00000000001297218526283',15,12);
INSERT INTO map_monsters VALUES ('MAP_00000000001296788648248','MONS_00000000001297218526283',15,13);
INSERT INTO map_monsters VALUES ('MAP_00000000001296788648248','MONS_00000000001297218526283',15,14);
INSERT INTO map_monsters VALUES ('MAP_00000000001296788648248','MONS_00000000001297218526283',15,15);
INSERT INTO map_monsters VALUES ('MAP_00000000001296788648248','MONS_00000000001297218526283',15,19);
INSERT INTO map_monsters VALUES ('MAP_00000000001296788648248','MONS_00000000001297218526283',15,20);
INSERT INTO map_monsters VALUES ('MAP_00000000001296788648248','MONS_00000000001297218526283',15,21);
INSERT INTO map_monsters VALUES ('MAP_00000000001296788648248','MONS_00000000001297218526283',15,22);
INSERT INTO map_monsters VALUES ('MAP_00000000001296788648248','MONS_00000000001297218526283',15,23);
INSERT INTO map_monsters VALUES ('MAP_00000000001296788648248','MONS_00000000001297218526283',15,24);
INSERT INTO map_monsters VALUES ('MAP_00000000001296788648248','MONS_00000000001297218526283',15,25);
INSERT INTO map_monsters VALUES ('MAP_00000000001296788648248','MONS_00000000001297218526283',15,26);
INSERT INTO map_monsters VALUES ('MAP_00000000001296788648248','MONS_00000000001297218526283',15,27);
INSERT INTO map_monsters VALUES ('MAP_00000000001296788648248','MONS_00000000001297218526283',15,28);
INSERT INTO map_monsters VALUES ('MAP_00000000001296788648248','MONS_00000000001297218526283',15,29);
INSERT INTO map_monsters VALUES ('MAP_00000000001296788648248','MONS_00000000001297218526283',15,30);
INSERT INTO map_monsters VALUES ('MAP_00000000001296788648248','MONS_00000000001297218526283',15,31);
INSERT INTO map_monsters VALUES ('MAP_00000000001296788648248','MONS_00000000001297218526283',15,32);
INSERT INTO map_monsters VALUES ('MAP_00000000001296788648248','MONS_00000000001297218526283',15,33);
INSERT INTO map_monsters VALUES ('MAP_00000000001296788648248','MONS_00000000001297218526283',15,34);
INSERT INTO map_monsters VALUES ('MAP_00000000001296788648248','MONS_00000000001297218526283',15,35);
INSERT INTO map_monsters VALUES ('MAP_00000000001296788648248','MONS_00000000001297218526283',15,36);
INSERT INTO map_monsters VALUES ('MAP_00000000001296788648248','MONS_00000000001297218526283',15,37);
INSERT INTO map_monsters VALUES ('MAP_00000000001296788648248','MONS_00000000001297218526283',15,38);
INSERT INTO map_monsters VALUES ('MAP_00000000001296788648248','MONS_00000000001297218526283',15,39);
INSERT INTO map_monsters VALUES ('MAP_00000000001296788648248','MONS_00000000001297218526283',15,40);
INSERT INTO map_monsters VALUES ('MAP_00000000001296788648248','MONS_00000000001297218526283',15,41);
INSERT INTO map_monsters VALUES ('MAP_00000000001296788648248','MONS_00000000001297218526283',15,42);
INSERT INTO map_monsters VALUES ('MAP_00000000001296788648248','MONS_00000000001297218526283',15,43);
INSERT INTO map_monsters VALUES ('MAP_00000000001296788648248','MONS_00000000001297218526283',16,0);
INSERT INTO map_monsters VALUES ('MAP_00000000001296788648248','MONS_00000000001297218526283',16,1);
INSERT INTO map_monsters VALUES ('MAP_00000000001296788648248','MONS_00000000001297218526283',16,2);
INSERT INTO map_monsters VALUES ('MAP_00000000001296788648248','MONS_00000000001297218526283',16,3);
INSERT INTO map_monsters VALUES ('MAP_00000000001296788648248','MONS_00000000001297218526283',16,4);
INSERT INTO map_monsters VALUES ('MAP_00000000001296788648248','MONS_00000000001297218526283',16,5);
INSERT INTO map_monsters VALUES ('MAP_00000000001296788648248','MONS_00000000001297218526283',16,6);
INSERT INTO map_monsters VALUES ('MAP_00000000001296788648248','MONS_00000000001297218526283',16,7);
INSERT INTO map_monsters VALUES ('MAP_00000000001296788648248','MONS_00000000001297218526283',16,8);
INSERT INTO map_monsters VALUES ('MAP_00000000001296788648248','MONS_00000000001297218526283',16,9);
INSERT INTO map_monsters VALUES ('MAP_00000000001296788648248','MONS_00000000001297218526283',16,10);
INSERT INTO map_monsters VALUES ('MAP_00000000001296788648248','MONS_00000000001297218526283',16,11);
INSERT INTO map_monsters VALUES ('MAP_00000000001296788648248','MONS_00000000001297218526283',16,12);
INSERT INTO map_monsters VALUES ('MAP_00000000001296788648248','MONS_00000000001297218526283',16,13);
INSERT INTO map_monsters VALUES ('MAP_00000000001296788648248','MONS_00000000001297218526283',16,14);
INSERT INTO map_monsters VALUES ('MAP_00000000001296788648248','MONS_00000000001297218526283',16,15);
INSERT INTO map_monsters VALUES ('MAP_00000000001296788648248','MONS_00000000001297218526283',16,19);
INSERT INTO map_monsters VALUES ('MAP_00000000001296788648248','MONS_00000000001297218526283',16,20);
INSERT INTO map_monsters VALUES ('MAP_00000000001296788648248','MONS_00000000001297218526283',16,21);
INSERT INTO map_monsters VALUES ('MAP_00000000001296788648248','MONS_00000000001297218526283',16,22);
INSERT INTO map_monsters VALUES ('MAP_00000000001296788648248','MONS_00000000001297218526283',16,23);
INSERT INTO map_monsters VALUES ('MAP_00000000001296788648248','MONS_00000000001297218526283',16,24);
INSERT INTO map_monsters VALUES ('MAP_00000000001296788648248','MONS_00000000001297218526283',16,25);
INSERT INTO map_monsters VALUES ('MAP_00000000001296788648248','MONS_00000000001297218526283',16,26);
INSERT INTO map_monsters VALUES ('MAP_00000000001296788648248','MONS_00000000001297218526283',16,27);
INSERT INTO map_monsters VALUES ('MAP_00000000001296788648248','MONS_00000000001297218526283',16,28);
INSERT INTO map_monsters VALUES ('MAP_00000000001296788648248','MONS_00000000001297218526283',16,29);
INSERT INTO map_monsters VALUES ('MAP_00000000001296788648248','MONS_00000000001297218526283',16,30);
INSERT INTO map_monsters VALUES ('MAP_00000000001296788648248','MONS_00000000001297218526283',16,31);
INSERT INTO map_monsters VALUES ('MAP_00000000001296788648248','MONS_00000000001297218526283',16,32);
INSERT INTO map_monsters VALUES ('MAP_00000000001296788648248','MONS_00000000001297218526283',16,33);
INSERT INTO map_monsters VALUES ('MAP_00000000001296788648248','MONS_00000000001297218526283',16,34);
INSERT INTO map_monsters VALUES ('MAP_00000000001296788648248','MONS_00000000001297218526283',16,35);
INSERT INTO map_monsters VALUES ('MAP_00000000001296788648248','MONS_00000000001297218526283',16,36);
INSERT INTO map_monsters VALUES ('MAP_00000000001296788648248','MONS_00000000001297218526283',16,37);
INSERT INTO map_monsters VALUES ('MAP_00000000001296788648248','MONS_00000000001297218526283',16,38);
INSERT INTO map_monsters VALUES ('MAP_00000000001296788648248','MONS_00000000001297218526283',16,39);
INSERT INTO map_monsters VALUES ('MAP_00000000001296788648248','MONS_00000000001297218526283',16,40);
INSERT INTO map_monsters VALUES ('MAP_00000000001296788648248','MONS_00000000001297218526283',16,41);
INSERT INTO map_monsters VALUES ('MAP_00000000001296788648248','MONS_00000000001297218526283',16,42);
INSERT INTO map_monsters VALUES ('MAP_00000000001296788648248','MONS_00000000001297218526283',16,43);
INSERT INTO map_monsters VALUES ('MAP_00000000001296788648248','MONS_00000000001297218526283',17,1);
INSERT INTO map_monsters VALUES ('MAP_00000000001296788648248','MONS_00000000001297218526283',17,2);
INSERT INTO map_monsters VALUES ('MAP_00000000001296788648248','MONS_00000000001297218526283',17,3);
INSERT INTO map_monsters VALUES ('MAP_00000000001296788648248','MONS_00000000001297218526283',17,4);
INSERT INTO map_monsters VALUES ('MAP_00000000001296788648248','MONS_00000000001297218526283',17,5);
INSERT INTO map_monsters VALUES ('MAP_00000000001296788648248','MONS_00000000001297218526283',17,6);
INSERT INTO map_monsters VALUES ('MAP_00000000001296788648248','MONS_00000000001297218526283',17,7);
INSERT INTO map_monsters VALUES ('MAP_00000000001296788648248','MONS_00000000001297218526283',17,8);
INSERT INTO map_monsters VALUES ('MAP_00000000001296788648248','MONS_00000000001297218526283',17,9);
INSERT INTO map_monsters VALUES ('MAP_00000000001296788648248','MONS_00000000001297218526283',17,10);
INSERT INTO map_monsters VALUES ('MAP_00000000001296788648248','MONS_00000000001297218526283',17,11);
INSERT INTO map_monsters VALUES ('MAP_00000000001296788648248','MONS_00000000001297218526283',17,12);
INSERT INTO map_monsters VALUES ('MAP_00000000001296788648248','MONS_00000000001297218526283',17,13);
INSERT INTO map_monsters VALUES ('MAP_00000000001296788648248','MONS_00000000001297218526283',17,14);
INSERT INTO map_monsters VALUES ('MAP_00000000001296788648248','MONS_00000000001297218526283',17,15);
INSERT INTO map_monsters VALUES ('MAP_00000000001296788648248','MONS_00000000001297218526283',17,16);
INSERT INTO map_monsters VALUES ('MAP_00000000001296788648248','MONS_00000000001297218526283',17,17);
INSERT INTO map_monsters VALUES ('MAP_00000000001296788648248','MONS_00000000001297218526283',17,18);
INSERT INTO map_monsters VALUES ('MAP_00000000001296788648248','MONS_00000000001297218526283',17,19);
INSERT INTO map_monsters VALUES ('MAP_00000000001296788648248','MONS_00000000001297218526283',17,20);
INSERT INTO map_monsters VALUES ('MAP_00000000001296788648248','MONS_00000000001297218526283',17,21);
INSERT INTO map_monsters VALUES ('MAP_00000000001296788648248','MONS_00000000001297218526283',17,23);
INSERT INTO map_monsters VALUES ('MAP_00000000001296788648248','MONS_00000000001297218526283',17,24);
INSERT INTO map_monsters VALUES ('MAP_00000000001296788648248','MONS_00000000001297218526283',17,25);
INSERT INTO map_monsters VALUES ('MAP_00000000001296788648248','MONS_00000000001297218526283',17,26);
INSERT INTO map_monsters VALUES ('MAP_00000000001296788648248','MONS_00000000001297218526283',17,27);
INSERT INTO map_monsters VALUES ('MAP_00000000001296788648248','MONS_00000000001297218526283',17,28);
INSERT INTO map_monsters VALUES ('MAP_00000000001296788648248','MONS_00000000001297218526283',17,29);
INSERT INTO map_monsters VALUES ('MAP_00000000001296788648248','MONS_00000000001297218526283',17,30);
INSERT INTO map_monsters VALUES ('MAP_00000000001296788648248','MONS_00000000001297218526283',17,31);
INSERT INTO map_monsters VALUES ('MAP_00000000001296788648248','MONS_00000000001297218526283',17,32);
INSERT INTO map_monsters VALUES ('MAP_00000000001296788648248','MONS_00000000001297218526283',17,33);
INSERT INTO map_monsters VALUES ('MAP_00000000001296788648248','MONS_00000000001297218526283',17,34);
INSERT INTO map_monsters VALUES ('MAP_00000000001296788648248','MONS_00000000001297218526283',17,35);
INSERT INTO map_monsters VALUES ('MAP_00000000001296788648248','MONS_00000000001297218526283',17,36);
INSERT INTO map_monsters VALUES ('MAP_00000000001296788648248','MONS_00000000001297218526283',17,37);
INSERT INTO map_monsters VALUES ('MAP_00000000001296788648248','MONS_00000000001297218526283',17,38);
INSERT INTO map_monsters VALUES ('MAP_00000000001296788648248','MONS_00000000001297218526283',17,39);
INSERT INTO map_monsters VALUES ('MAP_00000000001296788648248','MONS_00000000001297218526283',17,40);
INSERT INTO map_monsters VALUES ('MAP_00000000001296788648248','MONS_00000000001297218526283',18,7);
INSERT INTO map_monsters VALUES ('MAP_00000000001296788648248','MONS_00000000001297218526283',18,11);
INSERT INTO map_monsters VALUES ('MAP_00000000001296788648248','MONS_00000000001297218526283',18,20);
INSERT INTO map_monsters VALUES ('MAP_00000000001296788648248','MONS_00000000001297218526283',18,21);
INSERT INTO map_monsters VALUES ('MAP_00000000001296788648248','MONS_00000000001297218526283',18,22);
INSERT INTO map_monsters VALUES ('MAP_00000000001296788648248','MONS_00000000001297218526283',18,23);
INSERT INTO map_monsters VALUES ('MAP_00000000001296788648248','MONS_00000000001297218526283',18,24);
INSERT INTO map_monsters VALUES ('MAP_00000000001296788648248','MONS_00000000001297218526283',18,25);
INSERT INTO map_monsters VALUES ('MAP_00000000001296788648248','MONS_00000000001297218526283',18,26);
INSERT INTO map_monsters VALUES ('MAP_00000000001296788648248','MONS_00000000001297218526283',18,28);
INSERT INTO map_monsters VALUES ('MAP_00000000001296788648248','MONS_00000000001297218526283',18,40);
INSERT INTO map_monsters VALUES ('MAP_00000000001296788648248','MONS_00000000001297218526283',18,41);
INSERT INTO map_monsters VALUES ('MAP_00000000001296788648248','MONS_00000000001297218526283',18,42);
INSERT INTO map_monsters VALUES ('MAP_00000000001296788648248','MONS_00000000001297218526283',18,43);
INSERT INTO map_monsters VALUES ('MAP_00000000001296788648248','MONS_00000000001297218526283',19,7);
INSERT INTO map_monsters VALUES ('MAP_00000000001296788648248','MONS_00000000001297218526283',19,10);
INSERT INTO map_monsters VALUES ('MAP_00000000001296788648248','MONS_00000000001297218526283',19,11);
INSERT INTO map_monsters VALUES ('MAP_00000000001296788648248','MONS_00000000001297218526283',19,12);
INSERT INTO map_monsters VALUES ('MAP_00000000001296788648248','MONS_00000000001297218526283',19,13);
INSERT INTO map_monsters VALUES ('MAP_00000000001296788648248','MONS_00000000001297218526283',19,14);
INSERT INTO map_monsters VALUES ('MAP_00000000001296788648248','MONS_00000000001297218526283',19,15);
INSERT INTO map_monsters VALUES ('MAP_00000000001296788648248','MONS_00000000001297218526283',19,16);
INSERT INTO map_monsters VALUES ('MAP_00000000001296788648248','MONS_00000000001297218526283',19,17);
INSERT INTO map_monsters VALUES ('MAP_00000000001296788648248','MONS_00000000001297218526283',19,18);
INSERT INTO map_monsters VALUES ('MAP_00000000001296788648248','MONS_00000000001297218526283',19,20);
INSERT INTO map_monsters VALUES ('MAP_00000000001296788648248','MONS_00000000001297218526283',19,21);
INSERT INTO map_monsters VALUES ('MAP_00000000001296788648248','MONS_00000000001297218526283',19,22);
INSERT INTO map_monsters VALUES ('MAP_00000000001296788648248','MONS_00000000001297218526283',19,23);
INSERT INTO map_monsters VALUES ('MAP_00000000001296788648248','MONS_00000000001297218526283',19,24);
INSERT INTO map_monsters VALUES ('MAP_00000000001296788648248','MONS_00000000001297218526283',19,27);
INSERT INTO map_monsters VALUES ('MAP_00000000001296788648248','MONS_00000000001297218526283',19,28);
INSERT INTO map_monsters VALUES ('MAP_00000000001296788648248','MONS_00000000001297218526283',19,29);
INSERT INTO map_monsters VALUES ('MAP_00000000001296788648248','MONS_00000000001297218526283',19,30);
INSERT INTO map_monsters VALUES ('MAP_00000000001296788648248','MONS_00000000001297218526283',19,31);
INSERT INTO map_monsters VALUES ('MAP_00000000001296788648248','MONS_00000000001297218526283',19,32);
INSERT INTO map_monsters VALUES ('MAP_00000000001296788648248','MONS_00000000001297218526283',19,33);
INSERT INTO map_monsters VALUES ('MAP_00000000001296788648248','MONS_00000000001297218526283',19,34);
INSERT INTO map_monsters VALUES ('MAP_00000000001296788648248','MONS_00000000001297218526283',19,35);
INSERT INTO map_monsters VALUES ('MAP_00000000001296788648248','MONS_00000000001297218526283',19,36);
INSERT INTO map_monsters VALUES ('MAP_00000000001296788648248','MONS_00000000001297218526283',19,37);
INSERT INTO map_monsters VALUES ('MAP_00000000001296788648248','MONS_00000000001297218526283',19,38);
INSERT INTO map_monsters VALUES ('MAP_00000000001296788648248','MONS_00000000001297218526283',19,39);
INSERT INTO map_monsters VALUES ('MAP_00000000001296788648248','MONS_00000000001297218526283',19,40);
INSERT INTO map_monsters VALUES ('MAP_00000000001296788648248','MONS_00000000001297218526283',19,42);
INSERT INTO map_monsters VALUES ('MAP_00000000001296788648248','MONS_00000000001297218526283',19,43);
INSERT INTO map_monsters VALUES ('MAP_00000000001296788648248','MONS_00000000001297218526283',20,4);
INSERT INTO map_monsters VALUES ('MAP_00000000001296788648248','MONS_00000000001297218526283',20,5);
INSERT INTO map_monsters VALUES ('MAP_00000000001296788648248','MONS_00000000001297218526283',20,6);
INSERT INTO map_monsters VALUES ('MAP_00000000001296788648248','MONS_00000000001297218526283',20,7);
INSERT INTO map_monsters VALUES ('MAP_00000000001296788648248','MONS_00000000001297218526283',20,10);
INSERT INTO map_monsters VALUES ('MAP_00000000001296788648248','MONS_00000000001297218526283',20,19);
INSERT INTO map_monsters VALUES ('MAP_00000000001296788648248','MONS_00000000001297218526283',20,22);
INSERT INTO map_monsters VALUES ('MAP_00000000001296788648248','MONS_00000000001297218526283',20,23);
INSERT INTO map_monsters VALUES ('MAP_00000000001296788648248','MONS_00000000001297218526283',20,24);
INSERT INTO map_monsters VALUES ('MAP_00000000001296788648248','MONS_00000000001297218526283',20,38);
INSERT INTO map_monsters VALUES ('MAP_00000000001296788648248','MONS_00000000001297218526283',20,42);
INSERT INTO map_monsters VALUES ('MAP_00000000001296788648248','MONS_00000000001297218526283',20,43);
INSERT INTO map_monsters VALUES ('MAP_00000000001296788648248','MONS_00000000001297218526283',21,5);
INSERT INTO map_monsters VALUES ('MAP_00000000001296788648248','MONS_00000000001297218526283',21,7);
INSERT INTO map_monsters VALUES ('MAP_00000000001296788648248','MONS_00000000001297218526283',21,10);
INSERT INTO map_monsters VALUES ('MAP_00000000001296788648248','MONS_00000000001297218526283',21,11);
INSERT INTO map_monsters VALUES ('MAP_00000000001296788648248','MONS_00000000001297218526283',21,12);
INSERT INTO map_monsters VALUES ('MAP_00000000001296788648248','MONS_00000000001297218526283',21,13);
INSERT INTO map_monsters VALUES ('MAP_00000000001296788648248','MONS_00000000001297218526283',21,14);
INSERT INTO map_monsters VALUES ('MAP_00000000001296788648248','MONS_00000000001297218526283',21,15);
INSERT INTO map_monsters VALUES ('MAP_00000000001296788648248','MONS_00000000001297218526283',21,16);
INSERT INTO map_monsters VALUES ('MAP_00000000001296788648248','MONS_00000000001297218526283',21,17);
INSERT INTO map_monsters VALUES ('MAP_00000000001296788648248','MONS_00000000001297218526283',21,18);
INSERT INTO map_monsters VALUES ('MAP_00000000001296788648248','MONS_00000000001297218526283',21,19);
INSERT INTO map_monsters VALUES ('MAP_00000000001296788648248','MONS_00000000001297218526283',21,20);
INSERT INTO map_monsters VALUES ('MAP_00000000001296788648248','MONS_00000000001297218526283',21,21);
INSERT INTO map_monsters VALUES ('MAP_00000000001296788648248','MONS_00000000001297218526283',21,22);
INSERT INTO map_monsters VALUES ('MAP_00000000001296788648248','MONS_00000000001297218526283',21,23);
INSERT INTO map_monsters VALUES ('MAP_00000000001296788648248','MONS_00000000001297218526283',21,24);
INSERT INTO map_monsters VALUES ('MAP_00000000001296788648248','MONS_00000000001297218526283',21,25);
INSERT INTO map_monsters VALUES ('MAP_00000000001296788648248','MONS_00000000001297218526283',21,26);
INSERT INTO map_monsters VALUES ('MAP_00000000001296788648248','MONS_00000000001297218526283',21,27);
INSERT INTO map_monsters VALUES ('MAP_00000000001296788648248','MONS_00000000001297218526283',21,28);
INSERT INTO map_monsters VALUES ('MAP_00000000001296788648248','MONS_00000000001297218526283',21,29);
INSERT INTO map_monsters VALUES ('MAP_00000000001296788648248','MONS_00000000001297218526283',21,30);
INSERT INTO map_monsters VALUES ('MAP_00000000001296788648248','MONS_00000000001297218526283',21,31);
INSERT INTO map_monsters VALUES ('MAP_00000000001296788648248','MONS_00000000001297218526283',21,32);
INSERT INTO map_monsters VALUES ('MAP_00000000001296788648248','MONS_00000000001297218526283',21,33);
INSERT INTO map_monsters VALUES ('MAP_00000000001296788648248','MONS_00000000001297218526283',21,34);
INSERT INTO map_monsters VALUES ('MAP_00000000001296788648248','MONS_00000000001297218526283',21,35);
INSERT INTO map_monsters VALUES ('MAP_00000000001296788648248','MONS_00000000001297218526283',21,36);
INSERT INTO map_monsters VALUES ('MAP_00000000001296788648248','MONS_00000000001297218526283',21,37);
INSERT INTO map_monsters VALUES ('MAP_00000000001296788648248','MONS_00000000001297218526283',21,38);
INSERT INTO map_monsters VALUES ('MAP_00000000001296788648248','MONS_00000000001297218526283',21,39);
INSERT INTO map_monsters VALUES ('MAP_00000000001296788648248','MONS_00000000001297218526283',21,42);
INSERT INTO map_monsters VALUES ('MAP_00000000001296788648248','MONS_00000000001297218526283',21,43);
INSERT INTO map_monsters VALUES ('MAP_00000000001296788648248','MONS_00000000001297218526283',22,2);
INSERT INTO map_monsters VALUES ('MAP_00000000001296788648248','MONS_00000000001297218526283',22,5);
INSERT INTO map_monsters VALUES ('MAP_00000000001296788648248','MONS_00000000001297218526283',22,7);
INSERT INTO map_monsters VALUES ('MAP_00000000001296788648248','MONS_00000000001297218526283',22,10);
INSERT INTO map_monsters VALUES ('MAP_00000000001296788648248','MONS_00000000001297218526283',22,15);
INSERT INTO map_monsters VALUES ('MAP_00000000001296788648248','MONS_00000000001297218526283',22,20);
INSERT INTO map_monsters VALUES ('MAP_00000000001296788648248','MONS_00000000001297218526283',22,22);
INSERT INTO map_monsters VALUES ('MAP_00000000001296788648248','MONS_00000000001297218526283',22,23);
INSERT INTO map_monsters VALUES ('MAP_00000000001296788648248','MONS_00000000001297218526283',22,24);
INSERT INTO map_monsters VALUES ('MAP_00000000001296788648248','MONS_00000000001297218526283',22,26);
INSERT INTO map_monsters VALUES ('MAP_00000000001296788648248','MONS_00000000001297218526283',22,39);
INSERT INTO map_monsters VALUES ('MAP_00000000001296788648248','MONS_00000000001297218526283',22,42);
INSERT INTO map_monsters VALUES ('MAP_00000000001296788648248','MONS_00000000001297218526283',22,43);
INSERT INTO map_monsters VALUES ('MAP_00000000001296788648248','MONS_00000000001297218526283',23,2);
INSERT INTO map_monsters VALUES ('MAP_00000000001296788648248','MONS_00000000001297218526283',23,3);
INSERT INTO map_monsters VALUES ('MAP_00000000001296788648248','MONS_00000000001297218526283',23,4);
INSERT INTO map_monsters VALUES ('MAP_00000000001296788648248','MONS_00000000001297218526283',23,5);
INSERT INTO map_monsters VALUES ('MAP_00000000001296788648248','MONS_00000000001297218526283',23,7);
INSERT INTO map_monsters VALUES ('MAP_00000000001296788648248','MONS_00000000001297218526283',23,10);
INSERT INTO map_monsters VALUES ('MAP_00000000001296788648248','MONS_00000000001297218526283',23,11);
INSERT INTO map_monsters VALUES ('MAP_00000000001296788648248','MONS_00000000001297218526283',23,12);
INSERT INTO map_monsters VALUES ('MAP_00000000001296788648248','MONS_00000000001297218526283',23,13);
INSERT INTO map_monsters VALUES ('MAP_00000000001296788648248','MONS_00000000001297218526283',23,14);
INSERT INTO map_monsters VALUES ('MAP_00000000001296788648248','MONS_00000000001297218526283',23,15);
INSERT INTO map_monsters VALUES ('MAP_00000000001296788648248','MONS_00000000001297218526283',23,16);
INSERT INTO map_monsters VALUES ('MAP_00000000001296788648248','MONS_00000000001297218526283',23,17);
INSERT INTO map_monsters VALUES ('MAP_00000000001296788648248','MONS_00000000001297218526283',23,18);
INSERT INTO map_monsters VALUES ('MAP_00000000001296788648248','MONS_00000000001297218526283',23,19);
INSERT INTO map_monsters VALUES ('MAP_00000000001296788648248','MONS_00000000001297218526283',23,20);
INSERT INTO map_monsters VALUES ('MAP_00000000001296788648248','MONS_00000000001297218526283',23,22);
INSERT INTO map_monsters VALUES ('MAP_00000000001296788648248','MONS_00000000001297218526283',23,23);
INSERT INTO map_monsters VALUES ('MAP_00000000001296788648248','MONS_00000000001297218526283',23,24);
INSERT INTO map_monsters VALUES ('MAP_00000000001296788648248','MONS_00000000001297218526283',23,26);
INSERT INTO map_monsters VALUES ('MAP_00000000001296788648248','MONS_00000000001297218526283',23,27);
INSERT INTO map_monsters VALUES ('MAP_00000000001296788648248','MONS_00000000001297218526283',23,28);
INSERT INTO map_monsters VALUES ('MAP_00000000001296788648248','MONS_00000000001297218526283',23,29);
INSERT INTO map_monsters VALUES ('MAP_00000000001296788648248','MONS_00000000001297218526283',23,30);
INSERT INTO map_monsters VALUES ('MAP_00000000001296788648248','MONS_00000000001297218526283',23,31);
INSERT INTO map_monsters VALUES ('MAP_00000000001296788648248','MONS_00000000001297218526283',23,32);
INSERT INTO map_monsters VALUES ('MAP_00000000001296788648248','MONS_00000000001297218526283',23,33);
INSERT INTO map_monsters VALUES ('MAP_00000000001296788648248','MONS_00000000001297218526283',23,34);
INSERT INTO map_monsters VALUES ('MAP_00000000001296788648248','MONS_00000000001297218526283',23,35);
INSERT INTO map_monsters VALUES ('MAP_00000000001296788648248','MONS_00000000001297218526283',23,36);
INSERT INTO map_monsters VALUES ('MAP_00000000001296788648248','MONS_00000000001297218526283',23,37);
INSERT INTO map_monsters VALUES ('MAP_00000000001296788648248','MONS_00000000001297218526283',23,38);
INSERT INTO map_monsters VALUES ('MAP_00000000001296788648248','MONS_00000000001297218526283',23,39);
INSERT INTO map_monsters VALUES ('MAP_00000000001296788648248','MONS_00000000001297218526283',23,42);
INSERT INTO map_monsters VALUES ('MAP_00000000001296788648248','MONS_00000000001297218526283',23,43);
INSERT INTO map_monsters VALUES ('MAP_00000000001296788648248','MONS_00000000001297218526283',24,2);
INSERT INTO map_monsters VALUES ('MAP_00000000001296788648248','MONS_00000000001297218526283',24,7);
INSERT INTO map_monsters VALUES ('MAP_00000000001296788648248','MONS_00000000001297218526283',24,22);
INSERT INTO map_monsters VALUES ('MAP_00000000001296788648248','MONS_00000000001297218526283',24,23);
INSERT INTO map_monsters VALUES ('MAP_00000000001296788648248','MONS_00000000001297218526283',24,24);
INSERT INTO map_monsters VALUES ('MAP_00000000001296788648248','MONS_00000000001297218526283',24,42);
INSERT INTO map_monsters VALUES ('MAP_00000000001296788648248','MONS_00000000001297218526283',24,43);
INSERT INTO map_monsters VALUES ('MAP_00000000001296788648248','MONS_00000000001297218526283',25,2);
INSERT INTO map_monsters VALUES ('MAP_00000000001296788648248','MONS_00000000001297218526283',25,7);
INSERT INTO map_monsters VALUES ('MAP_00000000001296788648248','MONS_00000000001297218526283',25,22);
INSERT INTO map_monsters VALUES ('MAP_00000000001296788648248','MONS_00000000001297218526283',25,23);
INSERT INTO map_monsters VALUES ('MAP_00000000001296788648248','MONS_00000000001297218526283',25,24);
INSERT INTO map_monsters VALUES ('MAP_00000000001296788648248','MONS_00000000001297218526283',25,42);
INSERT INTO map_monsters VALUES ('MAP_00000000001296788648248','MONS_00000000001297218526283',25,43);
INSERT INTO map_monsters VALUES ('MAP_00000000001296788648248','MONS_00000000001297218526283',26,2);
INSERT INTO map_monsters VALUES ('MAP_00000000001296788648248','MONS_00000000001297218526283',26,3);
INSERT INTO map_monsters VALUES ('MAP_00000000001296788648248','MONS_00000000001297218526283',26,4);
INSERT INTO map_monsters VALUES ('MAP_00000000001296788648248','MONS_00000000001297218526283',26,5);
INSERT INTO map_monsters VALUES ('MAP_00000000001296788648248','MONS_00000000001297218526283',26,7);
INSERT INTO map_monsters VALUES ('MAP_00000000001296788648248','MONS_00000000001297218526283',26,15);
INSERT INTO map_monsters VALUES ('MAP_00000000001296788648248','MONS_00000000001297218526283',26,16);
INSERT INTO map_monsters VALUES ('MAP_00000000001296788648248','MONS_00000000001297218526283',26,17);
INSERT INTO map_monsters VALUES ('MAP_00000000001296788648248','MONS_00000000001297218526283',26,18);
INSERT INTO map_monsters VALUES ('MAP_00000000001296788648248','MONS_00000000001297218526283',26,19);
INSERT INTO map_monsters VALUES ('MAP_00000000001296788648248','MONS_00000000001297218526283',26,20);
INSERT INTO map_monsters VALUES ('MAP_00000000001296788648248','MONS_00000000001297218526283',26,21);
INSERT INTO map_monsters VALUES ('MAP_00000000001296788648248','MONS_00000000001297218526283',26,22);
INSERT INTO map_monsters VALUES ('MAP_00000000001296788648248','MONS_00000000001297218526283',26,23);
INSERT INTO map_monsters VALUES ('MAP_00000000001296788648248','MONS_00000000001297218526283',26,24);
INSERT INTO map_monsters VALUES ('MAP_00000000001296788648248','MONS_00000000001297218526283',26,25);
INSERT INTO map_monsters VALUES ('MAP_00000000001296788648248','MONS_00000000001297218526283',26,26);
INSERT INTO map_monsters VALUES ('MAP_00000000001296788648248','MONS_00000000001297218526283',26,27);
INSERT INTO map_monsters VALUES ('MAP_00000000001296788648248','MONS_00000000001297218526283',26,28);
INSERT INTO map_monsters VALUES ('MAP_00000000001296788648248','MONS_00000000001297218526283',26,29);
INSERT INTO map_monsters VALUES ('MAP_00000000001296788648248','MONS_00000000001297218526283',26,30);
INSERT INTO map_monsters VALUES ('MAP_00000000001296788648248','MONS_00000000001297218526283',26,31);
INSERT INTO map_monsters VALUES ('MAP_00000000001296788648248','MONS_00000000001297218526283',26,42);
INSERT INTO map_monsters VALUES ('MAP_00000000001296788648248','MONS_00000000001297218526283',26,43);
INSERT INTO map_monsters VALUES ('MAP_00000000001296788648248','MONS_00000000001297218526283',27,2);
INSERT INTO map_monsters VALUES ('MAP_00000000001296788648248','MONS_00000000001297218526283',27,5);
INSERT INTO map_monsters VALUES ('MAP_00000000001296788648248','MONS_00000000001297218526283',27,6);
INSERT INTO map_monsters VALUES ('MAP_00000000001296788648248','MONS_00000000001297218526283',27,7);
INSERT INTO map_monsters VALUES ('MAP_00000000001296788648248','MONS_00000000001297218526283',27,8);
INSERT INTO map_monsters VALUES ('MAP_00000000001296788648248','MONS_00000000001297218526283',27,9);
INSERT INTO map_monsters VALUES ('MAP_00000000001296788648248','MONS_00000000001297218526283',27,10);
INSERT INTO map_monsters VALUES ('MAP_00000000001296788648248','MONS_00000000001297218526283',27,11);
INSERT INTO map_monsters VALUES ('MAP_00000000001296788648248','MONS_00000000001297218526283',27,12);
INSERT INTO map_monsters VALUES ('MAP_00000000001296788648248','MONS_00000000001297218526283',27,13);
INSERT INTO map_monsters VALUES ('MAP_00000000001296788648248','MONS_00000000001297218526283',27,14);
INSERT INTO map_monsters VALUES ('MAP_00000000001296788648248','MONS_00000000001297218526283',27,15);
INSERT INTO map_monsters VALUES ('MAP_00000000001296788648248','MONS_00000000001297218526283',27,18);
INSERT INTO map_monsters VALUES ('MAP_00000000001296788648248','MONS_00000000001297218526283',27,22);
INSERT INTO map_monsters VALUES ('MAP_00000000001296788648248','MONS_00000000001297218526283',27,23);
INSERT INTO map_monsters VALUES ('MAP_00000000001296788648248','MONS_00000000001297218526283',27,24);
INSERT INTO map_monsters VALUES ('MAP_00000000001296788648248','MONS_00000000001297218526283',27,28);
INSERT INTO map_monsters VALUES ('MAP_00000000001296788648248','MONS_00000000001297218526283',27,31);
INSERT INTO map_monsters VALUES ('MAP_00000000001296788648248','MONS_00000000001297218526283',27,32);
INSERT INTO map_monsters VALUES ('MAP_00000000001296788648248','MONS_00000000001297218526283',27,33);
INSERT INTO map_monsters VALUES ('MAP_00000000001296788648248','MONS_00000000001297218526283',27,34);
INSERT INTO map_monsters VALUES ('MAP_00000000001296788648248','MONS_00000000001297218526283',27,35);
INSERT INTO map_monsters VALUES ('MAP_00000000001296788648248','MONS_00000000001297218526283',27,36);
INSERT INTO map_monsters VALUES ('MAP_00000000001296788648248','MONS_00000000001297218526283',27,37);
INSERT INTO map_monsters VALUES ('MAP_00000000001296788648248','MONS_00000000001297218526283',27,38);
INSERT INTO map_monsters VALUES ('MAP_00000000001296788648248','MONS_00000000001297218526283',27,39);
INSERT INTO map_monsters VALUES ('MAP_00000000001296788648248','MONS_00000000001297218526283',27,40);
INSERT INTO map_monsters VALUES ('MAP_00000000001296788648248','MONS_00000000001297218526283',27,41);
INSERT INTO map_monsters VALUES ('MAP_00000000001296788648248','MONS_00000000001297218526283',27,42);
INSERT INTO map_monsters VALUES ('MAP_00000000001296788648248','MONS_00000000001297218526283',27,43);
INSERT INTO map_monsters VALUES ('MAP_00000000001296788648248','MONS_00000000001297218526283',28,6);
INSERT INTO map_monsters VALUES ('MAP_00000000001296788648248','MONS_00000000001297218526283',28,15);
INSERT INTO map_monsters VALUES ('MAP_00000000001296788648248','MONS_00000000001297218526283',28,22);
INSERT INTO map_monsters VALUES ('MAP_00000000001296788648248','MONS_00000000001297218526283',28,23);
INSERT INTO map_monsters VALUES ('MAP_00000000001296788648248','MONS_00000000001297218526283',28,24);
INSERT INTO map_monsters VALUES ('MAP_00000000001296788648248','MONS_00000000001297218526283',28,31);
INSERT INTO map_monsters VALUES ('MAP_00000000001296788648248','MONS_00000000001297218526283',28,43);
INSERT INTO map_monsters VALUES ('MAP_00000000001296788648248','MONS_00000000001297218526283',29,4);
INSERT INTO map_monsters VALUES ('MAP_00000000001296788648248','MONS_00000000001297218526283',29,5);
INSERT INTO map_monsters VALUES ('MAP_00000000001296788648248','MONS_00000000001297218526283',29,6);
INSERT INTO map_monsters VALUES ('MAP_00000000001296788648248','MONS_00000000001297218526283',29,7);
INSERT INTO map_monsters VALUES ('MAP_00000000001296788648248','MONS_00000000001297218526283',29,8);
INSERT INTO map_monsters VALUES ('MAP_00000000001296788648248','MONS_00000000001297218526283',29,9);
INSERT INTO map_monsters VALUES ('MAP_00000000001296788648248','MONS_00000000001297218526283',29,10);
INSERT INTO map_monsters VALUES ('MAP_00000000001296788648248','MONS_00000000001297218526283',29,11);
INSERT INTO map_monsters VALUES ('MAP_00000000001296788648248','MONS_00000000001297218526283',29,12);
INSERT INTO map_monsters VALUES ('MAP_00000000001296788648248','MONS_00000000001297218526283',29,13);
INSERT INTO map_monsters VALUES ('MAP_00000000001296788648248','MONS_00000000001297218526283',29,14);
INSERT INTO map_monsters VALUES ('MAP_00000000001296788648248','MONS_00000000001297218526283',29,15);
INSERT INTO map_monsters VALUES ('MAP_00000000001296788648248','MONS_00000000001297218526283',29,20);
INSERT INTO map_monsters VALUES ('MAP_00000000001296788648248','MONS_00000000001297218526283',29,21);
INSERT INTO map_monsters VALUES ('MAP_00000000001296788648248','MONS_00000000001297218526283',29,22);
INSERT INTO map_monsters VALUES ('MAP_00000000001296788648248','MONS_00000000001297218526283',29,23);
INSERT INTO map_monsters VALUES ('MAP_00000000001296788648248','MONS_00000000001297218526283',29,24);
INSERT INTO map_monsters VALUES ('MAP_00000000001296788648248','MONS_00000000001297218526283',29,25);
INSERT INTO map_monsters VALUES ('MAP_00000000001296788648248','MONS_00000000001297218526283',29,26);
INSERT INTO map_monsters VALUES ('MAP_00000000001296788648248','MONS_00000000001297218526283',29,31);
INSERT INTO map_monsters VALUES ('MAP_00000000001296788648248','MONS_00000000001297218526283',29,32);
INSERT INTO map_monsters VALUES ('MAP_00000000001296788648248','MONS_00000000001297218526283',29,33);
INSERT INTO map_monsters VALUES ('MAP_00000000001296788648248','MONS_00000000001297218526283',29,34);
INSERT INTO map_monsters VALUES ('MAP_00000000001296788648248','MONS_00000000001297218526283',29,35);
INSERT INTO map_monsters VALUES ('MAP_00000000001296788648248','MONS_00000000001297218526283',29,36);
INSERT INTO map_monsters VALUES ('MAP_00000000001296788648248','MONS_00000000001297218526283',29,37);
INSERT INTO map_monsters VALUES ('MAP_00000000001296788648248','MONS_00000000001297218526283',29,38);
INSERT INTO map_monsters VALUES ('MAP_00000000001296788648248','MONS_00000000001297218526283',29,39);
INSERT INTO map_monsters VALUES ('MAP_00000000001296788648248','MONS_00000000001297218526283',29,40);
INSERT INTO map_monsters VALUES ('MAP_00000000001296788648248','MONS_00000000001297218526283',29,41);
INSERT INTO map_monsters VALUES ('MAP_00000000001296788648248','MONS_00000000001297218526283',29,42);
INSERT INTO map_monsters VALUES ('MAP_00000000001296788648248','MONS_00000000001297218526283',29,43);
INSERT INTO map_monsters VALUES ('MAP_00000000001296788648248','MONS_00000000001297218526283',29,44);
INSERT INTO map_monsters VALUES ('MAP_00000000001296788648248','MONS_00000000001297218526283',29,45);
INSERT INTO map_monsters VALUES ('MAP_00000000001296788648248','MONS_00000000001297218526283',29,46);
INSERT INTO map_monsters VALUES ('MAP_00000000001296788648248','MONS_00000000001297218526283',29,47);
INSERT INTO map_monsters VALUES ('MAP_00000000001296788648248','MONS_00000000001297218526283',29,48);
INSERT INTO map_monsters VALUES ('MAP_00000000001296788648248','MONS_00000000001297218526283',29,49);
INSERT INTO map_monsters VALUES ('MAP_00000000001296788648248','MONS_00000000001297218526283',29,50);
INSERT INTO map_monsters VALUES ('MAP_00000000001296788648248','MONS_00000000001297218526283',29,51);
INSERT INTO map_monsters VALUES ('MAP_00000000001296788648248','MONS_00000000001297218526283',29,52);
INSERT INTO map_monsters VALUES ('MAP_00000000001296788648248','MONS_00000000001297218526283',29,53);
INSERT INTO map_monsters VALUES ('MAP_00000000001296788648248','MONS_00000000001297218526283',29,54);
INSERT INTO map_monsters VALUES ('MAP_00000000001296788648248','MONS_00000000001297218526283',29,55);
INSERT INTO map_monsters VALUES ('MAP_00000000001296788648248','MONS_00000000001297218526283',29,56);
INSERT INTO map_monsters VALUES ('MAP_00000000001296788648248','MONS_00000000001297218526283',29,57);
INSERT INTO map_monsters VALUES ('MAP_00000000001296788648248','MONS_00000000001297218526283',29,58);
INSERT INTO map_monsters VALUES ('MAP_00000000001296788648248','MONS_00000000001297218526283',29,59);
INSERT INTO map_monsters VALUES ('MAP_00000000001296788648248','MONS_00000000001297218526283',30,22);
INSERT INTO map_monsters VALUES ('MAP_00000000001296788648248','MONS_00000000001297218526283',30,23);
INSERT INTO map_monsters VALUES ('MAP_00000000001296788648248','MONS_00000000001297218526283',30,24);
INSERT INTO map_monsters VALUES ('MAP_00000000001296788648248','MONS_00000000001297218526283',31,22);
INSERT INTO map_monsters VALUES ('MAP_00000000001296788648248','MONS_00000000001297218526283',31,23);
INSERT INTO map_monsters VALUES ('MAP_00000000001296788648248','MONS_00000000001297218526283',31,24);
INSERT INTO monsters VALUES ('MONS_00000000001297218526297','Novice Assassin',57,1,1,1,1,10,10,10,0,0);
INSERT INTO map_monsters VALUES ('MAP_00000000001296788648248','MONS_00000000001297218526297',0,22);
INSERT INTO map_monsters VALUES ('MAP_00000000001296788648248','MONS_00000000001297218526297',0,23);
INSERT INTO map_monsters VALUES ('MAP_00000000001296788648248','MONS_00000000001297218526297',0,24);
INSERT INTO map_monsters VALUES ('MAP_00000000001296788648248','MONS_00000000001297218526297',1,22);
INSERT INTO map_monsters VALUES ('MAP_00000000001296788648248','MONS_00000000001297218526297',1,23);
INSERT INTO map_monsters VALUES ('MAP_00000000001296788648248','MONS_00000000001297218526297',1,24);
INSERT INTO map_monsters VALUES ('MAP_00000000001296788648248','MONS_00000000001297218526297',2,4);
INSERT INTO map_monsters VALUES ('MAP_00000000001296788648248','MONS_00000000001297218526297',2,5);
INSERT INTO map_monsters VALUES ('MAP_00000000001296788648248','MONS_00000000001297218526297',2,6);
INSERT INTO map_monsters VALUES ('MAP_00000000001296788648248','MONS_00000000001297218526297',2,7);
INSERT INTO map_monsters VALUES ('MAP_00000000001296788648248','MONS_00000000001297218526297',2,8);
INSERT INTO map_monsters VALUES ('MAP_00000000001296788648248','MONS_00000000001297218526297',2,9);
INSERT INTO map_monsters VALUES ('MAP_00000000001296788648248','MONS_00000000001297218526297',2,10);
INSERT INTO map_monsters VALUES ('MAP_00000000001296788648248','MONS_00000000001297218526297',2,11);
INSERT INTO map_monsters VALUES ('MAP_00000000001296788648248','MONS_00000000001297218526297',2,12);
INSERT INTO map_monsters VALUES ('MAP_00000000001296788648248','MONS_00000000001297218526297',2,13);
INSERT INTO map_monsters VALUES ('MAP_00000000001296788648248','MONS_00000000001297218526297',2,14);
INSERT INTO map_monsters VALUES ('MAP_00000000001296788648248','MONS_00000000001297218526297',2,15);
INSERT INTO map_monsters VALUES ('MAP_00000000001296788648248','MONS_00000000001297218526297',2,20);
INSERT INTO map_monsters VALUES ('MAP_00000000001296788648248','MONS_00000000001297218526297',2,21);
INSERT INTO map_monsters VALUES ('MAP_00000000001296788648248','MONS_00000000001297218526297',2,22);
INSERT INTO map_monsters VALUES ('MAP_00000000001296788648248','MONS_00000000001297218526297',2,23);
INSERT INTO map_monsters VALUES ('MAP_00000000001296788648248','MONS_00000000001297218526297',2,24);
INSERT INTO map_monsters VALUES ('MAP_00000000001296788648248','MONS_00000000001297218526297',2,25);
INSERT INTO map_monsters VALUES ('MAP_00000000001296788648248','MONS_00000000001297218526297',2,26);
INSERT INTO map_monsters VALUES ('MAP_00000000001296788648248','MONS_00000000001297218526297',2,31);
INSERT INTO map_monsters VALUES ('MAP_00000000001296788648248','MONS_00000000001297218526297',2,32);
INSERT INTO map_monsters VALUES ('MAP_00000000001296788648248','MONS_00000000001297218526297',2,33);
INSERT INTO map_monsters VALUES ('MAP_00000000001296788648248','MONS_00000000001297218526297',2,34);
INSERT INTO map_monsters VALUES ('MAP_00000000001296788648248','MONS_00000000001297218526297',2,35);
INSERT INTO map_monsters VALUES ('MAP_00000000001296788648248','MONS_00000000001297218526297',2,36);
INSERT INTO map_monsters VALUES ('MAP_00000000001296788648248','MONS_00000000001297218526297',2,37);
INSERT INTO map_monsters VALUES ('MAP_00000000001296788648248','MONS_00000000001297218526297',2,38);
INSERT INTO map_monsters VALUES ('MAP_00000000001296788648248','MONS_00000000001297218526297',2,39);
INSERT INTO map_monsters VALUES ('MAP_00000000001296788648248','MONS_00000000001297218526297',2,40);
INSERT INTO map_monsters VALUES ('MAP_00000000001296788648248','MONS_00000000001297218526297',2,41);
INSERT INTO map_monsters VALUES ('MAP_00000000001296788648248','MONS_00000000001297218526297',2,42);
INSERT INTO map_monsters VALUES ('MAP_00000000001296788648248','MONS_00000000001297218526297',2,43);
INSERT INTO map_monsters VALUES ('MAP_00000000001296788648248','MONS_00000000001297218526297',2,44);
INSERT INTO map_monsters VALUES ('MAP_00000000001296788648248','MONS_00000000001297218526297',2,45);
INSERT INTO map_monsters VALUES ('MAP_00000000001296788648248','MONS_00000000001297218526297',2,46);
INSERT INTO map_monsters VALUES ('MAP_00000000001296788648248','MONS_00000000001297218526297',2,47);
INSERT INTO map_monsters VALUES ('MAP_00000000001296788648248','MONS_00000000001297218526297',2,48);
INSERT INTO map_monsters VALUES ('MAP_00000000001296788648248','MONS_00000000001297218526297',2,49);
INSERT INTO map_monsters VALUES ('MAP_00000000001296788648248','MONS_00000000001297218526297',2,50);
INSERT INTO map_monsters VALUES ('MAP_00000000001296788648248','MONS_00000000001297218526297',2,51);
INSERT INTO map_monsters VALUES ('MAP_00000000001296788648248','MONS_00000000001297218526297',2,52);
INSERT INTO map_monsters VALUES ('MAP_00000000001296788648248','MONS_00000000001297218526297',2,53);
INSERT INTO map_monsters VALUES ('MAP_00000000001296788648248','MONS_00000000001297218526297',2,54);
INSERT INTO map_monsters VALUES ('MAP_00000000001296788648248','MONS_00000000001297218526297',2,55);
INSERT INTO map_monsters VALUES ('MAP_00000000001296788648248','MONS_00000000001297218526297',2,56);
INSERT INTO map_monsters VALUES ('MAP_00000000001296788648248','MONS_00000000001297218526297',2,57);
INSERT INTO map_monsters VALUES ('MAP_00000000001296788648248','MONS_00000000001297218526297',2,58);
INSERT INTO map_monsters VALUES ('MAP_00000000001296788648248','MONS_00000000001297218526297',2,59);
INSERT INTO map_monsters VALUES ('MAP_00000000001296788648248','MONS_00000000001297218526297',3,6);
INSERT INTO map_monsters VALUES ('MAP_00000000001296788648248','MONS_00000000001297218526297',3,15);
INSERT INTO map_monsters VALUES ('MAP_00000000001296788648248','MONS_00000000001297218526297',3,22);
INSERT INTO map_monsters VALUES ('MAP_00000000001296788648248','MONS_00000000001297218526297',3,23);
INSERT INTO map_monsters VALUES ('MAP_00000000001296788648248','MONS_00000000001297218526297',3,24);
INSERT INTO map_monsters VALUES ('MAP_00000000001296788648248','MONS_00000000001297218526297',3,31);
INSERT INTO map_monsters VALUES ('MAP_00000000001296788648248','MONS_00000000001297218526297',3,43);
INSERT INTO map_monsters VALUES ('MAP_00000000001296788648248','MONS_00000000001297218526297',4,2);
INSERT INTO map_monsters VALUES ('MAP_00000000001296788648248','MONS_00000000001297218526297',4,5);
INSERT INTO map_monsters VALUES ('MAP_00000000001296788648248','MONS_00000000001297218526297',4,6);
INSERT INTO map_monsters VALUES ('MAP_00000000001296788648248','MONS_00000000001297218526297',4,7);
INSERT INTO map_monsters VALUES ('MAP_00000000001296788648248','MONS_00000000001297218526297',4,8);
INSERT INTO map_monsters VALUES ('MAP_00000000001296788648248','MONS_00000000001297218526297',4,9);
INSERT INTO map_monsters VALUES ('MAP_00000000001296788648248','MONS_00000000001297218526297',4,10);
INSERT INTO map_monsters VALUES ('MAP_00000000001296788648248','MONS_00000000001297218526297',4,11);
INSERT INTO map_monsters VALUES ('MAP_00000000001296788648248','MONS_00000000001297218526297',4,12);
INSERT INTO map_monsters VALUES ('MAP_00000000001296788648248','MONS_00000000001297218526297',4,13);
INSERT INTO map_monsters VALUES ('MAP_00000000001296788648248','MONS_00000000001297218526297',4,14);
INSERT INTO map_monsters VALUES ('MAP_00000000001296788648248','MONS_00000000001297218526297',4,15);
INSERT INTO map_monsters VALUES ('MAP_00000000001296788648248','MONS_00000000001297218526297',4,18);
INSERT INTO map_monsters VALUES ('MAP_00000000001296788648248','MONS_00000000001297218526297',4,22);
INSERT INTO map_monsters VALUES ('MAP_00000000001296788648248','MONS_00000000001297218526297',4,23);
INSERT INTO map_monsters VALUES ('MAP_00000000001296788648248','MONS_00000000001297218526297',4,24);
INSERT INTO map_monsters VALUES ('MAP_00000000001296788648248','MONS_00000000001297218526297',4,28);
INSERT INTO map_monsters VALUES ('MAP_00000000001296788648248','MONS_00000000001297218526297',4,31);
INSERT INTO map_monsters VALUES ('MAP_00000000001296788648248','MONS_00000000001297218526297',4,32);
INSERT INTO map_monsters VALUES ('MAP_00000000001296788648248','MONS_00000000001297218526297',4,33);
INSERT INTO map_monsters VALUES ('MAP_00000000001296788648248','MONS_00000000001297218526297',4,34);
INSERT INTO map_monsters VALUES ('MAP_00000000001296788648248','MONS_00000000001297218526297',4,35);
INSERT INTO map_monsters VALUES ('MAP_00000000001296788648248','MONS_00000000001297218526297',4,36);
INSERT INTO map_monsters VALUES ('MAP_00000000001296788648248','MONS_00000000001297218526297',4,37);
INSERT INTO map_monsters VALUES ('MAP_00000000001296788648248','MONS_00000000001297218526297',4,38);
INSERT INTO map_monsters VALUES ('MAP_00000000001296788648248','MONS_00000000001297218526297',4,39);
INSERT INTO map_monsters VALUES ('MAP_00000000001296788648248','MONS_00000000001297218526297',4,40);
INSERT INTO map_monsters VALUES ('MAP_00000000001296788648248','MONS_00000000001297218526297',4,41);
INSERT INTO map_monsters VALUES ('MAP_00000000001296788648248','MONS_00000000001297218526297',4,42);
INSERT INTO map_monsters VALUES ('MAP_00000000001296788648248','MONS_00000000001297218526297',4,43);
INSERT INTO map_monsters VALUES ('MAP_00000000001296788648248','MONS_00000000001297218526297',5,2);
INSERT INTO map_monsters VALUES ('MAP_00000000001296788648248','MONS_00000000001297218526297',5,3);
INSERT INTO map_monsters VALUES ('MAP_00000000001296788648248','MONS_00000000001297218526297',5,4);
INSERT INTO map_monsters VALUES ('MAP_00000000001296788648248','MONS_00000000001297218526297',5,5);
INSERT INTO map_monsters VALUES ('MAP_00000000001296788648248','MONS_00000000001297218526297',5,7);
INSERT INTO map_monsters VALUES ('MAP_00000000001296788648248','MONS_00000000001297218526297',5,15);
INSERT INTO map_monsters VALUES ('MAP_00000000001296788648248','MONS_00000000001297218526297',5,16);
INSERT INTO map_monsters VALUES ('MAP_00000000001296788648248','MONS_00000000001297218526297',5,17);
INSERT INTO map_monsters VALUES ('MAP_00000000001296788648248','MONS_00000000001297218526297',5,18);
INSERT INTO map_monsters VALUES ('MAP_00000000001296788648248','MONS_00000000001297218526297',5,19);
INSERT INTO map_monsters VALUES ('MAP_00000000001296788648248','MONS_00000000001297218526297',5,20);
INSERT INTO map_monsters VALUES ('MAP_00000000001296788648248','MONS_00000000001297218526297',5,21);
INSERT INTO map_monsters VALUES ('MAP_00000000001296788648248','MONS_00000000001297218526297',5,22);
INSERT INTO map_monsters VALUES ('MAP_00000000001296788648248','MONS_00000000001297218526297',5,23);
INSERT INTO map_monsters VALUES ('MAP_00000000001296788648248','MONS_00000000001297218526297',5,24);
INSERT INTO map_monsters VALUES ('MAP_00000000001296788648248','MONS_00000000001297218526297',5,25);
INSERT INTO map_monsters VALUES ('MAP_00000000001296788648248','MONS_00000000001297218526297',5,26);
INSERT INTO map_monsters VALUES ('MAP_00000000001296788648248','MONS_00000000001297218526297',5,27);
INSERT INTO map_monsters VALUES ('MAP_00000000001296788648248','MONS_00000000001297218526297',5,28);
INSERT INTO map_monsters VALUES ('MAP_00000000001296788648248','MONS_00000000001297218526297',5,29);
INSERT INTO map_monsters VALUES ('MAP_00000000001296788648248','MONS_00000000001297218526297',5,30);
INSERT INTO map_monsters VALUES ('MAP_00000000001296788648248','MONS_00000000001297218526297',5,31);
INSERT INTO map_monsters VALUES ('MAP_00000000001296788648248','MONS_00000000001297218526297',5,42);
INSERT INTO map_monsters VALUES ('MAP_00000000001296788648248','MONS_00000000001297218526297',5,43);
INSERT INTO map_monsters VALUES ('MAP_00000000001296788648248','MONS_00000000001297218526297',6,2);
INSERT INTO map_monsters VALUES ('MAP_00000000001296788648248','MONS_00000000001297218526297',6,7);
INSERT INTO map_monsters VALUES ('MAP_00000000001296788648248','MONS_00000000001297218526297',6,22);
INSERT INTO map_monsters VALUES ('MAP_00000000001296788648248','MONS_00000000001297218526297',6,23);
INSERT INTO map_monsters VALUES ('MAP_00000000001296788648248','MONS_00000000001297218526297',6,24);
INSERT INTO map_monsters VALUES ('MAP_00000000001296788648248','MONS_00000000001297218526297',6,42);
INSERT INTO map_monsters VALUES ('MAP_00000000001296788648248','MONS_00000000001297218526297',6,43);
INSERT INTO map_monsters VALUES ('MAP_00000000001296788648248','MONS_00000000001297218526297',7,2);
INSERT INTO map_monsters VALUES ('MAP_00000000001296788648248','MONS_00000000001297218526297',7,7);
INSERT INTO map_monsters VALUES ('MAP_00000000001296788648248','MONS_00000000001297218526297',7,22);
INSERT INTO map_monsters VALUES ('MAP_00000000001296788648248','MONS_00000000001297218526297',7,23);
INSERT INTO map_monsters VALUES ('MAP_00000000001296788648248','MONS_00000000001297218526297',7,24);
INSERT INTO map_monsters VALUES ('MAP_00000000001296788648248','MONS_00000000001297218526297',7,42);
INSERT INTO map_monsters VALUES ('MAP_00000000001296788648248','MONS_00000000001297218526297',7,43);
INSERT INTO map_monsters VALUES ('MAP_00000000001296788648248','MONS_00000000001297218526297',8,2);
INSERT INTO map_monsters VALUES ('MAP_00000000001296788648248','MONS_00000000001297218526297',8,3);
INSERT INTO map_monsters VALUES ('MAP_00000000001296788648248','MONS_00000000001297218526297',8,4);
INSERT INTO map_monsters VALUES ('MAP_00000000001296788648248','MONS_00000000001297218526297',8,5);
INSERT INTO map_monsters VALUES ('MAP_00000000001296788648248','MONS_00000000001297218526297',8,7);
INSERT INTO map_monsters VALUES ('MAP_00000000001296788648248','MONS_00000000001297218526297',8,10);
INSERT INTO map_monsters VALUES ('MAP_00000000001296788648248','MONS_00000000001297218526297',8,11);
INSERT INTO map_monsters VALUES ('MAP_00000000001296788648248','MONS_00000000001297218526297',8,12);
INSERT INTO map_monsters VALUES ('MAP_00000000001296788648248','MONS_00000000001297218526297',8,13);
INSERT INTO map_monsters VALUES ('MAP_00000000001296788648248','MONS_00000000001297218526297',8,14);
INSERT INTO map_monsters VALUES ('MAP_00000000001296788648248','MONS_00000000001297218526297',8,15);
INSERT INTO map_monsters VALUES ('MAP_00000000001296788648248','MONS_00000000001297218526297',8,16);
INSERT INTO map_monsters VALUES ('MAP_00000000001296788648248','MONS_00000000001297218526297',8,17);
INSERT INTO map_monsters VALUES ('MAP_00000000001296788648248','MONS_00000000001297218526297',8,18);
INSERT INTO map_monsters VALUES ('MAP_00000000001296788648248','MONS_00000000001297218526297',8,19);
INSERT INTO map_monsters VALUES ('MAP_00000000001296788648248','MONS_00000000001297218526297',8,20);
INSERT INTO map_monsters VALUES ('MAP_00000000001296788648248','MONS_00000000001297218526297',8,22);
INSERT INTO map_monsters VALUES ('MAP_00000000001296788648248','MONS_00000000001297218526297',8,23);
INSERT INTO map_monsters VALUES ('MAP_00000000001296788648248','MONS_00000000001297218526297',8,24);
INSERT INTO map_monsters VALUES ('MAP_00000000001296788648248','MONS_00000000001297218526297',8,26);
INSERT INTO map_monsters VALUES ('MAP_00000000001296788648248','MONS_00000000001297218526297',8,27);
INSERT INTO map_monsters VALUES ('MAP_00000000001296788648248','MONS_00000000001297218526297',8,28);
INSERT INTO map_monsters VALUES ('MAP_00000000001296788648248','MONS_00000000001297218526297',8,29);
INSERT INTO map_monsters VALUES ('MAP_00000000001296788648248','MONS_00000000001297218526297',8,30);
INSERT INTO map_monsters VALUES ('MAP_00000000001296788648248','MONS_00000000001297218526297',8,31);
INSERT INTO map_monsters VALUES ('MAP_00000000001296788648248','MONS_00000000001297218526297',8,32);
INSERT INTO map_monsters VALUES ('MAP_00000000001296788648248','MONS_00000000001297218526297',8,33);
INSERT INTO map_monsters VALUES ('MAP_00000000001296788648248','MONS_00000000001297218526297',8,34);
INSERT INTO map_monsters VALUES ('MAP_00000000001296788648248','MONS_00000000001297218526297',8,35);
INSERT INTO map_monsters VALUES ('MAP_00000000001296788648248','MONS_00000000001297218526297',8,36);
INSERT INTO map_monsters VALUES ('MAP_00000000001296788648248','MONS_00000000001297218526297',8,37);
INSERT INTO map_monsters VALUES ('MAP_00000000001296788648248','MONS_00000000001297218526297',8,38);
INSERT INTO map_monsters VALUES ('MAP_00000000001296788648248','MONS_00000000001297218526297',8,39);
INSERT INTO map_monsters VALUES ('MAP_00000000001296788648248','MONS_00000000001297218526297',8,42);
INSERT INTO map_monsters VALUES ('MAP_00000000001296788648248','MONS_00000000001297218526297',8,43);
INSERT INTO map_monsters VALUES ('MAP_00000000001296788648248','MONS_00000000001297218526297',9,2);
INSERT INTO map_monsters VALUES ('MAP_00000000001296788648248','MONS_00000000001297218526297',9,5);
INSERT INTO map_monsters VALUES ('MAP_00000000001296788648248','MONS_00000000001297218526297',9,7);
INSERT INTO map_monsters VALUES ('MAP_00000000001296788648248','MONS_00000000001297218526297',9,10);
INSERT INTO map_monsters VALUES ('MAP_00000000001296788648248','MONS_00000000001297218526297',9,15);
INSERT INTO map_monsters VALUES ('MAP_00000000001296788648248','MONS_00000000001297218526297',9,20);
INSERT INTO map_monsters VALUES ('MAP_00000000001296788648248','MONS_00000000001297218526297',9,22);
INSERT INTO map_monsters VALUES ('MAP_00000000001296788648248','MONS_00000000001297218526297',9,23);
INSERT INTO map_monsters VALUES ('MAP_00000000001296788648248','MONS_00000000001297218526297',9,24);
INSERT INTO map_monsters VALUES ('MAP_00000000001296788648248','MONS_00000000001297218526297',9,26);
INSERT INTO map_monsters VALUES ('MAP_00000000001296788648248','MONS_00000000001297218526297',9,39);
INSERT INTO map_monsters VALUES ('MAP_00000000001296788648248','MONS_00000000001297218526297',9,42);
INSERT INTO map_monsters VALUES ('MAP_00000000001296788648248','MONS_00000000001297218526297',9,43);
INSERT INTO map_monsters VALUES ('MAP_00000000001296788648248','MONS_00000000001297218526297',10,5);
INSERT INTO map_monsters VALUES ('MAP_00000000001296788648248','MONS_00000000001297218526297',10,7);
INSERT INTO map_monsters VALUES ('MAP_00000000001296788648248','MONS_00000000001297218526297',10,10);
INSERT INTO map_monsters VALUES ('MAP_00000000001296788648248','MONS_00000000001297218526297',10,11);
INSERT INTO map_monsters VALUES ('MAP_00000000001296788648248','MONS_00000000001297218526297',10,12);
INSERT INTO map_monsters VALUES ('MAP_00000000001296788648248','MONS_00000000001297218526297',10,13);
INSERT INTO map_monsters VALUES ('MAP_00000000001296788648248','MONS_00000000001297218526297',10,14);
INSERT INTO map_monsters VALUES ('MAP_00000000001296788648248','MONS_00000000001297218526297',10,15);
INSERT INTO map_monsters VALUES ('MAP_00000000001296788648248','MONS_00000000001297218526297',10,16);
INSERT INTO map_monsters VALUES ('MAP_00000000001296788648248','MONS_00000000001297218526297',10,17);
INSERT INTO map_monsters VALUES ('MAP_00000000001296788648248','MONS_00000000001297218526297',10,18);
INSERT INTO map_monsters VALUES ('MAP_00000000001296788648248','MONS_00000000001297218526297',10,19);
INSERT INTO map_monsters VALUES ('MAP_00000000001296788648248','MONS_00000000001297218526297',10,20);
INSERT INTO map_monsters VALUES ('MAP_00000000001296788648248','MONS_00000000001297218526297',10,21);
INSERT INTO map_monsters VALUES ('MAP_00000000001296788648248','MONS_00000000001297218526297',10,22);
INSERT INTO map_monsters VALUES ('MAP_00000000001296788648248','MONS_00000000001297218526297',10,23);
INSERT INTO map_monsters VALUES ('MAP_00000000001296788648248','MONS_00000000001297218526297',10,24);
INSERT INTO map_monsters VALUES ('MAP_00000000001296788648248','MONS_00000000001297218526297',10,25);
INSERT INTO map_monsters VALUES ('MAP_00000000001296788648248','MONS_00000000001297218526297',10,26);
INSERT INTO map_monsters VALUES ('MAP_00000000001296788648248','MONS_00000000001297218526297',10,27);
INSERT INTO map_monsters VALUES ('MAP_00000000001296788648248','MONS_00000000001297218526297',10,28);
INSERT INTO map_monsters VALUES ('MAP_00000000001296788648248','MONS_00000000001297218526297',10,29);
INSERT INTO map_monsters VALUES ('MAP_00000000001296788648248','MONS_00000000001297218526297',10,30);
INSERT INTO map_monsters VALUES ('MAP_00000000001296788648248','MONS_00000000001297218526297',10,31);
INSERT INTO map_monsters VALUES ('MAP_00000000001296788648248','MONS_00000000001297218526297',10,32);
INSERT INTO map_monsters VALUES ('MAP_00000000001296788648248','MONS_00000000001297218526297',10,33);
INSERT INTO map_monsters VALUES ('MAP_00000000001296788648248','MONS_00000000001297218526297',10,34);
INSERT INTO map_monsters VALUES ('MAP_00000000001296788648248','MONS_00000000001297218526297',10,35);
INSERT INTO map_monsters VALUES ('MAP_00000000001296788648248','MONS_00000000001297218526297',10,36);
INSERT INTO map_monsters VALUES ('MAP_00000000001296788648248','MONS_00000000001297218526297',10,37);
INSERT INTO map_monsters VALUES ('MAP_00000000001296788648248','MONS_00000000001297218526297',10,38);
INSERT INTO map_monsters VALUES ('MAP_00000000001296788648248','MONS_00000000001297218526297',10,39);
INSERT INTO map_monsters VALUES ('MAP_00000000001296788648248','MONS_00000000001297218526297',10,42);
INSERT INTO map_monsters VALUES ('MAP_00000000001296788648248','MONS_00000000001297218526297',10,43);
INSERT INTO map_monsters VALUES ('MAP_00000000001296788648248','MONS_00000000001297218526297',11,4);
INSERT INTO map_monsters VALUES ('MAP_00000000001296788648248','MONS_00000000001297218526297',11,5);
INSERT INTO map_monsters VALUES ('MAP_00000000001296788648248','MONS_00000000001297218526297',11,6);
INSERT INTO map_monsters VALUES ('MAP_00000000001296788648248','MONS_00000000001297218526297',11,7);
INSERT INTO map_monsters VALUES ('MAP_00000000001296788648248','MONS_00000000001297218526297',11,10);
INSERT INTO map_monsters VALUES ('MAP_00000000001296788648248','MONS_00000000001297218526297',11,19);
INSERT INTO map_monsters VALUES ('MAP_00000000001296788648248','MONS_00000000001297218526297',11,22);
INSERT INTO map_monsters VALUES ('MAP_00000000001296788648248','MONS_00000000001297218526297',11,23);
INSERT INTO map_monsters VALUES ('MAP_00000000001296788648248','MONS_00000000001297218526297',11,24);
INSERT INTO map_monsters VALUES ('MAP_00000000001296788648248','MONS_00000000001297218526297',11,38);
INSERT INTO map_monsters VALUES ('MAP_00000000001296788648248','MONS_00000000001297218526297',11,42);
INSERT INTO map_monsters VALUES ('MAP_00000000001296788648248','MONS_00000000001297218526297',11,43);
INSERT INTO map_monsters VALUES ('MAP_00000000001296788648248','MONS_00000000001297218526297',12,7);
INSERT INTO map_monsters VALUES ('MAP_00000000001296788648248','MONS_00000000001297218526297',12,10);
INSERT INTO map_monsters VALUES ('MAP_00000000001296788648248','MONS_00000000001297218526297',12,11);
INSERT INTO map_monsters VALUES ('MAP_00000000001296788648248','MONS_00000000001297218526297',12,12);
INSERT INTO map_monsters VALUES ('MAP_00000000001296788648248','MONS_00000000001297218526297',12,13);
INSERT INTO map_monsters VALUES ('MAP_00000000001296788648248','MONS_00000000001297218526297',12,14);
INSERT INTO map_monsters VALUES ('MAP_00000000001296788648248','MONS_00000000001297218526297',12,15);
INSERT INTO map_monsters VALUES ('MAP_00000000001296788648248','MONS_00000000001297218526297',12,16);
INSERT INTO map_monsters VALUES ('MAP_00000000001296788648248','MONS_00000000001297218526297',12,17);
INSERT INTO map_monsters VALUES ('MAP_00000000001296788648248','MONS_00000000001297218526297',12,18);
INSERT INTO map_monsters VALUES ('MAP_00000000001296788648248','MONS_00000000001297218526297',12,20);
INSERT INTO map_monsters VALUES ('MAP_00000000001296788648248','MONS_00000000001297218526297',12,21);
INSERT INTO map_monsters VALUES ('MAP_00000000001296788648248','MONS_00000000001297218526297',12,22);
INSERT INTO map_monsters VALUES ('MAP_00000000001296788648248','MONS_00000000001297218526297',12,23);
INSERT INTO map_monsters VALUES ('MAP_00000000001296788648248','MONS_00000000001297218526297',12,24);
INSERT INTO map_monsters VALUES ('MAP_00000000001296788648248','MONS_00000000001297218526297',12,27);
INSERT INTO map_monsters VALUES ('MAP_00000000001296788648248','MONS_00000000001297218526297',12,28);
INSERT INTO map_monsters VALUES ('MAP_00000000001296788648248','MONS_00000000001297218526297',12,29);
INSERT INTO map_monsters VALUES ('MAP_00000000001296788648248','MONS_00000000001297218526297',12,30);
INSERT INTO map_monsters VALUES ('MAP_00000000001296788648248','MONS_00000000001297218526297',12,31);
INSERT INTO map_monsters VALUES ('MAP_00000000001296788648248','MONS_00000000001297218526297',12,32);
INSERT INTO map_monsters VALUES ('MAP_00000000001296788648248','MONS_00000000001297218526297',12,33);
INSERT INTO map_monsters VALUES ('MAP_00000000001296788648248','MONS_00000000001297218526297',12,34);
INSERT INTO map_monsters VALUES ('MAP_00000000001296788648248','MONS_00000000001297218526297',12,35);
INSERT INTO map_monsters VALUES ('MAP_00000000001296788648248','MONS_00000000001297218526297',12,36);
INSERT INTO map_monsters VALUES ('MAP_00000000001296788648248','MONS_00000000001297218526297',12,37);
INSERT INTO map_monsters VALUES ('MAP_00000000001296788648248','MONS_00000000001297218526297',12,38);
INSERT INTO map_monsters VALUES ('MAP_00000000001296788648248','MONS_00000000001297218526297',12,39);
INSERT INTO map_monsters VALUES ('MAP_00000000001296788648248','MONS_00000000001297218526297',12,40);
INSERT INTO map_monsters VALUES ('MAP_00000000001296788648248','MONS_00000000001297218526297',12,42);
INSERT INTO map_monsters VALUES ('MAP_00000000001296788648248','MONS_00000000001297218526297',12,43);
INSERT INTO map_monsters VALUES ('MAP_00000000001296788648248','MONS_00000000001297218526297',13,7);
INSERT INTO map_monsters VALUES ('MAP_00000000001296788648248','MONS_00000000001297218526297',13,11);
INSERT INTO map_monsters VALUES ('MAP_00000000001296788648248','MONS_00000000001297218526297',13,20);
INSERT INTO map_monsters VALUES ('MAP_00000000001296788648248','MONS_00000000001297218526297',13,21);
INSERT INTO map_monsters VALUES ('MAP_00000000001296788648248','MONS_00000000001297218526297',13,22);
INSERT INTO map_monsters VALUES ('MAP_00000000001296788648248','MONS_00000000001297218526297',13,23);
INSERT INTO map_monsters VALUES ('MAP_00000000001296788648248','MONS_00000000001297218526297',13,24);
INSERT INTO map_monsters VALUES ('MAP_00000000001296788648248','MONS_00000000001297218526297',13,25);
INSERT INTO map_monsters VALUES ('MAP_00000000001296788648248','MONS_00000000001297218526297',13,26);
INSERT INTO map_monsters VALUES ('MAP_00000000001296788648248','MONS_00000000001297218526297',13,28);
INSERT INTO map_monsters VALUES ('MAP_00000000001296788648248','MONS_00000000001297218526297',13,40);
INSERT INTO map_monsters VALUES ('MAP_00000000001296788648248','MONS_00000000001297218526297',13,41);
INSERT INTO map_monsters VALUES ('MAP_00000000001296788648248','MONS_00000000001297218526297',13,42);
INSERT INTO map_monsters VALUES ('MAP_00000000001296788648248','MONS_00000000001297218526297',13,43);
INSERT INTO map_monsters VALUES ('MAP_00000000001296788648248','MONS_00000000001297218526297',14,1);
INSERT INTO map_monsters VALUES ('MAP_00000000001296788648248','MONS_00000000001297218526297',14,2);
INSERT INTO map_monsters VALUES ('MAP_00000000001296788648248','MONS_00000000001297218526297',14,3);
INSERT INTO map_monsters VALUES ('MAP_00000000001296788648248','MONS_00000000001297218526297',14,4);
INSERT INTO map_monsters VALUES ('MAP_00000000001296788648248','MONS_00000000001297218526297',14,5);
INSERT INTO map_monsters VALUES ('MAP_00000000001296788648248','MONS_00000000001297218526297',14,6);
INSERT INTO map_monsters VALUES ('MAP_00000000001296788648248','MONS_00000000001297218526297',14,7);
INSERT INTO map_monsters VALUES ('MAP_00000000001296788648248','MONS_00000000001297218526297',14,8);
INSERT INTO map_monsters VALUES ('MAP_00000000001296788648248','MONS_00000000001297218526297',14,9);
INSERT INTO map_monsters VALUES ('MAP_00000000001296788648248','MONS_00000000001297218526297',14,10);
INSERT INTO map_monsters VALUES ('MAP_00000000001296788648248','MONS_00000000001297218526297',14,11);
INSERT INTO map_monsters VALUES ('MAP_00000000001296788648248','MONS_00000000001297218526297',14,12);
INSERT INTO map_monsters VALUES ('MAP_00000000001296788648248','MONS_00000000001297218526297',14,13);
INSERT INTO map_monsters VALUES ('MAP_00000000001296788648248','MONS_00000000001297218526297',14,14);
INSERT INTO map_monsters VALUES ('MAP_00000000001296788648248','MONS_00000000001297218526297',14,15);
INSERT INTO map_monsters VALUES ('MAP_00000000001296788648248','MONS_00000000001297218526297',14,16);
INSERT INTO map_monsters VALUES ('MAP_00000000001296788648248','MONS_00000000001297218526297',14,17);
INSERT INTO map_monsters VALUES ('MAP_00000000001296788648248','MONS_00000000001297218526297',14,18);
INSERT INTO map_monsters VALUES ('MAP_00000000001296788648248','MONS_00000000001297218526297',14,19);
INSERT INTO map_monsters VALUES ('MAP_00000000001296788648248','MONS_00000000001297218526297',14,20);
INSERT INTO map_monsters VALUES ('MAP_00000000001296788648248','MONS_00000000001297218526297',14,21);
INSERT INTO map_monsters VALUES ('MAP_00000000001296788648248','MONS_00000000001297218526297',14,23);
INSERT INTO map_monsters VALUES ('MAP_00000000001296788648248','MONS_00000000001297218526297',14,24);
INSERT INTO map_monsters VALUES ('MAP_00000000001296788648248','MONS_00000000001297218526297',14,25);
INSERT INTO map_monsters VALUES ('MAP_00000000001296788648248','MONS_00000000001297218526297',14,26);
INSERT INTO map_monsters VALUES ('MAP_00000000001296788648248','MONS_00000000001297218526297',14,27);
INSERT INTO map_monsters VALUES ('MAP_00000000001296788648248','MONS_00000000001297218526297',14,28);
INSERT INTO map_monsters VALUES ('MAP_00000000001296788648248','MONS_00000000001297218526297',14,29);
INSERT INTO map_monsters VALUES ('MAP_00000000001296788648248','MONS_00000000001297218526297',14,30);
INSERT INTO map_monsters VALUES ('MAP_00000000001296788648248','MONS_00000000001297218526297',14,31);
INSERT INTO map_monsters VALUES ('MAP_00000000001296788648248','MONS_00000000001297218526297',14,32);
INSERT INTO map_monsters VALUES ('MAP_00000000001296788648248','MONS_00000000001297218526297',14,33);
INSERT INTO map_monsters VALUES ('MAP_00000000001296788648248','MONS_00000000001297218526297',14,34);
INSERT INTO map_monsters VALUES ('MAP_00000000001296788648248','MONS_00000000001297218526297',14,35);
INSERT INTO map_monsters VALUES ('MAP_00000000001296788648248','MONS_00000000001297218526297',14,36);
INSERT INTO map_monsters VALUES ('MAP_00000000001296788648248','MONS_00000000001297218526297',14,37);
INSERT INTO map_monsters VALUES ('MAP_00000000001296788648248','MONS_00000000001297218526297',14,38);
INSERT INTO map_monsters VALUES ('MAP_00000000001296788648248','MONS_00000000001297218526297',14,39);
INSERT INTO map_monsters VALUES ('MAP_00000000001296788648248','MONS_00000000001297218526297',14,40);
INSERT INTO map_monsters VALUES ('MAP_00000000001296788648248','MONS_00000000001297218526297',15,0);
INSERT INTO map_monsters VALUES ('MAP_00000000001296788648248','MONS_00000000001297218526297',15,1);
INSERT INTO map_monsters VALUES ('MAP_00000000001296788648248','MONS_00000000001297218526297',15,2);
INSERT INTO map_monsters VALUES ('MAP_00000000001296788648248','MONS_00000000001297218526297',15,3);
INSERT INTO map_monsters VALUES ('MAP_00000000001296788648248','MONS_00000000001297218526297',15,4);
INSERT INTO map_monsters VALUES ('MAP_00000000001296788648248','MONS_00000000001297218526297',15,5);
INSERT INTO map_monsters VALUES ('MAP_00000000001296788648248','MONS_00000000001297218526297',15,6);
INSERT INTO map_monsters VALUES ('MAP_00000000001296788648248','MONS_00000000001297218526297',15,7);
INSERT INTO map_monsters VALUES ('MAP_00000000001296788648248','MONS_00000000001297218526297',15,8);
INSERT INTO map_monsters VALUES ('MAP_00000000001296788648248','MONS_00000000001297218526297',15,9);
INSERT INTO map_monsters VALUES ('MAP_00000000001296788648248','MONS_00000000001297218526297',15,10);
INSERT INTO map_monsters VALUES ('MAP_00000000001296788648248','MONS_00000000001297218526297',15,11);
INSERT INTO map_monsters VALUES ('MAP_00000000001296788648248','MONS_00000000001297218526297',15,12);
INSERT INTO map_monsters VALUES ('MAP_00000000001296788648248','MONS_00000000001297218526297',15,13);
INSERT INTO map_monsters VALUES ('MAP_00000000001296788648248','MONS_00000000001297218526297',15,14);
INSERT INTO map_monsters VALUES ('MAP_00000000001296788648248','MONS_00000000001297218526297',15,15);
INSERT INTO map_monsters VALUES ('MAP_00000000001296788648248','MONS_00000000001297218526297',15,19);
INSERT INTO map_monsters VALUES ('MAP_00000000001296788648248','MONS_00000000001297218526297',15,20);
INSERT INTO map_monsters VALUES ('MAP_00000000001296788648248','MONS_00000000001297218526297',15,21);
INSERT INTO map_monsters VALUES ('MAP_00000000001296788648248','MONS_00000000001297218526297',15,22);
INSERT INTO map_monsters VALUES ('MAP_00000000001296788648248','MONS_00000000001297218526297',15,23);
INSERT INTO map_monsters VALUES ('MAP_00000000001296788648248','MONS_00000000001297218526297',15,24);
INSERT INTO map_monsters VALUES ('MAP_00000000001296788648248','MONS_00000000001297218526297',15,25);
INSERT INTO map_monsters VALUES ('MAP_00000000001296788648248','MONS_00000000001297218526297',15,26);
INSERT INTO map_monsters VALUES ('MAP_00000000001296788648248','MONS_00000000001297218526297',15,27);
INSERT INTO map_monsters VALUES ('MAP_00000000001296788648248','MONS_00000000001297218526297',15,28);
INSERT INTO map_monsters VALUES ('MAP_00000000001296788648248','MONS_00000000001297218526297',15,29);
INSERT INTO map_monsters VALUES ('MAP_00000000001296788648248','MONS_00000000001297218526297',15,30);
INSERT INTO map_monsters VALUES ('MAP_00000000001296788648248','MONS_00000000001297218526297',15,31);
INSERT INTO map_monsters VALUES ('MAP_00000000001296788648248','MONS_00000000001297218526297',15,32);
INSERT INTO map_monsters VALUES ('MAP_00000000001296788648248','MONS_00000000001297218526297',15,33);
INSERT INTO map_monsters VALUES ('MAP_00000000001296788648248','MONS_00000000001297218526297',15,34);
INSERT INTO map_monsters VALUES ('MAP_00000000001296788648248','MONS_00000000001297218526297',15,35);
INSERT INTO map_monsters VALUES ('MAP_00000000001296788648248','MONS_00000000001297218526297',15,36);
INSERT INTO map_monsters VALUES ('MAP_00000000001296788648248','MONS_00000000001297218526297',15,37);
INSERT INTO map_monsters VALUES ('MAP_00000000001296788648248','MONS_00000000001297218526297',15,38);
INSERT INTO map_monsters VALUES ('MAP_00000000001296788648248','MONS_00000000001297218526297',15,39);
INSERT INTO map_monsters VALUES ('MAP_00000000001296788648248','MONS_00000000001297218526297',15,40);
INSERT INTO map_monsters VALUES ('MAP_00000000001296788648248','MONS_00000000001297218526297',15,41);
INSERT INTO map_monsters VALUES ('MAP_00000000001296788648248','MONS_00000000001297218526297',15,42);
INSERT INTO map_monsters VALUES ('MAP_00000000001296788648248','MONS_00000000001297218526297',15,43);
INSERT INTO map_monsters VALUES ('MAP_00000000001296788648248','MONS_00000000001297218526297',16,0);
INSERT INTO map_monsters VALUES ('MAP_00000000001296788648248','MONS_00000000001297218526297',16,1);
INSERT INTO map_monsters VALUES ('MAP_00000000001296788648248','MONS_00000000001297218526297',16,2);
INSERT INTO map_monsters VALUES ('MAP_00000000001296788648248','MONS_00000000001297218526297',16,3);
INSERT INTO map_monsters VALUES ('MAP_00000000001296788648248','MONS_00000000001297218526297',16,4);
INSERT INTO map_monsters VALUES ('MAP_00000000001296788648248','MONS_00000000001297218526297',16,5);
INSERT INTO map_monsters VALUES ('MAP_00000000001296788648248','MONS_00000000001297218526297',16,6);
INSERT INTO map_monsters VALUES ('MAP_00000000001296788648248','MONS_00000000001297218526297',16,7);
INSERT INTO map_monsters VALUES ('MAP_00000000001296788648248','MONS_00000000001297218526297',16,8);
INSERT INTO map_monsters VALUES ('MAP_00000000001296788648248','MONS_00000000001297218526297',16,9);
INSERT INTO map_monsters VALUES ('MAP_00000000001296788648248','MONS_00000000001297218526297',16,10);
INSERT INTO map_monsters VALUES ('MAP_00000000001296788648248','MONS_00000000001297218526297',16,11);
INSERT INTO map_monsters VALUES ('MAP_00000000001296788648248','MONS_00000000001297218526297',16,12);
INSERT INTO map_monsters VALUES ('MAP_00000000001296788648248','MONS_00000000001297218526297',16,13);
INSERT INTO map_monsters VALUES ('MAP_00000000001296788648248','MONS_00000000001297218526297',16,14);
INSERT INTO map_monsters VALUES ('MAP_00000000001296788648248','MONS_00000000001297218526297',16,15);
INSERT INTO map_monsters VALUES ('MAP_00000000001296788648248','MONS_00000000001297218526297',16,19);
INSERT INTO map_monsters VALUES ('MAP_00000000001296788648248','MONS_00000000001297218526297',16,20);
INSERT INTO map_monsters VALUES ('MAP_00000000001296788648248','MONS_00000000001297218526297',16,21);
INSERT INTO map_monsters VALUES ('MAP_00000000001296788648248','MONS_00000000001297218526297',16,22);
INSERT INTO map_monsters VALUES ('MAP_00000000001296788648248','MONS_00000000001297218526297',16,23);
INSERT INTO map_monsters VALUES ('MAP_00000000001296788648248','MONS_00000000001297218526297',16,24);
INSERT INTO map_monsters VALUES ('MAP_00000000001296788648248','MONS_00000000001297218526297',16,25);
INSERT INTO map_monsters VALUES ('MAP_00000000001296788648248','MONS_00000000001297218526297',16,26);
INSERT INTO map_monsters VALUES ('MAP_00000000001296788648248','MONS_00000000001297218526297',16,27);
INSERT INTO map_monsters VALUES ('MAP_00000000001296788648248','MONS_00000000001297218526297',16,28);
INSERT INTO map_monsters VALUES ('MAP_00000000001296788648248','MONS_00000000001297218526297',16,29);
INSERT INTO map_monsters VALUES ('MAP_00000000001296788648248','MONS_00000000001297218526297',16,30);
INSERT INTO map_monsters VALUES ('MAP_00000000001296788648248','MONS_00000000001297218526297',16,31);
INSERT INTO map_monsters VALUES ('MAP_00000000001296788648248','MONS_00000000001297218526297',16,32);
INSERT INTO map_monsters VALUES ('MAP_00000000001296788648248','MONS_00000000001297218526297',16,33);
INSERT INTO map_monsters VALUES ('MAP_00000000001296788648248','MONS_00000000001297218526297',16,34);
INSERT INTO map_monsters VALUES ('MAP_00000000001296788648248','MONS_00000000001297218526297',16,35);
INSERT INTO map_monsters VALUES ('MAP_00000000001296788648248','MONS_00000000001297218526297',16,36);
INSERT INTO map_monsters VALUES ('MAP_00000000001296788648248','MONS_00000000001297218526297',16,37);
INSERT INTO map_monsters VALUES ('MAP_00000000001296788648248','MONS_00000000001297218526297',16,38);
INSERT INTO map_monsters VALUES ('MAP_00000000001296788648248','MONS_00000000001297218526297',16,39);
INSERT INTO map_monsters VALUES ('MAP_00000000001296788648248','MONS_00000000001297218526297',16,40);
INSERT INTO map_monsters VALUES ('MAP_00000000001296788648248','MONS_00000000001297218526297',16,41);
INSERT INTO map_monsters VALUES ('MAP_00000000001296788648248','MONS_00000000001297218526297',16,42);
INSERT INTO map_monsters VALUES ('MAP_00000000001296788648248','MONS_00000000001297218526297',16,43);
INSERT INTO map_monsters VALUES ('MAP_00000000001296788648248','MONS_00000000001297218526297',17,1);
INSERT INTO map_monsters VALUES ('MAP_00000000001296788648248','MONS_00000000001297218526297',17,2);
INSERT INTO map_monsters VALUES ('MAP_00000000001296788648248','MONS_00000000001297218526297',17,3);
INSERT INTO map_monsters VALUES ('MAP_00000000001296788648248','MONS_00000000001297218526297',17,4);
INSERT INTO map_monsters VALUES ('MAP_00000000001296788648248','MONS_00000000001297218526297',17,5);
INSERT INTO map_monsters VALUES ('MAP_00000000001296788648248','MONS_00000000001297218526297',17,6);
INSERT INTO map_monsters VALUES ('MAP_00000000001296788648248','MONS_00000000001297218526297',17,7);
INSERT INTO map_monsters VALUES ('MAP_00000000001296788648248','MONS_00000000001297218526297',17,8);
INSERT INTO map_monsters VALUES ('MAP_00000000001296788648248','MONS_00000000001297218526297',17,9);
INSERT INTO map_monsters VALUES ('MAP_00000000001296788648248','MONS_00000000001297218526297',17,10);
INSERT INTO map_monsters VALUES ('MAP_00000000001296788648248','MONS_00000000001297218526297',17,11);
INSERT INTO map_monsters VALUES ('MAP_00000000001296788648248','MONS_00000000001297218526297',17,12);
INSERT INTO map_monsters VALUES ('MAP_00000000001296788648248','MONS_00000000001297218526297',17,13);
INSERT INTO map_monsters VALUES ('MAP_00000000001296788648248','MONS_00000000001297218526297',17,14);
INSERT INTO map_monsters VALUES ('MAP_00000000001296788648248','MONS_00000000001297218526297',17,15);
INSERT INTO map_monsters VALUES ('MAP_00000000001296788648248','MONS_00000000001297218526297',17,16);
INSERT INTO map_monsters VALUES ('MAP_00000000001296788648248','MONS_00000000001297218526297',17,17);
INSERT INTO map_monsters VALUES ('MAP_00000000001296788648248','MONS_00000000001297218526297',17,18);
INSERT INTO map_monsters VALUES ('MAP_00000000001296788648248','MONS_00000000001297218526297',17,19);
INSERT INTO map_monsters VALUES ('MAP_00000000001296788648248','MONS_00000000001297218526297',17,20);
INSERT INTO map_monsters VALUES ('MAP_00000000001296788648248','MONS_00000000001297218526297',17,21);
INSERT INTO map_monsters VALUES ('MAP_00000000001296788648248','MONS_00000000001297218526297',17,23);
INSERT INTO map_monsters VALUES ('MAP_00000000001296788648248','MONS_00000000001297218526297',17,24);
INSERT INTO map_monsters VALUES ('MAP_00000000001296788648248','MONS_00000000001297218526297',17,25);
INSERT INTO map_monsters VALUES ('MAP_00000000001296788648248','MONS_00000000001297218526297',17,26);
INSERT INTO map_monsters VALUES ('MAP_00000000001296788648248','MONS_00000000001297218526297',17,27);
INSERT INTO map_monsters VALUES ('MAP_00000000001296788648248','MONS_00000000001297218526297',17,28);
INSERT INTO map_monsters VALUES ('MAP_00000000001296788648248','MONS_00000000001297218526297',17,29);
INSERT INTO map_monsters VALUES ('MAP_00000000001296788648248','MONS_00000000001297218526297',17,30);
INSERT INTO map_monsters VALUES ('MAP_00000000001296788648248','MONS_00000000001297218526297',17,31);
INSERT INTO map_monsters VALUES ('MAP_00000000001296788648248','MONS_00000000001297218526297',17,32);
INSERT INTO map_monsters VALUES ('MAP_00000000001296788648248','MONS_00000000001297218526297',17,33);
INSERT INTO map_monsters VALUES ('MAP_00000000001296788648248','MONS_00000000001297218526297',17,34);
INSERT INTO map_monsters VALUES ('MAP_00000000001296788648248','MONS_00000000001297218526297',17,35);
INSERT INTO map_monsters VALUES ('MAP_00000000001296788648248','MONS_00000000001297218526297',17,36);
INSERT INTO map_monsters VALUES ('MAP_00000000001296788648248','MONS_00000000001297218526297',17,37);
INSERT INTO map_monsters VALUES ('MAP_00000000001296788648248','MONS_00000000001297218526297',17,38);
INSERT INTO map_monsters VALUES ('MAP_00000000001296788648248','MONS_00000000001297218526297',17,39);
INSERT INTO map_monsters VALUES ('MAP_00000000001296788648248','MONS_00000000001297218526297',17,40);
INSERT INTO map_monsters VALUES ('MAP_00000000001296788648248','MONS_00000000001297218526297',18,7);
INSERT INTO map_monsters VALUES ('MAP_00000000001296788648248','MONS_00000000001297218526297',18,11);
INSERT INTO map_monsters VALUES ('MAP_00000000001296788648248','MONS_00000000001297218526297',18,20);
INSERT INTO map_monsters VALUES ('MAP_00000000001296788648248','MONS_00000000001297218526297',18,21);
INSERT INTO map_monsters VALUES ('MAP_00000000001296788648248','MONS_00000000001297218526297',18,22);
INSERT INTO map_monsters VALUES ('MAP_00000000001296788648248','MONS_00000000001297218526297',18,23);
INSERT INTO map_monsters VALUES ('MAP_00000000001296788648248','MONS_00000000001297218526297',18,24);
INSERT INTO map_monsters VALUES ('MAP_00000000001296788648248','MONS_00000000001297218526297',18,25);
INSERT INTO map_monsters VALUES ('MAP_00000000001296788648248','MONS_00000000001297218526297',18,26);
INSERT INTO map_monsters VALUES ('MAP_00000000001296788648248','MONS_00000000001297218526297',18,28);
INSERT INTO map_monsters VALUES ('MAP_00000000001296788648248','MONS_00000000001297218526297',18,40);
INSERT INTO map_monsters VALUES ('MAP_00000000001296788648248','MONS_00000000001297218526297',18,41);
INSERT INTO map_monsters VALUES ('MAP_00000000001296788648248','MONS_00000000001297218526297',18,42);
INSERT INTO map_monsters VALUES ('MAP_00000000001296788648248','MONS_00000000001297218526297',18,43);
INSERT INTO map_monsters VALUES ('MAP_00000000001296788648248','MONS_00000000001297218526297',19,7);
INSERT INTO map_monsters VALUES ('MAP_00000000001296788648248','MONS_00000000001297218526297',19,10);
INSERT INTO map_monsters VALUES ('MAP_00000000001296788648248','MONS_00000000001297218526297',19,11);
INSERT INTO map_monsters VALUES ('MAP_00000000001296788648248','MONS_00000000001297218526297',19,12);
INSERT INTO map_monsters VALUES ('MAP_00000000001296788648248','MONS_00000000001297218526297',19,13);
INSERT INTO map_monsters VALUES ('MAP_00000000001296788648248','MONS_00000000001297218526297',19,14);
INSERT INTO map_monsters VALUES ('MAP_00000000001296788648248','MONS_00000000001297218526297',19,15);
INSERT INTO map_monsters VALUES ('MAP_00000000001296788648248','MONS_00000000001297218526297',19,16);
INSERT INTO map_monsters VALUES ('MAP_00000000001296788648248','MONS_00000000001297218526297',19,17);
INSERT INTO map_monsters VALUES ('MAP_00000000001296788648248','MONS_00000000001297218526297',19,18);
INSERT INTO map_monsters VALUES ('MAP_00000000001296788648248','MONS_00000000001297218526297',19,20);
INSERT INTO map_monsters VALUES ('MAP_00000000001296788648248','MONS_00000000001297218526297',19,21);
INSERT INTO map_monsters VALUES ('MAP_00000000001296788648248','MONS_00000000001297218526297',19,22);
INSERT INTO map_monsters VALUES ('MAP_00000000001296788648248','MONS_00000000001297218526297',19,23);
INSERT INTO map_monsters VALUES ('MAP_00000000001296788648248','MONS_00000000001297218526297',19,24);
INSERT INTO map_monsters VALUES ('MAP_00000000001296788648248','MONS_00000000001297218526297',19,27);
INSERT INTO map_monsters VALUES ('MAP_00000000001296788648248','MONS_00000000001297218526297',19,28);
INSERT INTO map_monsters VALUES ('MAP_00000000001296788648248','MONS_00000000001297218526297',19,29);
INSERT INTO map_monsters VALUES ('MAP_00000000001296788648248','MONS_00000000001297218526297',19,30);
INSERT INTO map_monsters VALUES ('MAP_00000000001296788648248','MONS_00000000001297218526297',19,31);
INSERT INTO map_monsters VALUES ('MAP_00000000001296788648248','MONS_00000000001297218526297',19,32);
INSERT INTO map_monsters VALUES ('MAP_00000000001296788648248','MONS_00000000001297218526297',19,33);
INSERT INTO map_monsters VALUES ('MAP_00000000001296788648248','MONS_00000000001297218526297',19,34);
INSERT INTO map_monsters VALUES ('MAP_00000000001296788648248','MONS_00000000001297218526297',19,35);
INSERT INTO map_monsters VALUES ('MAP_00000000001296788648248','MONS_00000000001297218526297',19,36);
INSERT INTO map_monsters VALUES ('MAP_00000000001296788648248','MONS_00000000001297218526297',19,37);
INSERT INTO map_monsters VALUES ('MAP_00000000001296788648248','MONS_00000000001297218526297',19,38);
INSERT INTO map_monsters VALUES ('MAP_00000000001296788648248','MONS_00000000001297218526297',19,39);
INSERT INTO map_monsters VALUES ('MAP_00000000001296788648248','MONS_00000000001297218526297',19,40);
INSERT INTO map_monsters VALUES ('MAP_00000000001296788648248','MONS_00000000001297218526297',19,42);
INSERT INTO map_monsters VALUES ('MAP_00000000001296788648248','MONS_00000000001297218526297',19,43);
INSERT INTO map_monsters VALUES ('MAP_00000000001296788648248','MONS_00000000001297218526297',20,4);
INSERT INTO map_monsters VALUES ('MAP_00000000001296788648248','MONS_00000000001297218526297',20,5);
INSERT INTO map_monsters VALUES ('MAP_00000000001296788648248','MONS_00000000001297218526297',20,6);
INSERT INTO map_monsters VALUES ('MAP_00000000001296788648248','MONS_00000000001297218526297',20,7);
INSERT INTO map_monsters VALUES ('MAP_00000000001296788648248','MONS_00000000001297218526297',20,10);
INSERT INTO map_monsters VALUES ('MAP_00000000001296788648248','MONS_00000000001297218526297',20,19);
INSERT INTO map_monsters VALUES ('MAP_00000000001296788648248','MONS_00000000001297218526297',20,22);
INSERT INTO map_monsters VALUES ('MAP_00000000001296788648248','MONS_00000000001297218526297',20,23);
INSERT INTO map_monsters VALUES ('MAP_00000000001296788648248','MONS_00000000001297218526297',20,24);
INSERT INTO map_monsters VALUES ('MAP_00000000001296788648248','MONS_00000000001297218526297',20,38);
INSERT INTO map_monsters VALUES ('MAP_00000000001296788648248','MONS_00000000001297218526297',20,42);
INSERT INTO map_monsters VALUES ('MAP_00000000001296788648248','MONS_00000000001297218526297',20,43);
INSERT INTO map_monsters VALUES ('MAP_00000000001296788648248','MONS_00000000001297218526297',21,5);
INSERT INTO map_monsters VALUES ('MAP_00000000001296788648248','MONS_00000000001297218526297',21,7);
INSERT INTO map_monsters VALUES ('MAP_00000000001296788648248','MONS_00000000001297218526297',21,10);
INSERT INTO map_monsters VALUES ('MAP_00000000001296788648248','MONS_00000000001297218526297',21,11);
INSERT INTO map_monsters VALUES ('MAP_00000000001296788648248','MONS_00000000001297218526297',21,12);
INSERT INTO map_monsters VALUES ('MAP_00000000001296788648248','MONS_00000000001297218526297',21,13);
INSERT INTO map_monsters VALUES ('MAP_00000000001296788648248','MONS_00000000001297218526297',21,14);
INSERT INTO map_monsters VALUES ('MAP_00000000001296788648248','MONS_00000000001297218526297',21,15);
INSERT INTO map_monsters VALUES ('MAP_00000000001296788648248','MONS_00000000001297218526297',21,16);
INSERT INTO map_monsters VALUES ('MAP_00000000001296788648248','MONS_00000000001297218526297',21,17);
INSERT INTO map_monsters VALUES ('MAP_00000000001296788648248','MONS_00000000001297218526297',21,18);
INSERT INTO map_monsters VALUES ('MAP_00000000001296788648248','MONS_00000000001297218526297',21,19);
INSERT INTO map_monsters VALUES ('MAP_00000000001296788648248','MONS_00000000001297218526297',21,20);
INSERT INTO map_monsters VALUES ('MAP_00000000001296788648248','MONS_00000000001297218526297',21,21);
INSERT INTO map_monsters VALUES ('MAP_00000000001296788648248','MONS_00000000001297218526297',21,22);
INSERT INTO map_monsters VALUES ('MAP_00000000001296788648248','MONS_00000000001297218526297',21,23);
INSERT INTO map_monsters VALUES ('MAP_00000000001296788648248','MONS_00000000001297218526297',21,24);
INSERT INTO map_monsters VALUES ('MAP_00000000001296788648248','MONS_00000000001297218526297',21,25);
INSERT INTO map_monsters VALUES ('MAP_00000000001296788648248','MONS_00000000001297218526297',21,26);
INSERT INTO map_monsters VALUES ('MAP_00000000001296788648248','MONS_00000000001297218526297',21,27);
INSERT INTO map_monsters VALUES ('MAP_00000000001296788648248','MONS_00000000001297218526297',21,28);
INSERT INTO map_monsters VALUES ('MAP_00000000001296788648248','MONS_00000000001297218526297',21,29);
INSERT INTO map_monsters VALUES ('MAP_00000000001296788648248','MONS_00000000001297218526297',21,30);
INSERT INTO map_monsters VALUES ('MAP_00000000001296788648248','MONS_00000000001297218526297',21,31);
INSERT INTO map_monsters VALUES ('MAP_00000000001296788648248','MONS_00000000001297218526297',21,32);
INSERT INTO map_monsters VALUES ('MAP_00000000001296788648248','MONS_00000000001297218526297',21,33);
INSERT INTO map_monsters VALUES ('MAP_00000000001296788648248','MONS_00000000001297218526297',21,34);
INSERT INTO map_monsters VALUES ('MAP_00000000001296788648248','MONS_00000000001297218526297',21,35);
INSERT INTO map_monsters VALUES ('MAP_00000000001296788648248','MONS_00000000001297218526297',21,36);
INSERT INTO map_monsters VALUES ('MAP_00000000001296788648248','MONS_00000000001297218526297',21,37);
INSERT INTO map_monsters VALUES ('MAP_00000000001296788648248','MONS_00000000001297218526297',21,38);
INSERT INTO map_monsters VALUES ('MAP_00000000001296788648248','MONS_00000000001297218526297',21,39);
INSERT INTO map_monsters VALUES ('MAP_00000000001296788648248','MONS_00000000001297218526297',21,42);
INSERT INTO map_monsters VALUES ('MAP_00000000001296788648248','MONS_00000000001297218526297',21,43);
INSERT INTO map_monsters VALUES ('MAP_00000000001296788648248','MONS_00000000001297218526297',22,2);
INSERT INTO map_monsters VALUES ('MAP_00000000001296788648248','MONS_00000000001297218526297',22,5);
INSERT INTO map_monsters VALUES ('MAP_00000000001296788648248','MONS_00000000001297218526297',22,7);
INSERT INTO map_monsters VALUES ('MAP_00000000001296788648248','MONS_00000000001297218526297',22,10);
INSERT INTO map_monsters VALUES ('MAP_00000000001296788648248','MONS_00000000001297218526297',22,15);
INSERT INTO map_monsters VALUES ('MAP_00000000001296788648248','MONS_00000000001297218526297',22,20);
INSERT INTO map_monsters VALUES ('MAP_00000000001296788648248','MONS_00000000001297218526297',22,22);
INSERT INTO map_monsters VALUES ('MAP_00000000001296788648248','MONS_00000000001297218526297',22,23);
INSERT INTO map_monsters VALUES ('MAP_00000000001296788648248','MONS_00000000001297218526297',22,24);
INSERT INTO map_monsters VALUES ('MAP_00000000001296788648248','MONS_00000000001297218526297',22,26);
INSERT INTO map_monsters VALUES ('MAP_00000000001296788648248','MONS_00000000001297218526297',22,39);
INSERT INTO map_monsters VALUES ('MAP_00000000001296788648248','MONS_00000000001297218526297',22,42);
INSERT INTO map_monsters VALUES ('MAP_00000000001296788648248','MONS_00000000001297218526297',22,43);
INSERT INTO map_monsters VALUES ('MAP_00000000001296788648248','MONS_00000000001297218526297',23,2);
INSERT INTO map_monsters VALUES ('MAP_00000000001296788648248','MONS_00000000001297218526297',23,3);
INSERT INTO map_monsters VALUES ('MAP_00000000001296788648248','MONS_00000000001297218526297',23,4);
INSERT INTO map_monsters VALUES ('MAP_00000000001296788648248','MONS_00000000001297218526297',23,5);
INSERT INTO map_monsters VALUES ('MAP_00000000001296788648248','MONS_00000000001297218526297',23,7);
INSERT INTO map_monsters VALUES ('MAP_00000000001296788648248','MONS_00000000001297218526297',23,10);
INSERT INTO map_monsters VALUES ('MAP_00000000001296788648248','MONS_00000000001297218526297',23,11);
INSERT INTO map_monsters VALUES ('MAP_00000000001296788648248','MONS_00000000001297218526297',23,12);
INSERT INTO map_monsters VALUES ('MAP_00000000001296788648248','MONS_00000000001297218526297',23,13);
INSERT INTO map_monsters VALUES ('MAP_00000000001296788648248','MONS_00000000001297218526297',23,14);
INSERT INTO map_monsters VALUES ('MAP_00000000001296788648248','MONS_00000000001297218526297',23,15);
INSERT INTO map_monsters VALUES ('MAP_00000000001296788648248','MONS_00000000001297218526297',23,16);
INSERT INTO map_monsters VALUES ('MAP_00000000001296788648248','MONS_00000000001297218526297',23,17);
INSERT INTO map_monsters VALUES ('MAP_00000000001296788648248','MONS_00000000001297218526297',23,18);
INSERT INTO map_monsters VALUES ('MAP_00000000001296788648248','MONS_00000000001297218526297',23,19);
INSERT INTO map_monsters VALUES ('MAP_00000000001296788648248','MONS_00000000001297218526297',23,20);
INSERT INTO map_monsters VALUES ('MAP_00000000001296788648248','MONS_00000000001297218526297',23,22);
INSERT INTO map_monsters VALUES ('MAP_00000000001296788648248','MONS_00000000001297218526297',23,23);
INSERT INTO map_monsters VALUES ('MAP_00000000001296788648248','MONS_00000000001297218526297',23,24);
INSERT INTO map_monsters VALUES ('MAP_00000000001296788648248','MONS_00000000001297218526297',23,26);
INSERT INTO map_monsters VALUES ('MAP_00000000001296788648248','MONS_00000000001297218526297',23,27);
INSERT INTO map_monsters VALUES ('MAP_00000000001296788648248','MONS_00000000001297218526297',23,28);
INSERT INTO map_monsters VALUES ('MAP_00000000001296788648248','MONS_00000000001297218526297',23,29);
INSERT INTO map_monsters VALUES ('MAP_00000000001296788648248','MONS_00000000001297218526297',23,30);
INSERT INTO map_monsters VALUES ('MAP_00000000001296788648248','MONS_00000000001297218526297',23,31);
INSERT INTO map_monsters VALUES ('MAP_00000000001296788648248','MONS_00000000001297218526297',23,32);
INSERT INTO map_monsters VALUES ('MAP_00000000001296788648248','MONS_00000000001297218526297',23,33);
INSERT INTO map_monsters VALUES ('MAP_00000000001296788648248','MONS_00000000001297218526297',23,34);
INSERT INTO map_monsters VALUES ('MAP_00000000001296788648248','MONS_00000000001297218526297',23,35);
INSERT INTO map_monsters VALUES ('MAP_00000000001296788648248','MONS_00000000001297218526297',23,36);
INSERT INTO map_monsters VALUES ('MAP_00000000001296788648248','MONS_00000000001297218526297',23,37);
INSERT INTO map_monsters VALUES ('MAP_00000000001296788648248','MONS_00000000001297218526297',23,38);
INSERT INTO map_monsters VALUES ('MAP_00000000001296788648248','MONS_00000000001297218526297',23,39);
INSERT INTO map_monsters VALUES ('MAP_00000000001296788648248','MONS_00000000001297218526297',23,42);
INSERT INTO map_monsters VALUES ('MAP_00000000001296788648248','MONS_00000000001297218526297',23,43);
INSERT INTO map_monsters VALUES ('MAP_00000000001296788648248','MONS_00000000001297218526297',24,2);
INSERT INTO map_monsters VALUES ('MAP_00000000001296788648248','MONS_00000000001297218526297',24,7);
INSERT INTO map_monsters VALUES ('MAP_00000000001296788648248','MONS_00000000001297218526297',24,22);
INSERT INTO map_monsters VALUES ('MAP_00000000001296788648248','MONS_00000000001297218526297',24,23);
INSERT INTO map_monsters VALUES ('MAP_00000000001296788648248','MONS_00000000001297218526297',24,24);
INSERT INTO map_monsters VALUES ('MAP_00000000001296788648248','MONS_00000000001297218526297',24,42);
INSERT INTO map_monsters VALUES ('MAP_00000000001296788648248','MONS_00000000001297218526297',24,43);
INSERT INTO map_monsters VALUES ('MAP_00000000001296788648248','MONS_00000000001297218526297',25,2);
INSERT INTO map_monsters VALUES ('MAP_00000000001296788648248','MONS_00000000001297218526297',25,7);
INSERT INTO map_monsters VALUES ('MAP_00000000001296788648248','MONS_00000000001297218526297',25,22);
INSERT INTO map_monsters VALUES ('MAP_00000000001296788648248','MONS_00000000001297218526297',25,23);
INSERT INTO map_monsters VALUES ('MAP_00000000001296788648248','MONS_00000000001297218526297',25,24);
INSERT INTO map_monsters VALUES ('MAP_00000000001296788648248','MONS_00000000001297218526297',25,42);
INSERT INTO map_monsters VALUES ('MAP_00000000001296788648248','MONS_00000000001297218526297',25,43);
INSERT INTO map_monsters VALUES ('MAP_00000000001296788648248','MONS_00000000001297218526297',26,2);
INSERT INTO map_monsters VALUES ('MAP_00000000001296788648248','MONS_00000000001297218526297',26,3);
INSERT INTO map_monsters VALUES ('MAP_00000000001296788648248','MONS_00000000001297218526297',26,4);
INSERT INTO map_monsters VALUES ('MAP_00000000001296788648248','MONS_00000000001297218526297',26,5);
INSERT INTO map_monsters VALUES ('MAP_00000000001296788648248','MONS_00000000001297218526297',26,7);
INSERT INTO map_monsters VALUES ('MAP_00000000001296788648248','MONS_00000000001297218526297',26,15);
INSERT INTO map_monsters VALUES ('MAP_00000000001296788648248','MONS_00000000001297218526297',26,16);
INSERT INTO map_monsters VALUES ('MAP_00000000001296788648248','MONS_00000000001297218526297',26,17);
INSERT INTO map_monsters VALUES ('MAP_00000000001296788648248','MONS_00000000001297218526297',26,18);
INSERT INTO map_monsters VALUES ('MAP_00000000001296788648248','MONS_00000000001297218526297',26,19);
INSERT INTO map_monsters VALUES ('MAP_00000000001296788648248','MONS_00000000001297218526297',26,20);
INSERT INTO map_monsters VALUES ('MAP_00000000001296788648248','MONS_00000000001297218526297',26,21);
INSERT INTO map_monsters VALUES ('MAP_00000000001296788648248','MONS_00000000001297218526297',26,22);
INSERT INTO map_monsters VALUES ('MAP_00000000001296788648248','MONS_00000000001297218526297',26,23);
INSERT INTO map_monsters VALUES ('MAP_00000000001296788648248','MONS_00000000001297218526297',26,24);
INSERT INTO map_monsters VALUES ('MAP_00000000001296788648248','MONS_00000000001297218526297',26,25);
INSERT INTO map_monsters VALUES ('MAP_00000000001296788648248','MONS_00000000001297218526297',26,26);
INSERT INTO map_monsters VALUES ('MAP_00000000001296788648248','MONS_00000000001297218526297',26,27);
INSERT INTO map_monsters VALUES ('MAP_00000000001296788648248','MONS_00000000001297218526297',26,28);
INSERT INTO map_monsters VALUES ('MAP_00000000001296788648248','MONS_00000000001297218526297',26,29);
INSERT INTO map_monsters VALUES ('MAP_00000000001296788648248','MONS_00000000001297218526297',26,30);
INSERT INTO map_monsters VALUES ('MAP_00000000001296788648248','MONS_00000000001297218526297',26,31);
INSERT INTO map_monsters VALUES ('MAP_00000000001296788648248','MONS_00000000001297218526297',26,42);
INSERT INTO map_monsters VALUES ('MAP_00000000001296788648248','MONS_00000000001297218526297',26,43);
INSERT INTO map_monsters VALUES ('MAP_00000000001296788648248','MONS_00000000001297218526297',27,2);
INSERT INTO map_monsters VALUES ('MAP_00000000001296788648248','MONS_00000000001297218526297',27,5);
INSERT INTO map_monsters VALUES ('MAP_00000000001296788648248','MONS_00000000001297218526297',27,6);
INSERT INTO map_monsters VALUES ('MAP_00000000001296788648248','MONS_00000000001297218526297',27,7);
INSERT INTO map_monsters VALUES ('MAP_00000000001296788648248','MONS_00000000001297218526297',27,8);
INSERT INTO map_monsters VALUES ('MAP_00000000001296788648248','MONS_00000000001297218526297',27,9);
INSERT INTO map_monsters VALUES ('MAP_00000000001296788648248','MONS_00000000001297218526297',27,10);
INSERT INTO map_monsters VALUES ('MAP_00000000001296788648248','MONS_00000000001297218526297',27,11);
INSERT INTO map_monsters VALUES ('MAP_00000000001296788648248','MONS_00000000001297218526297',27,12);
INSERT INTO map_monsters VALUES ('MAP_00000000001296788648248','MONS_00000000001297218526297',27,13);
INSERT INTO map_monsters VALUES ('MAP_00000000001296788648248','MONS_00000000001297218526297',27,14);
INSERT INTO map_monsters VALUES ('MAP_00000000001296788648248','MONS_00000000001297218526297',27,15);
INSERT INTO map_monsters VALUES ('MAP_00000000001296788648248','MONS_00000000001297218526297',27,18);
INSERT INTO map_monsters VALUES ('MAP_00000000001296788648248','MONS_00000000001297218526297',27,22);
INSERT INTO map_monsters VALUES ('MAP_00000000001296788648248','MONS_00000000001297218526297',27,23);
INSERT INTO map_monsters VALUES ('MAP_00000000001296788648248','MONS_00000000001297218526297',27,24);
INSERT INTO map_monsters VALUES ('MAP_00000000001296788648248','MONS_00000000001297218526297',27,28);
INSERT INTO map_monsters VALUES ('MAP_00000000001296788648248','MONS_00000000001297218526297',27,31);
INSERT INTO map_monsters VALUES ('MAP_00000000001296788648248','MONS_00000000001297218526297',27,32);
INSERT INTO map_monsters VALUES ('MAP_00000000001296788648248','MONS_00000000001297218526297',27,33);
INSERT INTO map_monsters VALUES ('MAP_00000000001296788648248','MONS_00000000001297218526297',27,34);
INSERT INTO map_monsters VALUES ('MAP_00000000001296788648248','MONS_00000000001297218526297',27,35);
INSERT INTO map_monsters VALUES ('MAP_00000000001296788648248','MONS_00000000001297218526297',27,36);
INSERT INTO map_monsters VALUES ('MAP_00000000001296788648248','MONS_00000000001297218526297',27,37);
INSERT INTO map_monsters VALUES ('MAP_00000000001296788648248','MONS_00000000001297218526297',27,38);
INSERT INTO map_monsters VALUES ('MAP_00000000001296788648248','MONS_00000000001297218526297',27,39);
INSERT INTO map_monsters VALUES ('MAP_00000000001296788648248','MONS_00000000001297218526297',27,40);
INSERT INTO map_monsters VALUES ('MAP_00000000001296788648248','MONS_00000000001297218526297',27,41);
INSERT INTO map_monsters VALUES ('MAP_00000000001296788648248','MONS_00000000001297218526297',27,42);
INSERT INTO map_monsters VALUES ('MAP_00000000001296788648248','MONS_00000000001297218526297',27,43);
INSERT INTO map_monsters VALUES ('MAP_00000000001296788648248','MONS_00000000001297218526297',28,6);
INSERT INTO map_monsters VALUES ('MAP_00000000001296788648248','MONS_00000000001297218526297',28,15);
INSERT INTO map_monsters VALUES ('MAP_00000000001296788648248','MONS_00000000001297218526297',28,22);
INSERT INTO map_monsters VALUES ('MAP_00000000001296788648248','MONS_00000000001297218526297',28,23);
INSERT INTO map_monsters VALUES ('MAP_00000000001296788648248','MONS_00000000001297218526297',28,24);
INSERT INTO map_monsters VALUES ('MAP_00000000001296788648248','MONS_00000000001297218526297',28,31);
INSERT INTO map_monsters VALUES ('MAP_00000000001296788648248','MONS_00000000001297218526297',28,43);
INSERT INTO map_monsters VALUES ('MAP_00000000001296788648248','MONS_00000000001297218526297',29,4);
INSERT INTO map_monsters VALUES ('MAP_00000000001296788648248','MONS_00000000001297218526297',29,5);
INSERT INTO map_monsters VALUES ('MAP_00000000001296788648248','MONS_00000000001297218526297',29,6);
INSERT INTO map_monsters VALUES ('MAP_00000000001296788648248','MONS_00000000001297218526297',29,7);
INSERT INTO map_monsters VALUES ('MAP_00000000001296788648248','MONS_00000000001297218526297',29,8);
INSERT INTO map_monsters VALUES ('MAP_00000000001296788648248','MONS_00000000001297218526297',29,9);
INSERT INTO map_monsters VALUES ('MAP_00000000001296788648248','MONS_00000000001297218526297',29,10);
INSERT INTO map_monsters VALUES ('MAP_00000000001296788648248','MONS_00000000001297218526297',29,11);
INSERT INTO map_monsters VALUES ('MAP_00000000001296788648248','MONS_00000000001297218526297',29,12);
INSERT INTO map_monsters VALUES ('MAP_00000000001296788648248','MONS_00000000001297218526297',29,13);
INSERT INTO map_monsters VALUES ('MAP_00000000001296788648248','MONS_00000000001297218526297',29,14);
INSERT INTO map_monsters VALUES ('MAP_00000000001296788648248','MONS_00000000001297218526297',29,15);
INSERT INTO map_monsters VALUES ('MAP_00000000001296788648248','MONS_00000000001297218526297',29,20);
INSERT INTO map_monsters VALUES ('MAP_00000000001296788648248','MONS_00000000001297218526297',29,21);
INSERT INTO map_monsters VALUES ('MAP_00000000001296788648248','MONS_00000000001297218526297',29,22);
INSERT INTO map_monsters VALUES ('MAP_00000000001296788648248','MONS_00000000001297218526297',29,23);
INSERT INTO map_monsters VALUES ('MAP_00000000001296788648248','MONS_00000000001297218526297',29,24);
INSERT INTO map_monsters VALUES ('MAP_00000000001296788648248','MONS_00000000001297218526297',29,25);
INSERT INTO map_monsters VALUES ('MAP_00000000001296788648248','MONS_00000000001297218526297',29,26);
INSERT INTO map_monsters VALUES ('MAP_00000000001296788648248','MONS_00000000001297218526297',29,31);
INSERT INTO map_monsters VALUES ('MAP_00000000001296788648248','MONS_00000000001297218526297',29,32);
INSERT INTO map_monsters VALUES ('MAP_00000000001296788648248','MONS_00000000001297218526297',29,33);
INSERT INTO map_monsters VALUES ('MAP_00000000001296788648248','MONS_00000000001297218526297',29,34);
INSERT INTO map_monsters VALUES ('MAP_00000000001296788648248','MONS_00000000001297218526297',29,35);
INSERT INTO map_monsters VALUES ('MAP_00000000001296788648248','MONS_00000000001297218526297',29,36);
INSERT INTO map_monsters VALUES ('MAP_00000000001296788648248','MONS_00000000001297218526297',29,37);
INSERT INTO map_monsters VALUES ('MAP_00000000001296788648248','MONS_00000000001297218526297',29,38);
INSERT INTO map_monsters VALUES ('MAP_00000000001296788648248','MONS_00000000001297218526297',29,39);
INSERT INTO map_monsters VALUES ('MAP_00000000001296788648248','MONS_00000000001297218526297',29,40);
INSERT INTO map_monsters VALUES ('MAP_00000000001296788648248','MONS_00000000001297218526297',29,41);
INSERT INTO map_monsters VALUES ('MAP_00000000001296788648248','MONS_00000000001297218526297',29,42);
INSERT INTO map_monsters VALUES ('MAP_00000000001296788648248','MONS_00000000001297218526297',29,43);
INSERT INTO map_monsters VALUES ('MAP_00000000001296788648248','MONS_00000000001297218526297',29,44);
INSERT INTO map_monsters VALUES ('MAP_00000000001296788648248','MONS_00000000001297218526297',29,45);
INSERT INTO map_monsters VALUES ('MAP_00000000001296788648248','MONS_00000000001297218526297',29,46);
INSERT INTO map_monsters VALUES ('MAP_00000000001296788648248','MONS_00000000001297218526297',29,47);
INSERT INTO map_monsters VALUES ('MAP_00000000001296788648248','MONS_00000000001297218526297',29,48);
INSERT INTO map_monsters VALUES ('MAP_00000000001296788648248','MONS_00000000001297218526297',29,49);
INSERT INTO map_monsters VALUES ('MAP_00000000001296788648248','MONS_00000000001297218526297',29,50);
INSERT INTO map_monsters VALUES ('MAP_00000000001296788648248','MONS_00000000001297218526297',29,51);
INSERT INTO map_monsters VALUES ('MAP_00000000001296788648248','MONS_00000000001297218526297',29,52);
INSERT INTO map_monsters VALUES ('MAP_00000000001296788648248','MONS_00000000001297218526297',29,53);
INSERT INTO map_monsters VALUES ('MAP_00000000001296788648248','MONS_00000000001297218526297',29,54);
INSERT INTO map_monsters VALUES ('MAP_00000000001296788648248','MONS_00000000001297218526297',29,55);
INSERT INTO map_monsters VALUES ('MAP_00000000001296788648248','MONS_00000000001297218526297',29,56);
INSERT INTO map_monsters VALUES ('MAP_00000000001296788648248','MONS_00000000001297218526297',29,57);
INSERT INTO map_monsters VALUES ('MAP_00000000001296788648248','MONS_00000000001297218526297',29,58);
INSERT INTO map_monsters VALUES ('MAP_00000000001296788648248','MONS_00000000001297218526297',29,59);
INSERT INTO map_monsters VALUES ('MAP_00000000001296788648248','MONS_00000000001297218526297',30,22);
INSERT INTO map_monsters VALUES ('MAP_00000000001296788648248','MONS_00000000001297218526297',30,23);
INSERT INTO map_monsters VALUES ('MAP_00000000001296788648248','MONS_00000000001297218526297',30,24);
INSERT INTO map_monsters VALUES ('MAP_00000000001296788648248','MONS_00000000001297218526297',31,22);
INSERT INTO map_monsters VALUES ('MAP_00000000001296788648248','MONS_00000000001297218526297',31,23);
INSERT INTO map_monsters VALUES ('MAP_00000000001296788648248','MONS_00000000001297218526297',31,24);
INSERT INTO monsters VALUES ('MONS_00000000001297218526311','Street Brawler',64,1,1,1,1,12,12,12,0,0);
INSERT INTO map_monsters VALUES ('MAP_00000000001296788648248','MONS_00000000001297218526311',0,22);
INSERT INTO map_monsters VALUES ('MAP_00000000001296788648248','MONS_00000000001297218526311',0,23);
INSERT INTO map_monsters VALUES ('MAP_00000000001296788648248','MONS_00000000001297218526311',0,24);
INSERT INTO map_monsters VALUES ('MAP_00000000001296788648248','MONS_00000000001297218526311',1,22);
INSERT INTO map_monsters VALUES ('MAP_00000000001296788648248','MONS_00000000001297218526311',1,23);
INSERT INTO map_monsters VALUES ('MAP_00000000001296788648248','MONS_00000000001297218526311',1,24);
INSERT INTO map_monsters VALUES ('MAP_00000000001296788648248','MONS_00000000001297218526311',2,4);
INSERT INTO map_monsters VALUES ('MAP_00000000001296788648248','MONS_00000000001297218526311',2,5);
INSERT INTO map_monsters VALUES ('MAP_00000000001296788648248','MONS_00000000001297218526311',2,6);
INSERT INTO map_monsters VALUES ('MAP_00000000001296788648248','MONS_00000000001297218526311',2,7);
INSERT INTO map_monsters VALUES ('MAP_00000000001296788648248','MONS_00000000001297218526311',2,8);
INSERT INTO map_monsters VALUES ('MAP_00000000001296788648248','MONS_00000000001297218526311',2,9);
INSERT INTO map_monsters VALUES ('MAP_00000000001296788648248','MONS_00000000001297218526311',2,10);
INSERT INTO map_monsters VALUES ('MAP_00000000001296788648248','MONS_00000000001297218526311',2,11);
INSERT INTO map_monsters VALUES ('MAP_00000000001296788648248','MONS_00000000001297218526311',2,12);
INSERT INTO map_monsters VALUES ('MAP_00000000001296788648248','MONS_00000000001297218526311',2,13);
INSERT INTO map_monsters VALUES ('MAP_00000000001296788648248','MONS_00000000001297218526311',2,14);
INSERT INTO map_monsters VALUES ('MAP_00000000001296788648248','MONS_00000000001297218526311',2,15);
INSERT INTO map_monsters VALUES ('MAP_00000000001296788648248','MONS_00000000001297218526311',2,20);
INSERT INTO map_monsters VALUES ('MAP_00000000001296788648248','MONS_00000000001297218526311',2,21);
INSERT INTO map_monsters VALUES ('MAP_00000000001296788648248','MONS_00000000001297218526311',2,22);
INSERT INTO map_monsters VALUES ('MAP_00000000001296788648248','MONS_00000000001297218526311',2,23);
INSERT INTO map_monsters VALUES ('MAP_00000000001296788648248','MONS_00000000001297218526311',2,24);
INSERT INTO map_monsters VALUES ('MAP_00000000001296788648248','MONS_00000000001297218526311',2,25);
INSERT INTO map_monsters VALUES ('MAP_00000000001296788648248','MONS_00000000001297218526311',2,26);
INSERT INTO map_monsters VALUES ('MAP_00000000001296788648248','MONS_00000000001297218526311',2,31);
INSERT INTO map_monsters VALUES ('MAP_00000000001296788648248','MONS_00000000001297218526311',2,32);
INSERT INTO map_monsters VALUES ('MAP_00000000001296788648248','MONS_00000000001297218526311',2,33);
INSERT INTO map_monsters VALUES ('MAP_00000000001296788648248','MONS_00000000001297218526311',2,34);
INSERT INTO map_monsters VALUES ('MAP_00000000001296788648248','MONS_00000000001297218526311',2,35);
INSERT INTO map_monsters VALUES ('MAP_00000000001296788648248','MONS_00000000001297218526311',2,36);
INSERT INTO map_monsters VALUES ('MAP_00000000001296788648248','MONS_00000000001297218526311',2,37);
INSERT INTO map_monsters VALUES ('MAP_00000000001296788648248','MONS_00000000001297218526311',2,38);
INSERT INTO map_monsters VALUES ('MAP_00000000001296788648248','MONS_00000000001297218526311',2,39);
INSERT INTO map_monsters VALUES ('MAP_00000000001296788648248','MONS_00000000001297218526311',2,40);
INSERT INTO map_monsters VALUES ('MAP_00000000001296788648248','MONS_00000000001297218526311',2,41);
INSERT INTO map_monsters VALUES ('MAP_00000000001296788648248','MONS_00000000001297218526311',2,42);
INSERT INTO map_monsters VALUES ('MAP_00000000001296788648248','MONS_00000000001297218526311',2,43);
INSERT INTO map_monsters VALUES ('MAP_00000000001296788648248','MONS_00000000001297218526311',2,44);
INSERT INTO map_monsters VALUES ('MAP_00000000001296788648248','MONS_00000000001297218526311',2,45);
INSERT INTO map_monsters VALUES ('MAP_00000000001296788648248','MONS_00000000001297218526311',2,46);
INSERT INTO map_monsters VALUES ('MAP_00000000001296788648248','MONS_00000000001297218526311',2,47);
INSERT INTO map_monsters VALUES ('MAP_00000000001296788648248','MONS_00000000001297218526311',2,48);
INSERT INTO map_monsters VALUES ('MAP_00000000001296788648248','MONS_00000000001297218526311',2,49);
INSERT INTO map_monsters VALUES ('MAP_00000000001296788648248','MONS_00000000001297218526311',2,50);
INSERT INTO map_monsters VALUES ('MAP_00000000001296788648248','MONS_00000000001297218526311',2,51);
INSERT INTO map_monsters VALUES ('MAP_00000000001296788648248','MONS_00000000001297218526311',2,52);
INSERT INTO map_monsters VALUES ('MAP_00000000001296788648248','MONS_00000000001297218526311',2,53);
INSERT INTO map_monsters VALUES ('MAP_00000000001296788648248','MONS_00000000001297218526311',2,54);
INSERT INTO map_monsters VALUES ('MAP_00000000001296788648248','MONS_00000000001297218526311',2,55);
INSERT INTO map_monsters VALUES ('MAP_00000000001296788648248','MONS_00000000001297218526311',2,56);
INSERT INTO map_monsters VALUES ('MAP_00000000001296788648248','MONS_00000000001297218526311',2,57);
INSERT INTO map_monsters VALUES ('MAP_00000000001296788648248','MONS_00000000001297218526311',2,58);
INSERT INTO map_monsters VALUES ('MAP_00000000001296788648248','MONS_00000000001297218526311',2,59);
INSERT INTO map_monsters VALUES ('MAP_00000000001296788648248','MONS_00000000001297218526311',3,6);
INSERT INTO map_monsters VALUES ('MAP_00000000001296788648248','MONS_00000000001297218526311',3,15);
INSERT INTO map_monsters VALUES ('MAP_00000000001296788648248','MONS_00000000001297218526311',3,22);
INSERT INTO map_monsters VALUES ('MAP_00000000001296788648248','MONS_00000000001297218526311',3,23);
INSERT INTO map_monsters VALUES ('MAP_00000000001296788648248','MONS_00000000001297218526311',3,24);
INSERT INTO map_monsters VALUES ('MAP_00000000001296788648248','MONS_00000000001297218526311',3,31);
INSERT INTO map_monsters VALUES ('MAP_00000000001296788648248','MONS_00000000001297218526311',3,43);
INSERT INTO map_monsters VALUES ('MAP_00000000001296788648248','MONS_00000000001297218526311',4,2);
INSERT INTO map_monsters VALUES ('MAP_00000000001296788648248','MONS_00000000001297218526311',4,5);
INSERT INTO map_monsters VALUES ('MAP_00000000001296788648248','MONS_00000000001297218526311',4,6);
INSERT INTO map_monsters VALUES ('MAP_00000000001296788648248','MONS_00000000001297218526311',4,7);
INSERT INTO map_monsters VALUES ('MAP_00000000001296788648248','MONS_00000000001297218526311',4,8);
INSERT INTO map_monsters VALUES ('MAP_00000000001296788648248','MONS_00000000001297218526311',4,9);
INSERT INTO map_monsters VALUES ('MAP_00000000001296788648248','MONS_00000000001297218526311',4,10);
INSERT INTO map_monsters VALUES ('MAP_00000000001296788648248','MONS_00000000001297218526311',4,11);
INSERT INTO map_monsters VALUES ('MAP_00000000001296788648248','MONS_00000000001297218526311',4,12);
INSERT INTO map_monsters VALUES ('MAP_00000000001296788648248','MONS_00000000001297218526311',4,13);
INSERT INTO map_monsters VALUES ('MAP_00000000001296788648248','MONS_00000000001297218526311',4,14);
INSERT INTO map_monsters VALUES ('MAP_00000000001296788648248','MONS_00000000001297218526311',4,15);
INSERT INTO map_monsters VALUES ('MAP_00000000001296788648248','MONS_00000000001297218526311',4,18);
INSERT INTO map_monsters VALUES ('MAP_00000000001296788648248','MONS_00000000001297218526311',4,22);
INSERT INTO map_monsters VALUES ('MAP_00000000001296788648248','MONS_00000000001297218526311',4,23);
INSERT INTO map_monsters VALUES ('MAP_00000000001296788648248','MONS_00000000001297218526311',4,24);
INSERT INTO map_monsters VALUES ('MAP_00000000001296788648248','MONS_00000000001297218526311',4,28);
INSERT INTO map_monsters VALUES ('MAP_00000000001296788648248','MONS_00000000001297218526311',4,31);
INSERT INTO map_monsters VALUES ('MAP_00000000001296788648248','MONS_00000000001297218526311',4,32);
INSERT INTO map_monsters VALUES ('MAP_00000000001296788648248','MONS_00000000001297218526311',4,33);
INSERT INTO map_monsters VALUES ('MAP_00000000001296788648248','MONS_00000000001297218526311',4,34);
INSERT INTO map_monsters VALUES ('MAP_00000000001296788648248','MONS_00000000001297218526311',4,35);
INSERT INTO map_monsters VALUES ('MAP_00000000001296788648248','MONS_00000000001297218526311',4,36);
INSERT INTO map_monsters VALUES ('MAP_00000000001296788648248','MONS_00000000001297218526311',4,37);
INSERT INTO map_monsters VALUES ('MAP_00000000001296788648248','MONS_00000000001297218526311',4,38);
INSERT INTO map_monsters VALUES ('MAP_00000000001296788648248','MONS_00000000001297218526311',4,39);
INSERT INTO map_monsters VALUES ('MAP_00000000001296788648248','MONS_00000000001297218526311',4,40);
INSERT INTO map_monsters VALUES ('MAP_00000000001296788648248','MONS_00000000001297218526311',4,41);
INSERT INTO map_monsters VALUES ('MAP_00000000001296788648248','MONS_00000000001297218526311',4,42);
INSERT INTO map_monsters VALUES ('MAP_00000000001296788648248','MONS_00000000001297218526311',4,43);
INSERT INTO map_monsters VALUES ('MAP_00000000001296788648248','MONS_00000000001297218526311',5,2);
INSERT INTO map_monsters VALUES ('MAP_00000000001296788648248','MONS_00000000001297218526311',5,3);
INSERT INTO map_monsters VALUES ('MAP_00000000001296788648248','MONS_00000000001297218526311',5,4);
INSERT INTO map_monsters VALUES ('MAP_00000000001296788648248','MONS_00000000001297218526311',5,5);
INSERT INTO map_monsters VALUES ('MAP_00000000001296788648248','MONS_00000000001297218526311',5,7);
INSERT INTO map_monsters VALUES ('MAP_00000000001296788648248','MONS_00000000001297218526311',5,15);
INSERT INTO map_monsters VALUES ('MAP_00000000001296788648248','MONS_00000000001297218526311',5,16);
INSERT INTO map_monsters VALUES ('MAP_00000000001296788648248','MONS_00000000001297218526311',5,17);
INSERT INTO map_monsters VALUES ('MAP_00000000001296788648248','MONS_00000000001297218526311',5,18);
INSERT INTO map_monsters VALUES ('MAP_00000000001296788648248','MONS_00000000001297218526311',5,19);
INSERT INTO map_monsters VALUES ('MAP_00000000001296788648248','MONS_00000000001297218526311',5,20);
INSERT INTO map_monsters VALUES ('MAP_00000000001296788648248','MONS_00000000001297218526311',5,21);
INSERT INTO map_monsters VALUES ('MAP_00000000001296788648248','MONS_00000000001297218526311',5,22);
INSERT INTO map_monsters VALUES ('MAP_00000000001296788648248','MONS_00000000001297218526311',5,23);
INSERT INTO map_monsters VALUES ('MAP_00000000001296788648248','MONS_00000000001297218526311',5,24);
INSERT INTO map_monsters VALUES ('MAP_00000000001296788648248','MONS_00000000001297218526311',5,25);
INSERT INTO map_monsters VALUES ('MAP_00000000001296788648248','MONS_00000000001297218526311',5,26);
INSERT INTO map_monsters VALUES ('MAP_00000000001296788648248','MONS_00000000001297218526311',5,27);
INSERT INTO map_monsters VALUES ('MAP_00000000001296788648248','MONS_00000000001297218526311',5,28);
INSERT INTO map_monsters VALUES ('MAP_00000000001296788648248','MONS_00000000001297218526311',5,29);
INSERT INTO map_monsters VALUES ('MAP_00000000001296788648248','MONS_00000000001297218526311',5,30);
INSERT INTO map_monsters VALUES ('MAP_00000000001296788648248','MONS_00000000001297218526311',5,31);
INSERT INTO map_monsters VALUES ('MAP_00000000001296788648248','MONS_00000000001297218526311',5,42);
INSERT INTO map_monsters VALUES ('MAP_00000000001296788648248','MONS_00000000001297218526311',5,43);
INSERT INTO map_monsters VALUES ('MAP_00000000001296788648248','MONS_00000000001297218526311',6,2);
INSERT INTO map_monsters VALUES ('MAP_00000000001296788648248','MONS_00000000001297218526311',6,7);
INSERT INTO map_monsters VALUES ('MAP_00000000001296788648248','MONS_00000000001297218526311',6,22);
INSERT INTO map_monsters VALUES ('MAP_00000000001296788648248','MONS_00000000001297218526311',6,23);
INSERT INTO map_monsters VALUES ('MAP_00000000001296788648248','MONS_00000000001297218526311',6,24);
INSERT INTO map_monsters VALUES ('MAP_00000000001296788648248','MONS_00000000001297218526311',6,42);
INSERT INTO map_monsters VALUES ('MAP_00000000001296788648248','MONS_00000000001297218526311',6,43);
INSERT INTO map_monsters VALUES ('MAP_00000000001296788648248','MONS_00000000001297218526311',7,2);
INSERT INTO map_monsters VALUES ('MAP_00000000001296788648248','MONS_00000000001297218526311',7,7);
INSERT INTO map_monsters VALUES ('MAP_00000000001296788648248','MONS_00000000001297218526311',7,22);
INSERT INTO map_monsters VALUES ('MAP_00000000001296788648248','MONS_00000000001297218526311',7,23);
INSERT INTO map_monsters VALUES ('MAP_00000000001296788648248','MONS_00000000001297218526311',7,24);
INSERT INTO map_monsters VALUES ('MAP_00000000001296788648248','MONS_00000000001297218526311',7,42);
INSERT INTO map_monsters VALUES ('MAP_00000000001296788648248','MONS_00000000001297218526311',7,43);
INSERT INTO map_monsters VALUES ('MAP_00000000001296788648248','MONS_00000000001297218526311',8,2);
INSERT INTO map_monsters VALUES ('MAP_00000000001296788648248','MONS_00000000001297218526311',8,3);
INSERT INTO map_monsters VALUES ('MAP_00000000001296788648248','MONS_00000000001297218526311',8,4);
INSERT INTO map_monsters VALUES ('MAP_00000000001296788648248','MONS_00000000001297218526311',8,5);
INSERT INTO map_monsters VALUES ('MAP_00000000001296788648248','MONS_00000000001297218526311',8,7);
INSERT INTO map_monsters VALUES ('MAP_00000000001296788648248','MONS_00000000001297218526311',8,10);
INSERT INTO map_monsters VALUES ('MAP_00000000001296788648248','MONS_00000000001297218526311',8,11);
INSERT INTO map_monsters VALUES ('MAP_00000000001296788648248','MONS_00000000001297218526311',8,12);
INSERT INTO map_monsters VALUES ('MAP_00000000001296788648248','MONS_00000000001297218526311',8,13);
INSERT INTO map_monsters VALUES ('MAP_00000000001296788648248','MONS_00000000001297218526311',8,14);
INSERT INTO map_monsters VALUES ('MAP_00000000001296788648248','MONS_00000000001297218526311',8,15);
INSERT INTO map_monsters VALUES ('MAP_00000000001296788648248','MONS_00000000001297218526311',8,16);
INSERT INTO map_monsters VALUES ('MAP_00000000001296788648248','MONS_00000000001297218526311',8,17);
INSERT INTO map_monsters VALUES ('MAP_00000000001296788648248','MONS_00000000001297218526311',8,18);
INSERT INTO map_monsters VALUES ('MAP_00000000001296788648248','MONS_00000000001297218526311',8,19);
INSERT INTO map_monsters VALUES ('MAP_00000000001296788648248','MONS_00000000001297218526311',8,20);
INSERT INTO map_monsters VALUES ('MAP_00000000001296788648248','MONS_00000000001297218526311',8,22);
INSERT INTO map_monsters VALUES ('MAP_00000000001296788648248','MONS_00000000001297218526311',8,23);
INSERT INTO map_monsters VALUES ('MAP_00000000001296788648248','MONS_00000000001297218526311',8,24);
INSERT INTO map_monsters VALUES ('MAP_00000000001296788648248','MONS_00000000001297218526311',8,26);
INSERT INTO map_monsters VALUES ('MAP_00000000001296788648248','MONS_00000000001297218526311',8,27);
INSERT INTO map_monsters VALUES ('MAP_00000000001296788648248','MONS_00000000001297218526311',8,28);
INSERT INTO map_monsters VALUES ('MAP_00000000001296788648248','MONS_00000000001297218526311',8,29);
INSERT INTO map_monsters VALUES ('MAP_00000000001296788648248','MONS_00000000001297218526311',8,30);
INSERT INTO map_monsters VALUES ('MAP_00000000001296788648248','MONS_00000000001297218526311',8,31);
INSERT INTO map_monsters VALUES ('MAP_00000000001296788648248','MONS_00000000001297218526311',8,32);
INSERT INTO map_monsters VALUES ('MAP_00000000001296788648248','MONS_00000000001297218526311',8,33);
INSERT INTO map_monsters VALUES ('MAP_00000000001296788648248','MONS_00000000001297218526311',8,34);
INSERT INTO map_monsters VALUES ('MAP_00000000001296788648248','MONS_00000000001297218526311',8,35);
INSERT INTO map_monsters VALUES ('MAP_00000000001296788648248','MONS_00000000001297218526311',8,36);
INSERT INTO map_monsters VALUES ('MAP_00000000001296788648248','MONS_00000000001297218526311',8,37);
INSERT INTO map_monsters VALUES ('MAP_00000000001296788648248','MONS_00000000001297218526311',8,38);
INSERT INTO map_monsters VALUES ('MAP_00000000001296788648248','MONS_00000000001297218526311',8,39);
INSERT INTO map_monsters VALUES ('MAP_00000000001296788648248','MONS_00000000001297218526311',8,42);
INSERT INTO map_monsters VALUES ('MAP_00000000001296788648248','MONS_00000000001297218526311',8,43);
INSERT INTO map_monsters VALUES ('MAP_00000000001296788648248','MONS_00000000001297218526311',9,2);
INSERT INTO map_monsters VALUES ('MAP_00000000001296788648248','MONS_00000000001297218526311',9,5);
INSERT INTO map_monsters VALUES ('MAP_00000000001296788648248','MONS_00000000001297218526311',9,7);
INSERT INTO map_monsters VALUES ('MAP_00000000001296788648248','MONS_00000000001297218526311',9,10);
INSERT INTO map_monsters VALUES ('MAP_00000000001296788648248','MONS_00000000001297218526311',9,15);
INSERT INTO map_monsters VALUES ('MAP_00000000001296788648248','MONS_00000000001297218526311',9,20);
INSERT INTO map_monsters VALUES ('MAP_00000000001296788648248','MONS_00000000001297218526311',9,22);
INSERT INTO map_monsters VALUES ('MAP_00000000001296788648248','MONS_00000000001297218526311',9,23);
INSERT INTO map_monsters VALUES ('MAP_00000000001296788648248','MONS_00000000001297218526311',9,24);
INSERT INTO map_monsters VALUES ('MAP_00000000001296788648248','MONS_00000000001297218526311',9,26);
INSERT INTO map_monsters VALUES ('MAP_00000000001296788648248','MONS_00000000001297218526311',9,39);
INSERT INTO map_monsters VALUES ('MAP_00000000001296788648248','MONS_00000000001297218526311',9,42);
INSERT INTO map_monsters VALUES ('MAP_00000000001296788648248','MONS_00000000001297218526311',9,43);
INSERT INTO map_monsters VALUES ('MAP_00000000001296788648248','MONS_00000000001297218526311',10,5);
INSERT INTO map_monsters VALUES ('MAP_00000000001296788648248','MONS_00000000001297218526311',10,7);
INSERT INTO map_monsters VALUES ('MAP_00000000001296788648248','MONS_00000000001297218526311',10,10);
INSERT INTO map_monsters VALUES ('MAP_00000000001296788648248','MONS_00000000001297218526311',10,11);
INSERT INTO map_monsters VALUES ('MAP_00000000001296788648248','MONS_00000000001297218526311',10,12);
INSERT INTO map_monsters VALUES ('MAP_00000000001296788648248','MONS_00000000001297218526311',10,13);
INSERT INTO map_monsters VALUES ('MAP_00000000001296788648248','MONS_00000000001297218526311',10,14);
INSERT INTO map_monsters VALUES ('MAP_00000000001296788648248','MONS_00000000001297218526311',10,15);
INSERT INTO map_monsters VALUES ('MAP_00000000001296788648248','MONS_00000000001297218526311',10,16);
INSERT INTO map_monsters VALUES ('MAP_00000000001296788648248','MONS_00000000001297218526311',10,17);
INSERT INTO map_monsters VALUES ('MAP_00000000001296788648248','MONS_00000000001297218526311',10,18);
INSERT INTO map_monsters VALUES ('MAP_00000000001296788648248','MONS_00000000001297218526311',10,19);
INSERT INTO map_monsters VALUES ('MAP_00000000001296788648248','MONS_00000000001297218526311',10,20);
INSERT INTO map_monsters VALUES ('MAP_00000000001296788648248','MONS_00000000001297218526311',10,21);
INSERT INTO map_monsters VALUES ('MAP_00000000001296788648248','MONS_00000000001297218526311',10,22);
INSERT INTO map_monsters VALUES ('MAP_00000000001296788648248','MONS_00000000001297218526311',10,23);
INSERT INTO map_monsters VALUES ('MAP_00000000001296788648248','MONS_00000000001297218526311',10,24);
INSERT INTO map_monsters VALUES ('MAP_00000000001296788648248','MONS_00000000001297218526311',10,25);
INSERT INTO map_monsters VALUES ('MAP_00000000001296788648248','MONS_00000000001297218526311',10,26);
INSERT INTO map_monsters VALUES ('MAP_00000000001296788648248','MONS_00000000001297218526311',10,27);
INSERT INTO map_monsters VALUES ('MAP_00000000001296788648248','MONS_00000000001297218526311',10,28);
INSERT INTO map_monsters VALUES ('MAP_00000000001296788648248','MONS_00000000001297218526311',10,29);
INSERT INTO map_monsters VALUES ('MAP_00000000001296788648248','MONS_00000000001297218526311',10,30);
INSERT INTO map_monsters VALUES ('MAP_00000000001296788648248','MONS_00000000001297218526311',10,31);
INSERT INTO map_monsters VALUES ('MAP_00000000001296788648248','MONS_00000000001297218526311',10,32);
INSERT INTO map_monsters VALUES ('MAP_00000000001296788648248','MONS_00000000001297218526311',10,33);
INSERT INTO map_monsters VALUES ('MAP_00000000001296788648248','MONS_00000000001297218526311',10,34);
INSERT INTO map_monsters VALUES ('MAP_00000000001296788648248','MONS_00000000001297218526311',10,35);
INSERT INTO map_monsters VALUES ('MAP_00000000001296788648248','MONS_00000000001297218526311',10,36);
INSERT INTO map_monsters VALUES ('MAP_00000000001296788648248','MONS_00000000001297218526311',10,37);
INSERT INTO map_monsters VALUES ('MAP_00000000001296788648248','MONS_00000000001297218526311',10,38);
INSERT INTO map_monsters VALUES ('MAP_00000000001296788648248','MONS_00000000001297218526311',10,39);
INSERT INTO map_monsters VALUES ('MAP_00000000001296788648248','MONS_00000000001297218526311',10,42);
INSERT INTO map_monsters VALUES ('MAP_00000000001296788648248','MONS_00000000001297218526311',10,43);
INSERT INTO map_monsters VALUES ('MAP_00000000001296788648248','MONS_00000000001297218526311',11,4);
INSERT INTO map_monsters VALUES ('MAP_00000000001296788648248','MONS_00000000001297218526311',11,5);
INSERT INTO map_monsters VALUES ('MAP_00000000001296788648248','MONS_00000000001297218526311',11,6);
INSERT INTO map_monsters VALUES ('MAP_00000000001296788648248','MONS_00000000001297218526311',11,7);
INSERT INTO map_monsters VALUES ('MAP_00000000001296788648248','MONS_00000000001297218526311',11,10);
INSERT INTO map_monsters VALUES ('MAP_00000000001296788648248','MONS_00000000001297218526311',11,19);
INSERT INTO map_monsters VALUES ('MAP_00000000001296788648248','MONS_00000000001297218526311',11,22);
INSERT INTO map_monsters VALUES ('MAP_00000000001296788648248','MONS_00000000001297218526311',11,23);
INSERT INTO map_monsters VALUES ('MAP_00000000001296788648248','MONS_00000000001297218526311',11,24);
INSERT INTO map_monsters VALUES ('MAP_00000000001296788648248','MONS_00000000001297218526311',11,38);
INSERT INTO map_monsters VALUES ('MAP_00000000001296788648248','MONS_00000000001297218526311',11,42);
INSERT INTO map_monsters VALUES ('MAP_00000000001296788648248','MONS_00000000001297218526311',11,43);
INSERT INTO map_monsters VALUES ('MAP_00000000001296788648248','MONS_00000000001297218526311',12,7);
INSERT INTO map_monsters VALUES ('MAP_00000000001296788648248','MONS_00000000001297218526311',12,10);
INSERT INTO map_monsters VALUES ('MAP_00000000001296788648248','MONS_00000000001297218526311',12,11);
INSERT INTO map_monsters VALUES ('MAP_00000000001296788648248','MONS_00000000001297218526311',12,12);
INSERT INTO map_monsters VALUES ('MAP_00000000001296788648248','MONS_00000000001297218526311',12,13);
INSERT INTO map_monsters VALUES ('MAP_00000000001296788648248','MONS_00000000001297218526311',12,14);
INSERT INTO map_monsters VALUES ('MAP_00000000001296788648248','MONS_00000000001297218526311',12,15);
INSERT INTO map_monsters VALUES ('MAP_00000000001296788648248','MONS_00000000001297218526311',12,16);
INSERT INTO map_monsters VALUES ('MAP_00000000001296788648248','MONS_00000000001297218526311',12,17);
INSERT INTO map_monsters VALUES ('MAP_00000000001296788648248','MONS_00000000001297218526311',12,18);
INSERT INTO map_monsters VALUES ('MAP_00000000001296788648248','MONS_00000000001297218526311',12,20);
INSERT INTO map_monsters VALUES ('MAP_00000000001296788648248','MONS_00000000001297218526311',12,21);
INSERT INTO map_monsters VALUES ('MAP_00000000001296788648248','MONS_00000000001297218526311',12,22);
INSERT INTO map_monsters VALUES ('MAP_00000000001296788648248','MONS_00000000001297218526311',12,23);
INSERT INTO map_monsters VALUES ('MAP_00000000001296788648248','MONS_00000000001297218526311',12,24);
INSERT INTO map_monsters VALUES ('MAP_00000000001296788648248','MONS_00000000001297218526311',12,27);
INSERT INTO map_monsters VALUES ('MAP_00000000001296788648248','MONS_00000000001297218526311',12,28);
INSERT INTO map_monsters VALUES ('MAP_00000000001296788648248','MONS_00000000001297218526311',12,29);
INSERT INTO map_monsters VALUES ('MAP_00000000001296788648248','MONS_00000000001297218526311',12,30);
INSERT INTO map_monsters VALUES ('MAP_00000000001296788648248','MONS_00000000001297218526311',12,31);
INSERT INTO map_monsters VALUES ('MAP_00000000001296788648248','MONS_00000000001297218526311',12,32);
INSERT INTO map_monsters VALUES ('MAP_00000000001296788648248','MONS_00000000001297218526311',12,33);
INSERT INTO map_monsters VALUES ('MAP_00000000001296788648248','MONS_00000000001297218526311',12,34);
INSERT INTO map_monsters VALUES ('MAP_00000000001296788648248','MONS_00000000001297218526311',12,35);
INSERT INTO map_monsters VALUES ('MAP_00000000001296788648248','MONS_00000000001297218526311',12,36);
INSERT INTO map_monsters VALUES ('MAP_00000000001296788648248','MONS_00000000001297218526311',12,37);
INSERT INTO map_monsters VALUES ('MAP_00000000001296788648248','MONS_00000000001297218526311',12,38);
INSERT INTO map_monsters VALUES ('MAP_00000000001296788648248','MONS_00000000001297218526311',12,39);
INSERT INTO map_monsters VALUES ('MAP_00000000001296788648248','MONS_00000000001297218526311',12,40);
INSERT INTO map_monsters VALUES ('MAP_00000000001296788648248','MONS_00000000001297218526311',12,42);
INSERT INTO map_monsters VALUES ('MAP_00000000001296788648248','MONS_00000000001297218526311',12,43);
INSERT INTO map_monsters VALUES ('MAP_00000000001296788648248','MONS_00000000001297218526311',13,7);
INSERT INTO map_monsters VALUES ('MAP_00000000001296788648248','MONS_00000000001297218526311',13,11);
INSERT INTO map_monsters VALUES ('MAP_00000000001296788648248','MONS_00000000001297218526311',13,20);
INSERT INTO map_monsters VALUES ('MAP_00000000001296788648248','MONS_00000000001297218526311',13,21);
INSERT INTO map_monsters VALUES ('MAP_00000000001296788648248','MONS_00000000001297218526311',13,22);
INSERT INTO map_monsters VALUES ('MAP_00000000001296788648248','MONS_00000000001297218526311',13,23);
INSERT INTO map_monsters VALUES ('MAP_00000000001296788648248','MONS_00000000001297218526311',13,24);
INSERT INTO map_monsters VALUES ('MAP_00000000001296788648248','MONS_00000000001297218526311',13,25);
INSERT INTO map_monsters VALUES ('MAP_00000000001296788648248','MONS_00000000001297218526311',13,26);
INSERT INTO map_monsters VALUES ('MAP_00000000001296788648248','MONS_00000000001297218526311',13,28);
INSERT INTO map_monsters VALUES ('MAP_00000000001296788648248','MONS_00000000001297218526311',13,40);
INSERT INTO map_monsters VALUES ('MAP_00000000001296788648248','MONS_00000000001297218526311',13,41);
INSERT INTO map_monsters VALUES ('MAP_00000000001296788648248','MONS_00000000001297218526311',13,42);
INSERT INTO map_monsters VALUES ('MAP_00000000001296788648248','MONS_00000000001297218526311',13,43);
INSERT INTO map_monsters VALUES ('MAP_00000000001296788648248','MONS_00000000001297218526311',14,1);
INSERT INTO map_monsters VALUES ('MAP_00000000001296788648248','MONS_00000000001297218526311',14,2);
INSERT INTO map_monsters VALUES ('MAP_00000000001296788648248','MONS_00000000001297218526311',14,3);
INSERT INTO map_monsters VALUES ('MAP_00000000001296788648248','MONS_00000000001297218526311',14,4);
INSERT INTO map_monsters VALUES ('MAP_00000000001296788648248','MONS_00000000001297218526311',14,5);
INSERT INTO map_monsters VALUES ('MAP_00000000001296788648248','MONS_00000000001297218526311',14,6);
INSERT INTO map_monsters VALUES ('MAP_00000000001296788648248','MONS_00000000001297218526311',14,7);
INSERT INTO map_monsters VALUES ('MAP_00000000001296788648248','MONS_00000000001297218526311',14,8);
INSERT INTO map_monsters VALUES ('MAP_00000000001296788648248','MONS_00000000001297218526311',14,9);
INSERT INTO map_monsters VALUES ('MAP_00000000001296788648248','MONS_00000000001297218526311',14,10);
INSERT INTO map_monsters VALUES ('MAP_00000000001296788648248','MONS_00000000001297218526311',14,11);
INSERT INTO map_monsters VALUES ('MAP_00000000001296788648248','MONS_00000000001297218526311',14,12);
INSERT INTO map_monsters VALUES ('MAP_00000000001296788648248','MONS_00000000001297218526311',14,13);
INSERT INTO map_monsters VALUES ('MAP_00000000001296788648248','MONS_00000000001297218526311',14,14);
INSERT INTO map_monsters VALUES ('MAP_00000000001296788648248','MONS_00000000001297218526311',14,15);
INSERT INTO map_monsters VALUES ('MAP_00000000001296788648248','MONS_00000000001297218526311',14,16);
INSERT INTO map_monsters VALUES ('MAP_00000000001296788648248','MONS_00000000001297218526311',14,17);
INSERT INTO map_monsters VALUES ('MAP_00000000001296788648248','MONS_00000000001297218526311',14,18);
INSERT INTO map_monsters VALUES ('MAP_00000000001296788648248','MONS_00000000001297218526311',14,19);
INSERT INTO map_monsters VALUES ('MAP_00000000001296788648248','MONS_00000000001297218526311',14,20);
INSERT INTO map_monsters VALUES ('MAP_00000000001296788648248','MONS_00000000001297218526311',14,21);
INSERT INTO map_monsters VALUES ('MAP_00000000001296788648248','MONS_00000000001297218526311',14,23);
INSERT INTO map_monsters VALUES ('MAP_00000000001296788648248','MONS_00000000001297218526311',14,24);
INSERT INTO map_monsters VALUES ('MAP_00000000001296788648248','MONS_00000000001297218526311',14,25);
INSERT INTO map_monsters VALUES ('MAP_00000000001296788648248','MONS_00000000001297218526311',14,26);
INSERT INTO map_monsters VALUES ('MAP_00000000001296788648248','MONS_00000000001297218526311',14,27);
INSERT INTO map_monsters VALUES ('MAP_00000000001296788648248','MONS_00000000001297218526311',14,28);
INSERT INTO map_monsters VALUES ('MAP_00000000001296788648248','MONS_00000000001297218526311',14,29);
INSERT INTO map_monsters VALUES ('MAP_00000000001296788648248','MONS_00000000001297218526311',14,30);
INSERT INTO map_monsters VALUES ('MAP_00000000001296788648248','MONS_00000000001297218526311',14,31);
INSERT INTO map_monsters VALUES ('MAP_00000000001296788648248','MONS_00000000001297218526311',14,32);
INSERT INTO map_monsters VALUES ('MAP_00000000001296788648248','MONS_00000000001297218526311',14,33);
INSERT INTO map_monsters VALUES ('MAP_00000000001296788648248','MONS_00000000001297218526311',14,34);
INSERT INTO map_monsters VALUES ('MAP_00000000001296788648248','MONS_00000000001297218526311',14,35);
INSERT INTO map_monsters VALUES ('MAP_00000000001296788648248','MONS_00000000001297218526311',14,36);
INSERT INTO map_monsters VALUES ('MAP_00000000001296788648248','MONS_00000000001297218526311',14,37);
INSERT INTO map_monsters VALUES ('MAP_00000000001296788648248','MONS_00000000001297218526311',14,38);
INSERT INTO map_monsters VALUES ('MAP_00000000001296788648248','MONS_00000000001297218526311',14,39);
INSERT INTO map_monsters VALUES ('MAP_00000000001296788648248','MONS_00000000001297218526311',14,40);
INSERT INTO map_monsters VALUES ('MAP_00000000001296788648248','MONS_00000000001297218526311',15,0);
INSERT INTO map_monsters VALUES ('MAP_00000000001296788648248','MONS_00000000001297218526311',15,1);
INSERT INTO map_monsters VALUES ('MAP_00000000001296788648248','MONS_00000000001297218526311',15,2);
INSERT INTO map_monsters VALUES ('MAP_00000000001296788648248','MONS_00000000001297218526311',15,3);
INSERT INTO map_monsters VALUES ('MAP_00000000001296788648248','MONS_00000000001297218526311',15,4);
INSERT INTO map_monsters VALUES ('MAP_00000000001296788648248','MONS_00000000001297218526311',15,5);
INSERT INTO map_monsters VALUES ('MAP_00000000001296788648248','MONS_00000000001297218526311',15,6);
INSERT INTO map_monsters VALUES ('MAP_00000000001296788648248','MONS_00000000001297218526311',15,7);
INSERT INTO map_monsters VALUES ('MAP_00000000001296788648248','MONS_00000000001297218526311',15,8);
INSERT INTO map_monsters VALUES ('MAP_00000000001296788648248','MONS_00000000001297218526311',15,9);
INSERT INTO map_monsters VALUES ('MAP_00000000001296788648248','MONS_00000000001297218526311',15,10);
INSERT INTO map_monsters VALUES ('MAP_00000000001296788648248','MONS_00000000001297218526311',15,11);
INSERT INTO map_monsters VALUES ('MAP_00000000001296788648248','MONS_00000000001297218526311',15,12);
INSERT INTO map_monsters VALUES ('MAP_00000000001296788648248','MONS_00000000001297218526311',15,13);
INSERT INTO map_monsters VALUES ('MAP_00000000001296788648248','MONS_00000000001297218526311',15,14);
INSERT INTO map_monsters VALUES ('MAP_00000000001296788648248','MONS_00000000001297218526311',15,15);
INSERT INTO map_monsters VALUES ('MAP_00000000001296788648248','MONS_00000000001297218526311',15,19);
INSERT INTO map_monsters VALUES ('MAP_00000000001296788648248','MONS_00000000001297218526311',15,20);
INSERT INTO map_monsters VALUES ('MAP_00000000001296788648248','MONS_00000000001297218526311',15,21);
INSERT INTO map_monsters VALUES ('MAP_00000000001296788648248','MONS_00000000001297218526311',15,22);
INSERT INTO map_monsters VALUES ('MAP_00000000001296788648248','MONS_00000000001297218526311',15,23);
INSERT INTO map_monsters VALUES ('MAP_00000000001296788648248','MONS_00000000001297218526311',15,24);
INSERT INTO map_monsters VALUES ('MAP_00000000001296788648248','MONS_00000000001297218526311',15,25);
INSERT INTO map_monsters VALUES ('MAP_00000000001296788648248','MONS_00000000001297218526311',15,26);
INSERT INTO map_monsters VALUES ('MAP_00000000001296788648248','MONS_00000000001297218526311',15,27);
INSERT INTO map_monsters VALUES ('MAP_00000000001296788648248','MONS_00000000001297218526311',15,28);
INSERT INTO map_monsters VALUES ('MAP_00000000001296788648248','MONS_00000000001297218526311',15,29);
INSERT INTO map_monsters VALUES ('MAP_00000000001296788648248','MONS_00000000001297218526311',15,30);
INSERT INTO map_monsters VALUES ('MAP_00000000001296788648248','MONS_00000000001297218526311',15,31);
INSERT INTO map_monsters VALUES ('MAP_00000000001296788648248','MONS_00000000001297218526311',15,32);
INSERT INTO map_monsters VALUES ('MAP_00000000001296788648248','MONS_00000000001297218526311',15,33);
INSERT INTO map_monsters VALUES ('MAP_00000000001296788648248','MONS_00000000001297218526311',15,34);
INSERT INTO map_monsters VALUES ('MAP_00000000001296788648248','MONS_00000000001297218526311',15,35);
INSERT INTO map_monsters VALUES ('MAP_00000000001296788648248','MONS_00000000001297218526311',15,36);
INSERT INTO map_monsters VALUES ('MAP_00000000001296788648248','MONS_00000000001297218526311',15,37);
INSERT INTO map_monsters VALUES ('MAP_00000000001296788648248','MONS_00000000001297218526311',15,38);
INSERT INTO map_monsters VALUES ('MAP_00000000001296788648248','MONS_00000000001297218526311',15,39);
INSERT INTO map_monsters VALUES ('MAP_00000000001296788648248','MONS_00000000001297218526311',15,40);
INSERT INTO map_monsters VALUES ('MAP_00000000001296788648248','MONS_00000000001297218526311',15,41);
INSERT INTO map_monsters VALUES ('MAP_00000000001296788648248','MONS_00000000001297218526311',15,42);
INSERT INTO map_monsters VALUES ('MAP_00000000001296788648248','MONS_00000000001297218526311',15,43);
INSERT INTO map_monsters VALUES ('MAP_00000000001296788648248','MONS_00000000001297218526311',16,0);
INSERT INTO map_monsters VALUES ('MAP_00000000001296788648248','MONS_00000000001297218526311',16,1);
INSERT INTO map_monsters VALUES ('MAP_00000000001296788648248','MONS_00000000001297218526311',16,2);
INSERT INTO map_monsters VALUES ('MAP_00000000001296788648248','MONS_00000000001297218526311',16,3);
INSERT INTO map_monsters VALUES ('MAP_00000000001296788648248','MONS_00000000001297218526311',16,4);
INSERT INTO map_monsters VALUES ('MAP_00000000001296788648248','MONS_00000000001297218526311',16,5);
INSERT INTO map_monsters VALUES ('MAP_00000000001296788648248','MONS_00000000001297218526311',16,6);
INSERT INTO map_monsters VALUES ('MAP_00000000001296788648248','MONS_00000000001297218526311',16,7);
INSERT INTO map_monsters VALUES ('MAP_00000000001296788648248','MONS_00000000001297218526311',16,8);
INSERT INTO map_monsters VALUES ('MAP_00000000001296788648248','MONS_00000000001297218526311',16,9);
INSERT INTO map_monsters VALUES ('MAP_00000000001296788648248','MONS_00000000001297218526311',16,10);
INSERT INTO map_monsters VALUES ('MAP_00000000001296788648248','MONS_00000000001297218526311',16,11);
INSERT INTO map_monsters VALUES ('MAP_00000000001296788648248','MONS_00000000001297218526311',16,12);
INSERT INTO map_monsters VALUES ('MAP_00000000001296788648248','MONS_00000000001297218526311',16,13);
INSERT INTO map_monsters VALUES ('MAP_00000000001296788648248','MONS_00000000001297218526311',16,14);
INSERT INTO map_monsters VALUES ('MAP_00000000001296788648248','MONS_00000000001297218526311',16,15);
INSERT INTO map_monsters VALUES ('MAP_00000000001296788648248','MONS_00000000001297218526311',16,19);
INSERT INTO map_monsters VALUES ('MAP_00000000001296788648248','MONS_00000000001297218526311',16,20);
INSERT INTO map_monsters VALUES ('MAP_00000000001296788648248','MONS_00000000001297218526311',16,21);
INSERT INTO map_monsters VALUES ('MAP_00000000001296788648248','MONS_00000000001297218526311',16,22);
INSERT INTO map_monsters VALUES ('MAP_00000000001296788648248','MONS_00000000001297218526311',16,23);
INSERT INTO map_monsters VALUES ('MAP_00000000001296788648248','MONS_00000000001297218526311',16,24);
INSERT INTO map_monsters VALUES ('MAP_00000000001296788648248','MONS_00000000001297218526311',16,25);
INSERT INTO map_monsters VALUES ('MAP_00000000001296788648248','MONS_00000000001297218526311',16,26);
INSERT INTO map_monsters VALUES ('MAP_00000000001296788648248','MONS_00000000001297218526311',16,27);
INSERT INTO map_monsters VALUES ('MAP_00000000001296788648248','MONS_00000000001297218526311',16,28);
INSERT INTO map_monsters VALUES ('MAP_00000000001296788648248','MONS_00000000001297218526311',16,29);
INSERT INTO map_monsters VALUES ('MAP_00000000001296788648248','MONS_00000000001297218526311',16,30);
INSERT INTO map_monsters VALUES ('MAP_00000000001296788648248','MONS_00000000001297218526311',16,31);
INSERT INTO map_monsters VALUES ('MAP_00000000001296788648248','MONS_00000000001297218526311',16,32);
INSERT INTO map_monsters VALUES ('MAP_00000000001296788648248','MONS_00000000001297218526311',16,33);
INSERT INTO map_monsters VALUES ('MAP_00000000001296788648248','MONS_00000000001297218526311',16,34);
INSERT INTO map_monsters VALUES ('MAP_00000000001296788648248','MONS_00000000001297218526311',16,35);
INSERT INTO map_monsters VALUES ('MAP_00000000001296788648248','MONS_00000000001297218526311',16,36);
INSERT INTO map_monsters VALUES ('MAP_00000000001296788648248','MONS_00000000001297218526311',16,37);
INSERT INTO map_monsters VALUES ('MAP_00000000001296788648248','MONS_00000000001297218526311',16,38);
INSERT INTO map_monsters VALUES ('MAP_00000000001296788648248','MONS_00000000001297218526311',16,39);
INSERT INTO map_monsters VALUES ('MAP_00000000001296788648248','MONS_00000000001297218526311',16,40);
INSERT INTO map_monsters VALUES ('MAP_00000000001296788648248','MONS_00000000001297218526311',16,41);
INSERT INTO map_monsters VALUES ('MAP_00000000001296788648248','MONS_00000000001297218526311',16,42);
INSERT INTO map_monsters VALUES ('MAP_00000000001296788648248','MONS_00000000001297218526311',16,43);
INSERT INTO map_monsters VALUES ('MAP_00000000001296788648248','MONS_00000000001297218526311',17,1);
INSERT INTO map_monsters VALUES ('MAP_00000000001296788648248','MONS_00000000001297218526311',17,2);
INSERT INTO map_monsters VALUES ('MAP_00000000001296788648248','MONS_00000000001297218526311',17,3);
INSERT INTO map_monsters VALUES ('MAP_00000000001296788648248','MONS_00000000001297218526311',17,4);
INSERT INTO map_monsters VALUES ('MAP_00000000001296788648248','MONS_00000000001297218526311',17,5);
INSERT INTO map_monsters VALUES ('MAP_00000000001296788648248','MONS_00000000001297218526311',17,6);
INSERT INTO map_monsters VALUES ('MAP_00000000001296788648248','MONS_00000000001297218526311',17,7);
INSERT INTO map_monsters VALUES ('MAP_00000000001296788648248','MONS_00000000001297218526311',17,8);
INSERT INTO map_monsters VALUES ('MAP_00000000001296788648248','MONS_00000000001297218526311',17,9);
INSERT INTO map_monsters VALUES ('MAP_00000000001296788648248','MONS_00000000001297218526311',17,10);
INSERT INTO map_monsters VALUES ('MAP_00000000001296788648248','MONS_00000000001297218526311',17,11);
INSERT INTO map_monsters VALUES ('MAP_00000000001296788648248','MONS_00000000001297218526311',17,12);
INSERT INTO map_monsters VALUES ('MAP_00000000001296788648248','MONS_00000000001297218526311',17,13);
INSERT INTO map_monsters VALUES ('MAP_00000000001296788648248','MONS_00000000001297218526311',17,14);
INSERT INTO map_monsters VALUES ('MAP_00000000001296788648248','MONS_00000000001297218526311',17,15);
INSERT INTO map_monsters VALUES ('MAP_00000000001296788648248','MONS_00000000001297218526311',17,16);
INSERT INTO map_monsters VALUES ('MAP_00000000001296788648248','MONS_00000000001297218526311',17,17);
INSERT INTO map_monsters VALUES ('MAP_00000000001296788648248','MONS_00000000001297218526311',17,18);
INSERT INTO map_monsters VALUES ('MAP_00000000001296788648248','MONS_00000000001297218526311',17,19);
INSERT INTO map_monsters VALUES ('MAP_00000000001296788648248','MONS_00000000001297218526311',17,20);
INSERT INTO map_monsters VALUES ('MAP_00000000001296788648248','MONS_00000000001297218526311',17,21);
INSERT INTO map_monsters VALUES ('MAP_00000000001296788648248','MONS_00000000001297218526311',17,23);
INSERT INTO map_monsters VALUES ('MAP_00000000001296788648248','MONS_00000000001297218526311',17,24);
INSERT INTO map_monsters VALUES ('MAP_00000000001296788648248','MONS_00000000001297218526311',17,25);
INSERT INTO map_monsters VALUES ('MAP_00000000001296788648248','MONS_00000000001297218526311',17,26);
INSERT INTO map_monsters VALUES ('MAP_00000000001296788648248','MONS_00000000001297218526311',17,27);
INSERT INTO map_monsters VALUES ('MAP_00000000001296788648248','MONS_00000000001297218526311',17,28);
INSERT INTO map_monsters VALUES ('MAP_00000000001296788648248','MONS_00000000001297218526311',17,29);
INSERT INTO map_monsters VALUES ('MAP_00000000001296788648248','MONS_00000000001297218526311',17,30);
INSERT INTO map_monsters VALUES ('MAP_00000000001296788648248','MONS_00000000001297218526311',17,31);
INSERT INTO map_monsters VALUES ('MAP_00000000001296788648248','MONS_00000000001297218526311',17,32);
INSERT INTO map_monsters VALUES ('MAP_00000000001296788648248','MONS_00000000001297218526311',17,33);
INSERT INTO map_monsters VALUES ('MAP_00000000001296788648248','MONS_00000000001297218526311',17,34);
INSERT INTO map_monsters VALUES ('MAP_00000000001296788648248','MONS_00000000001297218526311',17,35);
INSERT INTO map_monsters VALUES ('MAP_00000000001296788648248','MONS_00000000001297218526311',17,36);
INSERT INTO map_monsters VALUES ('MAP_00000000001296788648248','MONS_00000000001297218526311',17,37);
INSERT INTO map_monsters VALUES ('MAP_00000000001296788648248','MONS_00000000001297218526311',17,38);
INSERT INTO map_monsters VALUES ('MAP_00000000001296788648248','MONS_00000000001297218526311',17,39);
INSERT INTO map_monsters VALUES ('MAP_00000000001296788648248','MONS_00000000001297218526311',17,40);
INSERT INTO map_monsters VALUES ('MAP_00000000001296788648248','MONS_00000000001297218526311',18,7);
INSERT INTO map_monsters VALUES ('MAP_00000000001296788648248','MONS_00000000001297218526311',18,11);
INSERT INTO map_monsters VALUES ('MAP_00000000001296788648248','MONS_00000000001297218526311',18,20);
INSERT INTO map_monsters VALUES ('MAP_00000000001296788648248','MONS_00000000001297218526311',18,21);
INSERT INTO map_monsters VALUES ('MAP_00000000001296788648248','MONS_00000000001297218526311',18,22);
INSERT INTO map_monsters VALUES ('MAP_00000000001296788648248','MONS_00000000001297218526311',18,23);
INSERT INTO map_monsters VALUES ('MAP_00000000001296788648248','MONS_00000000001297218526311',18,24);
INSERT INTO map_monsters VALUES ('MAP_00000000001296788648248','MONS_00000000001297218526311',18,25);
INSERT INTO map_monsters VALUES ('MAP_00000000001296788648248','MONS_00000000001297218526311',18,26);
INSERT INTO map_monsters VALUES ('MAP_00000000001296788648248','MONS_00000000001297218526311',18,28);
INSERT INTO map_monsters VALUES ('MAP_00000000001296788648248','MONS_00000000001297218526311',18,40);
INSERT INTO map_monsters VALUES ('MAP_00000000001296788648248','MONS_00000000001297218526311',18,41);
INSERT INTO map_monsters VALUES ('MAP_00000000001296788648248','MONS_00000000001297218526311',18,42);
INSERT INTO map_monsters VALUES ('MAP_00000000001296788648248','MONS_00000000001297218526311',18,43);
INSERT INTO map_monsters VALUES ('MAP_00000000001296788648248','MONS_00000000001297218526311',19,7);
INSERT INTO map_monsters VALUES ('MAP_00000000001296788648248','MONS_00000000001297218526311',19,10);
INSERT INTO map_monsters VALUES ('MAP_00000000001296788648248','MONS_00000000001297218526311',19,11);
INSERT INTO map_monsters VALUES ('MAP_00000000001296788648248','MONS_00000000001297218526311',19,12);
INSERT INTO map_monsters VALUES ('MAP_00000000001296788648248','MONS_00000000001297218526311',19,13);
INSERT INTO map_monsters VALUES ('MAP_00000000001296788648248','MONS_00000000001297218526311',19,14);
INSERT INTO map_monsters VALUES ('MAP_00000000001296788648248','MONS_00000000001297218526311',19,15);
INSERT INTO map_monsters VALUES ('MAP_00000000001296788648248','MONS_00000000001297218526311',19,16);
INSERT INTO map_monsters VALUES ('MAP_00000000001296788648248','MONS_00000000001297218526311',19,17);
INSERT INTO map_monsters VALUES ('MAP_00000000001296788648248','MONS_00000000001297218526311',19,18);
INSERT INTO map_monsters VALUES ('MAP_00000000001296788648248','MONS_00000000001297218526311',19,20);
INSERT INTO map_monsters VALUES ('MAP_00000000001296788648248','MONS_00000000001297218526311',19,21);
INSERT INTO map_monsters VALUES ('MAP_00000000001296788648248','MONS_00000000001297218526311',19,22);
INSERT INTO map_monsters VALUES ('MAP_00000000001296788648248','MONS_00000000001297218526311',19,23);
INSERT INTO map_monsters VALUES ('MAP_00000000001296788648248','MONS_00000000001297218526311',19,24);
INSERT INTO map_monsters VALUES ('MAP_00000000001296788648248','MONS_00000000001297218526311',19,27);
INSERT INTO map_monsters VALUES ('MAP_00000000001296788648248','MONS_00000000001297218526311',19,28);
INSERT INTO map_monsters VALUES ('MAP_00000000001296788648248','MONS_00000000001297218526311',19,29);
INSERT INTO map_monsters VALUES ('MAP_00000000001296788648248','MONS_00000000001297218526311',19,30);
INSERT INTO map_monsters VALUES ('MAP_00000000001296788648248','MONS_00000000001297218526311',19,31);
INSERT INTO map_monsters VALUES ('MAP_00000000001296788648248','MONS_00000000001297218526311',19,32);
INSERT INTO map_monsters VALUES ('MAP_00000000001296788648248','MONS_00000000001297218526311',19,33);
INSERT INTO map_monsters VALUES ('MAP_00000000001296788648248','MONS_00000000001297218526311',19,34);
INSERT INTO map_monsters VALUES ('MAP_00000000001296788648248','MONS_00000000001297218526311',19,35);
INSERT INTO map_monsters VALUES ('MAP_00000000001296788648248','MONS_00000000001297218526311',19,36);
INSERT INTO map_monsters VALUES ('MAP_00000000001296788648248','MONS_00000000001297218526311',19,37);
INSERT INTO map_monsters VALUES ('MAP_00000000001296788648248','MONS_00000000001297218526311',19,38);
INSERT INTO map_monsters VALUES ('MAP_00000000001296788648248','MONS_00000000001297218526311',19,39);
INSERT INTO map_monsters VALUES ('MAP_00000000001296788648248','MONS_00000000001297218526311',19,40);
INSERT INTO map_monsters VALUES ('MAP_00000000001296788648248','MONS_00000000001297218526311',19,42);
INSERT INTO map_monsters VALUES ('MAP_00000000001296788648248','MONS_00000000001297218526311',19,43);
INSERT INTO map_monsters VALUES ('MAP_00000000001296788648248','MONS_00000000001297218526311',20,4);
INSERT INTO map_monsters VALUES ('MAP_00000000001296788648248','MONS_00000000001297218526311',20,5);
INSERT INTO map_monsters VALUES ('MAP_00000000001296788648248','MONS_00000000001297218526311',20,6);
INSERT INTO map_monsters VALUES ('MAP_00000000001296788648248','MONS_00000000001297218526311',20,7);
INSERT INTO map_monsters VALUES ('MAP_00000000001296788648248','MONS_00000000001297218526311',20,10);
INSERT INTO map_monsters VALUES ('MAP_00000000001296788648248','MONS_00000000001297218526311',20,19);
INSERT INTO map_monsters VALUES ('MAP_00000000001296788648248','MONS_00000000001297218526311',20,22);
INSERT INTO map_monsters VALUES ('MAP_00000000001296788648248','MONS_00000000001297218526311',20,23);
INSERT INTO map_monsters VALUES ('MAP_00000000001296788648248','MONS_00000000001297218526311',20,24);
INSERT INTO map_monsters VALUES ('MAP_00000000001296788648248','MONS_00000000001297218526311',20,38);
INSERT INTO map_monsters VALUES ('MAP_00000000001296788648248','MONS_00000000001297218526311',20,42);
INSERT INTO map_monsters VALUES ('MAP_00000000001296788648248','MONS_00000000001297218526311',20,43);
INSERT INTO map_monsters VALUES ('MAP_00000000001296788648248','MONS_00000000001297218526311',21,5);
INSERT INTO map_monsters VALUES ('MAP_00000000001296788648248','MONS_00000000001297218526311',21,7);
INSERT INTO map_monsters VALUES ('MAP_00000000001296788648248','MONS_00000000001297218526311',21,10);
INSERT INTO map_monsters VALUES ('MAP_00000000001296788648248','MONS_00000000001297218526311',21,11);
INSERT INTO map_monsters VALUES ('MAP_00000000001296788648248','MONS_00000000001297218526311',21,12);
INSERT INTO map_monsters VALUES ('MAP_00000000001296788648248','MONS_00000000001297218526311',21,13);
INSERT INTO map_monsters VALUES ('MAP_00000000001296788648248','MONS_00000000001297218526311',21,14);
INSERT INTO map_monsters VALUES ('MAP_00000000001296788648248','MONS_00000000001297218526311',21,15);
INSERT INTO map_monsters VALUES ('MAP_00000000001296788648248','MONS_00000000001297218526311',21,16);
INSERT INTO map_monsters VALUES ('MAP_00000000001296788648248','MONS_00000000001297218526311',21,17);
INSERT INTO map_monsters VALUES ('MAP_00000000001296788648248','MONS_00000000001297218526311',21,18);
INSERT INTO map_monsters VALUES ('MAP_00000000001296788648248','MONS_00000000001297218526311',21,19);
INSERT INTO map_monsters VALUES ('MAP_00000000001296788648248','MONS_00000000001297218526311',21,20);
INSERT INTO map_monsters VALUES ('MAP_00000000001296788648248','MONS_00000000001297218526311',21,21);
INSERT INTO map_monsters VALUES ('MAP_00000000001296788648248','MONS_00000000001297218526311',21,22);
INSERT INTO map_monsters VALUES ('MAP_00000000001296788648248','MONS_00000000001297218526311',21,23);
INSERT INTO map_monsters VALUES ('MAP_00000000001296788648248','MONS_00000000001297218526311',21,24);
INSERT INTO map_monsters VALUES ('MAP_00000000001296788648248','MONS_00000000001297218526311',21,25);
INSERT INTO map_monsters VALUES ('MAP_00000000001296788648248','MONS_00000000001297218526311',21,26);
INSERT INTO map_monsters VALUES ('MAP_00000000001296788648248','MONS_00000000001297218526311',21,27);
INSERT INTO map_monsters VALUES ('MAP_00000000001296788648248','MONS_00000000001297218526311',21,28);
INSERT INTO map_monsters VALUES ('MAP_00000000001296788648248','MONS_00000000001297218526311',21,29);
INSERT INTO map_monsters VALUES ('MAP_00000000001296788648248','MONS_00000000001297218526311',21,30);
INSERT INTO map_monsters VALUES ('MAP_00000000001296788648248','MONS_00000000001297218526311',21,31);
INSERT INTO map_monsters VALUES ('MAP_00000000001296788648248','MONS_00000000001297218526311',21,32);
INSERT INTO map_monsters VALUES ('MAP_00000000001296788648248','MONS_00000000001297218526311',21,33);
INSERT INTO map_monsters VALUES ('MAP_00000000001296788648248','MONS_00000000001297218526311',21,34);
INSERT INTO map_monsters VALUES ('MAP_00000000001296788648248','MONS_00000000001297218526311',21,35);
INSERT INTO map_monsters VALUES ('MAP_00000000001296788648248','MONS_00000000001297218526311',21,36);
INSERT INTO map_monsters VALUES ('MAP_00000000001296788648248','MONS_00000000001297218526311',21,37);
INSERT INTO map_monsters VALUES ('MAP_00000000001296788648248','MONS_00000000001297218526311',21,38);
INSERT INTO map_monsters VALUES ('MAP_00000000001296788648248','MONS_00000000001297218526311',21,39);
INSERT INTO map_monsters VALUES ('MAP_00000000001296788648248','MONS_00000000001297218526311',21,42);
INSERT INTO map_monsters VALUES ('MAP_00000000001296788648248','MONS_00000000001297218526311',21,43);
INSERT INTO map_monsters VALUES ('MAP_00000000001296788648248','MONS_00000000001297218526311',22,2);
INSERT INTO map_monsters VALUES ('MAP_00000000001296788648248','MONS_00000000001297218526311',22,5);
INSERT INTO map_monsters VALUES ('MAP_00000000001296788648248','MONS_00000000001297218526311',22,7);
INSERT INTO map_monsters VALUES ('MAP_00000000001296788648248','MONS_00000000001297218526311',22,10);
INSERT INTO map_monsters VALUES ('MAP_00000000001296788648248','MONS_00000000001297218526311',22,15);
INSERT INTO map_monsters VALUES ('MAP_00000000001296788648248','MONS_00000000001297218526311',22,20);
INSERT INTO map_monsters VALUES ('MAP_00000000001296788648248','MONS_00000000001297218526311',22,22);
INSERT INTO map_monsters VALUES ('MAP_00000000001296788648248','MONS_00000000001297218526311',22,23);
INSERT INTO map_monsters VALUES ('MAP_00000000001296788648248','MONS_00000000001297218526311',22,24);
INSERT INTO map_monsters VALUES ('MAP_00000000001296788648248','MONS_00000000001297218526311',22,26);
INSERT INTO map_monsters VALUES ('MAP_00000000001296788648248','MONS_00000000001297218526311',22,39);
INSERT INTO map_monsters VALUES ('MAP_00000000001296788648248','MONS_00000000001297218526311',22,42);
INSERT INTO map_monsters VALUES ('MAP_00000000001296788648248','MONS_00000000001297218526311',22,43);
INSERT INTO map_monsters VALUES ('MAP_00000000001296788648248','MONS_00000000001297218526311',23,2);
INSERT INTO map_monsters VALUES ('MAP_00000000001296788648248','MONS_00000000001297218526311',23,3);
INSERT INTO map_monsters VALUES ('MAP_00000000001296788648248','MONS_00000000001297218526311',23,4);
INSERT INTO map_monsters VALUES ('MAP_00000000001296788648248','MONS_00000000001297218526311',23,5);
INSERT INTO map_monsters VALUES ('MAP_00000000001296788648248','MONS_00000000001297218526311',23,7);
INSERT INTO map_monsters VALUES ('MAP_00000000001296788648248','MONS_00000000001297218526311',23,10);
INSERT INTO map_monsters VALUES ('MAP_00000000001296788648248','MONS_00000000001297218526311',23,11);
INSERT INTO map_monsters VALUES ('MAP_00000000001296788648248','MONS_00000000001297218526311',23,12);
INSERT INTO map_monsters VALUES ('MAP_00000000001296788648248','MONS_00000000001297218526311',23,13);
INSERT INTO map_monsters VALUES ('MAP_00000000001296788648248','MONS_00000000001297218526311',23,14);
INSERT INTO map_monsters VALUES ('MAP_00000000001296788648248','MONS_00000000001297218526311',23,15);
INSERT INTO map_monsters VALUES ('MAP_00000000001296788648248','MONS_00000000001297218526311',23,16);
INSERT INTO map_monsters VALUES ('MAP_00000000001296788648248','MONS_00000000001297218526311',23,17);
INSERT INTO map_monsters VALUES ('MAP_00000000001296788648248','MONS_00000000001297218526311',23,18);
INSERT INTO map_monsters VALUES ('MAP_00000000001296788648248','MONS_00000000001297218526311',23,19);
INSERT INTO map_monsters VALUES ('MAP_00000000001296788648248','MONS_00000000001297218526311',23,20);
INSERT INTO map_monsters VALUES ('MAP_00000000001296788648248','MONS_00000000001297218526311',23,22);
INSERT INTO map_monsters VALUES ('MAP_00000000001296788648248','MONS_00000000001297218526311',23,23);
INSERT INTO map_monsters VALUES ('MAP_00000000001296788648248','MONS_00000000001297218526311',23,24);
INSERT INTO map_monsters VALUES ('MAP_00000000001296788648248','MONS_00000000001297218526311',23,26);
INSERT INTO map_monsters VALUES ('MAP_00000000001296788648248','MONS_00000000001297218526311',23,27);
INSERT INTO map_monsters VALUES ('MAP_00000000001296788648248','MONS_00000000001297218526311',23,28);
INSERT INTO map_monsters VALUES ('MAP_00000000001296788648248','MONS_00000000001297218526311',23,29);
INSERT INTO map_monsters VALUES ('MAP_00000000001296788648248','MONS_00000000001297218526311',23,30);
INSERT INTO map_monsters VALUES ('MAP_00000000001296788648248','MONS_00000000001297218526311',23,31);
INSERT INTO map_monsters VALUES ('MAP_00000000001296788648248','MONS_00000000001297218526311',23,32);
INSERT INTO map_monsters VALUES ('MAP_00000000001296788648248','MONS_00000000001297218526311',23,33);
INSERT INTO map_monsters VALUES ('MAP_00000000001296788648248','MONS_00000000001297218526311',23,34);
INSERT INTO map_monsters VALUES ('MAP_00000000001296788648248','MONS_00000000001297218526311',23,35);
INSERT INTO map_monsters VALUES ('MAP_00000000001296788648248','MONS_00000000001297218526311',23,36);
INSERT INTO map_monsters VALUES ('MAP_00000000001296788648248','MONS_00000000001297218526311',23,37);
INSERT INTO map_monsters VALUES ('MAP_00000000001296788648248','MONS_00000000001297218526311',23,38);
INSERT INTO map_monsters VALUES ('MAP_00000000001296788648248','MONS_00000000001297218526311',23,39);
INSERT INTO map_monsters VALUES ('MAP_00000000001296788648248','MONS_00000000001297218526311',23,42);
INSERT INTO map_monsters VALUES ('MAP_00000000001296788648248','MONS_00000000001297218526311',23,43);
INSERT INTO map_monsters VALUES ('MAP_00000000001296788648248','MONS_00000000001297218526311',24,2);
INSERT INTO map_monsters VALUES ('MAP_00000000001296788648248','MONS_00000000001297218526311',24,7);
INSERT INTO map_monsters VALUES ('MAP_00000000001296788648248','MONS_00000000001297218526311',24,22);
INSERT INTO map_monsters VALUES ('MAP_00000000001296788648248','MONS_00000000001297218526311',24,23);
INSERT INTO map_monsters VALUES ('MAP_00000000001296788648248','MONS_00000000001297218526311',24,24);
INSERT INTO map_monsters VALUES ('MAP_00000000001296788648248','MONS_00000000001297218526311',24,42);
INSERT INTO map_monsters VALUES ('MAP_00000000001296788648248','MONS_00000000001297218526311',24,43);
INSERT INTO map_monsters VALUES ('MAP_00000000001296788648248','MONS_00000000001297218526311',25,2);
INSERT INTO map_monsters VALUES ('MAP_00000000001296788648248','MONS_00000000001297218526311',25,7);
INSERT INTO map_monsters VALUES ('MAP_00000000001296788648248','MONS_00000000001297218526311',25,22);
INSERT INTO map_monsters VALUES ('MAP_00000000001296788648248','MONS_00000000001297218526311',25,23);
INSERT INTO map_monsters VALUES ('MAP_00000000001296788648248','MONS_00000000001297218526311',25,24);
INSERT INTO map_monsters VALUES ('MAP_00000000001296788648248','MONS_00000000001297218526311',25,42);
INSERT INTO map_monsters VALUES ('MAP_00000000001296788648248','MONS_00000000001297218526311',25,43);
INSERT INTO map_monsters VALUES ('MAP_00000000001296788648248','MONS_00000000001297218526311',26,2);
INSERT INTO map_monsters VALUES ('MAP_00000000001296788648248','MONS_00000000001297218526311',26,3);
INSERT INTO map_monsters VALUES ('MAP_00000000001296788648248','MONS_00000000001297218526311',26,4);
INSERT INTO map_monsters VALUES ('MAP_00000000001296788648248','MONS_00000000001297218526311',26,5);
INSERT INTO map_monsters VALUES ('MAP_00000000001296788648248','MONS_00000000001297218526311',26,7);
INSERT INTO map_monsters VALUES ('MAP_00000000001296788648248','MONS_00000000001297218526311',26,15);
INSERT INTO map_monsters VALUES ('MAP_00000000001296788648248','MONS_00000000001297218526311',26,16);
INSERT INTO map_monsters VALUES ('MAP_00000000001296788648248','MONS_00000000001297218526311',26,17);
INSERT INTO map_monsters VALUES ('MAP_00000000001296788648248','MONS_00000000001297218526311',26,18);
INSERT INTO map_monsters VALUES ('MAP_00000000001296788648248','MONS_00000000001297218526311',26,19);
INSERT INTO map_monsters VALUES ('MAP_00000000001296788648248','MONS_00000000001297218526311',26,20);
INSERT INTO map_monsters VALUES ('MAP_00000000001296788648248','MONS_00000000001297218526311',26,21);
INSERT INTO map_monsters VALUES ('MAP_00000000001296788648248','MONS_00000000001297218526311',26,22);
INSERT INTO map_monsters VALUES ('MAP_00000000001296788648248','MONS_00000000001297218526311',26,23);
INSERT INTO map_monsters VALUES ('MAP_00000000001296788648248','MONS_00000000001297218526311',26,24);
INSERT INTO map_monsters VALUES ('MAP_00000000001296788648248','MONS_00000000001297218526311',26,25);
INSERT INTO map_monsters VALUES ('MAP_00000000001296788648248','MONS_00000000001297218526311',26,26);
INSERT INTO map_monsters VALUES ('MAP_00000000001296788648248','MONS_00000000001297218526311',26,27);
INSERT INTO map_monsters VALUES ('MAP_00000000001296788648248','MONS_00000000001297218526311',26,28);
INSERT INTO map_monsters VALUES ('MAP_00000000001296788648248','MONS_00000000001297218526311',26,29);
INSERT INTO map_monsters VALUES ('MAP_00000000001296788648248','MONS_00000000001297218526311',26,30);
INSERT INTO map_monsters VALUES ('MAP_00000000001296788648248','MONS_00000000001297218526311',26,31);
INSERT INTO map_monsters VALUES ('MAP_00000000001296788648248','MONS_00000000001297218526311',26,42);
INSERT INTO map_monsters VALUES ('MAP_00000000001296788648248','MONS_00000000001297218526311',26,43);
INSERT INTO map_monsters VALUES ('MAP_00000000001296788648248','MONS_00000000001297218526311',27,2);
INSERT INTO map_monsters VALUES ('MAP_00000000001296788648248','MONS_00000000001297218526311',27,5);
INSERT INTO map_monsters VALUES ('MAP_00000000001296788648248','MONS_00000000001297218526311',27,6);
INSERT INTO map_monsters VALUES ('MAP_00000000001296788648248','MONS_00000000001297218526311',27,7);
INSERT INTO map_monsters VALUES ('MAP_00000000001296788648248','MONS_00000000001297218526311',27,8);
INSERT INTO map_monsters VALUES ('MAP_00000000001296788648248','MONS_00000000001297218526311',27,9);
INSERT INTO map_monsters VALUES ('MAP_00000000001296788648248','MONS_00000000001297218526311',27,10);
INSERT INTO map_monsters VALUES ('MAP_00000000001296788648248','MONS_00000000001297218526311',27,11);
INSERT INTO map_monsters VALUES ('MAP_00000000001296788648248','MONS_00000000001297218526311',27,12);
INSERT INTO map_monsters VALUES ('MAP_00000000001296788648248','MONS_00000000001297218526311',27,13);
INSERT INTO map_monsters VALUES ('MAP_00000000001296788648248','MONS_00000000001297218526311',27,14);
INSERT INTO map_monsters VALUES ('MAP_00000000001296788648248','MONS_00000000001297218526311',27,15);
INSERT INTO map_monsters VALUES ('MAP_00000000001296788648248','MONS_00000000001297218526311',27,18);
INSERT INTO map_monsters VALUES ('MAP_00000000001296788648248','MONS_00000000001297218526311',27,22);
INSERT INTO map_monsters VALUES ('MAP_00000000001296788648248','MONS_00000000001297218526311',27,23);
INSERT INTO map_monsters VALUES ('MAP_00000000001296788648248','MONS_00000000001297218526311',27,24);
INSERT INTO map_monsters VALUES ('MAP_00000000001296788648248','MONS_00000000001297218526311',27,28);
INSERT INTO map_monsters VALUES ('MAP_00000000001296788648248','MONS_00000000001297218526311',27,31);
INSERT INTO map_monsters VALUES ('MAP_00000000001296788648248','MONS_00000000001297218526311',27,32);
INSERT INTO map_monsters VALUES ('MAP_00000000001296788648248','MONS_00000000001297218526311',27,33);
INSERT INTO map_monsters VALUES ('MAP_00000000001296788648248','MONS_00000000001297218526311',27,34);
INSERT INTO map_monsters VALUES ('MAP_00000000001296788648248','MONS_00000000001297218526311',27,35);
INSERT INTO map_monsters VALUES ('MAP_00000000001296788648248','MONS_00000000001297218526311',27,36);
INSERT INTO map_monsters VALUES ('MAP_00000000001296788648248','MONS_00000000001297218526311',27,37);
INSERT INTO map_monsters VALUES ('MAP_00000000001296788648248','MONS_00000000001297218526311',27,38);
INSERT INTO map_monsters VALUES ('MAP_00000000001296788648248','MONS_00000000001297218526311',27,39);
INSERT INTO map_monsters VALUES ('MAP_00000000001296788648248','MONS_00000000001297218526311',27,40);
INSERT INTO map_monsters VALUES ('MAP_00000000001296788648248','MONS_00000000001297218526311',27,41);
INSERT INTO map_monsters VALUES ('MAP_00000000001296788648248','MONS_00000000001297218526311',27,42);
INSERT INTO map_monsters VALUES ('MAP_00000000001296788648248','MONS_00000000001297218526311',27,43);
INSERT INTO map_monsters VALUES ('MAP_00000000001296788648248','MONS_00000000001297218526311',28,6);
INSERT INTO map_monsters VALUES ('MAP_00000000001296788648248','MONS_00000000001297218526311',28,15);
INSERT INTO map_monsters VALUES ('MAP_00000000001296788648248','MONS_00000000001297218526311',28,22);
INSERT INTO map_monsters VALUES ('MAP_00000000001296788648248','MONS_00000000001297218526311',28,23);
INSERT INTO map_monsters VALUES ('MAP_00000000001296788648248','MONS_00000000001297218526311',28,24);
INSERT INTO map_monsters VALUES ('MAP_00000000001296788648248','MONS_00000000001297218526311',28,31);
INSERT INTO map_monsters VALUES ('MAP_00000000001296788648248','MONS_00000000001297218526311',28,43);
INSERT INTO map_monsters VALUES ('MAP_00000000001296788648248','MONS_00000000001297218526311',29,4);
INSERT INTO map_monsters VALUES ('MAP_00000000001296788648248','MONS_00000000001297218526311',29,5);
INSERT INTO map_monsters VALUES ('MAP_00000000001296788648248','MONS_00000000001297218526311',29,6);
INSERT INTO map_monsters VALUES ('MAP_00000000001296788648248','MONS_00000000001297218526311',29,7);
INSERT INTO map_monsters VALUES ('MAP_00000000001296788648248','MONS_00000000001297218526311',29,8);
INSERT INTO map_monsters VALUES ('MAP_00000000001296788648248','MONS_00000000001297218526311',29,9);
INSERT INTO map_monsters VALUES ('MAP_00000000001296788648248','MONS_00000000001297218526311',29,10);
INSERT INTO map_monsters VALUES ('MAP_00000000001296788648248','MONS_00000000001297218526311',29,11);
INSERT INTO map_monsters VALUES ('MAP_00000000001296788648248','MONS_00000000001297218526311',29,12);
INSERT INTO map_monsters VALUES ('MAP_00000000001296788648248','MONS_00000000001297218526311',29,13);
INSERT INTO map_monsters VALUES ('MAP_00000000001296788648248','MONS_00000000001297218526311',29,14);
INSERT INTO map_monsters VALUES ('MAP_00000000001296788648248','MONS_00000000001297218526311',29,15);
INSERT INTO map_monsters VALUES ('MAP_00000000001296788648248','MONS_00000000001297218526311',29,20);
INSERT INTO map_monsters VALUES ('MAP_00000000001296788648248','MONS_00000000001297218526311',29,21);
INSERT INTO map_monsters VALUES ('MAP_00000000001296788648248','MONS_00000000001297218526311',29,22);
INSERT INTO map_monsters VALUES ('MAP_00000000001296788648248','MONS_00000000001297218526311',29,23);
INSERT INTO map_monsters VALUES ('MAP_00000000001296788648248','MONS_00000000001297218526311',29,24);
INSERT INTO map_monsters VALUES ('MAP_00000000001296788648248','MONS_00000000001297218526311',29,25);
INSERT INTO map_monsters VALUES ('MAP_00000000001296788648248','MONS_00000000001297218526311',29,26);
INSERT INTO map_monsters VALUES ('MAP_00000000001296788648248','MONS_00000000001297218526311',29,31);
INSERT INTO map_monsters VALUES ('MAP_00000000001296788648248','MONS_00000000001297218526311',29,32);
INSERT INTO map_monsters VALUES ('MAP_00000000001296788648248','MONS_00000000001297218526311',29,33);
INSERT INTO map_monsters VALUES ('MAP_00000000001296788648248','MONS_00000000001297218526311',29,34);
INSERT INTO map_monsters VALUES ('MAP_00000000001296788648248','MONS_00000000001297218526311',29,35);
INSERT INTO map_monsters VALUES ('MAP_00000000001296788648248','MONS_00000000001297218526311',29,36);
INSERT INTO map_monsters VALUES ('MAP_00000000001296788648248','MONS_00000000001297218526311',29,37);
INSERT INTO map_monsters VALUES ('MAP_00000000001296788648248','MONS_00000000001297218526311',29,38);
INSERT INTO map_monsters VALUES ('MAP_00000000001296788648248','MONS_00000000001297218526311',29,39);
INSERT INTO map_monsters VALUES ('MAP_00000000001296788648248','MONS_00000000001297218526311',29,40);
INSERT INTO map_monsters VALUES ('MAP_00000000001296788648248','MONS_00000000001297218526311',29,41);
INSERT INTO map_monsters VALUES ('MAP_00000000001296788648248','MONS_00000000001297218526311',29,42);
INSERT INTO map_monsters VALUES ('MAP_00000000001296788648248','MONS_00000000001297218526311',29,43);
INSERT INTO map_monsters VALUES ('MAP_00000000001296788648248','MONS_00000000001297218526311',29,44);
INSERT INTO map_monsters VALUES ('MAP_00000000001296788648248','MONS_00000000001297218526311',29,45);
INSERT INTO map_monsters VALUES ('MAP_00000000001296788648248','MONS_00000000001297218526311',29,46);
INSERT INTO map_monsters VALUES ('MAP_00000000001296788648248','MONS_00000000001297218526311',29,47);
INSERT INTO map_monsters VALUES ('MAP_00000000001296788648248','MONS_00000000001297218526311',29,48);
INSERT INTO map_monsters VALUES ('MAP_00000000001296788648248','MONS_00000000001297218526311',29,49);
INSERT INTO map_monsters VALUES ('MAP_00000000001296788648248','MONS_00000000001297218526311',29,50);
INSERT INTO map_monsters VALUES ('MAP_00000000001296788648248','MONS_00000000001297218526311',29,51);
INSERT INTO map_monsters VALUES ('MAP_00000000001296788648248','MONS_00000000001297218526311',29,52);
INSERT INTO map_monsters VALUES ('MAP_00000000001296788648248','MONS_00000000001297218526311',29,53);
INSERT INTO map_monsters VALUES ('MAP_00000000001296788648248','MONS_00000000001297218526311',29,54);
INSERT INTO map_monsters VALUES ('MAP_00000000001296788648248','MONS_00000000001297218526311',29,55);
INSERT INTO map_monsters VALUES ('MAP_00000000001296788648248','MONS_00000000001297218526311',29,56);
INSERT INTO map_monsters VALUES ('MAP_00000000001296788648248','MONS_00000000001297218526311',29,57);
INSERT INTO map_monsters VALUES ('MAP_00000000001296788648248','MONS_00000000001297218526311',29,58);
INSERT INTO map_monsters VALUES ('MAP_00000000001296788648248','MONS_00000000001297218526311',29,59);
INSERT INTO map_monsters VALUES ('MAP_00000000001296788648248','MONS_00000000001297218526311',30,22);
INSERT INTO map_monsters VALUES ('MAP_00000000001296788648248','MONS_00000000001297218526311',30,23);
INSERT INTO map_monsters VALUES ('MAP_00000000001296788648248','MONS_00000000001297218526311',30,24);
INSERT INTO map_monsters VALUES ('MAP_00000000001296788648248','MONS_00000000001297218526311',31,22);
INSERT INTO map_monsters VALUES ('MAP_00000000001296788648248','MONS_00000000001297218526311',31,23);
INSERT INTO map_monsters VALUES ('MAP_00000000001296788648248','MONS_00000000001297218526311',31,24);
INSERT INTO monsters VALUES ('MONS_00000000001297218526326','Hired Thug',71,1,1,1,1,12,12,12,0,0);
INSERT INTO map_monsters VALUES ('MAP_00000000001296788648248','MONS_00000000001297218526326',0,22);
INSERT INTO map_monsters VALUES ('MAP_00000000001296788648248','MONS_00000000001297218526326',0,23);
INSERT INTO map_monsters VALUES ('MAP_00000000001296788648248','MONS_00000000001297218526326',0,24);
INSERT INTO map_monsters VALUES ('MAP_00000000001296788648248','MONS_00000000001297218526326',1,22);
INSERT INTO map_monsters VALUES ('MAP_00000000001296788648248','MONS_00000000001297218526326',1,23);
INSERT INTO map_monsters VALUES ('MAP_00000000001296788648248','MONS_00000000001297218526326',1,24);
INSERT INTO map_monsters VALUES ('MAP_00000000001296788648248','MONS_00000000001297218526326',2,4);
INSERT INTO map_monsters VALUES ('MAP_00000000001296788648248','MONS_00000000001297218526326',2,5);
INSERT INTO map_monsters VALUES ('MAP_00000000001296788648248','MONS_00000000001297218526326',2,6);
INSERT INTO map_monsters VALUES ('MAP_00000000001296788648248','MONS_00000000001297218526326',2,7);
INSERT INTO map_monsters VALUES ('MAP_00000000001296788648248','MONS_00000000001297218526326',2,8);
INSERT INTO map_monsters VALUES ('MAP_00000000001296788648248','MONS_00000000001297218526326',2,9);
INSERT INTO map_monsters VALUES ('MAP_00000000001296788648248','MONS_00000000001297218526326',2,10);
INSERT INTO map_monsters VALUES ('MAP_00000000001296788648248','MONS_00000000001297218526326',2,11);
INSERT INTO map_monsters VALUES ('MAP_00000000001296788648248','MONS_00000000001297218526326',2,12);
INSERT INTO map_monsters VALUES ('MAP_00000000001296788648248','MONS_00000000001297218526326',2,13);
INSERT INTO map_monsters VALUES ('MAP_00000000001296788648248','MONS_00000000001297218526326',2,14);
INSERT INTO map_monsters VALUES ('MAP_00000000001296788648248','MONS_00000000001297218526326',2,15);
INSERT INTO map_monsters VALUES ('MAP_00000000001296788648248','MONS_00000000001297218526326',2,20);
INSERT INTO map_monsters VALUES ('MAP_00000000001296788648248','MONS_00000000001297218526326',2,21);
INSERT INTO map_monsters VALUES ('MAP_00000000001296788648248','MONS_00000000001297218526326',2,22);
INSERT INTO map_monsters VALUES ('MAP_00000000001296788648248','MONS_00000000001297218526326',2,23);
INSERT INTO map_monsters VALUES ('MAP_00000000001296788648248','MONS_00000000001297218526326',2,24);
INSERT INTO map_monsters VALUES ('MAP_00000000001296788648248','MONS_00000000001297218526326',2,25);
INSERT INTO map_monsters VALUES ('MAP_00000000001296788648248','MONS_00000000001297218526326',2,26);
INSERT INTO map_monsters VALUES ('MAP_00000000001296788648248','MONS_00000000001297218526326',2,31);
INSERT INTO map_monsters VALUES ('MAP_00000000001296788648248','MONS_00000000001297218526326',2,32);
INSERT INTO map_monsters VALUES ('MAP_00000000001296788648248','MONS_00000000001297218526326',2,33);
INSERT INTO map_monsters VALUES ('MAP_00000000001296788648248','MONS_00000000001297218526326',2,34);
INSERT INTO map_monsters VALUES ('MAP_00000000001296788648248','MONS_00000000001297218526326',2,35);
INSERT INTO map_monsters VALUES ('MAP_00000000001296788648248','MONS_00000000001297218526326',2,36);
INSERT INTO map_monsters VALUES ('MAP_00000000001296788648248','MONS_00000000001297218526326',2,37);
INSERT INTO map_monsters VALUES ('MAP_00000000001296788648248','MONS_00000000001297218526326',2,38);
INSERT INTO map_monsters VALUES ('MAP_00000000001296788648248','MONS_00000000001297218526326',2,39);
INSERT INTO map_monsters VALUES ('MAP_00000000001296788648248','MONS_00000000001297218526326',2,40);
INSERT INTO map_monsters VALUES ('MAP_00000000001296788648248','MONS_00000000001297218526326',2,41);
INSERT INTO map_monsters VALUES ('MAP_00000000001296788648248','MONS_00000000001297218526326',2,42);
INSERT INTO map_monsters VALUES ('MAP_00000000001296788648248','MONS_00000000001297218526326',2,43);
INSERT INTO map_monsters VALUES ('MAP_00000000001296788648248','MONS_00000000001297218526326',2,44);
INSERT INTO map_monsters VALUES ('MAP_00000000001296788648248','MONS_00000000001297218526326',2,45);
INSERT INTO map_monsters VALUES ('MAP_00000000001296788648248','MONS_00000000001297218526326',2,46);
INSERT INTO map_monsters VALUES ('MAP_00000000001296788648248','MONS_00000000001297218526326',2,47);
INSERT INTO map_monsters VALUES ('MAP_00000000001296788648248','MONS_00000000001297218526326',2,48);
INSERT INTO map_monsters VALUES ('MAP_00000000001296788648248','MONS_00000000001297218526326',2,49);
INSERT INTO map_monsters VALUES ('MAP_00000000001296788648248','MONS_00000000001297218526326',2,50);
INSERT INTO map_monsters VALUES ('MAP_00000000001296788648248','MONS_00000000001297218526326',2,51);
INSERT INTO map_monsters VALUES ('MAP_00000000001296788648248','MONS_00000000001297218526326',2,52);
INSERT INTO map_monsters VALUES ('MAP_00000000001296788648248','MONS_00000000001297218526326',2,53);
INSERT INTO map_monsters VALUES ('MAP_00000000001296788648248','MONS_00000000001297218526326',2,54);
INSERT INTO map_monsters VALUES ('MAP_00000000001296788648248','MONS_00000000001297218526326',2,55);
INSERT INTO map_monsters VALUES ('MAP_00000000001296788648248','MONS_00000000001297218526326',2,56);
INSERT INTO map_monsters VALUES ('MAP_00000000001296788648248','MONS_00000000001297218526326',2,57);
INSERT INTO map_monsters VALUES ('MAP_00000000001296788648248','MONS_00000000001297218526326',2,58);
INSERT INTO map_monsters VALUES ('MAP_00000000001296788648248','MONS_00000000001297218526326',2,59);
INSERT INTO map_monsters VALUES ('MAP_00000000001296788648248','MONS_00000000001297218526326',3,6);
INSERT INTO map_monsters VALUES ('MAP_00000000001296788648248','MONS_00000000001297218526326',3,15);
INSERT INTO map_monsters VALUES ('MAP_00000000001296788648248','MONS_00000000001297218526326',3,22);
INSERT INTO map_monsters VALUES ('MAP_00000000001296788648248','MONS_00000000001297218526326',3,23);
INSERT INTO map_monsters VALUES ('MAP_00000000001296788648248','MONS_00000000001297218526326',3,24);
INSERT INTO map_monsters VALUES ('MAP_00000000001296788648248','MONS_00000000001297218526326',3,31);
INSERT INTO map_monsters VALUES ('MAP_00000000001296788648248','MONS_00000000001297218526326',3,43);
INSERT INTO map_monsters VALUES ('MAP_00000000001296788648248','MONS_00000000001297218526326',4,2);
INSERT INTO map_monsters VALUES ('MAP_00000000001296788648248','MONS_00000000001297218526326',4,5);
INSERT INTO map_monsters VALUES ('MAP_00000000001296788648248','MONS_00000000001297218526326',4,6);
INSERT INTO map_monsters VALUES ('MAP_00000000001296788648248','MONS_00000000001297218526326',4,7);
INSERT INTO map_monsters VALUES ('MAP_00000000001296788648248','MONS_00000000001297218526326',4,8);
INSERT INTO map_monsters VALUES ('MAP_00000000001296788648248','MONS_00000000001297218526326',4,9);
INSERT INTO map_monsters VALUES ('MAP_00000000001296788648248','MONS_00000000001297218526326',4,10);
INSERT INTO map_monsters VALUES ('MAP_00000000001296788648248','MONS_00000000001297218526326',4,11);
INSERT INTO map_monsters VALUES ('MAP_00000000001296788648248','MONS_00000000001297218526326',4,12);
INSERT INTO map_monsters VALUES ('MAP_00000000001296788648248','MONS_00000000001297218526326',4,13);
INSERT INTO map_monsters VALUES ('MAP_00000000001296788648248','MONS_00000000001297218526326',4,14);
INSERT INTO map_monsters VALUES ('MAP_00000000001296788648248','MONS_00000000001297218526326',4,15);
INSERT INTO map_monsters VALUES ('MAP_00000000001296788648248','MONS_00000000001297218526326',4,18);
INSERT INTO map_monsters VALUES ('MAP_00000000001296788648248','MONS_00000000001297218526326',4,22);
INSERT INTO map_monsters VALUES ('MAP_00000000001296788648248','MONS_00000000001297218526326',4,23);
INSERT INTO map_monsters VALUES ('MAP_00000000001296788648248','MONS_00000000001297218526326',4,24);
INSERT INTO map_monsters VALUES ('MAP_00000000001296788648248','MONS_00000000001297218526326',4,28);
INSERT INTO map_monsters VALUES ('MAP_00000000001296788648248','MONS_00000000001297218526326',4,31);
INSERT INTO map_monsters VALUES ('MAP_00000000001296788648248','MONS_00000000001297218526326',4,32);
INSERT INTO map_monsters VALUES ('MAP_00000000001296788648248','MONS_00000000001297218526326',4,33);
INSERT INTO map_monsters VALUES ('MAP_00000000001296788648248','MONS_00000000001297218526326',4,34);
INSERT INTO map_monsters VALUES ('MAP_00000000001296788648248','MONS_00000000001297218526326',4,35);
INSERT INTO map_monsters VALUES ('MAP_00000000001296788648248','MONS_00000000001297218526326',4,36);
INSERT INTO map_monsters VALUES ('MAP_00000000001296788648248','MONS_00000000001297218526326',4,37);
INSERT INTO map_monsters VALUES ('MAP_00000000001296788648248','MONS_00000000001297218526326',4,38);
INSERT INTO map_monsters VALUES ('MAP_00000000001296788648248','MONS_00000000001297218526326',4,39);
INSERT INTO map_monsters VALUES ('MAP_00000000001296788648248','MONS_00000000001297218526326',4,40);
INSERT INTO map_monsters VALUES ('MAP_00000000001296788648248','MONS_00000000001297218526326',4,41);
INSERT INTO map_monsters VALUES ('MAP_00000000001296788648248','MONS_00000000001297218526326',4,42);
INSERT INTO map_monsters VALUES ('MAP_00000000001296788648248','MONS_00000000001297218526326',4,43);
INSERT INTO map_monsters VALUES ('MAP_00000000001296788648248','MONS_00000000001297218526326',5,2);
INSERT INTO map_monsters VALUES ('MAP_00000000001296788648248','MONS_00000000001297218526326',5,3);
INSERT INTO map_monsters VALUES ('MAP_00000000001296788648248','MONS_00000000001297218526326',5,4);
INSERT INTO map_monsters VALUES ('MAP_00000000001296788648248','MONS_00000000001297218526326',5,5);
INSERT INTO map_monsters VALUES ('MAP_00000000001296788648248','MONS_00000000001297218526326',5,7);
INSERT INTO map_monsters VALUES ('MAP_00000000001296788648248','MONS_00000000001297218526326',5,15);
INSERT INTO map_monsters VALUES ('MAP_00000000001296788648248','MONS_00000000001297218526326',5,16);
INSERT INTO map_monsters VALUES ('MAP_00000000001296788648248','MONS_00000000001297218526326',5,17);
INSERT INTO map_monsters VALUES ('MAP_00000000001296788648248','MONS_00000000001297218526326',5,18);
INSERT INTO map_monsters VALUES ('MAP_00000000001296788648248','MONS_00000000001297218526326',5,19);
INSERT INTO map_monsters VALUES ('MAP_00000000001296788648248','MONS_00000000001297218526326',5,20);
INSERT INTO map_monsters VALUES ('MAP_00000000001296788648248','MONS_00000000001297218526326',5,21);
INSERT INTO map_monsters VALUES ('MAP_00000000001296788648248','MONS_00000000001297218526326',5,22);
INSERT INTO map_monsters VALUES ('MAP_00000000001296788648248','MONS_00000000001297218526326',5,23);
INSERT INTO map_monsters VALUES ('MAP_00000000001296788648248','MONS_00000000001297218526326',5,24);
INSERT INTO map_monsters VALUES ('MAP_00000000001296788648248','MONS_00000000001297218526326',5,25);
INSERT INTO map_monsters VALUES ('MAP_00000000001296788648248','MONS_00000000001297218526326',5,26);
INSERT INTO map_monsters VALUES ('MAP_00000000001296788648248','MONS_00000000001297218526326',5,27);
INSERT INTO map_monsters VALUES ('MAP_00000000001296788648248','MONS_00000000001297218526326',5,28);
INSERT INTO map_monsters VALUES ('MAP_00000000001296788648248','MONS_00000000001297218526326',5,29);
INSERT INTO map_monsters VALUES ('MAP_00000000001296788648248','MONS_00000000001297218526326',5,30);
INSERT INTO map_monsters VALUES ('MAP_00000000001296788648248','MONS_00000000001297218526326',5,31);
INSERT INTO map_monsters VALUES ('MAP_00000000001296788648248','MONS_00000000001297218526326',5,42);
INSERT INTO map_monsters VALUES ('MAP_00000000001296788648248','MONS_00000000001297218526326',5,43);
INSERT INTO map_monsters VALUES ('MAP_00000000001296788648248','MONS_00000000001297218526326',6,2);
INSERT INTO map_monsters VALUES ('MAP_00000000001296788648248','MONS_00000000001297218526326',6,7);
INSERT INTO map_monsters VALUES ('MAP_00000000001296788648248','MONS_00000000001297218526326',6,22);
INSERT INTO map_monsters VALUES ('MAP_00000000001296788648248','MONS_00000000001297218526326',6,23);
INSERT INTO map_monsters VALUES ('MAP_00000000001296788648248','MONS_00000000001297218526326',6,24);
INSERT INTO map_monsters VALUES ('MAP_00000000001296788648248','MONS_00000000001297218526326',6,42);
INSERT INTO map_monsters VALUES ('MAP_00000000001296788648248','MONS_00000000001297218526326',6,43);
INSERT INTO map_monsters VALUES ('MAP_00000000001296788648248','MONS_00000000001297218526326',7,2);
INSERT INTO map_monsters VALUES ('MAP_00000000001296788648248','MONS_00000000001297218526326',7,7);
INSERT INTO map_monsters VALUES ('MAP_00000000001296788648248','MONS_00000000001297218526326',7,22);
INSERT INTO map_monsters VALUES ('MAP_00000000001296788648248','MONS_00000000001297218526326',7,23);
INSERT INTO map_monsters VALUES ('MAP_00000000001296788648248','MONS_00000000001297218526326',7,24);
INSERT INTO map_monsters VALUES ('MAP_00000000001296788648248','MONS_00000000001297218526326',7,42);
INSERT INTO map_monsters VALUES ('MAP_00000000001296788648248','MONS_00000000001297218526326',7,43);
INSERT INTO map_monsters VALUES ('MAP_00000000001296788648248','MONS_00000000001297218526326',8,2);
INSERT INTO map_monsters VALUES ('MAP_00000000001296788648248','MONS_00000000001297218526326',8,3);
INSERT INTO map_monsters VALUES ('MAP_00000000001296788648248','MONS_00000000001297218526326',8,4);
INSERT INTO map_monsters VALUES ('MAP_00000000001296788648248','MONS_00000000001297218526326',8,5);
INSERT INTO map_monsters VALUES ('MAP_00000000001296788648248','MONS_00000000001297218526326',8,7);
INSERT INTO map_monsters VALUES ('MAP_00000000001296788648248','MONS_00000000001297218526326',8,10);
INSERT INTO map_monsters VALUES ('MAP_00000000001296788648248','MONS_00000000001297218526326',8,11);
INSERT INTO map_monsters VALUES ('MAP_00000000001296788648248','MONS_00000000001297218526326',8,12);
INSERT INTO map_monsters VALUES ('MAP_00000000001296788648248','MONS_00000000001297218526326',8,13);
INSERT INTO map_monsters VALUES ('MAP_00000000001296788648248','MONS_00000000001297218526326',8,14);
INSERT INTO map_monsters VALUES ('MAP_00000000001296788648248','MONS_00000000001297218526326',8,15);
INSERT INTO map_monsters VALUES ('MAP_00000000001296788648248','MONS_00000000001297218526326',8,16);
INSERT INTO map_monsters VALUES ('MAP_00000000001296788648248','MONS_00000000001297218526326',8,17);
INSERT INTO map_monsters VALUES ('MAP_00000000001296788648248','MONS_00000000001297218526326',8,18);
INSERT INTO map_monsters VALUES ('MAP_00000000001296788648248','MONS_00000000001297218526326',8,19);
INSERT INTO map_monsters VALUES ('MAP_00000000001296788648248','MONS_00000000001297218526326',8,20);
INSERT INTO map_monsters VALUES ('MAP_00000000001296788648248','MONS_00000000001297218526326',8,22);
INSERT INTO map_monsters VALUES ('MAP_00000000001296788648248','MONS_00000000001297218526326',8,23);
INSERT INTO map_monsters VALUES ('MAP_00000000001296788648248','MONS_00000000001297218526326',8,24);
INSERT INTO map_monsters VALUES ('MAP_00000000001296788648248','MONS_00000000001297218526326',8,26);
INSERT INTO map_monsters VALUES ('MAP_00000000001296788648248','MONS_00000000001297218526326',8,27);
INSERT INTO map_monsters VALUES ('MAP_00000000001296788648248','MONS_00000000001297218526326',8,28);
INSERT INTO map_monsters VALUES ('MAP_00000000001296788648248','MONS_00000000001297218526326',8,29);
INSERT INTO map_monsters VALUES ('MAP_00000000001296788648248','MONS_00000000001297218526326',8,30);
INSERT INTO map_monsters VALUES ('MAP_00000000001296788648248','MONS_00000000001297218526326',8,31);
INSERT INTO map_monsters VALUES ('MAP_00000000001296788648248','MONS_00000000001297218526326',8,32);
INSERT INTO map_monsters VALUES ('MAP_00000000001296788648248','MONS_00000000001297218526326',8,33);
INSERT INTO map_monsters VALUES ('MAP_00000000001296788648248','MONS_00000000001297218526326',8,34);
INSERT INTO map_monsters VALUES ('MAP_00000000001296788648248','MONS_00000000001297218526326',8,35);
INSERT INTO map_monsters VALUES ('MAP_00000000001296788648248','MONS_00000000001297218526326',8,36);
INSERT INTO map_monsters VALUES ('MAP_00000000001296788648248','MONS_00000000001297218526326',8,37);
INSERT INTO map_monsters VALUES ('MAP_00000000001296788648248','MONS_00000000001297218526326',8,38);
INSERT INTO map_monsters VALUES ('MAP_00000000001296788648248','MONS_00000000001297218526326',8,39);
INSERT INTO map_monsters VALUES ('MAP_00000000001296788648248','MONS_00000000001297218526326',8,42);
INSERT INTO map_monsters VALUES ('MAP_00000000001296788648248','MONS_00000000001297218526326',8,43);
INSERT INTO map_monsters VALUES ('MAP_00000000001296788648248','MONS_00000000001297218526326',9,2);
INSERT INTO map_monsters VALUES ('MAP_00000000001296788648248','MONS_00000000001297218526326',9,5);
INSERT INTO map_monsters VALUES ('MAP_00000000001296788648248','MONS_00000000001297218526326',9,7);
INSERT INTO map_monsters VALUES ('MAP_00000000001296788648248','MONS_00000000001297218526326',9,10);
INSERT INTO map_monsters VALUES ('MAP_00000000001296788648248','MONS_00000000001297218526326',9,15);
INSERT INTO map_monsters VALUES ('MAP_00000000001296788648248','MONS_00000000001297218526326',9,20);
INSERT INTO map_monsters VALUES ('MAP_00000000001296788648248','MONS_00000000001297218526326',9,22);
INSERT INTO map_monsters VALUES ('MAP_00000000001296788648248','MONS_00000000001297218526326',9,23);
INSERT INTO map_monsters VALUES ('MAP_00000000001296788648248','MONS_00000000001297218526326',9,24);
INSERT INTO map_monsters VALUES ('MAP_00000000001296788648248','MONS_00000000001297218526326',9,26);
INSERT INTO map_monsters VALUES ('MAP_00000000001296788648248','MONS_00000000001297218526326',9,39);
INSERT INTO map_monsters VALUES ('MAP_00000000001296788648248','MONS_00000000001297218526326',9,42);
INSERT INTO map_monsters VALUES ('MAP_00000000001296788648248','MONS_00000000001297218526326',9,43);
INSERT INTO map_monsters VALUES ('MAP_00000000001296788648248','MONS_00000000001297218526326',10,5);
INSERT INTO map_monsters VALUES ('MAP_00000000001296788648248','MONS_00000000001297218526326',10,7);
INSERT INTO map_monsters VALUES ('MAP_00000000001296788648248','MONS_00000000001297218526326',10,10);
INSERT INTO map_monsters VALUES ('MAP_00000000001296788648248','MONS_00000000001297218526326',10,11);
INSERT INTO map_monsters VALUES ('MAP_00000000001296788648248','MONS_00000000001297218526326',10,12);
INSERT INTO map_monsters VALUES ('MAP_00000000001296788648248','MONS_00000000001297218526326',10,13);
INSERT INTO map_monsters VALUES ('MAP_00000000001296788648248','MONS_00000000001297218526326',10,14);
INSERT INTO map_monsters VALUES ('MAP_00000000001296788648248','MONS_00000000001297218526326',10,15);
INSERT INTO map_monsters VALUES ('MAP_00000000001296788648248','MONS_00000000001297218526326',10,16);
INSERT INTO map_monsters VALUES ('MAP_00000000001296788648248','MONS_00000000001297218526326',10,17);
INSERT INTO map_monsters VALUES ('MAP_00000000001296788648248','MONS_00000000001297218526326',10,18);
INSERT INTO map_monsters VALUES ('MAP_00000000001296788648248','MONS_00000000001297218526326',10,19);
INSERT INTO map_monsters VALUES ('MAP_00000000001296788648248','MONS_00000000001297218526326',10,20);
INSERT INTO map_monsters VALUES ('MAP_00000000001296788648248','MONS_00000000001297218526326',10,21);
INSERT INTO map_monsters VALUES ('MAP_00000000001296788648248','MONS_00000000001297218526326',10,22);
INSERT INTO map_monsters VALUES ('MAP_00000000001296788648248','MONS_00000000001297218526326',10,23);
INSERT INTO map_monsters VALUES ('MAP_00000000001296788648248','MONS_00000000001297218526326',10,24);
INSERT INTO map_monsters VALUES ('MAP_00000000001296788648248','MONS_00000000001297218526326',10,25);
INSERT INTO map_monsters VALUES ('MAP_00000000001296788648248','MONS_00000000001297218526326',10,26);
INSERT INTO map_monsters VALUES ('MAP_00000000001296788648248','MONS_00000000001297218526326',10,27);
INSERT INTO map_monsters VALUES ('MAP_00000000001296788648248','MONS_00000000001297218526326',10,28);
INSERT INTO map_monsters VALUES ('MAP_00000000001296788648248','MONS_00000000001297218526326',10,29);
INSERT INTO map_monsters VALUES ('MAP_00000000001296788648248','MONS_00000000001297218526326',10,30);
INSERT INTO map_monsters VALUES ('MAP_00000000001296788648248','MONS_00000000001297218526326',10,31);
INSERT INTO map_monsters VALUES ('MAP_00000000001296788648248','MONS_00000000001297218526326',10,32);
INSERT INTO map_monsters VALUES ('MAP_00000000001296788648248','MONS_00000000001297218526326',10,33);
INSERT INTO map_monsters VALUES ('MAP_00000000001296788648248','MONS_00000000001297218526326',10,34);
INSERT INTO map_monsters VALUES ('MAP_00000000001296788648248','MONS_00000000001297218526326',10,35);
INSERT INTO map_monsters VALUES ('MAP_00000000001296788648248','MONS_00000000001297218526326',10,36);
INSERT INTO map_monsters VALUES ('MAP_00000000001296788648248','MONS_00000000001297218526326',10,37);
INSERT INTO map_monsters VALUES ('MAP_00000000001296788648248','MONS_00000000001297218526326',10,38);
INSERT INTO map_monsters VALUES ('MAP_00000000001296788648248','MONS_00000000001297218526326',10,39);
INSERT INTO map_monsters VALUES ('MAP_00000000001296788648248','MONS_00000000001297218526326',10,42);
INSERT INTO map_monsters VALUES ('MAP_00000000001296788648248','MONS_00000000001297218526326',10,43);
INSERT INTO map_monsters VALUES ('MAP_00000000001296788648248','MONS_00000000001297218526326',11,4);
INSERT INTO map_monsters VALUES ('MAP_00000000001296788648248','MONS_00000000001297218526326',11,5);
INSERT INTO map_monsters VALUES ('MAP_00000000001296788648248','MONS_00000000001297218526326',11,6);
INSERT INTO map_monsters VALUES ('MAP_00000000001296788648248','MONS_00000000001297218526326',11,7);
INSERT INTO map_monsters VALUES ('MAP_00000000001296788648248','MONS_00000000001297218526326',11,10);
INSERT INTO map_monsters VALUES ('MAP_00000000001296788648248','MONS_00000000001297218526326',11,19);
INSERT INTO map_monsters VALUES ('MAP_00000000001296788648248','MONS_00000000001297218526326',11,22);
INSERT INTO map_monsters VALUES ('MAP_00000000001296788648248','MONS_00000000001297218526326',11,23);
INSERT INTO map_monsters VALUES ('MAP_00000000001296788648248','MONS_00000000001297218526326',11,24);
INSERT INTO map_monsters VALUES ('MAP_00000000001296788648248','MONS_00000000001297218526326',11,38);
INSERT INTO map_monsters VALUES ('MAP_00000000001296788648248','MONS_00000000001297218526326',11,42);
INSERT INTO map_monsters VALUES ('MAP_00000000001296788648248','MONS_00000000001297218526326',11,43);
INSERT INTO map_monsters VALUES ('MAP_00000000001296788648248','MONS_00000000001297218526326',12,7);
INSERT INTO map_monsters VALUES ('MAP_00000000001296788648248','MONS_00000000001297218526326',12,10);
INSERT INTO map_monsters VALUES ('MAP_00000000001296788648248','MONS_00000000001297218526326',12,11);
INSERT INTO map_monsters VALUES ('MAP_00000000001296788648248','MONS_00000000001297218526326',12,12);
INSERT INTO map_monsters VALUES ('MAP_00000000001296788648248','MONS_00000000001297218526326',12,13);
INSERT INTO map_monsters VALUES ('MAP_00000000001296788648248','MONS_00000000001297218526326',12,14);
INSERT INTO map_monsters VALUES ('MAP_00000000001296788648248','MONS_00000000001297218526326',12,15);
INSERT INTO map_monsters VALUES ('MAP_00000000001296788648248','MONS_00000000001297218526326',12,16);
INSERT INTO map_monsters VALUES ('MAP_00000000001296788648248','MONS_00000000001297218526326',12,17);
INSERT INTO map_monsters VALUES ('MAP_00000000001296788648248','MONS_00000000001297218526326',12,18);
INSERT INTO map_monsters VALUES ('MAP_00000000001296788648248','MONS_00000000001297218526326',12,20);
INSERT INTO map_monsters VALUES ('MAP_00000000001296788648248','MONS_00000000001297218526326',12,21);
INSERT INTO map_monsters VALUES ('MAP_00000000001296788648248','MONS_00000000001297218526326',12,22);
INSERT INTO map_monsters VALUES ('MAP_00000000001296788648248','MONS_00000000001297218526326',12,23);
INSERT INTO map_monsters VALUES ('MAP_00000000001296788648248','MONS_00000000001297218526326',12,24);
INSERT INTO map_monsters VALUES ('MAP_00000000001296788648248','MONS_00000000001297218526326',12,27);
INSERT INTO map_monsters VALUES ('MAP_00000000001296788648248','MONS_00000000001297218526326',12,28);
INSERT INTO map_monsters VALUES ('MAP_00000000001296788648248','MONS_00000000001297218526326',12,29);
INSERT INTO map_monsters VALUES ('MAP_00000000001296788648248','MONS_00000000001297218526326',12,30);
INSERT INTO map_monsters VALUES ('MAP_00000000001296788648248','MONS_00000000001297218526326',12,31);
INSERT INTO map_monsters VALUES ('MAP_00000000001296788648248','MONS_00000000001297218526326',12,32);
INSERT INTO map_monsters VALUES ('MAP_00000000001296788648248','MONS_00000000001297218526326',12,33);
INSERT INTO map_monsters VALUES ('MAP_00000000001296788648248','MONS_00000000001297218526326',12,34);
INSERT INTO map_monsters VALUES ('MAP_00000000001296788648248','MONS_00000000001297218526326',12,35);
INSERT INTO map_monsters VALUES ('MAP_00000000001296788648248','MONS_00000000001297218526326',12,36);
INSERT INTO map_monsters VALUES ('MAP_00000000001296788648248','MONS_00000000001297218526326',12,37);
INSERT INTO map_monsters VALUES ('MAP_00000000001296788648248','MONS_00000000001297218526326',12,38);
INSERT INTO map_monsters VALUES ('MAP_00000000001296788648248','MONS_00000000001297218526326',12,39);
INSERT INTO map_monsters VALUES ('MAP_00000000001296788648248','MONS_00000000001297218526326',12,40);
INSERT INTO map_monsters VALUES ('MAP_00000000001296788648248','MONS_00000000001297218526326',12,42);
INSERT INTO map_monsters VALUES ('MAP_00000000001296788648248','MONS_00000000001297218526326',12,43);
INSERT INTO map_monsters VALUES ('MAP_00000000001296788648248','MONS_00000000001297218526326',13,7);
INSERT INTO map_monsters VALUES ('MAP_00000000001296788648248','MONS_00000000001297218526326',13,11);
INSERT INTO map_monsters VALUES ('MAP_00000000001296788648248','MONS_00000000001297218526326',13,20);
INSERT INTO map_monsters VALUES ('MAP_00000000001296788648248','MONS_00000000001297218526326',13,21);
INSERT INTO map_monsters VALUES ('MAP_00000000001296788648248','MONS_00000000001297218526326',13,22);
INSERT INTO map_monsters VALUES ('MAP_00000000001296788648248','MONS_00000000001297218526326',13,23);
INSERT INTO map_monsters VALUES ('MAP_00000000001296788648248','MONS_00000000001297218526326',13,24);
INSERT INTO map_monsters VALUES ('MAP_00000000001296788648248','MONS_00000000001297218526326',13,25);
INSERT INTO map_monsters VALUES ('MAP_00000000001296788648248','MONS_00000000001297218526326',13,26);
INSERT INTO map_monsters VALUES ('MAP_00000000001296788648248','MONS_00000000001297218526326',13,28);
INSERT INTO map_monsters VALUES ('MAP_00000000001296788648248','MONS_00000000001297218526326',13,40);
INSERT INTO map_monsters VALUES ('MAP_00000000001296788648248','MONS_00000000001297218526326',13,41);
INSERT INTO map_monsters VALUES ('MAP_00000000001296788648248','MONS_00000000001297218526326',13,42);
INSERT INTO map_monsters VALUES ('MAP_00000000001296788648248','MONS_00000000001297218526326',13,43);
INSERT INTO map_monsters VALUES ('MAP_00000000001296788648248','MONS_00000000001297218526326',14,1);
INSERT INTO map_monsters VALUES ('MAP_00000000001296788648248','MONS_00000000001297218526326',14,2);
INSERT INTO map_monsters VALUES ('MAP_00000000001296788648248','MONS_00000000001297218526326',14,3);
INSERT INTO map_monsters VALUES ('MAP_00000000001296788648248','MONS_00000000001297218526326',14,4);
INSERT INTO map_monsters VALUES ('MAP_00000000001296788648248','MONS_00000000001297218526326',14,5);
INSERT INTO map_monsters VALUES ('MAP_00000000001296788648248','MONS_00000000001297218526326',14,6);
INSERT INTO map_monsters VALUES ('MAP_00000000001296788648248','MONS_00000000001297218526326',14,7);
INSERT INTO map_monsters VALUES ('MAP_00000000001296788648248','MONS_00000000001297218526326',14,8);
INSERT INTO map_monsters VALUES ('MAP_00000000001296788648248','MONS_00000000001297218526326',14,9);
INSERT INTO map_monsters VALUES ('MAP_00000000001296788648248','MONS_00000000001297218526326',14,10);
INSERT INTO map_monsters VALUES ('MAP_00000000001296788648248','MONS_00000000001297218526326',14,11);
INSERT INTO map_monsters VALUES ('MAP_00000000001296788648248','MONS_00000000001297218526326',14,12);
INSERT INTO map_monsters VALUES ('MAP_00000000001296788648248','MONS_00000000001297218526326',14,13);
INSERT INTO map_monsters VALUES ('MAP_00000000001296788648248','MONS_00000000001297218526326',14,14);
INSERT INTO map_monsters VALUES ('MAP_00000000001296788648248','MONS_00000000001297218526326',14,15);
INSERT INTO map_monsters VALUES ('MAP_00000000001296788648248','MONS_00000000001297218526326',14,16);
INSERT INTO map_monsters VALUES ('MAP_00000000001296788648248','MONS_00000000001297218526326',14,17);
INSERT INTO map_monsters VALUES ('MAP_00000000001296788648248','MONS_00000000001297218526326',14,18);
INSERT INTO map_monsters VALUES ('MAP_00000000001296788648248','MONS_00000000001297218526326',14,19);
INSERT INTO map_monsters VALUES ('MAP_00000000001296788648248','MONS_00000000001297218526326',14,20);
INSERT INTO map_monsters VALUES ('MAP_00000000001296788648248','MONS_00000000001297218526326',14,21);
INSERT INTO map_monsters VALUES ('MAP_00000000001296788648248','MONS_00000000001297218526326',14,23);
INSERT INTO map_monsters VALUES ('MAP_00000000001296788648248','MONS_00000000001297218526326',14,24);
INSERT INTO map_monsters VALUES ('MAP_00000000001296788648248','MONS_00000000001297218526326',14,25);
INSERT INTO map_monsters VALUES ('MAP_00000000001296788648248','MONS_00000000001297218526326',14,26);
INSERT INTO map_monsters VALUES ('MAP_00000000001296788648248','MONS_00000000001297218526326',14,27);
INSERT INTO map_monsters VALUES ('MAP_00000000001296788648248','MONS_00000000001297218526326',14,28);
INSERT INTO map_monsters VALUES ('MAP_00000000001296788648248','MONS_00000000001297218526326',14,29);
INSERT INTO map_monsters VALUES ('MAP_00000000001296788648248','MONS_00000000001297218526326',14,30);
INSERT INTO map_monsters VALUES ('MAP_00000000001296788648248','MONS_00000000001297218526326',14,31);
INSERT INTO map_monsters VALUES ('MAP_00000000001296788648248','MONS_00000000001297218526326',14,32);
INSERT INTO map_monsters VALUES ('MAP_00000000001296788648248','MONS_00000000001297218526326',14,33);
INSERT INTO map_monsters VALUES ('MAP_00000000001296788648248','MONS_00000000001297218526326',14,34);
INSERT INTO map_monsters VALUES ('MAP_00000000001296788648248','MONS_00000000001297218526326',14,35);
INSERT INTO map_monsters VALUES ('MAP_00000000001296788648248','MONS_00000000001297218526326',14,36);
INSERT INTO map_monsters VALUES ('MAP_00000000001296788648248','MONS_00000000001297218526326',14,37);
INSERT INTO map_monsters VALUES ('MAP_00000000001296788648248','MONS_00000000001297218526326',14,38);
INSERT INTO map_monsters VALUES ('MAP_00000000001296788648248','MONS_00000000001297218526326',14,39);
INSERT INTO map_monsters VALUES ('MAP_00000000001296788648248','MONS_00000000001297218526326',14,40);
INSERT INTO map_monsters VALUES ('MAP_00000000001296788648248','MONS_00000000001297218526326',15,0);
INSERT INTO map_monsters VALUES ('MAP_00000000001296788648248','MONS_00000000001297218526326',15,1);
INSERT INTO map_monsters VALUES ('MAP_00000000001296788648248','MONS_00000000001297218526326',15,2);
INSERT INTO map_monsters VALUES ('MAP_00000000001296788648248','MONS_00000000001297218526326',15,3);
INSERT INTO map_monsters VALUES ('MAP_00000000001296788648248','MONS_00000000001297218526326',15,4);
INSERT INTO map_monsters VALUES ('MAP_00000000001296788648248','MONS_00000000001297218526326',15,5);
INSERT INTO map_monsters VALUES ('MAP_00000000001296788648248','MONS_00000000001297218526326',15,6);
INSERT INTO map_monsters VALUES ('MAP_00000000001296788648248','MONS_00000000001297218526326',15,7);
INSERT INTO map_monsters VALUES ('MAP_00000000001296788648248','MONS_00000000001297218526326',15,8);
INSERT INTO map_monsters VALUES ('MAP_00000000001296788648248','MONS_00000000001297218526326',15,9);
INSERT INTO map_monsters VALUES ('MAP_00000000001296788648248','MONS_00000000001297218526326',15,10);
INSERT INTO map_monsters VALUES ('MAP_00000000001296788648248','MONS_00000000001297218526326',15,11);
INSERT INTO map_monsters VALUES ('MAP_00000000001296788648248','MONS_00000000001297218526326',15,12);
INSERT INTO map_monsters VALUES ('MAP_00000000001296788648248','MONS_00000000001297218526326',15,13);
INSERT INTO map_monsters VALUES ('MAP_00000000001296788648248','MONS_00000000001297218526326',15,14);
INSERT INTO map_monsters VALUES ('MAP_00000000001296788648248','MONS_00000000001297218526326',15,15);
INSERT INTO map_monsters VALUES ('MAP_00000000001296788648248','MONS_00000000001297218526326',15,19);
INSERT INTO map_monsters VALUES ('MAP_00000000001296788648248','MONS_00000000001297218526326',15,20);
INSERT INTO map_monsters VALUES ('MAP_00000000001296788648248','MONS_00000000001297218526326',15,21);
INSERT INTO map_monsters VALUES ('MAP_00000000001296788648248','MONS_00000000001297218526326',15,22);
INSERT INTO map_monsters VALUES ('MAP_00000000001296788648248','MONS_00000000001297218526326',15,23);
INSERT INTO map_monsters VALUES ('MAP_00000000001296788648248','MONS_00000000001297218526326',15,24);
INSERT INTO map_monsters VALUES ('MAP_00000000001296788648248','MONS_00000000001297218526326',15,25);
INSERT INTO map_monsters VALUES ('MAP_00000000001296788648248','MONS_00000000001297218526326',15,26);
INSERT INTO map_monsters VALUES ('MAP_00000000001296788648248','MONS_00000000001297218526326',15,27);
INSERT INTO map_monsters VALUES ('MAP_00000000001296788648248','MONS_00000000001297218526326',15,28);
INSERT INTO map_monsters VALUES ('MAP_00000000001296788648248','MONS_00000000001297218526326',15,29);
INSERT INTO map_monsters VALUES ('MAP_00000000001296788648248','MONS_00000000001297218526326',15,30);
INSERT INTO map_monsters VALUES ('MAP_00000000001296788648248','MONS_00000000001297218526326',15,31);
INSERT INTO map_monsters VALUES ('MAP_00000000001296788648248','MONS_00000000001297218526326',15,32);
INSERT INTO map_monsters VALUES ('MAP_00000000001296788648248','MONS_00000000001297218526326',15,33);
INSERT INTO map_monsters VALUES ('MAP_00000000001296788648248','MONS_00000000001297218526326',15,34);
INSERT INTO map_monsters VALUES ('MAP_00000000001296788648248','MONS_00000000001297218526326',15,35);
INSERT INTO map_monsters VALUES ('MAP_00000000001296788648248','MONS_00000000001297218526326',15,36);
INSERT INTO map_monsters VALUES ('MAP_00000000001296788648248','MONS_00000000001297218526326',15,37);
INSERT INTO map_monsters VALUES ('MAP_00000000001296788648248','MONS_00000000001297218526326',15,38);
INSERT INTO map_monsters VALUES ('MAP_00000000001296788648248','MONS_00000000001297218526326',15,39);
INSERT INTO map_monsters VALUES ('MAP_00000000001296788648248','MONS_00000000001297218526326',15,40);
INSERT INTO map_monsters VALUES ('MAP_00000000001296788648248','MONS_00000000001297218526326',15,41);
INSERT INTO map_monsters VALUES ('MAP_00000000001296788648248','MONS_00000000001297218526326',15,42);
INSERT INTO map_monsters VALUES ('MAP_00000000001296788648248','MONS_00000000001297218526326',15,43);
INSERT INTO map_monsters VALUES ('MAP_00000000001296788648248','MONS_00000000001297218526326',16,0);
INSERT INTO map_monsters VALUES ('MAP_00000000001296788648248','MONS_00000000001297218526326',16,1);
INSERT INTO map_monsters VALUES ('MAP_00000000001296788648248','MONS_00000000001297218526326',16,2);
INSERT INTO map_monsters VALUES ('MAP_00000000001296788648248','MONS_00000000001297218526326',16,3);
INSERT INTO map_monsters VALUES ('MAP_00000000001296788648248','MONS_00000000001297218526326',16,4);
INSERT INTO map_monsters VALUES ('MAP_00000000001296788648248','MONS_00000000001297218526326',16,5);
INSERT INTO map_monsters VALUES ('MAP_00000000001296788648248','MONS_00000000001297218526326',16,6);
INSERT INTO map_monsters VALUES ('MAP_00000000001296788648248','MONS_00000000001297218526326',16,7);
INSERT INTO map_monsters VALUES ('MAP_00000000001296788648248','MONS_00000000001297218526326',16,8);
INSERT INTO map_monsters VALUES ('MAP_00000000001296788648248','MONS_00000000001297218526326',16,9);
INSERT INTO map_monsters VALUES ('MAP_00000000001296788648248','MONS_00000000001297218526326',16,10);
INSERT INTO map_monsters VALUES ('MAP_00000000001296788648248','MONS_00000000001297218526326',16,11);
INSERT INTO map_monsters VALUES ('MAP_00000000001296788648248','MONS_00000000001297218526326',16,12);
INSERT INTO map_monsters VALUES ('MAP_00000000001296788648248','MONS_00000000001297218526326',16,13);
INSERT INTO map_monsters VALUES ('MAP_00000000001296788648248','MONS_00000000001297218526326',16,14);
INSERT INTO map_monsters VALUES ('MAP_00000000001296788648248','MONS_00000000001297218526326',16,15);
INSERT INTO map_monsters VALUES ('MAP_00000000001296788648248','MONS_00000000001297218526326',16,19);
INSERT INTO map_monsters VALUES ('MAP_00000000001296788648248','MONS_00000000001297218526326',16,20);
INSERT INTO map_monsters VALUES ('MAP_00000000001296788648248','MONS_00000000001297218526326',16,21);
INSERT INTO map_monsters VALUES ('MAP_00000000001296788648248','MONS_00000000001297218526326',16,22);
INSERT INTO map_monsters VALUES ('MAP_00000000001296788648248','MONS_00000000001297218526326',16,23);
INSERT INTO map_monsters VALUES ('MAP_00000000001296788648248','MONS_00000000001297218526326',16,24);
INSERT INTO map_monsters VALUES ('MAP_00000000001296788648248','MONS_00000000001297218526326',16,25);
INSERT INTO map_monsters VALUES ('MAP_00000000001296788648248','MONS_00000000001297218526326',16,26);
INSERT INTO map_monsters VALUES ('MAP_00000000001296788648248','MONS_00000000001297218526326',16,27);
INSERT INTO map_monsters VALUES ('MAP_00000000001296788648248','MONS_00000000001297218526326',16,28);
INSERT INTO map_monsters VALUES ('MAP_00000000001296788648248','MONS_00000000001297218526326',16,29);
INSERT INTO map_monsters VALUES ('MAP_00000000001296788648248','MONS_00000000001297218526326',16,30);
INSERT INTO map_monsters VALUES ('MAP_00000000001296788648248','MONS_00000000001297218526326',16,31);
INSERT INTO map_monsters VALUES ('MAP_00000000001296788648248','MONS_00000000001297218526326',16,32);
INSERT INTO map_monsters VALUES ('MAP_00000000001296788648248','MONS_00000000001297218526326',16,33);
INSERT INTO map_monsters VALUES ('MAP_00000000001296788648248','MONS_00000000001297218526326',16,34);
INSERT INTO map_monsters VALUES ('MAP_00000000001296788648248','MONS_00000000001297218526326',16,35);
INSERT INTO map_monsters VALUES ('MAP_00000000001296788648248','MONS_00000000001297218526326',16,36);
INSERT INTO map_monsters VALUES ('MAP_00000000001296788648248','MONS_00000000001297218526326',16,37);
INSERT INTO map_monsters VALUES ('MAP_00000000001296788648248','MONS_00000000001297218526326',16,38);
INSERT INTO map_monsters VALUES ('MAP_00000000001296788648248','MONS_00000000001297218526326',16,39);
INSERT INTO map_monsters VALUES ('MAP_00000000001296788648248','MONS_00000000001297218526326',16,40);
INSERT INTO map_monsters VALUES ('MAP_00000000001296788648248','MONS_00000000001297218526326',16,41);
INSERT INTO map_monsters VALUES ('MAP_00000000001296788648248','MONS_00000000001297218526326',16,42);
INSERT INTO map_monsters VALUES ('MAP_00000000001296788648248','MONS_00000000001297218526326',16,43);
INSERT INTO map_monsters VALUES ('MAP_00000000001296788648248','MONS_00000000001297218526326',17,1);
INSERT INTO map_monsters VALUES ('MAP_00000000001296788648248','MONS_00000000001297218526326',17,2);
INSERT INTO map_monsters VALUES ('MAP_00000000001296788648248','MONS_00000000001297218526326',17,3);
INSERT INTO map_monsters VALUES ('MAP_00000000001296788648248','MONS_00000000001297218526326',17,4);
INSERT INTO map_monsters VALUES ('MAP_00000000001296788648248','MONS_00000000001297218526326',17,5);
INSERT INTO map_monsters VALUES ('MAP_00000000001296788648248','MONS_00000000001297218526326',17,6);
INSERT INTO map_monsters VALUES ('MAP_00000000001296788648248','MONS_00000000001297218526326',17,7);
INSERT INTO map_monsters VALUES ('MAP_00000000001296788648248','MONS_00000000001297218526326',17,8);
INSERT INTO map_monsters VALUES ('MAP_00000000001296788648248','MONS_00000000001297218526326',17,9);
INSERT INTO map_monsters VALUES ('MAP_00000000001296788648248','MONS_00000000001297218526326',17,10);
INSERT INTO map_monsters VALUES ('MAP_00000000001296788648248','MONS_00000000001297218526326',17,11);
INSERT INTO map_monsters VALUES ('MAP_00000000001296788648248','MONS_00000000001297218526326',17,12);
INSERT INTO map_monsters VALUES ('MAP_00000000001296788648248','MONS_00000000001297218526326',17,13);
INSERT INTO map_monsters VALUES ('MAP_00000000001296788648248','MONS_00000000001297218526326',17,14);
INSERT INTO map_monsters VALUES ('MAP_00000000001296788648248','MONS_00000000001297218526326',17,15);
INSERT INTO map_monsters VALUES ('MAP_00000000001296788648248','MONS_00000000001297218526326',17,16);
INSERT INTO map_monsters VALUES ('MAP_00000000001296788648248','MONS_00000000001297218526326',17,17);
INSERT INTO map_monsters VALUES ('MAP_00000000001296788648248','MONS_00000000001297218526326',17,18);
INSERT INTO map_monsters VALUES ('MAP_00000000001296788648248','MONS_00000000001297218526326',17,19);
INSERT INTO map_monsters VALUES ('MAP_00000000001296788648248','MONS_00000000001297218526326',17,20);
INSERT INTO map_monsters VALUES ('MAP_00000000001296788648248','MONS_00000000001297218526326',17,21);
INSERT INTO map_monsters VALUES ('MAP_00000000001296788648248','MONS_00000000001297218526326',17,23);
INSERT INTO map_monsters VALUES ('MAP_00000000001296788648248','MONS_00000000001297218526326',17,24);
INSERT INTO map_monsters VALUES ('MAP_00000000001296788648248','MONS_00000000001297218526326',17,25);
INSERT INTO map_monsters VALUES ('MAP_00000000001296788648248','MONS_00000000001297218526326',17,26);
INSERT INTO map_monsters VALUES ('MAP_00000000001296788648248','MONS_00000000001297218526326',17,27);
INSERT INTO map_monsters VALUES ('MAP_00000000001296788648248','MONS_00000000001297218526326',17,28);
INSERT INTO map_monsters VALUES ('MAP_00000000001296788648248','MONS_00000000001297218526326',17,29);
INSERT INTO map_monsters VALUES ('MAP_00000000001296788648248','MONS_00000000001297218526326',17,30);
INSERT INTO map_monsters VALUES ('MAP_00000000001296788648248','MONS_00000000001297218526326',17,31);
INSERT INTO map_monsters VALUES ('MAP_00000000001296788648248','MONS_00000000001297218526326',17,32);
INSERT INTO map_monsters VALUES ('MAP_00000000001296788648248','MONS_00000000001297218526326',17,33);
INSERT INTO map_monsters VALUES ('MAP_00000000001296788648248','MONS_00000000001297218526326',17,34);
INSERT INTO map_monsters VALUES ('MAP_00000000001296788648248','MONS_00000000001297218526326',17,35);
INSERT INTO map_monsters VALUES ('MAP_00000000001296788648248','MONS_00000000001297218526326',17,36);
INSERT INTO map_monsters VALUES ('MAP_00000000001296788648248','MONS_00000000001297218526326',17,37);
INSERT INTO map_monsters VALUES ('MAP_00000000001296788648248','MONS_00000000001297218526326',17,38);
INSERT INTO map_monsters VALUES ('MAP_00000000001296788648248','MONS_00000000001297218526326',17,39);
INSERT INTO map_monsters VALUES ('MAP_00000000001296788648248','MONS_00000000001297218526326',17,40);
INSERT INTO map_monsters VALUES ('MAP_00000000001296788648248','MONS_00000000001297218526326',18,7);
INSERT INTO map_monsters VALUES ('MAP_00000000001296788648248','MONS_00000000001297218526326',18,11);
INSERT INTO map_monsters VALUES ('MAP_00000000001296788648248','MONS_00000000001297218526326',18,20);
INSERT INTO map_monsters VALUES ('MAP_00000000001296788648248','MONS_00000000001297218526326',18,21);
INSERT INTO map_monsters VALUES ('MAP_00000000001296788648248','MONS_00000000001297218526326',18,22);
INSERT INTO map_monsters VALUES ('MAP_00000000001296788648248','MONS_00000000001297218526326',18,23);
INSERT INTO map_monsters VALUES ('MAP_00000000001296788648248','MONS_00000000001297218526326',18,24);
INSERT INTO map_monsters VALUES ('MAP_00000000001296788648248','MONS_00000000001297218526326',18,25);
INSERT INTO map_monsters VALUES ('MAP_00000000001296788648248','MONS_00000000001297218526326',18,26);
INSERT INTO map_monsters VALUES ('MAP_00000000001296788648248','MONS_00000000001297218526326',18,28);
INSERT INTO map_monsters VALUES ('MAP_00000000001296788648248','MONS_00000000001297218526326',18,40);
INSERT INTO map_monsters VALUES ('MAP_00000000001296788648248','MONS_00000000001297218526326',18,41);
INSERT INTO map_monsters VALUES ('MAP_00000000001296788648248','MONS_00000000001297218526326',18,42);
INSERT INTO map_monsters VALUES ('MAP_00000000001296788648248','MONS_00000000001297218526326',18,43);
INSERT INTO map_monsters VALUES ('MAP_00000000001296788648248','MONS_00000000001297218526326',19,7);
INSERT INTO map_monsters VALUES ('MAP_00000000001296788648248','MONS_00000000001297218526326',19,10);
INSERT INTO map_monsters VALUES ('MAP_00000000001296788648248','MONS_00000000001297218526326',19,11);
INSERT INTO map_monsters VALUES ('MAP_00000000001296788648248','MONS_00000000001297218526326',19,12);
INSERT INTO map_monsters VALUES ('MAP_00000000001296788648248','MONS_00000000001297218526326',19,13);
INSERT INTO map_monsters VALUES ('MAP_00000000001296788648248','MONS_00000000001297218526326',19,14);
INSERT INTO map_monsters VALUES ('MAP_00000000001296788648248','MONS_00000000001297218526326',19,15);
INSERT INTO map_monsters VALUES ('MAP_00000000001296788648248','MONS_00000000001297218526326',19,16);
INSERT INTO map_monsters VALUES ('MAP_00000000001296788648248','MONS_00000000001297218526326',19,17);
INSERT INTO map_monsters VALUES ('MAP_00000000001296788648248','MONS_00000000001297218526326',19,18);
INSERT INTO map_monsters VALUES ('MAP_00000000001296788648248','MONS_00000000001297218526326',19,20);
INSERT INTO map_monsters VALUES ('MAP_00000000001296788648248','MONS_00000000001297218526326',19,21);
INSERT INTO map_monsters VALUES ('MAP_00000000001296788648248','MONS_00000000001297218526326',19,22);
INSERT INTO map_monsters VALUES ('MAP_00000000001296788648248','MONS_00000000001297218526326',19,23);
INSERT INTO map_monsters VALUES ('MAP_00000000001296788648248','MONS_00000000001297218526326',19,24);
INSERT INTO map_monsters VALUES ('MAP_00000000001296788648248','MONS_00000000001297218526326',19,27);
INSERT INTO map_monsters VALUES ('MAP_00000000001296788648248','MONS_00000000001297218526326',19,28);
INSERT INTO map_monsters VALUES ('MAP_00000000001296788648248','MONS_00000000001297218526326',19,29);
INSERT INTO map_monsters VALUES ('MAP_00000000001296788648248','MONS_00000000001297218526326',19,30);
INSERT INTO map_monsters VALUES ('MAP_00000000001296788648248','MONS_00000000001297218526326',19,31);
INSERT INTO map_monsters VALUES ('MAP_00000000001296788648248','MONS_00000000001297218526326',19,32);
INSERT INTO map_monsters VALUES ('MAP_00000000001296788648248','MONS_00000000001297218526326',19,33);
INSERT INTO map_monsters VALUES ('MAP_00000000001296788648248','MONS_00000000001297218526326',19,34);
INSERT INTO map_monsters VALUES ('MAP_00000000001296788648248','MONS_00000000001297218526326',19,35);
INSERT INTO map_monsters VALUES ('MAP_00000000001296788648248','MONS_00000000001297218526326',19,36);
INSERT INTO map_monsters VALUES ('MAP_00000000001296788648248','MONS_00000000001297218526326',19,37);
INSERT INTO map_monsters VALUES ('MAP_00000000001296788648248','MONS_00000000001297218526326',19,38);
INSERT INTO map_monsters VALUES ('MAP_00000000001296788648248','MONS_00000000001297218526326',19,39);
INSERT INTO map_monsters VALUES ('MAP_00000000001296788648248','MONS_00000000001297218526326',19,40);
INSERT INTO map_monsters VALUES ('MAP_00000000001296788648248','MONS_00000000001297218526326',19,42);
INSERT INTO map_monsters VALUES ('MAP_00000000001296788648248','MONS_00000000001297218526326',19,43);
INSERT INTO map_monsters VALUES ('MAP_00000000001296788648248','MONS_00000000001297218526326',20,4);
INSERT INTO map_monsters VALUES ('MAP_00000000001296788648248','MONS_00000000001297218526326',20,5);
INSERT INTO map_monsters VALUES ('MAP_00000000001296788648248','MONS_00000000001297218526326',20,6);
INSERT INTO map_monsters VALUES ('MAP_00000000001296788648248','MONS_00000000001297218526326',20,7);
INSERT INTO map_monsters VALUES ('MAP_00000000001296788648248','MONS_00000000001297218526326',20,10);
INSERT INTO map_monsters VALUES ('MAP_00000000001296788648248','MONS_00000000001297218526326',20,19);
INSERT INTO map_monsters VALUES ('MAP_00000000001296788648248','MONS_00000000001297218526326',20,22);
INSERT INTO map_monsters VALUES ('MAP_00000000001296788648248','MONS_00000000001297218526326',20,23);
INSERT INTO map_monsters VALUES ('MAP_00000000001296788648248','MONS_00000000001297218526326',20,24);
INSERT INTO map_monsters VALUES ('MAP_00000000001296788648248','MONS_00000000001297218526326',20,38);
INSERT INTO map_monsters VALUES ('MAP_00000000001296788648248','MONS_00000000001297218526326',20,42);
INSERT INTO map_monsters VALUES ('MAP_00000000001296788648248','MONS_00000000001297218526326',20,43);
INSERT INTO map_monsters VALUES ('MAP_00000000001296788648248','MONS_00000000001297218526326',21,5);
INSERT INTO map_monsters VALUES ('MAP_00000000001296788648248','MONS_00000000001297218526326',21,7);
INSERT INTO map_monsters VALUES ('MAP_00000000001296788648248','MONS_00000000001297218526326',21,10);
INSERT INTO map_monsters VALUES ('MAP_00000000001296788648248','MONS_00000000001297218526326',21,11);
INSERT INTO map_monsters VALUES ('MAP_00000000001296788648248','MONS_00000000001297218526326',21,12);
INSERT INTO map_monsters VALUES ('MAP_00000000001296788648248','MONS_00000000001297218526326',21,13);
INSERT INTO map_monsters VALUES ('MAP_00000000001296788648248','MONS_00000000001297218526326',21,14);
INSERT INTO map_monsters VALUES ('MAP_00000000001296788648248','MONS_00000000001297218526326',21,15);
INSERT INTO map_monsters VALUES ('MAP_00000000001296788648248','MONS_00000000001297218526326',21,16);
INSERT INTO map_monsters VALUES ('MAP_00000000001296788648248','MONS_00000000001297218526326',21,17);
INSERT INTO map_monsters VALUES ('MAP_00000000001296788648248','MONS_00000000001297218526326',21,18);
INSERT INTO map_monsters VALUES ('MAP_00000000001296788648248','MONS_00000000001297218526326',21,19);
INSERT INTO map_monsters VALUES ('MAP_00000000001296788648248','MONS_00000000001297218526326',21,20);
INSERT INTO map_monsters VALUES ('MAP_00000000001296788648248','MONS_00000000001297218526326',21,21);
INSERT INTO map_monsters VALUES ('MAP_00000000001296788648248','MONS_00000000001297218526326',21,22);
INSERT INTO map_monsters VALUES ('MAP_00000000001296788648248','MONS_00000000001297218526326',21,23);
INSERT INTO map_monsters VALUES ('MAP_00000000001296788648248','MONS_00000000001297218526326',21,24);
INSERT INTO map_monsters VALUES ('MAP_00000000001296788648248','MONS_00000000001297218526326',21,25);
INSERT INTO map_monsters VALUES ('MAP_00000000001296788648248','MONS_00000000001297218526326',21,26);
INSERT INTO map_monsters VALUES ('MAP_00000000001296788648248','MONS_00000000001297218526326',21,27);
INSERT INTO map_monsters VALUES ('MAP_00000000001296788648248','MONS_00000000001297218526326',21,28);
INSERT INTO map_monsters VALUES ('MAP_00000000001296788648248','MONS_00000000001297218526326',21,29);
INSERT INTO map_monsters VALUES ('MAP_00000000001296788648248','MONS_00000000001297218526326',21,30);
INSERT INTO map_monsters VALUES ('MAP_00000000001296788648248','MONS_00000000001297218526326',21,31);
INSERT INTO map_monsters VALUES ('MAP_00000000001296788648248','MONS_00000000001297218526326',21,32);
INSERT INTO map_monsters VALUES ('MAP_00000000001296788648248','MONS_00000000001297218526326',21,33);
INSERT INTO map_monsters VALUES ('MAP_00000000001296788648248','MONS_00000000001297218526326',21,34);
INSERT INTO map_monsters VALUES ('MAP_00000000001296788648248','MONS_00000000001297218526326',21,35);
INSERT INTO map_monsters VALUES ('MAP_00000000001296788648248','MONS_00000000001297218526326',21,36);
INSERT INTO map_monsters VALUES ('MAP_00000000001296788648248','MONS_00000000001297218526326',21,37);
INSERT INTO map_monsters VALUES ('MAP_00000000001296788648248','MONS_00000000001297218526326',21,38);
INSERT INTO map_monsters VALUES ('MAP_00000000001296788648248','MONS_00000000001297218526326',21,39);
INSERT INTO map_monsters VALUES ('MAP_00000000001296788648248','MONS_00000000001297218526326',21,42);
INSERT INTO map_monsters VALUES ('MAP_00000000001296788648248','MONS_00000000001297218526326',21,43);
INSERT INTO map_monsters VALUES ('MAP_00000000001296788648248','MONS_00000000001297218526326',22,2);
INSERT INTO map_monsters VALUES ('MAP_00000000001296788648248','MONS_00000000001297218526326',22,5);
INSERT INTO map_monsters VALUES ('MAP_00000000001296788648248','MONS_00000000001297218526326',22,7);
INSERT INTO map_monsters VALUES ('MAP_00000000001296788648248','MONS_00000000001297218526326',22,10);
INSERT INTO map_monsters VALUES ('MAP_00000000001296788648248','MONS_00000000001297218526326',22,15);
INSERT INTO map_monsters VALUES ('MAP_00000000001296788648248','MONS_00000000001297218526326',22,20);
INSERT INTO map_monsters VALUES ('MAP_00000000001296788648248','MONS_00000000001297218526326',22,22);
INSERT INTO map_monsters VALUES ('MAP_00000000001296788648248','MONS_00000000001297218526326',22,23);
INSERT INTO map_monsters VALUES ('MAP_00000000001296788648248','MONS_00000000001297218526326',22,24);
INSERT INTO map_monsters VALUES ('MAP_00000000001296788648248','MONS_00000000001297218526326',22,26);
INSERT INTO map_monsters VALUES ('MAP_00000000001296788648248','MONS_00000000001297218526326',22,39);
INSERT INTO map_monsters VALUES ('MAP_00000000001296788648248','MONS_00000000001297218526326',22,42);
INSERT INTO map_monsters VALUES ('MAP_00000000001296788648248','MONS_00000000001297218526326',22,43);
INSERT INTO map_monsters VALUES ('MAP_00000000001296788648248','MONS_00000000001297218526326',23,2);
INSERT INTO map_monsters VALUES ('MAP_00000000001296788648248','MONS_00000000001297218526326',23,3);
INSERT INTO map_monsters VALUES ('MAP_00000000001296788648248','MONS_00000000001297218526326',23,4);
INSERT INTO map_monsters VALUES ('MAP_00000000001296788648248','MONS_00000000001297218526326',23,5);
INSERT INTO map_monsters VALUES ('MAP_00000000001296788648248','MONS_00000000001297218526326',23,7);
INSERT INTO map_monsters VALUES ('MAP_00000000001296788648248','MONS_00000000001297218526326',23,10);
INSERT INTO map_monsters VALUES ('MAP_00000000001296788648248','MONS_00000000001297218526326',23,11);
INSERT INTO map_monsters VALUES ('MAP_00000000001296788648248','MONS_00000000001297218526326',23,12);
INSERT INTO map_monsters VALUES ('MAP_00000000001296788648248','MONS_00000000001297218526326',23,13);
INSERT INTO map_monsters VALUES ('MAP_00000000001296788648248','MONS_00000000001297218526326',23,14);
INSERT INTO map_monsters VALUES ('MAP_00000000001296788648248','MONS_00000000001297218526326',23,15);
INSERT INTO map_monsters VALUES ('MAP_00000000001296788648248','MONS_00000000001297218526326',23,16);
INSERT INTO map_monsters VALUES ('MAP_00000000001296788648248','MONS_00000000001297218526326',23,17);
INSERT INTO map_monsters VALUES ('MAP_00000000001296788648248','MONS_00000000001297218526326',23,18);
INSERT INTO map_monsters VALUES ('MAP_00000000001296788648248','MONS_00000000001297218526326',23,19);
INSERT INTO map_monsters VALUES ('MAP_00000000001296788648248','MONS_00000000001297218526326',23,20);
INSERT INTO map_monsters VALUES ('MAP_00000000001296788648248','MONS_00000000001297218526326',23,22);
INSERT INTO map_monsters VALUES ('MAP_00000000001296788648248','MONS_00000000001297218526326',23,23);
INSERT INTO map_monsters VALUES ('MAP_00000000001296788648248','MONS_00000000001297218526326',23,24);
INSERT INTO map_monsters VALUES ('MAP_00000000001296788648248','MONS_00000000001297218526326',23,26);
INSERT INTO map_monsters VALUES ('MAP_00000000001296788648248','MONS_00000000001297218526326',23,27);
INSERT INTO map_monsters VALUES ('MAP_00000000001296788648248','MONS_00000000001297218526326',23,28);
INSERT INTO map_monsters VALUES ('MAP_00000000001296788648248','MONS_00000000001297218526326',23,29);
INSERT INTO map_monsters VALUES ('MAP_00000000001296788648248','MONS_00000000001297218526326',23,30);
INSERT INTO map_monsters VALUES ('MAP_00000000001296788648248','MONS_00000000001297218526326',23,31);
INSERT INTO map_monsters VALUES ('MAP_00000000001296788648248','MONS_00000000001297218526326',23,32);
INSERT INTO map_monsters VALUES ('MAP_00000000001296788648248','MONS_00000000001297218526326',23,33);
INSERT INTO map_monsters VALUES ('MAP_00000000001296788648248','MONS_00000000001297218526326',23,34);
INSERT INTO map_monsters VALUES ('MAP_00000000001296788648248','MONS_00000000001297218526326',23,35);
INSERT INTO map_monsters VALUES ('MAP_00000000001296788648248','MONS_00000000001297218526326',23,36);
INSERT INTO map_monsters VALUES ('MAP_00000000001296788648248','MONS_00000000001297218526326',23,37);
INSERT INTO map_monsters VALUES ('MAP_00000000001296788648248','MONS_00000000001297218526326',23,38);
INSERT INTO map_monsters VALUES ('MAP_00000000001296788648248','MONS_00000000001297218526326',23,39);
INSERT INTO map_monsters VALUES ('MAP_00000000001296788648248','MONS_00000000001297218526326',23,42);
INSERT INTO map_monsters VALUES ('MAP_00000000001296788648248','MONS_00000000001297218526326',23,43);
INSERT INTO map_monsters VALUES ('MAP_00000000001296788648248','MONS_00000000001297218526326',24,2);
INSERT INTO map_monsters VALUES ('MAP_00000000001296788648248','MONS_00000000001297218526326',24,7);
INSERT INTO map_monsters VALUES ('MAP_00000000001296788648248','MONS_00000000001297218526326',24,22);
INSERT INTO map_monsters VALUES ('MAP_00000000001296788648248','MONS_00000000001297218526326',24,23);
INSERT INTO map_monsters VALUES ('MAP_00000000001296788648248','MONS_00000000001297218526326',24,24);
INSERT INTO map_monsters VALUES ('MAP_00000000001296788648248','MONS_00000000001297218526326',24,42);
INSERT INTO map_monsters VALUES ('MAP_00000000001296788648248','MONS_00000000001297218526326',24,43);
INSERT INTO map_monsters VALUES ('MAP_00000000001296788648248','MONS_00000000001297218526326',25,2);
INSERT INTO map_monsters VALUES ('MAP_00000000001296788648248','MONS_00000000001297218526326',25,7);
INSERT INTO map_monsters VALUES ('MAP_00000000001296788648248','MONS_00000000001297218526326',25,22);
INSERT INTO map_monsters VALUES ('MAP_00000000001296788648248','MONS_00000000001297218526326',25,23);
INSERT INTO map_monsters VALUES ('MAP_00000000001296788648248','MONS_00000000001297218526326',25,24);
INSERT INTO map_monsters VALUES ('MAP_00000000001296788648248','MONS_00000000001297218526326',25,42);
INSERT INTO map_monsters VALUES ('MAP_00000000001296788648248','MONS_00000000001297218526326',25,43);
INSERT INTO map_monsters VALUES ('MAP_00000000001296788648248','MONS_00000000001297218526326',26,2);
INSERT INTO map_monsters VALUES ('MAP_00000000001296788648248','MONS_00000000001297218526326',26,3);
INSERT INTO map_monsters VALUES ('MAP_00000000001296788648248','MONS_00000000001297218526326',26,4);
INSERT INTO map_monsters VALUES ('MAP_00000000001296788648248','MONS_00000000001297218526326',26,5);
INSERT INTO map_monsters VALUES ('MAP_00000000001296788648248','MONS_00000000001297218526326',26,7);
INSERT INTO map_monsters VALUES ('MAP_00000000001296788648248','MONS_00000000001297218526326',26,15);
INSERT INTO map_monsters VALUES ('MAP_00000000001296788648248','MONS_00000000001297218526326',26,16);
INSERT INTO map_monsters VALUES ('MAP_00000000001296788648248','MONS_00000000001297218526326',26,17);
INSERT INTO map_monsters VALUES ('MAP_00000000001296788648248','MONS_00000000001297218526326',26,18);
INSERT INTO map_monsters VALUES ('MAP_00000000001296788648248','MONS_00000000001297218526326',26,19);
INSERT INTO map_monsters VALUES ('MAP_00000000001296788648248','MONS_00000000001297218526326',26,20);
INSERT INTO map_monsters VALUES ('MAP_00000000001296788648248','MONS_00000000001297218526326',26,21);
INSERT INTO map_monsters VALUES ('MAP_00000000001296788648248','MONS_00000000001297218526326',26,22);
INSERT INTO map_monsters VALUES ('MAP_00000000001296788648248','MONS_00000000001297218526326',26,23);
INSERT INTO map_monsters VALUES ('MAP_00000000001296788648248','MONS_00000000001297218526326',26,24);
INSERT INTO map_monsters VALUES ('MAP_00000000001296788648248','MONS_00000000001297218526326',26,25);
INSERT INTO map_monsters VALUES ('MAP_00000000001296788648248','MONS_00000000001297218526326',26,26);
INSERT INTO map_monsters VALUES ('MAP_00000000001296788648248','MONS_00000000001297218526326',26,27);
INSERT INTO map_monsters VALUES ('MAP_00000000001296788648248','MONS_00000000001297218526326',26,28);
INSERT INTO map_monsters VALUES ('MAP_00000000001296788648248','MONS_00000000001297218526326',26,29);
INSERT INTO map_monsters VALUES ('MAP_00000000001296788648248','MONS_00000000001297218526326',26,30);
INSERT INTO map_monsters VALUES ('MAP_00000000001296788648248','MONS_00000000001297218526326',26,31);
INSERT INTO map_monsters VALUES ('MAP_00000000001296788648248','MONS_00000000001297218526326',26,42);
INSERT INTO map_monsters VALUES ('MAP_00000000001296788648248','MONS_00000000001297218526326',26,43);
INSERT INTO map_monsters VALUES ('MAP_00000000001296788648248','MONS_00000000001297218526326',27,2);
INSERT INTO map_monsters VALUES ('MAP_00000000001296788648248','MONS_00000000001297218526326',27,5);
INSERT INTO map_monsters VALUES ('MAP_00000000001296788648248','MONS_00000000001297218526326',27,6);
INSERT INTO map_monsters VALUES ('MAP_00000000001296788648248','MONS_00000000001297218526326',27,7);
INSERT INTO map_monsters VALUES ('MAP_00000000001296788648248','MONS_00000000001297218526326',27,8);
INSERT INTO map_monsters VALUES ('MAP_00000000001296788648248','MONS_00000000001297218526326',27,9);
INSERT INTO map_monsters VALUES ('MAP_00000000001296788648248','MONS_00000000001297218526326',27,10);
INSERT INTO map_monsters VALUES ('MAP_00000000001296788648248','MONS_00000000001297218526326',27,11);
INSERT INTO map_monsters VALUES ('MAP_00000000001296788648248','MONS_00000000001297218526326',27,12);
INSERT INTO map_monsters VALUES ('MAP_00000000001296788648248','MONS_00000000001297218526326',27,13);
INSERT INTO map_monsters VALUES ('MAP_00000000001296788648248','MONS_00000000001297218526326',27,14);
INSERT INTO map_monsters VALUES ('MAP_00000000001296788648248','MONS_00000000001297218526326',27,15);
INSERT INTO map_monsters VALUES ('MAP_00000000001296788648248','MONS_00000000001297218526326',27,18);
INSERT INTO map_monsters VALUES ('MAP_00000000001296788648248','MONS_00000000001297218526326',27,22);
INSERT INTO map_monsters VALUES ('MAP_00000000001296788648248','MONS_00000000001297218526326',27,23);
INSERT INTO map_monsters VALUES ('MAP_00000000001296788648248','MONS_00000000001297218526326',27,24);
INSERT INTO map_monsters VALUES ('MAP_00000000001296788648248','MONS_00000000001297218526326',27,28);
INSERT INTO map_monsters VALUES ('MAP_00000000001296788648248','MONS_00000000001297218526326',27,31);
INSERT INTO map_monsters VALUES ('MAP_00000000001296788648248','MONS_00000000001297218526326',27,32);
INSERT INTO map_monsters VALUES ('MAP_00000000001296788648248','MONS_00000000001297218526326',27,33);
INSERT INTO map_monsters VALUES ('MAP_00000000001296788648248','MONS_00000000001297218526326',27,34);
INSERT INTO map_monsters VALUES ('MAP_00000000001296788648248','MONS_00000000001297218526326',27,35);
INSERT INTO map_monsters VALUES ('MAP_00000000001296788648248','MONS_00000000001297218526326',27,36);
INSERT INTO map_monsters VALUES ('MAP_00000000001296788648248','MONS_00000000001297218526326',27,37);
INSERT INTO map_monsters VALUES ('MAP_00000000001296788648248','MONS_00000000001297218526326',27,38);
INSERT INTO map_monsters VALUES ('MAP_00000000001296788648248','MONS_00000000001297218526326',27,39);
INSERT INTO map_monsters VALUES ('MAP_00000000001296788648248','MONS_00000000001297218526326',27,40);
INSERT INTO map_monsters VALUES ('MAP_00000000001296788648248','MONS_00000000001297218526326',27,41);
INSERT INTO map_monsters VALUES ('MAP_00000000001296788648248','MONS_00000000001297218526326',27,42);
INSERT INTO map_monsters VALUES ('MAP_00000000001296788648248','MONS_00000000001297218526326',27,43);
INSERT INTO map_monsters VALUES ('MAP_00000000001296788648248','MONS_00000000001297218526326',28,6);
INSERT INTO map_monsters VALUES ('MAP_00000000001296788648248','MONS_00000000001297218526326',28,15);
INSERT INTO map_monsters VALUES ('MAP_00000000001296788648248','MONS_00000000001297218526326',28,22);
INSERT INTO map_monsters VALUES ('MAP_00000000001296788648248','MONS_00000000001297218526326',28,23);
INSERT INTO map_monsters VALUES ('MAP_00000000001296788648248','MONS_00000000001297218526326',28,24);
INSERT INTO map_monsters VALUES ('MAP_00000000001296788648248','MONS_00000000001297218526326',28,31);
INSERT INTO map_monsters VALUES ('MAP_00000000001296788648248','MONS_00000000001297218526326',28,43);
INSERT INTO map_monsters VALUES ('MAP_00000000001296788648248','MONS_00000000001297218526326',29,4);
INSERT INTO map_monsters VALUES ('MAP_00000000001296788648248','MONS_00000000001297218526326',29,5);
INSERT INTO map_monsters VALUES ('MAP_00000000001296788648248','MONS_00000000001297218526326',29,6);
INSERT INTO map_monsters VALUES ('MAP_00000000001296788648248','MONS_00000000001297218526326',29,7);
INSERT INTO map_monsters VALUES ('MAP_00000000001296788648248','MONS_00000000001297218526326',29,8);
INSERT INTO map_monsters VALUES ('MAP_00000000001296788648248','MONS_00000000001297218526326',29,9);
INSERT INTO map_monsters VALUES ('MAP_00000000001296788648248','MONS_00000000001297218526326',29,10);
INSERT INTO map_monsters VALUES ('MAP_00000000001296788648248','MONS_00000000001297218526326',29,11);
INSERT INTO map_monsters VALUES ('MAP_00000000001296788648248','MONS_00000000001297218526326',29,12);
INSERT INTO map_monsters VALUES ('MAP_00000000001296788648248','MONS_00000000001297218526326',29,13);
INSERT INTO map_monsters VALUES ('MAP_00000000001296788648248','MONS_00000000001297218526326',29,14);
INSERT INTO map_monsters VALUES ('MAP_00000000001296788648248','MONS_00000000001297218526326',29,15);
INSERT INTO map_monsters VALUES ('MAP_00000000001296788648248','MONS_00000000001297218526326',29,20);
INSERT INTO map_monsters VALUES ('MAP_00000000001296788648248','MONS_00000000001297218526326',29,21);
INSERT INTO map_monsters VALUES ('MAP_00000000001296788648248','MONS_00000000001297218526326',29,22);
INSERT INTO map_monsters VALUES ('MAP_00000000001296788648248','MONS_00000000001297218526326',29,23);
INSERT INTO map_monsters VALUES ('MAP_00000000001296788648248','MONS_00000000001297218526326',29,24);
INSERT INTO map_monsters VALUES ('MAP_00000000001296788648248','MONS_00000000001297218526326',29,25);
INSERT INTO map_monsters VALUES ('MAP_00000000001296788648248','MONS_00000000001297218526326',29,26);
INSERT INTO map_monsters VALUES ('MAP_00000000001296788648248','MONS_00000000001297218526326',29,31);
INSERT INTO map_monsters VALUES ('MAP_00000000001296788648248','MONS_00000000001297218526326',29,32);
INSERT INTO map_monsters VALUES ('MAP_00000000001296788648248','MONS_00000000001297218526326',29,33);
INSERT INTO map_monsters VALUES ('MAP_00000000001296788648248','MONS_00000000001297218526326',29,34);
INSERT INTO map_monsters VALUES ('MAP_00000000001296788648248','MONS_00000000001297218526326',29,35);
INSERT INTO map_monsters VALUES ('MAP_00000000001296788648248','MONS_00000000001297218526326',29,36);
INSERT INTO map_monsters VALUES ('MAP_00000000001296788648248','MONS_00000000001297218526326',29,37);
INSERT INTO map_monsters VALUES ('MAP_00000000001296788648248','MONS_00000000001297218526326',29,38);
INSERT INTO map_monsters VALUES ('MAP_00000000001296788648248','MONS_00000000001297218526326',29,39);
INSERT INTO map_monsters VALUES ('MAP_00000000001296788648248','MONS_00000000001297218526326',29,40);
INSERT INTO map_monsters VALUES ('MAP_00000000001296788648248','MONS_00000000001297218526326',29,41);
INSERT INTO map_monsters VALUES ('MAP_00000000001296788648248','MONS_00000000001297218526326',29,42);
INSERT INTO map_monsters VALUES ('MAP_00000000001296788648248','MONS_00000000001297218526326',29,43);
INSERT INTO map_monsters VALUES ('MAP_00000000001296788648248','MONS_00000000001297218526326',29,44);
INSERT INTO map_monsters VALUES ('MAP_00000000001296788648248','MONS_00000000001297218526326',29,45);
INSERT INTO map_monsters VALUES ('MAP_00000000001296788648248','MONS_00000000001297218526326',29,46);
INSERT INTO map_monsters VALUES ('MAP_00000000001296788648248','MONS_00000000001297218526326',29,47);
INSERT INTO map_monsters VALUES ('MAP_00000000001296788648248','MONS_00000000001297218526326',29,48);
INSERT INTO map_monsters VALUES ('MAP_00000000001296788648248','MONS_00000000001297218526326',29,49);
INSERT INTO map_monsters VALUES ('MAP_00000000001296788648248','MONS_00000000001297218526326',29,50);
INSERT INTO map_monsters VALUES ('MAP_00000000001296788648248','MONS_00000000001297218526326',29,51);
INSERT INTO map_monsters VALUES ('MAP_00000000001296788648248','MONS_00000000001297218526326',29,52);
INSERT INTO map_monsters VALUES ('MAP_00000000001296788648248','MONS_00000000001297218526326',29,53);
INSERT INTO map_monsters VALUES ('MAP_00000000001296788648248','MONS_00000000001297218526326',29,54);
INSERT INTO map_monsters VALUES ('MAP_00000000001296788648248','MONS_00000000001297218526326',29,55);
INSERT INTO map_monsters VALUES ('MAP_00000000001296788648248','MONS_00000000001297218526326',29,56);
INSERT INTO map_monsters VALUES ('MAP_00000000001296788648248','MONS_00000000001297218526326',29,57);
INSERT INTO map_monsters VALUES ('MAP_00000000001296788648248','MONS_00000000001297218526326',29,58);
INSERT INTO map_monsters VALUES ('MAP_00000000001296788648248','MONS_00000000001297218526326',29,59);
INSERT INTO map_monsters VALUES ('MAP_00000000001296788648248','MONS_00000000001297218526326',30,22);
INSERT INTO map_monsters VALUES ('MAP_00000000001296788648248','MONS_00000000001297218526326',30,23);
INSERT INTO map_monsters VALUES ('MAP_00000000001296788648248','MONS_00000000001297218526326',30,24);
INSERT INTO map_monsters VALUES ('MAP_00000000001296788648248','MONS_00000000001297218526326',31,22);
INSERT INTO map_monsters VALUES ('MAP_00000000001296788648248','MONS_00000000001297218526326',31,23);
INSERT INTO map_monsters VALUES ('MAP_00000000001296788648248','MONS_00000000001297218526326',31,24);
INSERT INTO monsters VALUES ('MONS_00000000001297218526341','Petty Nobles',18,1,1,1,1,5,5,5,0,0);
INSERT INTO map_monsters VALUES ('MAP_00000000001296788648248','MONS_00000000001297218526341',1,5);
INSERT INTO map_monsters VALUES ('MAP_00000000001296788648248','MONS_00000000001297218526341',1,6);
INSERT INTO map_monsters VALUES ('MAP_00000000001296788648248','MONS_00000000001297218526341',1,7);
INSERT INTO map_monsters VALUES ('MAP_00000000001296788648248','MONS_00000000001297218526341',1,8);
INSERT INTO map_monsters VALUES ('MAP_00000000001296788648248','MONS_00000000001297218526341',1,9);
INSERT INTO map_monsters VALUES ('MAP_00000000001296788648248','MONS_00000000001297218526341',1,10);
INSERT INTO map_monsters VALUES ('MAP_00000000001296788648248','MONS_00000000001297218526341',1,11);
INSERT INTO map_monsters VALUES ('MAP_00000000001296788648248','MONS_00000000001297218526341',1,12);
INSERT INTO map_monsters VALUES ('MAP_00000000001296788648248','MONS_00000000001297218526341',1,13);
INSERT INTO map_monsters VALUES ('MAP_00000000001296788648248','MONS_00000000001297218526341',1,14);
INSERT INTO map_monsters VALUES ('MAP_00000000001296788648248','MONS_00000000001297218526341',1,15);
INSERT INTO map_monsters VALUES ('MAP_00000000001296788648248','MONS_00000000001297218526341',1,31);
INSERT INTO map_monsters VALUES ('MAP_00000000001296788648248','MONS_00000000001297218526341',1,32);
INSERT INTO map_monsters VALUES ('MAP_00000000001296788648248','MONS_00000000001297218526341',1,33);
INSERT INTO map_monsters VALUES ('MAP_00000000001296788648248','MONS_00000000001297218526341',1,34);
INSERT INTO map_monsters VALUES ('MAP_00000000001296788648248','MONS_00000000001297218526341',1,35);
INSERT INTO map_monsters VALUES ('MAP_00000000001296788648248','MONS_00000000001297218526341',1,36);
INSERT INTO map_monsters VALUES ('MAP_00000000001296788648248','MONS_00000000001297218526341',1,37);
INSERT INTO map_monsters VALUES ('MAP_00000000001296788648248','MONS_00000000001297218526341',1,38);
INSERT INTO map_monsters VALUES ('MAP_00000000001296788648248','MONS_00000000001297218526341',1,39);
INSERT INTO map_monsters VALUES ('MAP_00000000001296788648248','MONS_00000000001297218526341',1,40);
INSERT INTO map_monsters VALUES ('MAP_00000000001296788648248','MONS_00000000001297218526341',1,41);
INSERT INTO map_monsters VALUES ('MAP_00000000001296788648248','MONS_00000000001297218526341',1,42);
INSERT INTO map_monsters VALUES ('MAP_00000000001296788648248','MONS_00000000001297218526341',1,43);
INSERT INTO map_monsters VALUES ('MAP_00000000001296788648248','MONS_00000000001297218526341',1,44);
INSERT INTO map_monsters VALUES ('MAP_00000000001296788648248','MONS_00000000001297218526341',1,45);
INSERT INTO map_monsters VALUES ('MAP_00000000001296788648248','MONS_00000000001297218526341',1,46);
INSERT INTO map_monsters VALUES ('MAP_00000000001296788648248','MONS_00000000001297218526341',1,47);
INSERT INTO map_monsters VALUES ('MAP_00000000001296788648248','MONS_00000000001297218526341',1,48);
INSERT INTO map_monsters VALUES ('MAP_00000000001296788648248','MONS_00000000001297218526341',1,49);
INSERT INTO map_monsters VALUES ('MAP_00000000001296788648248','MONS_00000000001297218526341',1,50);
INSERT INTO map_monsters VALUES ('MAP_00000000001296788648248','MONS_00000000001297218526341',1,51);
INSERT INTO map_monsters VALUES ('MAP_00000000001296788648248','MONS_00000000001297218526341',1,52);
INSERT INTO map_monsters VALUES ('MAP_00000000001296788648248','MONS_00000000001297218526341',1,53);
INSERT INTO map_monsters VALUES ('MAP_00000000001296788648248','MONS_00000000001297218526341',1,54);
INSERT INTO map_monsters VALUES ('MAP_00000000001296788648248','MONS_00000000001297218526341',1,55);
INSERT INTO map_monsters VALUES ('MAP_00000000001296788648248','MONS_00000000001297218526341',1,56);
INSERT INTO map_monsters VALUES ('MAP_00000000001296788648248','MONS_00000000001297218526341',1,57);
INSERT INTO map_monsters VALUES ('MAP_00000000001296788648248','MONS_00000000001297218526341',1,58);
INSERT INTO map_monsters VALUES ('MAP_00000000001296788648248','MONS_00000000001297218526341',1,59);
INSERT INTO map_monsters VALUES ('MAP_00000000001296788648248','MONS_00000000001297218526341',3,7);
INSERT INTO map_monsters VALUES ('MAP_00000000001296788648248','MONS_00000000001297218526341',3,8);
INSERT INTO map_monsters VALUES ('MAP_00000000001296788648248','MONS_00000000001297218526341',3,9);
INSERT INTO map_monsters VALUES ('MAP_00000000001296788648248','MONS_00000000001297218526341',3,10);
INSERT INTO map_monsters VALUES ('MAP_00000000001296788648248','MONS_00000000001297218526341',3,11);
INSERT INTO map_monsters VALUES ('MAP_00000000001296788648248','MONS_00000000001297218526341',3,12);
INSERT INTO map_monsters VALUES ('MAP_00000000001296788648248','MONS_00000000001297218526341',3,13);
INSERT INTO map_monsters VALUES ('MAP_00000000001296788648248','MONS_00000000001297218526341',3,14);
INSERT INTO map_monsters VALUES ('MAP_00000000001296788648248','MONS_00000000001297218526341',3,32);
INSERT INTO map_monsters VALUES ('MAP_00000000001296788648248','MONS_00000000001297218526341',3,33);
INSERT INTO map_monsters VALUES ('MAP_00000000001296788648248','MONS_00000000001297218526341',3,34);
INSERT INTO map_monsters VALUES ('MAP_00000000001296788648248','MONS_00000000001297218526341',3,35);
INSERT INTO map_monsters VALUES ('MAP_00000000001296788648248','MONS_00000000001297218526341',3,36);
INSERT INTO map_monsters VALUES ('MAP_00000000001296788648248','MONS_00000000001297218526341',3,37);
INSERT INTO map_monsters VALUES ('MAP_00000000001296788648248','MONS_00000000001297218526341',3,38);
INSERT INTO map_monsters VALUES ('MAP_00000000001296788648248','MONS_00000000001297218526341',3,39);
INSERT INTO map_monsters VALUES ('MAP_00000000001296788648248','MONS_00000000001297218526341',3,40);
INSERT INTO map_monsters VALUES ('MAP_00000000001296788648248','MONS_00000000001297218526341',3,41);
INSERT INTO map_monsters VALUES ('MAP_00000000001296788648248','MONS_00000000001297218526341',3,42);
INSERT INTO map_monsters VALUES ('MAP_00000000001296788648248','MONS_00000000001297218526341',4,45);
INSERT INTO map_monsters VALUES ('MAP_00000000001296788648248','MONS_00000000001297218526341',4,46);
INSERT INTO map_monsters VALUES ('MAP_00000000001296788648248','MONS_00000000001297218526341',4,47);
INSERT INTO map_monsters VALUES ('MAP_00000000001296788648248','MONS_00000000001297218526341',4,48);
INSERT INTO map_monsters VALUES ('MAP_00000000001296788648248','MONS_00000000001297218526341',4,49);
INSERT INTO map_monsters VALUES ('MAP_00000000001296788648248','MONS_00000000001297218526341',4,50);
INSERT INTO map_monsters VALUES ('MAP_00000000001296788648248','MONS_00000000001297218526341',4,51);
INSERT INTO map_monsters VALUES ('MAP_00000000001296788648248','MONS_00000000001297218526341',4,52);
INSERT INTO map_monsters VALUES ('MAP_00000000001296788648248','MONS_00000000001297218526341',4,53);
INSERT INTO map_monsters VALUES ('MAP_00000000001296788648248','MONS_00000000001297218526341',4,54);
INSERT INTO map_monsters VALUES ('MAP_00000000001296788648248','MONS_00000000001297218526341',4,55);
INSERT INTO map_monsters VALUES ('MAP_00000000001296788648248','MONS_00000000001297218526341',4,56);
INSERT INTO map_monsters VALUES ('MAP_00000000001296788648248','MONS_00000000001297218526341',5,32);
INSERT INTO map_monsters VALUES ('MAP_00000000001296788648248','MONS_00000000001297218526341',5,33);
INSERT INTO map_monsters VALUES ('MAP_00000000001296788648248','MONS_00000000001297218526341',5,34);
INSERT INTO map_monsters VALUES ('MAP_00000000001296788648248','MONS_00000000001297218526341',5,35);
INSERT INTO map_monsters VALUES ('MAP_00000000001296788648248','MONS_00000000001297218526341',5,36);
INSERT INTO map_monsters VALUES ('MAP_00000000001296788648248','MONS_00000000001297218526341',5,37);
INSERT INTO map_monsters VALUES ('MAP_00000000001296788648248','MONS_00000000001297218526341',5,38);
INSERT INTO map_monsters VALUES ('MAP_00000000001296788648248','MONS_00000000001297218526341',5,39);
INSERT INTO map_monsters VALUES ('MAP_00000000001296788648248','MONS_00000000001297218526341',5,40);
INSERT INTO map_monsters VALUES ('MAP_00000000001296788648248','MONS_00000000001297218526341',5,45);
INSERT INTO map_monsters VALUES ('MAP_00000000001296788648248','MONS_00000000001297218526341',5,62);
INSERT INTO map_monsters VALUES ('MAP_00000000001296788648248','MONS_00000000001297218526341',6,45);
INSERT INTO map_monsters VALUES ('MAP_00000000001296788648248','MONS_00000000001297218526341',6,47);
INSERT INTO map_monsters VALUES ('MAP_00000000001296788648248','MONS_00000000001297218526341',6,48);
INSERT INTO map_monsters VALUES ('MAP_00000000001296788648248','MONS_00000000001297218526341',6,49);
INSERT INTO map_monsters VALUES ('MAP_00000000001296788648248','MONS_00000000001297218526341',6,50);
INSERT INTO map_monsters VALUES ('MAP_00000000001296788648248','MONS_00000000001297218526341',6,51);
INSERT INTO map_monsters VALUES ('MAP_00000000001296788648248','MONS_00000000001297218526341',6,52);
INSERT INTO map_monsters VALUES ('MAP_00000000001296788648248','MONS_00000000001297218526341',6,53);
INSERT INTO map_monsters VALUES ('MAP_00000000001296788648248','MONS_00000000001297218526341',6,54);
INSERT INTO map_monsters VALUES ('MAP_00000000001296788648248','MONS_00000000001297218526341',6,55);
INSERT INTO map_monsters VALUES ('MAP_00000000001296788648248','MONS_00000000001297218526341',6,56);
INSERT INTO map_monsters VALUES ('MAP_00000000001296788648248','MONS_00000000001297218526341',6,57);
INSERT INTO map_monsters VALUES ('MAP_00000000001296788648248','MONS_00000000001297218526341',6,58);
INSERT INTO map_monsters VALUES ('MAP_00000000001296788648248','MONS_00000000001297218526341',6,59);
INSERT INTO map_monsters VALUES ('MAP_00000000001296788648248','MONS_00000000001297218526341',6,60);
INSERT INTO map_monsters VALUES ('MAP_00000000001296788648248','MONS_00000000001297218526341',6,61);
INSERT INTO map_monsters VALUES ('MAP_00000000001296788648248','MONS_00000000001297218526341',6,62);
INSERT INTO map_monsters VALUES ('MAP_00000000001296788648248','MONS_00000000001297218526341',7,26);
INSERT INTO map_monsters VALUES ('MAP_00000000001296788648248','MONS_00000000001297218526341',7,27);
INSERT INTO map_monsters VALUES ('MAP_00000000001296788648248','MONS_00000000001297218526341',7,28);
INSERT INTO map_monsters VALUES ('MAP_00000000001296788648248','MONS_00000000001297218526341',7,29);
INSERT INTO map_monsters VALUES ('MAP_00000000001296788648248','MONS_00000000001297218526341',7,30);
INSERT INTO map_monsters VALUES ('MAP_00000000001296788648248','MONS_00000000001297218526341',7,31);
INSERT INTO map_monsters VALUES ('MAP_00000000001296788648248','MONS_00000000001297218526341',7,32);
INSERT INTO map_monsters VALUES ('MAP_00000000001296788648248','MONS_00000000001297218526341',7,33);
INSERT INTO map_monsters VALUES ('MAP_00000000001296788648248','MONS_00000000001297218526341',7,34);
INSERT INTO map_monsters VALUES ('MAP_00000000001296788648248','MONS_00000000001297218526341',7,35);
INSERT INTO map_monsters VALUES ('MAP_00000000001296788648248','MONS_00000000001297218526341',7,36);
INSERT INTO map_monsters VALUES ('MAP_00000000001296788648248','MONS_00000000001297218526341',7,37);
INSERT INTO map_monsters VALUES ('MAP_00000000001296788648248','MONS_00000000001297218526341',7,38);
INSERT INTO map_monsters VALUES ('MAP_00000000001296788648248','MONS_00000000001297218526341',7,39);
INSERT INTO map_monsters VALUES ('MAP_00000000001296788648248','MONS_00000000001297218526341',7,45);
INSERT INTO map_monsters VALUES ('MAP_00000000001296788648248','MONS_00000000001297218526341',7,47);
INSERT INTO map_monsters VALUES ('MAP_00000000001296788648248','MONS_00000000001297218526341',8,45);
INSERT INTO map_monsters VALUES ('MAP_00000000001296788648248','MONS_00000000001297218526341',8,47);
INSERT INTO map_monsters VALUES ('MAP_00000000001296788648248','MONS_00000000001297218526341',8,49);
INSERT INTO map_monsters VALUES ('MAP_00000000001296788648248','MONS_00000000001297218526341',8,50);
INSERT INTO map_monsters VALUES ('MAP_00000000001296788648248','MONS_00000000001297218526341',8,51);
INSERT INTO map_monsters VALUES ('MAP_00000000001296788648248','MONS_00000000001297218526341',8,52);
INSERT INTO map_monsters VALUES ('MAP_00000000001296788648248','MONS_00000000001297218526341',8,53);
INSERT INTO map_monsters VALUES ('MAP_00000000001296788648248','MONS_00000000001297218526341',8,54);
INSERT INTO map_monsters VALUES ('MAP_00000000001296788648248','MONS_00000000001297218526341',8,55);
INSERT INTO map_monsters VALUES ('MAP_00000000001296788648248','MONS_00000000001297218526341',8,56);
INSERT INTO map_monsters VALUES ('MAP_00000000001296788648248','MONS_00000000001297218526341',8,57);
INSERT INTO map_monsters VALUES ('MAP_00000000001296788648248','MONS_00000000001297218526341',8,58);
INSERT INTO map_monsters VALUES ('MAP_00000000001296788648248','MONS_00000000001297218526341',8,59);
INSERT INTO map_monsters VALUES ('MAP_00000000001296788648248','MONS_00000000001297218526341',8,60);
INSERT INTO map_monsters VALUES ('MAP_00000000001296788648248','MONS_00000000001297218526341',8,61);
INSERT INTO map_monsters VALUES ('MAP_00000000001296788648248','MONS_00000000001297218526341',8,62);
INSERT INTO map_monsters VALUES ('MAP_00000000001296788648248','MONS_00000000001297218526341',9,27);
INSERT INTO map_monsters VALUES ('MAP_00000000001296788648248','MONS_00000000001297218526341',9,28);
INSERT INTO map_monsters VALUES ('MAP_00000000001296788648248','MONS_00000000001297218526341',9,29);
INSERT INTO map_monsters VALUES ('MAP_00000000001296788648248','MONS_00000000001297218526341',9,30);
INSERT INTO map_monsters VALUES ('MAP_00000000001296788648248','MONS_00000000001297218526341',9,31);
INSERT INTO map_monsters VALUES ('MAP_00000000001296788648248','MONS_00000000001297218526341',9,32);
INSERT INTO map_monsters VALUES ('MAP_00000000001296788648248','MONS_00000000001297218526341',9,33);
INSERT INTO map_monsters VALUES ('MAP_00000000001296788648248','MONS_00000000001297218526341',9,34);
INSERT INTO map_monsters VALUES ('MAP_00000000001296788648248','MONS_00000000001297218526341',9,35);
INSERT INTO map_monsters VALUES ('MAP_00000000001296788648248','MONS_00000000001297218526341',9,36);
INSERT INTO map_monsters VALUES ('MAP_00000000001296788648248','MONS_00000000001297218526341',9,37);
INSERT INTO map_monsters VALUES ('MAP_00000000001296788648248','MONS_00000000001297218526341',9,38);
INSERT INTO map_monsters VALUES ('MAP_00000000001296788648248','MONS_00000000001297218526341',9,45);
INSERT INTO map_monsters VALUES ('MAP_00000000001296788648248','MONS_00000000001297218526341',10,45);
INSERT INTO map_monsters VALUES ('MAP_00000000001296788648248','MONS_00000000001297218526341',10,51);
INSERT INTO map_monsters VALUES ('MAP_00000000001296788648248','MONS_00000000001297218526341',10,52);
INSERT INTO map_monsters VALUES ('MAP_00000000001296788648248','MONS_00000000001297218526341',10,53);
INSERT INTO map_monsters VALUES ('MAP_00000000001296788648248','MONS_00000000001297218526341',10,54);
INSERT INTO map_monsters VALUES ('MAP_00000000001296788648248','MONS_00000000001297218526341',10,55);
INSERT INTO map_monsters VALUES ('MAP_00000000001296788648248','MONS_00000000001297218526341',10,56);
INSERT INTO map_monsters VALUES ('MAP_00000000001296788648248','MONS_00000000001297218526341',10,57);
INSERT INTO map_monsters VALUES ('MAP_00000000001296788648248','MONS_00000000001297218526341',10,58);
INSERT INTO map_monsters VALUES ('MAP_00000000001296788648248','MONS_00000000001297218526341',10,59);
INSERT INTO map_monsters VALUES ('MAP_00000000001296788648248','MONS_00000000001297218526341',10,60);
INSERT INTO map_monsters VALUES ('MAP_00000000001296788648248','MONS_00000000001297218526341',10,61);
INSERT INTO map_monsters VALUES ('MAP_00000000001296788648248','MONS_00000000001297218526341',10,62);
INSERT INTO map_monsters VALUES ('MAP_00000000001296788648248','MONS_00000000001297218526341',11,25);
INSERT INTO map_monsters VALUES ('MAP_00000000001296788648248','MONS_00000000001297218526341',11,26);
INSERT INTO map_monsters VALUES ('MAP_00000000001296788648248','MONS_00000000001297218526341',11,27);
INSERT INTO map_monsters VALUES ('MAP_00000000001296788648248','MONS_00000000001297218526341',11,28);
INSERT INTO map_monsters VALUES ('MAP_00000000001296788648248','MONS_00000000001297218526341',11,29);
INSERT INTO map_monsters VALUES ('MAP_00000000001296788648248','MONS_00000000001297218526341',11,30);
INSERT INTO map_monsters VALUES ('MAP_00000000001296788648248','MONS_00000000001297218526341',11,31);
INSERT INTO map_monsters VALUES ('MAP_00000000001296788648248','MONS_00000000001297218526341',11,32);
INSERT INTO map_monsters VALUES ('MAP_00000000001296788648248','MONS_00000000001297218526341',11,33);
INSERT INTO map_monsters VALUES ('MAP_00000000001296788648248','MONS_00000000001297218526341',11,34);
INSERT INTO map_monsters VALUES ('MAP_00000000001296788648248','MONS_00000000001297218526341',11,35);
INSERT INTO map_monsters VALUES ('MAP_00000000001296788648248','MONS_00000000001297218526341',11,36);
INSERT INTO map_monsters VALUES ('MAP_00000000001296788648248','MONS_00000000001297218526341',11,37);
INSERT INTO map_monsters VALUES ('MAP_00000000001296788648248','MONS_00000000001297218526341',11,45);
INSERT INTO map_monsters VALUES ('MAP_00000000001296788648248','MONS_00000000001297218526341',11,47);
INSERT INTO map_monsters VALUES ('MAP_00000000001296788648248','MONS_00000000001297218526341',11,49);
INSERT INTO map_monsters VALUES ('MAP_00000000001296788648248','MONS_00000000001297218526341',12,45);
INSERT INTO map_monsters VALUES ('MAP_00000000001296788648248','MONS_00000000001297218526341',12,47);
INSERT INTO map_monsters VALUES ('MAP_00000000001296788648248','MONS_00000000001297218526341',12,49);
INSERT INTO map_monsters VALUES ('MAP_00000000001296788648248','MONS_00000000001297218526341',12,51);
INSERT INTO map_monsters VALUES ('MAP_00000000001296788648248','MONS_00000000001297218526341',13,27);
INSERT INTO map_monsters VALUES ('MAP_00000000001296788648248','MONS_00000000001297218526341',13,29);
INSERT INTO map_monsters VALUES ('MAP_00000000001296788648248','MONS_00000000001297218526341',13,30);
INSERT INTO map_monsters VALUES ('MAP_00000000001296788648248','MONS_00000000001297218526341',13,31);
INSERT INTO map_monsters VALUES ('MAP_00000000001296788648248','MONS_00000000001297218526341',13,32);
INSERT INTO map_monsters VALUES ('MAP_00000000001296788648248','MONS_00000000001297218526341',13,33);
INSERT INTO map_monsters VALUES ('MAP_00000000001296788648248','MONS_00000000001297218526341',13,34);
INSERT INTO map_monsters VALUES ('MAP_00000000001296788648248','MONS_00000000001297218526341',13,35);
INSERT INTO map_monsters VALUES ('MAP_00000000001296788648248','MONS_00000000001297218526341',13,36);
INSERT INTO map_monsters VALUES ('MAP_00000000001296788648248','MONS_00000000001297218526341',13,37);
INSERT INTO map_monsters VALUES ('MAP_00000000001296788648248','MONS_00000000001297218526341',13,38);
INSERT INTO map_monsters VALUES ('MAP_00000000001296788648248','MONS_00000000001297218526341',13,39);
INSERT INTO map_monsters VALUES ('MAP_00000000001296788648248','MONS_00000000001297218526341',13,45);
INSERT INTO map_monsters VALUES ('MAP_00000000001296788648248','MONS_00000000001297218526341',13,47);
INSERT INTO map_monsters VALUES ('MAP_00000000001296788648248','MONS_00000000001297218526341',13,49);
INSERT INTO map_monsters VALUES ('MAP_00000000001296788648248','MONS_00000000001297218526341',13,51);
INSERT INTO map_monsters VALUES ('MAP_00000000001296788648248','MONS_00000000001297218526341',14,47);
INSERT INTO map_monsters VALUES ('MAP_00000000001296788648248','MONS_00000000001297218526341',14,49);
INSERT INTO map_monsters VALUES ('MAP_00000000001296788648248','MONS_00000000001297218526341',14,51);
INSERT INTO map_monsters VALUES ('MAP_00000000001296788648248','MONS_00000000001297218526341',15,47);
INSERT INTO map_monsters VALUES ('MAP_00000000001296788648248','MONS_00000000001297218526341',15,49);
INSERT INTO map_monsters VALUES ('MAP_00000000001296788648248','MONS_00000000001297218526341',16,47);
INSERT INTO map_monsters VALUES ('MAP_00000000001296788648248','MONS_00000000001297218526341',16,49);
INSERT INTO map_monsters VALUES ('MAP_00000000001296788648248','MONS_00000000001297218526341',17,47);
INSERT INTO map_monsters VALUES ('MAP_00000000001296788648248','MONS_00000000001297218526341',17,49);
INSERT INTO map_monsters VALUES ('MAP_00000000001296788648248','MONS_00000000001297218526341',17,51);
INSERT INTO map_monsters VALUES ('MAP_00000000001296788648248','MONS_00000000001297218526341',18,27);
INSERT INTO map_monsters VALUES ('MAP_00000000001296788648248','MONS_00000000001297218526341',18,29);
INSERT INTO map_monsters VALUES ('MAP_00000000001296788648248','MONS_00000000001297218526341',18,30);
INSERT INTO map_monsters VALUES ('MAP_00000000001296788648248','MONS_00000000001297218526341',18,31);
INSERT INTO map_monsters VALUES ('MAP_00000000001296788648248','MONS_00000000001297218526341',18,32);
INSERT INTO map_monsters VALUES ('MAP_00000000001296788648248','MONS_00000000001297218526341',18,33);
INSERT INTO map_monsters VALUES ('MAP_00000000001296788648248','MONS_00000000001297218526341',18,34);
INSERT INTO map_monsters VALUES ('MAP_00000000001296788648248','MONS_00000000001297218526341',18,35);
INSERT INTO map_monsters VALUES ('MAP_00000000001296788648248','MONS_00000000001297218526341',18,36);
INSERT INTO map_monsters VALUES ('MAP_00000000001296788648248','MONS_00000000001297218526341',18,37);
INSERT INTO map_monsters VALUES ('MAP_00000000001296788648248','MONS_00000000001297218526341',18,38);
INSERT INTO map_monsters VALUES ('MAP_00000000001296788648248','MONS_00000000001297218526341',18,39);
INSERT INTO map_monsters VALUES ('MAP_00000000001296788648248','MONS_00000000001297218526341',18,45);
INSERT INTO map_monsters VALUES ('MAP_00000000001296788648248','MONS_00000000001297218526341',18,47);
INSERT INTO map_monsters VALUES ('MAP_00000000001296788648248','MONS_00000000001297218526341',18,49);
INSERT INTO map_monsters VALUES ('MAP_00000000001296788648248','MONS_00000000001297218526341',18,51);
INSERT INTO map_monsters VALUES ('MAP_00000000001296788648248','MONS_00000000001297218526341',19,45);
INSERT INTO map_monsters VALUES ('MAP_00000000001296788648248','MONS_00000000001297218526341',19,47);
INSERT INTO map_monsters VALUES ('MAP_00000000001296788648248','MONS_00000000001297218526341',19,49);
INSERT INTO map_monsters VALUES ('MAP_00000000001296788648248','MONS_00000000001297218526341',19,51);
INSERT INTO map_monsters VALUES ('MAP_00000000001296788648248','MONS_00000000001297218526341',20,25);
INSERT INTO map_monsters VALUES ('MAP_00000000001296788648248','MONS_00000000001297218526341',20,26);
INSERT INTO map_monsters VALUES ('MAP_00000000001296788648248','MONS_00000000001297218526341',20,27);
INSERT INTO map_monsters VALUES ('MAP_00000000001296788648248','MONS_00000000001297218526341',20,28);
INSERT INTO map_monsters VALUES ('MAP_00000000001296788648248','MONS_00000000001297218526341',20,29);
INSERT INTO map_monsters VALUES ('MAP_00000000001296788648248','MONS_00000000001297218526341',20,30);
INSERT INTO map_monsters VALUES ('MAP_00000000001296788648248','MONS_00000000001297218526341',20,31);
INSERT INTO map_monsters VALUES ('MAP_00000000001296788648248','MONS_00000000001297218526341',20,32);
INSERT INTO map_monsters VALUES ('MAP_00000000001296788648248','MONS_00000000001297218526341',20,33);
INSERT INTO map_monsters VALUES ('MAP_00000000001296788648248','MONS_00000000001297218526341',20,34);
INSERT INTO map_monsters VALUES ('MAP_00000000001296788648248','MONS_00000000001297218526341',20,35);
INSERT INTO map_monsters VALUES ('MAP_00000000001296788648248','MONS_00000000001297218526341',20,36);
INSERT INTO map_monsters VALUES ('MAP_00000000001296788648248','MONS_00000000001297218526341',20,37);
INSERT INTO map_monsters VALUES ('MAP_00000000001296788648248','MONS_00000000001297218526341',20,45);
INSERT INTO map_monsters VALUES ('MAP_00000000001296788648248','MONS_00000000001297218526341',20,47);
INSERT INTO map_monsters VALUES ('MAP_00000000001296788648248','MONS_00000000001297218526341',20,49);
INSERT INTO map_monsters VALUES ('MAP_00000000001296788648248','MONS_00000000001297218526341',21,45);
INSERT INTO map_monsters VALUES ('MAP_00000000001296788648248','MONS_00000000001297218526341',21,51);
INSERT INTO map_monsters VALUES ('MAP_00000000001296788648248','MONS_00000000001297218526341',21,52);
INSERT INTO map_monsters VALUES ('MAP_00000000001296788648248','MONS_00000000001297218526341',21,53);
INSERT INTO map_monsters VALUES ('MAP_00000000001296788648248','MONS_00000000001297218526341',21,54);
INSERT INTO map_monsters VALUES ('MAP_00000000001296788648248','MONS_00000000001297218526341',21,55);
INSERT INTO map_monsters VALUES ('MAP_00000000001296788648248','MONS_00000000001297218526341',21,56);
INSERT INTO map_monsters VALUES ('MAP_00000000001296788648248','MONS_00000000001297218526341',21,57);
INSERT INTO map_monsters VALUES ('MAP_00000000001296788648248','MONS_00000000001297218526341',21,58);
INSERT INTO map_monsters VALUES ('MAP_00000000001296788648248','MONS_00000000001297218526341',21,59);
INSERT INTO map_monsters VALUES ('MAP_00000000001296788648248','MONS_00000000001297218526341',21,60);
INSERT INTO map_monsters VALUES ('MAP_00000000001296788648248','MONS_00000000001297218526341',21,61);
INSERT INTO map_monsters VALUES ('MAP_00000000001296788648248','MONS_00000000001297218526341',21,62);
INSERT INTO map_monsters VALUES ('MAP_00000000001296788648248','MONS_00000000001297218526341',22,27);
INSERT INTO map_monsters VALUES ('MAP_00000000001296788648248','MONS_00000000001297218526341',22,28);
INSERT INTO map_monsters VALUES ('MAP_00000000001296788648248','MONS_00000000001297218526341',22,29);
INSERT INTO map_monsters VALUES ('MAP_00000000001296788648248','MONS_00000000001297218526341',22,30);
INSERT INTO map_monsters VALUES ('MAP_00000000001296788648248','MONS_00000000001297218526341',22,31);
INSERT INTO map_monsters VALUES ('MAP_00000000001296788648248','MONS_00000000001297218526341',22,32);
INSERT INTO map_monsters VALUES ('MAP_00000000001296788648248','MONS_00000000001297218526341',22,33);
INSERT INTO map_monsters VALUES ('MAP_00000000001296788648248','MONS_00000000001297218526341',22,34);
INSERT INTO map_monsters VALUES ('MAP_00000000001296788648248','MONS_00000000001297218526341',22,35);
INSERT INTO map_monsters VALUES ('MAP_00000000001296788648248','MONS_00000000001297218526341',22,36);
INSERT INTO map_monsters VALUES ('MAP_00000000001296788648248','MONS_00000000001297218526341',22,37);
INSERT INTO map_monsters VALUES ('MAP_00000000001296788648248','MONS_00000000001297218526341',22,38);
INSERT INTO map_monsters VALUES ('MAP_00000000001296788648248','MONS_00000000001297218526341',22,45);
INSERT INTO map_monsters VALUES ('MAP_00000000001296788648248','MONS_00000000001297218526341',23,45);
INSERT INTO map_monsters VALUES ('MAP_00000000001296788648248','MONS_00000000001297218526341',23,47);
INSERT INTO map_monsters VALUES ('MAP_00000000001296788648248','MONS_00000000001297218526341',23,49);
INSERT INTO map_monsters VALUES ('MAP_00000000001296788648248','MONS_00000000001297218526341',23,50);
INSERT INTO map_monsters VALUES ('MAP_00000000001296788648248','MONS_00000000001297218526341',23,51);
INSERT INTO map_monsters VALUES ('MAP_00000000001296788648248','MONS_00000000001297218526341',23,52);
INSERT INTO map_monsters VALUES ('MAP_00000000001296788648248','MONS_00000000001297218526341',23,53);
INSERT INTO map_monsters VALUES ('MAP_00000000001296788648248','MONS_00000000001297218526341',23,54);
INSERT INTO map_monsters VALUES ('MAP_00000000001296788648248','MONS_00000000001297218526341',23,55);
INSERT INTO map_monsters VALUES ('MAP_00000000001296788648248','MONS_00000000001297218526341',23,56);
INSERT INTO map_monsters VALUES ('MAP_00000000001296788648248','MONS_00000000001297218526341',23,57);
INSERT INTO map_monsters VALUES ('MAP_00000000001296788648248','MONS_00000000001297218526341',23,58);
INSERT INTO map_monsters VALUES ('MAP_00000000001296788648248','MONS_00000000001297218526341',23,59);
INSERT INTO map_monsters VALUES ('MAP_00000000001296788648248','MONS_00000000001297218526341',23,60);
INSERT INTO map_monsters VALUES ('MAP_00000000001296788648248','MONS_00000000001297218526341',23,61);
INSERT INTO map_monsters VALUES ('MAP_00000000001296788648248','MONS_00000000001297218526341',23,62);
INSERT INTO map_monsters VALUES ('MAP_00000000001296788648248','MONS_00000000001297218526341',24,26);
INSERT INTO map_monsters VALUES ('MAP_00000000001296788648248','MONS_00000000001297218526341',24,27);
INSERT INTO map_monsters VALUES ('MAP_00000000001296788648248','MONS_00000000001297218526341',24,28);
INSERT INTO map_monsters VALUES ('MAP_00000000001296788648248','MONS_00000000001297218526341',24,29);
INSERT INTO map_monsters VALUES ('MAP_00000000001296788648248','MONS_00000000001297218526341',24,30);
INSERT INTO map_monsters VALUES ('MAP_00000000001296788648248','MONS_00000000001297218526341',24,31);
INSERT INTO map_monsters VALUES ('MAP_00000000001296788648248','MONS_00000000001297218526341',24,32);
INSERT INTO map_monsters VALUES ('MAP_00000000001296788648248','MONS_00000000001297218526341',24,33);
INSERT INTO map_monsters VALUES ('MAP_00000000001296788648248','MONS_00000000001297218526341',24,34);
INSERT INTO map_monsters VALUES ('MAP_00000000001296788648248','MONS_00000000001297218526341',24,35);
INSERT INTO map_monsters VALUES ('MAP_00000000001296788648248','MONS_00000000001297218526341',24,36);
INSERT INTO map_monsters VALUES ('MAP_00000000001296788648248','MONS_00000000001297218526341',24,37);
INSERT INTO map_monsters VALUES ('MAP_00000000001296788648248','MONS_00000000001297218526341',24,38);
INSERT INTO map_monsters VALUES ('MAP_00000000001296788648248','MONS_00000000001297218526341',24,39);
INSERT INTO map_monsters VALUES ('MAP_00000000001296788648248','MONS_00000000001297218526341',24,45);
INSERT INTO map_monsters VALUES ('MAP_00000000001296788648248','MONS_00000000001297218526341',24,47);
INSERT INTO map_monsters VALUES ('MAP_00000000001296788648248','MONS_00000000001297218526341',25,45);
INSERT INTO map_monsters VALUES ('MAP_00000000001296788648248','MONS_00000000001297218526341',25,47);
INSERT INTO map_monsters VALUES ('MAP_00000000001296788648248','MONS_00000000001297218526341',25,48);
INSERT INTO map_monsters VALUES ('MAP_00000000001296788648248','MONS_00000000001297218526341',25,49);
INSERT INTO map_monsters VALUES ('MAP_00000000001296788648248','MONS_00000000001297218526341',25,50);
INSERT INTO map_monsters VALUES ('MAP_00000000001296788648248','MONS_00000000001297218526341',25,51);
INSERT INTO map_monsters VALUES ('MAP_00000000001296788648248','MONS_00000000001297218526341',25,52);
INSERT INTO map_monsters VALUES ('MAP_00000000001296788648248','MONS_00000000001297218526341',25,53);
INSERT INTO map_monsters VALUES ('MAP_00000000001296788648248','MONS_00000000001297218526341',25,54);
INSERT INTO map_monsters VALUES ('MAP_00000000001296788648248','MONS_00000000001297218526341',25,55);
INSERT INTO map_monsters VALUES ('MAP_00000000001296788648248','MONS_00000000001297218526341',25,56);
INSERT INTO map_monsters VALUES ('MAP_00000000001296788648248','MONS_00000000001297218526341',25,57);
INSERT INTO map_monsters VALUES ('MAP_00000000001296788648248','MONS_00000000001297218526341',25,58);
INSERT INTO map_monsters VALUES ('MAP_00000000001296788648248','MONS_00000000001297218526341',25,59);
INSERT INTO map_monsters VALUES ('MAP_00000000001296788648248','MONS_00000000001297218526341',25,60);
INSERT INTO map_monsters VALUES ('MAP_00000000001296788648248','MONS_00000000001297218526341',25,61);
INSERT INTO map_monsters VALUES ('MAP_00000000001296788648248','MONS_00000000001297218526341',25,62);
INSERT INTO map_monsters VALUES ('MAP_00000000001296788648248','MONS_00000000001297218526341',26,32);
INSERT INTO map_monsters VALUES ('MAP_00000000001296788648248','MONS_00000000001297218526341',26,33);
INSERT INTO map_monsters VALUES ('MAP_00000000001296788648248','MONS_00000000001297218526341',26,34);
INSERT INTO map_monsters VALUES ('MAP_00000000001296788648248','MONS_00000000001297218526341',26,35);
INSERT INTO map_monsters VALUES ('MAP_00000000001296788648248','MONS_00000000001297218526341',26,36);
INSERT INTO map_monsters VALUES ('MAP_00000000001296788648248','MONS_00000000001297218526341',26,37);
INSERT INTO map_monsters VALUES ('MAP_00000000001296788648248','MONS_00000000001297218526341',26,38);
INSERT INTO map_monsters VALUES ('MAP_00000000001296788648248','MONS_00000000001297218526341',26,39);
INSERT INTO map_monsters VALUES ('MAP_00000000001296788648248','MONS_00000000001297218526341',26,40);
INSERT INTO map_monsters VALUES ('MAP_00000000001296788648248','MONS_00000000001297218526341',26,45);
INSERT INTO map_monsters VALUES ('MAP_00000000001296788648248','MONS_00000000001297218526341',26,62);
INSERT INTO map_monsters VALUES ('MAP_00000000001296788648248','MONS_00000000001297218526341',27,45);
INSERT INTO map_monsters VALUES ('MAP_00000000001296788648248','MONS_00000000001297218526341',27,46);
INSERT INTO map_monsters VALUES ('MAP_00000000001296788648248','MONS_00000000001297218526341',27,47);
INSERT INTO map_monsters VALUES ('MAP_00000000001296788648248','MONS_00000000001297218526341',27,48);
INSERT INTO map_monsters VALUES ('MAP_00000000001296788648248','MONS_00000000001297218526341',27,49);
INSERT INTO map_monsters VALUES ('MAP_00000000001296788648248','MONS_00000000001297218526341',27,50);
INSERT INTO map_monsters VALUES ('MAP_00000000001296788648248','MONS_00000000001297218526341',27,51);
INSERT INTO map_monsters VALUES ('MAP_00000000001296788648248','MONS_00000000001297218526341',27,52);
INSERT INTO map_monsters VALUES ('MAP_00000000001296788648248','MONS_00000000001297218526341',27,53);
INSERT INTO map_monsters VALUES ('MAP_00000000001296788648248','MONS_00000000001297218526341',27,54);
INSERT INTO map_monsters VALUES ('MAP_00000000001296788648248','MONS_00000000001297218526341',27,55);
INSERT INTO map_monsters VALUES ('MAP_00000000001296788648248','MONS_00000000001297218526341',27,56);
INSERT INTO map_monsters VALUES ('MAP_00000000001296788648248','MONS_00000000001297218526341',28,7);
INSERT INTO map_monsters VALUES ('MAP_00000000001296788648248','MONS_00000000001297218526341',28,8);
INSERT INTO map_monsters VALUES ('MAP_00000000001296788648248','MONS_00000000001297218526341',28,9);
INSERT INTO map_monsters VALUES ('MAP_00000000001296788648248','MONS_00000000001297218526341',28,10);
INSERT INTO map_monsters VALUES ('MAP_00000000001296788648248','MONS_00000000001297218526341',28,11);
INSERT INTO map_monsters VALUES ('MAP_00000000001296788648248','MONS_00000000001297218526341',28,12);
INSERT INTO map_monsters VALUES ('MAP_00000000001296788648248','MONS_00000000001297218526341',28,13);
INSERT INTO map_monsters VALUES ('MAP_00000000001296788648248','MONS_00000000001297218526341',28,14);
INSERT INTO map_monsters VALUES ('MAP_00000000001296788648248','MONS_00000000001297218526341',28,32);
INSERT INTO map_monsters VALUES ('MAP_00000000001296788648248','MONS_00000000001297218526341',28,33);
INSERT INTO map_monsters VALUES ('MAP_00000000001296788648248','MONS_00000000001297218526341',28,34);
INSERT INTO map_monsters VALUES ('MAP_00000000001296788648248','MONS_00000000001297218526341',28,35);
INSERT INTO map_monsters VALUES ('MAP_00000000001296788648248','MONS_00000000001297218526341',28,36);
INSERT INTO map_monsters VALUES ('MAP_00000000001296788648248','MONS_00000000001297218526341',28,37);
INSERT INTO map_monsters VALUES ('MAP_00000000001296788648248','MONS_00000000001297218526341',28,38);
INSERT INTO map_monsters VALUES ('MAP_00000000001296788648248','MONS_00000000001297218526341',28,39);
INSERT INTO map_monsters VALUES ('MAP_00000000001296788648248','MONS_00000000001297218526341',28,40);
INSERT INTO map_monsters VALUES ('MAP_00000000001296788648248','MONS_00000000001297218526341',28,41);
INSERT INTO map_monsters VALUES ('MAP_00000000001296788648248','MONS_00000000001297218526341',28,42);
INSERT INTO map_monsters VALUES ('MAP_00000000001296788648248','MONS_00000000001297218526341',30,5);
INSERT INTO map_monsters VALUES ('MAP_00000000001296788648248','MONS_00000000001297218526341',30,6);
INSERT INTO map_monsters VALUES ('MAP_00000000001296788648248','MONS_00000000001297218526341',30,7);
INSERT INTO map_monsters VALUES ('MAP_00000000001296788648248','MONS_00000000001297218526341',30,8);
INSERT INTO map_monsters VALUES ('MAP_00000000001296788648248','MONS_00000000001297218526341',30,9);
INSERT INTO map_monsters VALUES ('MAP_00000000001296788648248','MONS_00000000001297218526341',30,10);
INSERT INTO map_monsters VALUES ('MAP_00000000001296788648248','MONS_00000000001297218526341',30,11);
INSERT INTO map_monsters VALUES ('MAP_00000000001296788648248','MONS_00000000001297218526341',30,12);
INSERT INTO map_monsters VALUES ('MAP_00000000001296788648248','MONS_00000000001297218526341',30,13);
INSERT INTO map_monsters VALUES ('MAP_00000000001296788648248','MONS_00000000001297218526341',30,14);
INSERT INTO map_monsters VALUES ('MAP_00000000001296788648248','MONS_00000000001297218526341',30,15);
INSERT INTO map_monsters VALUES ('MAP_00000000001296788648248','MONS_00000000001297218526341',30,31);
INSERT INTO map_monsters VALUES ('MAP_00000000001296788648248','MONS_00000000001297218526341',30,32);
INSERT INTO map_monsters VALUES ('MAP_00000000001296788648248','MONS_00000000001297218526341',30,33);
INSERT INTO map_monsters VALUES ('MAP_00000000001296788648248','MONS_00000000001297218526341',30,34);
INSERT INTO map_monsters VALUES ('MAP_00000000001296788648248','MONS_00000000001297218526341',30,35);
INSERT INTO map_monsters VALUES ('MAP_00000000001296788648248','MONS_00000000001297218526341',30,36);
INSERT INTO map_monsters VALUES ('MAP_00000000001296788648248','MONS_00000000001297218526341',30,37);
INSERT INTO map_monsters VALUES ('MAP_00000000001296788648248','MONS_00000000001297218526341',30,38);
INSERT INTO map_monsters VALUES ('MAP_00000000001296788648248','MONS_00000000001297218526341',30,39);
INSERT INTO map_monsters VALUES ('MAP_00000000001296788648248','MONS_00000000001297218526341',30,40);
INSERT INTO map_monsters VALUES ('MAP_00000000001296788648248','MONS_00000000001297218526341',30,41);
INSERT INTO map_monsters VALUES ('MAP_00000000001296788648248','MONS_00000000001297218526341',30,42);
INSERT INTO map_monsters VALUES ('MAP_00000000001296788648248','MONS_00000000001297218526341',30,43);
INSERT INTO map_monsters VALUES ('MAP_00000000001296788648248','MONS_00000000001297218526341',30,44);
INSERT INTO map_monsters VALUES ('MAP_00000000001296788648248','MONS_00000000001297218526341',30,45);
INSERT INTO map_monsters VALUES ('MAP_00000000001296788648248','MONS_00000000001297218526341',30,46);
INSERT INTO map_monsters VALUES ('MAP_00000000001296788648248','MONS_00000000001297218526341',30,47);
INSERT INTO map_monsters VALUES ('MAP_00000000001296788648248','MONS_00000000001297218526341',30,48);
INSERT INTO map_monsters VALUES ('MAP_00000000001296788648248','MONS_00000000001297218526341',30,49);
INSERT INTO map_monsters VALUES ('MAP_00000000001296788648248','MONS_00000000001297218526341',30,50);
INSERT INTO map_monsters VALUES ('MAP_00000000001296788648248','MONS_00000000001297218526341',30,51);
INSERT INTO map_monsters VALUES ('MAP_00000000001296788648248','MONS_00000000001297218526341',30,52);
INSERT INTO map_monsters VALUES ('MAP_00000000001296788648248','MONS_00000000001297218526341',30,53);
INSERT INTO map_monsters VALUES ('MAP_00000000001296788648248','MONS_00000000001297218526341',30,54);
INSERT INTO map_monsters VALUES ('MAP_00000000001296788648248','MONS_00000000001297218526341',30,55);
INSERT INTO map_monsters VALUES ('MAP_00000000001296788648248','MONS_00000000001297218526341',30,56);
INSERT INTO map_monsters VALUES ('MAP_00000000001296788648248','MONS_00000000001297218526341',30,57);
INSERT INTO map_monsters VALUES ('MAP_00000000001296788648248','MONS_00000000001297218526341',30,58);
INSERT INTO map_monsters VALUES ('MAP_00000000001296788648248','MONS_00000000001297218526341',30,59);
INSERT INTO monsters VALUES ('MONS_00000000001297218526362','Pickpocket',26,1,1,1,1,6,6,6,0,0);
INSERT INTO map_monsters VALUES ('MAP_00000000001296788648248','MONS_00000000001297218526362',1,5);
INSERT INTO map_monsters VALUES ('MAP_00000000001296788648248','MONS_00000000001297218526362',1,6);
INSERT INTO map_monsters VALUES ('MAP_00000000001296788648248','MONS_00000000001297218526362',1,7);
INSERT INTO map_monsters VALUES ('MAP_00000000001296788648248','MONS_00000000001297218526362',1,8);
INSERT INTO map_monsters VALUES ('MAP_00000000001296788648248','MONS_00000000001297218526362',1,9);
INSERT INTO map_monsters VALUES ('MAP_00000000001296788648248','MONS_00000000001297218526362',1,10);
INSERT INTO map_monsters VALUES ('MAP_00000000001296788648248','MONS_00000000001297218526362',1,11);
INSERT INTO map_monsters VALUES ('MAP_00000000001296788648248','MONS_00000000001297218526362',1,12);
INSERT INTO map_monsters VALUES ('MAP_00000000001296788648248','MONS_00000000001297218526362',1,13);
INSERT INTO map_monsters VALUES ('MAP_00000000001296788648248','MONS_00000000001297218526362',1,14);
INSERT INTO map_monsters VALUES ('MAP_00000000001296788648248','MONS_00000000001297218526362',1,15);
INSERT INTO map_monsters VALUES ('MAP_00000000001296788648248','MONS_00000000001297218526362',1,31);
INSERT INTO map_monsters VALUES ('MAP_00000000001296788648248','MONS_00000000001297218526362',1,32);
INSERT INTO map_monsters VALUES ('MAP_00000000001296788648248','MONS_00000000001297218526362',1,33);
INSERT INTO map_monsters VALUES ('MAP_00000000001296788648248','MONS_00000000001297218526362',1,34);
INSERT INTO map_monsters VALUES ('MAP_00000000001296788648248','MONS_00000000001297218526362',1,35);
INSERT INTO map_monsters VALUES ('MAP_00000000001296788648248','MONS_00000000001297218526362',1,36);
INSERT INTO map_monsters VALUES ('MAP_00000000001296788648248','MONS_00000000001297218526362',1,37);
INSERT INTO map_monsters VALUES ('MAP_00000000001296788648248','MONS_00000000001297218526362',1,38);
INSERT INTO map_monsters VALUES ('MAP_00000000001296788648248','MONS_00000000001297218526362',1,39);
INSERT INTO map_monsters VALUES ('MAP_00000000001296788648248','MONS_00000000001297218526362',1,40);
INSERT INTO map_monsters VALUES ('MAP_00000000001296788648248','MONS_00000000001297218526362',1,41);
INSERT INTO map_monsters VALUES ('MAP_00000000001296788648248','MONS_00000000001297218526362',1,42);
INSERT INTO map_monsters VALUES ('MAP_00000000001296788648248','MONS_00000000001297218526362',1,43);
INSERT INTO map_monsters VALUES ('MAP_00000000001296788648248','MONS_00000000001297218526362',1,44);
INSERT INTO map_monsters VALUES ('MAP_00000000001296788648248','MONS_00000000001297218526362',1,45);
INSERT INTO map_monsters VALUES ('MAP_00000000001296788648248','MONS_00000000001297218526362',1,46);
INSERT INTO map_monsters VALUES ('MAP_00000000001296788648248','MONS_00000000001297218526362',1,47);
INSERT INTO map_monsters VALUES ('MAP_00000000001296788648248','MONS_00000000001297218526362',1,48);
INSERT INTO map_monsters VALUES ('MAP_00000000001296788648248','MONS_00000000001297218526362',1,49);
INSERT INTO map_monsters VALUES ('MAP_00000000001296788648248','MONS_00000000001297218526362',1,50);
INSERT INTO map_monsters VALUES ('MAP_00000000001296788648248','MONS_00000000001297218526362',1,51);
INSERT INTO map_monsters VALUES ('MAP_00000000001296788648248','MONS_00000000001297218526362',1,52);
INSERT INTO map_monsters VALUES ('MAP_00000000001296788648248','MONS_00000000001297218526362',1,53);
INSERT INTO map_monsters VALUES ('MAP_00000000001296788648248','MONS_00000000001297218526362',1,54);
INSERT INTO map_monsters VALUES ('MAP_00000000001296788648248','MONS_00000000001297218526362',1,55);
INSERT INTO map_monsters VALUES ('MAP_00000000001296788648248','MONS_00000000001297218526362',1,56);
INSERT INTO map_monsters VALUES ('MAP_00000000001296788648248','MONS_00000000001297218526362',1,57);
INSERT INTO map_monsters VALUES ('MAP_00000000001296788648248','MONS_00000000001297218526362',1,58);
INSERT INTO map_monsters VALUES ('MAP_00000000001296788648248','MONS_00000000001297218526362',1,59);
INSERT INTO map_monsters VALUES ('MAP_00000000001296788648248','MONS_00000000001297218526362',3,7);
INSERT INTO map_monsters VALUES ('MAP_00000000001296788648248','MONS_00000000001297218526362',3,8);
INSERT INTO map_monsters VALUES ('MAP_00000000001296788648248','MONS_00000000001297218526362',3,9);
INSERT INTO map_monsters VALUES ('MAP_00000000001296788648248','MONS_00000000001297218526362',3,10);
INSERT INTO map_monsters VALUES ('MAP_00000000001296788648248','MONS_00000000001297218526362',3,11);
INSERT INTO map_monsters VALUES ('MAP_00000000001296788648248','MONS_00000000001297218526362',3,12);
INSERT INTO map_monsters VALUES ('MAP_00000000001296788648248','MONS_00000000001297218526362',3,13);
INSERT INTO map_monsters VALUES ('MAP_00000000001296788648248','MONS_00000000001297218526362',3,14);
INSERT INTO map_monsters VALUES ('MAP_00000000001296788648248','MONS_00000000001297218526362',3,32);
INSERT INTO map_monsters VALUES ('MAP_00000000001296788648248','MONS_00000000001297218526362',3,33);
INSERT INTO map_monsters VALUES ('MAP_00000000001296788648248','MONS_00000000001297218526362',3,34);
INSERT INTO map_monsters VALUES ('MAP_00000000001296788648248','MONS_00000000001297218526362',3,35);
INSERT INTO map_monsters VALUES ('MAP_00000000001296788648248','MONS_00000000001297218526362',3,36);
INSERT INTO map_monsters VALUES ('MAP_00000000001296788648248','MONS_00000000001297218526362',3,37);
INSERT INTO map_monsters VALUES ('MAP_00000000001296788648248','MONS_00000000001297218526362',3,38);
INSERT INTO map_monsters VALUES ('MAP_00000000001296788648248','MONS_00000000001297218526362',3,39);
INSERT INTO map_monsters VALUES ('MAP_00000000001296788648248','MONS_00000000001297218526362',3,40);
INSERT INTO map_monsters VALUES ('MAP_00000000001296788648248','MONS_00000000001297218526362',3,41);
INSERT INTO map_monsters VALUES ('MAP_00000000001296788648248','MONS_00000000001297218526362',3,42);
INSERT INTO map_monsters VALUES ('MAP_00000000001296788648248','MONS_00000000001297218526362',4,45);
INSERT INTO map_monsters VALUES ('MAP_00000000001296788648248','MONS_00000000001297218526362',4,46);
INSERT INTO map_monsters VALUES ('MAP_00000000001296788648248','MONS_00000000001297218526362',4,47);
INSERT INTO map_monsters VALUES ('MAP_00000000001296788648248','MONS_00000000001297218526362',4,48);
INSERT INTO map_monsters VALUES ('MAP_00000000001296788648248','MONS_00000000001297218526362',4,49);
INSERT INTO map_monsters VALUES ('MAP_00000000001296788648248','MONS_00000000001297218526362',4,50);
INSERT INTO map_monsters VALUES ('MAP_00000000001296788648248','MONS_00000000001297218526362',4,51);
INSERT INTO map_monsters VALUES ('MAP_00000000001296788648248','MONS_00000000001297218526362',4,52);
INSERT INTO map_monsters VALUES ('MAP_00000000001296788648248','MONS_00000000001297218526362',4,53);
INSERT INTO map_monsters VALUES ('MAP_00000000001296788648248','MONS_00000000001297218526362',4,54);
INSERT INTO map_monsters VALUES ('MAP_00000000001296788648248','MONS_00000000001297218526362',4,55);
INSERT INTO map_monsters VALUES ('MAP_00000000001296788648248','MONS_00000000001297218526362',4,56);
INSERT INTO map_monsters VALUES ('MAP_00000000001296788648248','MONS_00000000001297218526362',5,32);
INSERT INTO map_monsters VALUES ('MAP_00000000001296788648248','MONS_00000000001297218526362',5,33);
INSERT INTO map_monsters VALUES ('MAP_00000000001296788648248','MONS_00000000001297218526362',5,34);
INSERT INTO map_monsters VALUES ('MAP_00000000001296788648248','MONS_00000000001297218526362',5,35);
INSERT INTO map_monsters VALUES ('MAP_00000000001296788648248','MONS_00000000001297218526362',5,36);
INSERT INTO map_monsters VALUES ('MAP_00000000001296788648248','MONS_00000000001297218526362',5,37);
INSERT INTO map_monsters VALUES ('MAP_00000000001296788648248','MONS_00000000001297218526362',5,38);
INSERT INTO map_monsters VALUES ('MAP_00000000001296788648248','MONS_00000000001297218526362',5,39);
INSERT INTO map_monsters VALUES ('MAP_00000000001296788648248','MONS_00000000001297218526362',5,40);
INSERT INTO map_monsters VALUES ('MAP_00000000001296788648248','MONS_00000000001297218526362',5,45);
INSERT INTO map_monsters VALUES ('MAP_00000000001296788648248','MONS_00000000001297218526362',5,62);
INSERT INTO map_monsters VALUES ('MAP_00000000001296788648248','MONS_00000000001297218526362',6,45);
INSERT INTO map_monsters VALUES ('MAP_00000000001296788648248','MONS_00000000001297218526362',6,47);
INSERT INTO map_monsters VALUES ('MAP_00000000001296788648248','MONS_00000000001297218526362',6,48);
INSERT INTO map_monsters VALUES ('MAP_00000000001296788648248','MONS_00000000001297218526362',6,49);
INSERT INTO map_monsters VALUES ('MAP_00000000001296788648248','MONS_00000000001297218526362',6,50);
INSERT INTO map_monsters VALUES ('MAP_00000000001296788648248','MONS_00000000001297218526362',6,51);
INSERT INTO map_monsters VALUES ('MAP_00000000001296788648248','MONS_00000000001297218526362',6,52);
INSERT INTO map_monsters VALUES ('MAP_00000000001296788648248','MONS_00000000001297218526362',6,53);
INSERT INTO map_monsters VALUES ('MAP_00000000001296788648248','MONS_00000000001297218526362',6,54);
INSERT INTO map_monsters VALUES ('MAP_00000000001296788648248','MONS_00000000001297218526362',6,55);
INSERT INTO map_monsters VALUES ('MAP_00000000001296788648248','MONS_00000000001297218526362',6,56);
INSERT INTO map_monsters VALUES ('MAP_00000000001296788648248','MONS_00000000001297218526362',6,57);
INSERT INTO map_monsters VALUES ('MAP_00000000001296788648248','MONS_00000000001297218526362',6,58);
INSERT INTO map_monsters VALUES ('MAP_00000000001296788648248','MONS_00000000001297218526362',6,59);
INSERT INTO map_monsters VALUES ('MAP_00000000001296788648248','MONS_00000000001297218526362',6,60);
INSERT INTO map_monsters VALUES ('MAP_00000000001296788648248','MONS_00000000001297218526362',6,61);
INSERT INTO map_monsters VALUES ('MAP_00000000001296788648248','MONS_00000000001297218526362',6,62);
INSERT INTO map_monsters VALUES ('MAP_00000000001296788648248','MONS_00000000001297218526362',7,26);
INSERT INTO map_monsters VALUES ('MAP_00000000001296788648248','MONS_00000000001297218526362',7,27);
INSERT INTO map_monsters VALUES ('MAP_00000000001296788648248','MONS_00000000001297218526362',7,28);
INSERT INTO map_monsters VALUES ('MAP_00000000001296788648248','MONS_00000000001297218526362',7,29);
INSERT INTO map_monsters VALUES ('MAP_00000000001296788648248','MONS_00000000001297218526362',7,30);
INSERT INTO map_monsters VALUES ('MAP_00000000001296788648248','MONS_00000000001297218526362',7,31);
INSERT INTO map_monsters VALUES ('MAP_00000000001296788648248','MONS_00000000001297218526362',7,32);
INSERT INTO map_monsters VALUES ('MAP_00000000001296788648248','MONS_00000000001297218526362',7,33);
INSERT INTO map_monsters VALUES ('MAP_00000000001296788648248','MONS_00000000001297218526362',7,34);
INSERT INTO map_monsters VALUES ('MAP_00000000001296788648248','MONS_00000000001297218526362',7,35);
INSERT INTO map_monsters VALUES ('MAP_00000000001296788648248','MONS_00000000001297218526362',7,36);
INSERT INTO map_monsters VALUES ('MAP_00000000001296788648248','MONS_00000000001297218526362',7,37);
INSERT INTO map_monsters VALUES ('MAP_00000000001296788648248','MONS_00000000001297218526362',7,38);
INSERT INTO map_monsters VALUES ('MAP_00000000001296788648248','MONS_00000000001297218526362',7,39);
INSERT INTO map_monsters VALUES ('MAP_00000000001296788648248','MONS_00000000001297218526362',7,45);
INSERT INTO map_monsters VALUES ('MAP_00000000001296788648248','MONS_00000000001297218526362',7,47);
INSERT INTO map_monsters VALUES ('MAP_00000000001296788648248','MONS_00000000001297218526362',8,45);
INSERT INTO map_monsters VALUES ('MAP_00000000001296788648248','MONS_00000000001297218526362',8,47);
INSERT INTO map_monsters VALUES ('MAP_00000000001296788648248','MONS_00000000001297218526362',8,49);
INSERT INTO map_monsters VALUES ('MAP_00000000001296788648248','MONS_00000000001297218526362',8,50);
INSERT INTO map_monsters VALUES ('MAP_00000000001296788648248','MONS_00000000001297218526362',8,51);
INSERT INTO map_monsters VALUES ('MAP_00000000001296788648248','MONS_00000000001297218526362',8,52);
INSERT INTO map_monsters VALUES ('MAP_00000000001296788648248','MONS_00000000001297218526362',8,53);
INSERT INTO map_monsters VALUES ('MAP_00000000001296788648248','MONS_00000000001297218526362',8,54);
INSERT INTO map_monsters VALUES ('MAP_00000000001296788648248','MONS_00000000001297218526362',8,55);
INSERT INTO map_monsters VALUES ('MAP_00000000001296788648248','MONS_00000000001297218526362',8,56);
INSERT INTO map_monsters VALUES ('MAP_00000000001296788648248','MONS_00000000001297218526362',8,57);
INSERT INTO map_monsters VALUES ('MAP_00000000001296788648248','MONS_00000000001297218526362',8,58);
INSERT INTO map_monsters VALUES ('MAP_00000000001296788648248','MONS_00000000001297218526362',8,59);
INSERT INTO map_monsters VALUES ('MAP_00000000001296788648248','MONS_00000000001297218526362',8,60);
INSERT INTO map_monsters VALUES ('MAP_00000000001296788648248','MONS_00000000001297218526362',8,61);
INSERT INTO map_monsters VALUES ('MAP_00000000001296788648248','MONS_00000000001297218526362',8,62);
INSERT INTO map_monsters VALUES ('MAP_00000000001296788648248','MONS_00000000001297218526362',9,27);
INSERT INTO map_monsters VALUES ('MAP_00000000001296788648248','MONS_00000000001297218526362',9,28);
INSERT INTO map_monsters VALUES ('MAP_00000000001296788648248','MONS_00000000001297218526362',9,29);
INSERT INTO map_monsters VALUES ('MAP_00000000001296788648248','MONS_00000000001297218526362',9,30);
INSERT INTO map_monsters VALUES ('MAP_00000000001296788648248','MONS_00000000001297218526362',9,31);
INSERT INTO map_monsters VALUES ('MAP_00000000001296788648248','MONS_00000000001297218526362',9,32);
INSERT INTO map_monsters VALUES ('MAP_00000000001296788648248','MONS_00000000001297218526362',9,33);
INSERT INTO map_monsters VALUES ('MAP_00000000001296788648248','MONS_00000000001297218526362',9,34);
INSERT INTO map_monsters VALUES ('MAP_00000000001296788648248','MONS_00000000001297218526362',9,35);
INSERT INTO map_monsters VALUES ('MAP_00000000001296788648248','MONS_00000000001297218526362',9,36);
INSERT INTO map_monsters VALUES ('MAP_00000000001296788648248','MONS_00000000001297218526362',9,37);
INSERT INTO map_monsters VALUES ('MAP_00000000001296788648248','MONS_00000000001297218526362',9,38);
INSERT INTO map_monsters VALUES ('MAP_00000000001296788648248','MONS_00000000001297218526362',9,45);
INSERT INTO map_monsters VALUES ('MAP_00000000001296788648248','MONS_00000000001297218526362',10,45);
INSERT INTO map_monsters VALUES ('MAP_00000000001296788648248','MONS_00000000001297218526362',10,51);
INSERT INTO map_monsters VALUES ('MAP_00000000001296788648248','MONS_00000000001297218526362',10,52);
INSERT INTO map_monsters VALUES ('MAP_00000000001296788648248','MONS_00000000001297218526362',10,53);
INSERT INTO map_monsters VALUES ('MAP_00000000001296788648248','MONS_00000000001297218526362',10,54);
INSERT INTO map_monsters VALUES ('MAP_00000000001296788648248','MONS_00000000001297218526362',10,55);
INSERT INTO map_monsters VALUES ('MAP_00000000001296788648248','MONS_00000000001297218526362',10,56);
INSERT INTO map_monsters VALUES ('MAP_00000000001296788648248','MONS_00000000001297218526362',10,57);
INSERT INTO map_monsters VALUES ('MAP_00000000001296788648248','MONS_00000000001297218526362',10,58);
INSERT INTO map_monsters VALUES ('MAP_00000000001296788648248','MONS_00000000001297218526362',10,59);
INSERT INTO map_monsters VALUES ('MAP_00000000001296788648248','MONS_00000000001297218526362',10,60);
INSERT INTO map_monsters VALUES ('MAP_00000000001296788648248','MONS_00000000001297218526362',10,61);
INSERT INTO map_monsters VALUES ('MAP_00000000001296788648248','MONS_00000000001297218526362',10,62);
INSERT INTO map_monsters VALUES ('MAP_00000000001296788648248','MONS_00000000001297218526362',11,25);
INSERT INTO map_monsters VALUES ('MAP_00000000001296788648248','MONS_00000000001297218526362',11,26);
INSERT INTO map_monsters VALUES ('MAP_00000000001296788648248','MONS_00000000001297218526362',11,27);
INSERT INTO map_monsters VALUES ('MAP_00000000001296788648248','MONS_00000000001297218526362',11,28);
INSERT INTO map_monsters VALUES ('MAP_00000000001296788648248','MONS_00000000001297218526362',11,29);
INSERT INTO map_monsters VALUES ('MAP_00000000001296788648248','MONS_00000000001297218526362',11,30);
INSERT INTO map_monsters VALUES ('MAP_00000000001296788648248','MONS_00000000001297218526362',11,31);
INSERT INTO map_monsters VALUES ('MAP_00000000001296788648248','MONS_00000000001297218526362',11,32);
INSERT INTO map_monsters VALUES ('MAP_00000000001296788648248','MONS_00000000001297218526362',11,33);
INSERT INTO map_monsters VALUES ('MAP_00000000001296788648248','MONS_00000000001297218526362',11,34);
INSERT INTO map_monsters VALUES ('MAP_00000000001296788648248','MONS_00000000001297218526362',11,35);
INSERT INTO map_monsters VALUES ('MAP_00000000001296788648248','MONS_00000000001297218526362',11,36);
INSERT INTO map_monsters VALUES ('MAP_00000000001296788648248','MONS_00000000001297218526362',11,37);
INSERT INTO map_monsters VALUES ('MAP_00000000001296788648248','MONS_00000000001297218526362',11,45);
INSERT INTO map_monsters VALUES ('MAP_00000000001296788648248','MONS_00000000001297218526362',11,47);
INSERT INTO map_monsters VALUES ('MAP_00000000001296788648248','MONS_00000000001297218526362',11,49);
INSERT INTO map_monsters VALUES ('MAP_00000000001296788648248','MONS_00000000001297218526362',12,45);
INSERT INTO map_monsters VALUES ('MAP_00000000001296788648248','MONS_00000000001297218526362',12,47);
INSERT INTO map_monsters VALUES ('MAP_00000000001296788648248','MONS_00000000001297218526362',12,49);
INSERT INTO map_monsters VALUES ('MAP_00000000001296788648248','MONS_00000000001297218526362',12,51);
INSERT INTO map_monsters VALUES ('MAP_00000000001296788648248','MONS_00000000001297218526362',13,27);
INSERT INTO map_monsters VALUES ('MAP_00000000001296788648248','MONS_00000000001297218526362',13,29);
INSERT INTO map_monsters VALUES ('MAP_00000000001296788648248','MONS_00000000001297218526362',13,30);
INSERT INTO map_monsters VALUES ('MAP_00000000001296788648248','MONS_00000000001297218526362',13,31);
INSERT INTO map_monsters VALUES ('MAP_00000000001296788648248','MONS_00000000001297218526362',13,32);
INSERT INTO map_monsters VALUES ('MAP_00000000001296788648248','MONS_00000000001297218526362',13,33);
INSERT INTO map_monsters VALUES ('MAP_00000000001296788648248','MONS_00000000001297218526362',13,34);
INSERT INTO map_monsters VALUES ('MAP_00000000001296788648248','MONS_00000000001297218526362',13,35);
INSERT INTO map_monsters VALUES ('MAP_00000000001296788648248','MONS_00000000001297218526362',13,36);
INSERT INTO map_monsters VALUES ('MAP_00000000001296788648248','MONS_00000000001297218526362',13,37);
INSERT INTO map_monsters VALUES ('MAP_00000000001296788648248','MONS_00000000001297218526362',13,38);
INSERT INTO map_monsters VALUES ('MAP_00000000001296788648248','MONS_00000000001297218526362',13,39);
INSERT INTO map_monsters VALUES ('MAP_00000000001296788648248','MONS_00000000001297218526362',13,45);
INSERT INTO map_monsters VALUES ('MAP_00000000001296788648248','MONS_00000000001297218526362',13,47);
INSERT INTO map_monsters VALUES ('MAP_00000000001296788648248','MONS_00000000001297218526362',13,49);
INSERT INTO map_monsters VALUES ('MAP_00000000001296788648248','MONS_00000000001297218526362',13,51);
INSERT INTO map_monsters VALUES ('MAP_00000000001296788648248','MONS_00000000001297218526362',14,47);
INSERT INTO map_monsters VALUES ('MAP_00000000001296788648248','MONS_00000000001297218526362',14,49);
INSERT INTO map_monsters VALUES ('MAP_00000000001296788648248','MONS_00000000001297218526362',14,51);
INSERT INTO map_monsters VALUES ('MAP_00000000001296788648248','MONS_00000000001297218526362',15,47);
INSERT INTO map_monsters VALUES ('MAP_00000000001296788648248','MONS_00000000001297218526362',15,49);
INSERT INTO map_monsters VALUES ('MAP_00000000001296788648248','MONS_00000000001297218526362',16,47);
INSERT INTO map_monsters VALUES ('MAP_00000000001296788648248','MONS_00000000001297218526362',16,49);
INSERT INTO map_monsters VALUES ('MAP_00000000001296788648248','MONS_00000000001297218526362',17,47);
INSERT INTO map_monsters VALUES ('MAP_00000000001296788648248','MONS_00000000001297218526362',17,49);
INSERT INTO map_monsters VALUES ('MAP_00000000001296788648248','MONS_00000000001297218526362',17,51);
INSERT INTO map_monsters VALUES ('MAP_00000000001296788648248','MONS_00000000001297218526362',18,27);
INSERT INTO map_monsters VALUES ('MAP_00000000001296788648248','MONS_00000000001297218526362',18,29);
INSERT INTO map_monsters VALUES ('MAP_00000000001296788648248','MONS_00000000001297218526362',18,30);
INSERT INTO map_monsters VALUES ('MAP_00000000001296788648248','MONS_00000000001297218526362',18,31);
INSERT INTO map_monsters VALUES ('MAP_00000000001296788648248','MONS_00000000001297218526362',18,32);
INSERT INTO map_monsters VALUES ('MAP_00000000001296788648248','MONS_00000000001297218526362',18,33);
INSERT INTO map_monsters VALUES ('MAP_00000000001296788648248','MONS_00000000001297218526362',18,34);
INSERT INTO map_monsters VALUES ('MAP_00000000001296788648248','MONS_00000000001297218526362',18,35);
INSERT INTO map_monsters VALUES ('MAP_00000000001296788648248','MONS_00000000001297218526362',18,36);
INSERT INTO map_monsters VALUES ('MAP_00000000001296788648248','MONS_00000000001297218526362',18,37);
INSERT INTO map_monsters VALUES ('MAP_00000000001296788648248','MONS_00000000001297218526362',18,38);
INSERT INTO map_monsters VALUES ('MAP_00000000001296788648248','MONS_00000000001297218526362',18,39);
INSERT INTO map_monsters VALUES ('MAP_00000000001296788648248','MONS_00000000001297218526362',18,45);
INSERT INTO map_monsters VALUES ('MAP_00000000001296788648248','MONS_00000000001297218526362',18,47);
INSERT INTO map_monsters VALUES ('MAP_00000000001296788648248','MONS_00000000001297218526362',18,49);
INSERT INTO map_monsters VALUES ('MAP_00000000001296788648248','MONS_00000000001297218526362',18,51);
INSERT INTO map_monsters VALUES ('MAP_00000000001296788648248','MONS_00000000001297218526362',19,45);
INSERT INTO map_monsters VALUES ('MAP_00000000001296788648248','MONS_00000000001297218526362',19,47);
INSERT INTO map_monsters VALUES ('MAP_00000000001296788648248','MONS_00000000001297218526362',19,49);
INSERT INTO map_monsters VALUES ('MAP_00000000001296788648248','MONS_00000000001297218526362',19,51);
INSERT INTO map_monsters VALUES ('MAP_00000000001296788648248','MONS_00000000001297218526362',20,25);
INSERT INTO map_monsters VALUES ('MAP_00000000001296788648248','MONS_00000000001297218526362',20,26);
INSERT INTO map_monsters VALUES ('MAP_00000000001296788648248','MONS_00000000001297218526362',20,27);
INSERT INTO map_monsters VALUES ('MAP_00000000001296788648248','MONS_00000000001297218526362',20,28);
INSERT INTO map_monsters VALUES ('MAP_00000000001296788648248','MONS_00000000001297218526362',20,29);
INSERT INTO map_monsters VALUES ('MAP_00000000001296788648248','MONS_00000000001297218526362',20,30);
INSERT INTO map_monsters VALUES ('MAP_00000000001296788648248','MONS_00000000001297218526362',20,31);
INSERT INTO map_monsters VALUES ('MAP_00000000001296788648248','MONS_00000000001297218526362',20,32);
INSERT INTO map_monsters VALUES ('MAP_00000000001296788648248','MONS_00000000001297218526362',20,33);
INSERT INTO map_monsters VALUES ('MAP_00000000001296788648248','MONS_00000000001297218526362',20,34);
INSERT INTO map_monsters VALUES ('MAP_00000000001296788648248','MONS_00000000001297218526362',20,35);
INSERT INTO map_monsters VALUES ('MAP_00000000001296788648248','MONS_00000000001297218526362',20,36);
INSERT INTO map_monsters VALUES ('MAP_00000000001296788648248','MONS_00000000001297218526362',20,37);
INSERT INTO map_monsters VALUES ('MAP_00000000001296788648248','MONS_00000000001297218526362',20,45);
INSERT INTO map_monsters VALUES ('MAP_00000000001296788648248','MONS_00000000001297218526362',20,47);
INSERT INTO map_monsters VALUES ('MAP_00000000001296788648248','MONS_00000000001297218526362',20,49);
INSERT INTO map_monsters VALUES ('MAP_00000000001296788648248','MONS_00000000001297218526362',21,45);
INSERT INTO map_monsters VALUES ('MAP_00000000001296788648248','MONS_00000000001297218526362',21,51);
INSERT INTO map_monsters VALUES ('MAP_00000000001296788648248','MONS_00000000001297218526362',21,52);
INSERT INTO map_monsters VALUES ('MAP_00000000001296788648248','MONS_00000000001297218526362',21,53);
INSERT INTO map_monsters VALUES ('MAP_00000000001296788648248','MONS_00000000001297218526362',21,54);
INSERT INTO map_monsters VALUES ('MAP_00000000001296788648248','MONS_00000000001297218526362',21,55);
INSERT INTO map_monsters VALUES ('MAP_00000000001296788648248','MONS_00000000001297218526362',21,56);
INSERT INTO map_monsters VALUES ('MAP_00000000001296788648248','MONS_00000000001297218526362',21,57);
INSERT INTO map_monsters VALUES ('MAP_00000000001296788648248','MONS_00000000001297218526362',21,58);
INSERT INTO map_monsters VALUES ('MAP_00000000001296788648248','MONS_00000000001297218526362',21,59);
INSERT INTO map_monsters VALUES ('MAP_00000000001296788648248','MONS_00000000001297218526362',21,60);
INSERT INTO map_monsters VALUES ('MAP_00000000001296788648248','MONS_00000000001297218526362',21,61);
INSERT INTO map_monsters VALUES ('MAP_00000000001296788648248','MONS_00000000001297218526362',21,62);
INSERT INTO map_monsters VALUES ('MAP_00000000001296788648248','MONS_00000000001297218526362',22,27);
INSERT INTO map_monsters VALUES ('MAP_00000000001296788648248','MONS_00000000001297218526362',22,28);
INSERT INTO map_monsters VALUES ('MAP_00000000001296788648248','MONS_00000000001297218526362',22,29);
INSERT INTO map_monsters VALUES ('MAP_00000000001296788648248','MONS_00000000001297218526362',22,30);
INSERT INTO map_monsters VALUES ('MAP_00000000001296788648248','MONS_00000000001297218526362',22,31);
INSERT INTO map_monsters VALUES ('MAP_00000000001296788648248','MONS_00000000001297218526362',22,32);
INSERT INTO map_monsters VALUES ('MAP_00000000001296788648248','MONS_00000000001297218526362',22,33);
INSERT INTO map_monsters VALUES ('MAP_00000000001296788648248','MONS_00000000001297218526362',22,34);
INSERT INTO map_monsters VALUES ('MAP_00000000001296788648248','MONS_00000000001297218526362',22,35);
INSERT INTO map_monsters VALUES ('MAP_00000000001296788648248','MONS_00000000001297218526362',22,36);
INSERT INTO map_monsters VALUES ('MAP_00000000001296788648248','MONS_00000000001297218526362',22,37);
INSERT INTO map_monsters VALUES ('MAP_00000000001296788648248','MONS_00000000001297218526362',22,38);
INSERT INTO map_monsters VALUES ('MAP_00000000001296788648248','MONS_00000000001297218526362',22,45);
INSERT INTO map_monsters VALUES ('MAP_00000000001296788648248','MONS_00000000001297218526362',23,45);
INSERT INTO map_monsters VALUES ('MAP_00000000001296788648248','MONS_00000000001297218526362',23,47);
INSERT INTO map_monsters VALUES ('MAP_00000000001296788648248','MONS_00000000001297218526362',23,49);
INSERT INTO map_monsters VALUES ('MAP_00000000001296788648248','MONS_00000000001297218526362',23,50);
INSERT INTO map_monsters VALUES ('MAP_00000000001296788648248','MONS_00000000001297218526362',23,51);
INSERT INTO map_monsters VALUES ('MAP_00000000001296788648248','MONS_00000000001297218526362',23,52);
INSERT INTO map_monsters VALUES ('MAP_00000000001296788648248','MONS_00000000001297218526362',23,53);
INSERT INTO map_monsters VALUES ('MAP_00000000001296788648248','MONS_00000000001297218526362',23,54);
INSERT INTO map_monsters VALUES ('MAP_00000000001296788648248','MONS_00000000001297218526362',23,55);
INSERT INTO map_monsters VALUES ('MAP_00000000001296788648248','MONS_00000000001297218526362',23,56);
INSERT INTO map_monsters VALUES ('MAP_00000000001296788648248','MONS_00000000001297218526362',23,57);
INSERT INTO map_monsters VALUES ('MAP_00000000001296788648248','MONS_00000000001297218526362',23,58);
INSERT INTO map_monsters VALUES ('MAP_00000000001296788648248','MONS_00000000001297218526362',23,59);
INSERT INTO map_monsters VALUES ('MAP_00000000001296788648248','MONS_00000000001297218526362',23,60);
INSERT INTO map_monsters VALUES ('MAP_00000000001296788648248','MONS_00000000001297218526362',23,61);
INSERT INTO map_monsters VALUES ('MAP_00000000001296788648248','MONS_00000000001297218526362',23,62);
INSERT INTO map_monsters VALUES ('MAP_00000000001296788648248','MONS_00000000001297218526362',24,26);
INSERT INTO map_monsters VALUES ('MAP_00000000001296788648248','MONS_00000000001297218526362',24,27);
INSERT INTO map_monsters VALUES ('MAP_00000000001296788648248','MONS_00000000001297218526362',24,28);
INSERT INTO map_monsters VALUES ('MAP_00000000001296788648248','MONS_00000000001297218526362',24,29);
INSERT INTO map_monsters VALUES ('MAP_00000000001296788648248','MONS_00000000001297218526362',24,30);
INSERT INTO map_monsters VALUES ('MAP_00000000001296788648248','MONS_00000000001297218526362',24,31);
INSERT INTO map_monsters VALUES ('MAP_00000000001296788648248','MONS_00000000001297218526362',24,32);
INSERT INTO map_monsters VALUES ('MAP_00000000001296788648248','MONS_00000000001297218526362',24,33);
INSERT INTO map_monsters VALUES ('MAP_00000000001296788648248','MONS_00000000001297218526362',24,34);
INSERT INTO map_monsters VALUES ('MAP_00000000001296788648248','MONS_00000000001297218526362',24,35);
INSERT INTO map_monsters VALUES ('MAP_00000000001296788648248','MONS_00000000001297218526362',24,36);
INSERT INTO map_monsters VALUES ('MAP_00000000001296788648248','MONS_00000000001297218526362',24,37);
INSERT INTO map_monsters VALUES ('MAP_00000000001296788648248','MONS_00000000001297218526362',24,38);
INSERT INTO map_monsters VALUES ('MAP_00000000001296788648248','MONS_00000000001297218526362',24,39);
INSERT INTO map_monsters VALUES ('MAP_00000000001296788648248','MONS_00000000001297218526362',24,45);
INSERT INTO map_monsters VALUES ('MAP_00000000001296788648248','MONS_00000000001297218526362',24,47);
INSERT INTO map_monsters VALUES ('MAP_00000000001296788648248','MONS_00000000001297218526362',25,45);
INSERT INTO map_monsters VALUES ('MAP_00000000001296788648248','MONS_00000000001297218526362',25,47);
INSERT INTO map_monsters VALUES ('MAP_00000000001296788648248','MONS_00000000001297218526362',25,48);
INSERT INTO map_monsters VALUES ('MAP_00000000001296788648248','MONS_00000000001297218526362',25,49);
INSERT INTO map_monsters VALUES ('MAP_00000000001296788648248','MONS_00000000001297218526362',25,50);
INSERT INTO map_monsters VALUES ('MAP_00000000001296788648248','MONS_00000000001297218526362',25,51);
INSERT INTO map_monsters VALUES ('MAP_00000000001296788648248','MONS_00000000001297218526362',25,52);
INSERT INTO map_monsters VALUES ('MAP_00000000001296788648248','MONS_00000000001297218526362',25,53);
INSERT INTO map_monsters VALUES ('MAP_00000000001296788648248','MONS_00000000001297218526362',25,54);
INSERT INTO map_monsters VALUES ('MAP_00000000001296788648248','MONS_00000000001297218526362',25,55);
INSERT INTO map_monsters VALUES ('MAP_00000000001296788648248','MONS_00000000001297218526362',25,56);
INSERT INTO map_monsters VALUES ('MAP_00000000001296788648248','MONS_00000000001297218526362',25,57);
INSERT INTO map_monsters VALUES ('MAP_00000000001296788648248','MONS_00000000001297218526362',25,58);
INSERT INTO map_monsters VALUES ('MAP_00000000001296788648248','MONS_00000000001297218526362',25,59);
INSERT INTO map_monsters VALUES ('MAP_00000000001296788648248','MONS_00000000001297218526362',25,60);
INSERT INTO map_monsters VALUES ('MAP_00000000001296788648248','MONS_00000000001297218526362',25,61);
INSERT INTO map_monsters VALUES ('MAP_00000000001296788648248','MONS_00000000001297218526362',25,62);
INSERT INTO map_monsters VALUES ('MAP_00000000001296788648248','MONS_00000000001297218526362',26,32);
INSERT INTO map_monsters VALUES ('MAP_00000000001296788648248','MONS_00000000001297218526362',26,33);
INSERT INTO map_monsters VALUES ('MAP_00000000001296788648248','MONS_00000000001297218526362',26,34);
INSERT INTO map_monsters VALUES ('MAP_00000000001296788648248','MONS_00000000001297218526362',26,35);
INSERT INTO map_monsters VALUES ('MAP_00000000001296788648248','MONS_00000000001297218526362',26,36);
INSERT INTO map_monsters VALUES ('MAP_00000000001296788648248','MONS_00000000001297218526362',26,37);
INSERT INTO map_monsters VALUES ('MAP_00000000001296788648248','MONS_00000000001297218526362',26,38);
INSERT INTO map_monsters VALUES ('MAP_00000000001296788648248','MONS_00000000001297218526362',26,39);
INSERT INTO map_monsters VALUES ('MAP_00000000001296788648248','MONS_00000000001297218526362',26,40);
INSERT INTO map_monsters VALUES ('MAP_00000000001296788648248','MONS_00000000001297218526362',26,45);
INSERT INTO map_monsters VALUES ('MAP_00000000001296788648248','MONS_00000000001297218526362',26,62);
INSERT INTO map_monsters VALUES ('MAP_00000000001296788648248','MONS_00000000001297218526362',27,45);
INSERT INTO map_monsters VALUES ('MAP_00000000001296788648248','MONS_00000000001297218526362',27,46);
INSERT INTO map_monsters VALUES ('MAP_00000000001296788648248','MONS_00000000001297218526362',27,47);
INSERT INTO map_monsters VALUES ('MAP_00000000001296788648248','MONS_00000000001297218526362',27,48);
INSERT INTO map_monsters VALUES ('MAP_00000000001296788648248','MONS_00000000001297218526362',27,49);
INSERT INTO map_monsters VALUES ('MAP_00000000001296788648248','MONS_00000000001297218526362',27,50);
INSERT INTO map_monsters VALUES ('MAP_00000000001296788648248','MONS_00000000001297218526362',27,51);
INSERT INTO map_monsters VALUES ('MAP_00000000001296788648248','MONS_00000000001297218526362',27,52);
INSERT INTO map_monsters VALUES ('MAP_00000000001296788648248','MONS_00000000001297218526362',27,53);
INSERT INTO map_monsters VALUES ('MAP_00000000001296788648248','MONS_00000000001297218526362',27,54);
INSERT INTO map_monsters VALUES ('MAP_00000000001296788648248','MONS_00000000001297218526362',27,55);
INSERT INTO map_monsters VALUES ('MAP_00000000001296788648248','MONS_00000000001297218526362',27,56);
INSERT INTO map_monsters VALUES ('MAP_00000000001296788648248','MONS_00000000001297218526362',28,7);
INSERT INTO map_monsters VALUES ('MAP_00000000001296788648248','MONS_00000000001297218526362',28,8);
INSERT INTO map_monsters VALUES ('MAP_00000000001296788648248','MONS_00000000001297218526362',28,9);
INSERT INTO map_monsters VALUES ('MAP_00000000001296788648248','MONS_00000000001297218526362',28,10);
INSERT INTO map_monsters VALUES ('MAP_00000000001296788648248','MONS_00000000001297218526362',28,11);
INSERT INTO map_monsters VALUES ('MAP_00000000001296788648248','MONS_00000000001297218526362',28,12);
INSERT INTO map_monsters VALUES ('MAP_00000000001296788648248','MONS_00000000001297218526362',28,13);
INSERT INTO map_monsters VALUES ('MAP_00000000001296788648248','MONS_00000000001297218526362',28,14);
INSERT INTO map_monsters VALUES ('MAP_00000000001296788648248','MONS_00000000001297218526362',28,32);
INSERT INTO map_monsters VALUES ('MAP_00000000001296788648248','MONS_00000000001297218526362',28,33);
INSERT INTO map_monsters VALUES ('MAP_00000000001296788648248','MONS_00000000001297218526362',28,34);
INSERT INTO map_monsters VALUES ('MAP_00000000001296788648248','MONS_00000000001297218526362',28,35);
INSERT INTO map_monsters VALUES ('MAP_00000000001296788648248','MONS_00000000001297218526362',28,36);
INSERT INTO map_monsters VALUES ('MAP_00000000001296788648248','MONS_00000000001297218526362',28,37);
INSERT INTO map_monsters VALUES ('MAP_00000000001296788648248','MONS_00000000001297218526362',28,38);
INSERT INTO map_monsters VALUES ('MAP_00000000001296788648248','MONS_00000000001297218526362',28,39);
INSERT INTO map_monsters VALUES ('MAP_00000000001296788648248','MONS_00000000001297218526362',28,40);
INSERT INTO map_monsters VALUES ('MAP_00000000001296788648248','MONS_00000000001297218526362',28,41);
INSERT INTO map_monsters VALUES ('MAP_00000000001296788648248','MONS_00000000001297218526362',28,42);
INSERT INTO map_monsters VALUES ('MAP_00000000001296788648248','MONS_00000000001297218526362',30,5);
INSERT INTO map_monsters VALUES ('MAP_00000000001296788648248','MONS_00000000001297218526362',30,6);
INSERT INTO map_monsters VALUES ('MAP_00000000001296788648248','MONS_00000000001297218526362',30,7);
INSERT INTO map_monsters VALUES ('MAP_00000000001296788648248','MONS_00000000001297218526362',30,8);
INSERT INTO map_monsters VALUES ('MAP_00000000001296788648248','MONS_00000000001297218526362',30,9);
INSERT INTO map_monsters VALUES ('MAP_00000000001296788648248','MONS_00000000001297218526362',30,10);
INSERT INTO map_monsters VALUES ('MAP_00000000001296788648248','MONS_00000000001297218526362',30,11);
INSERT INTO map_monsters VALUES ('MAP_00000000001296788648248','MONS_00000000001297218526362',30,12);
INSERT INTO map_monsters VALUES ('MAP_00000000001296788648248','MONS_00000000001297218526362',30,13);
INSERT INTO map_monsters VALUES ('MAP_00000000001296788648248','MONS_00000000001297218526362',30,14);
INSERT INTO map_monsters VALUES ('MAP_00000000001296788648248','MONS_00000000001297218526362',30,15);
INSERT INTO map_monsters VALUES ('MAP_00000000001296788648248','MONS_00000000001297218526362',30,31);
INSERT INTO map_monsters VALUES ('MAP_00000000001296788648248','MONS_00000000001297218526362',30,32);
INSERT INTO map_monsters VALUES ('MAP_00000000001296788648248','MONS_00000000001297218526362',30,33);
INSERT INTO map_monsters VALUES ('MAP_00000000001296788648248','MONS_00000000001297218526362',30,34);
INSERT INTO map_monsters VALUES ('MAP_00000000001296788648248','MONS_00000000001297218526362',30,35);
INSERT INTO map_monsters VALUES ('MAP_00000000001296788648248','MONS_00000000001297218526362',30,36);
INSERT INTO map_monsters VALUES ('MAP_00000000001296788648248','MONS_00000000001297218526362',30,37);
INSERT INTO map_monsters VALUES ('MAP_00000000001296788648248','MONS_00000000001297218526362',30,38);
INSERT INTO map_monsters VALUES ('MAP_00000000001296788648248','MONS_00000000001297218526362',30,39);
INSERT INTO map_monsters VALUES ('MAP_00000000001296788648248','MONS_00000000001297218526362',30,40);
INSERT INTO map_monsters VALUES ('MAP_00000000001296788648248','MONS_00000000001297218526362',30,41);
INSERT INTO map_monsters VALUES ('MAP_00000000001296788648248','MONS_00000000001297218526362',30,42);
INSERT INTO map_monsters VALUES ('MAP_00000000001296788648248','MONS_00000000001297218526362',30,43);
INSERT INTO map_monsters VALUES ('MAP_00000000001296788648248','MONS_00000000001297218526362',30,44);
INSERT INTO map_monsters VALUES ('MAP_00000000001296788648248','MONS_00000000001297218526362',30,45);
INSERT INTO map_monsters VALUES ('MAP_00000000001296788648248','MONS_00000000001297218526362',30,46);
INSERT INTO map_monsters VALUES ('MAP_00000000001296788648248','MONS_00000000001297218526362',30,47);
INSERT INTO map_monsters VALUES ('MAP_00000000001296788648248','MONS_00000000001297218526362',30,48);
INSERT INTO map_monsters VALUES ('MAP_00000000001296788648248','MONS_00000000001297218526362',30,49);
INSERT INTO map_monsters VALUES ('MAP_00000000001296788648248','MONS_00000000001297218526362',30,50);
INSERT INTO map_monsters VALUES ('MAP_00000000001296788648248','MONS_00000000001297218526362',30,51);
INSERT INTO map_monsters VALUES ('MAP_00000000001296788648248','MONS_00000000001297218526362',30,52);
INSERT INTO map_monsters VALUES ('MAP_00000000001296788648248','MONS_00000000001297218526362',30,53);
INSERT INTO map_monsters VALUES ('MAP_00000000001296788648248','MONS_00000000001297218526362',30,54);
INSERT INTO map_monsters VALUES ('MAP_00000000001296788648248','MONS_00000000001297218526362',30,55);
INSERT INTO map_monsters VALUES ('MAP_00000000001296788648248','MONS_00000000001297218526362',30,56);
INSERT INTO map_monsters VALUES ('MAP_00000000001296788648248','MONS_00000000001297218526362',30,57);
INSERT INTO map_monsters VALUES ('MAP_00000000001296788648248','MONS_00000000001297218526362',30,58);
INSERT INTO map_monsters VALUES ('MAP_00000000001296788648248','MONS_00000000001297218526362',30,59);
INSERT INTO monsters VALUES ('MONS_00000000001297218526381','Burglars',34,1,1,1,1,7,7,7,0,0);
INSERT INTO map_monsters VALUES ('MAP_00000000001296788648248','MONS_00000000001297218526381',1,5);
INSERT INTO map_monsters VALUES ('MAP_00000000001296788648248','MONS_00000000001297218526381',1,6);
INSERT INTO map_monsters VALUES ('MAP_00000000001296788648248','MONS_00000000001297218526381',1,7);
INSERT INTO map_monsters VALUES ('MAP_00000000001296788648248','MONS_00000000001297218526381',1,8);
INSERT INTO map_monsters VALUES ('MAP_00000000001296788648248','MONS_00000000001297218526381',1,9);
INSERT INTO map_monsters VALUES ('MAP_00000000001296788648248','MONS_00000000001297218526381',1,10);
INSERT INTO map_monsters VALUES ('MAP_00000000001296788648248','MONS_00000000001297218526381',1,11);
INSERT INTO map_monsters VALUES ('MAP_00000000001296788648248','MONS_00000000001297218526381',1,12);
INSERT INTO map_monsters VALUES ('MAP_00000000001296788648248','MONS_00000000001297218526381',1,13);
INSERT INTO map_monsters VALUES ('MAP_00000000001296788648248','MONS_00000000001297218526381',1,14);
INSERT INTO map_monsters VALUES ('MAP_00000000001296788648248','MONS_00000000001297218526381',1,15);
INSERT INTO map_monsters VALUES ('MAP_00000000001296788648248','MONS_00000000001297218526381',1,31);
INSERT INTO map_monsters VALUES ('MAP_00000000001296788648248','MONS_00000000001297218526381',1,32);
INSERT INTO map_monsters VALUES ('MAP_00000000001296788648248','MONS_00000000001297218526381',1,33);
INSERT INTO map_monsters VALUES ('MAP_00000000001296788648248','MONS_00000000001297218526381',1,34);
INSERT INTO map_monsters VALUES ('MAP_00000000001296788648248','MONS_00000000001297218526381',1,35);
INSERT INTO map_monsters VALUES ('MAP_00000000001296788648248','MONS_00000000001297218526381',1,36);
INSERT INTO map_monsters VALUES ('MAP_00000000001296788648248','MONS_00000000001297218526381',1,37);
INSERT INTO map_monsters VALUES ('MAP_00000000001296788648248','MONS_00000000001297218526381',1,38);
INSERT INTO map_monsters VALUES ('MAP_00000000001296788648248','MONS_00000000001297218526381',1,39);
INSERT INTO map_monsters VALUES ('MAP_00000000001296788648248','MONS_00000000001297218526381',1,40);
INSERT INTO map_monsters VALUES ('MAP_00000000001296788648248','MONS_00000000001297218526381',1,41);
INSERT INTO map_monsters VALUES ('MAP_00000000001296788648248','MONS_00000000001297218526381',1,42);
INSERT INTO map_monsters VALUES ('MAP_00000000001296788648248','MONS_00000000001297218526381',1,43);
INSERT INTO map_monsters VALUES ('MAP_00000000001296788648248','MONS_00000000001297218526381',1,44);
INSERT INTO map_monsters VALUES ('MAP_00000000001296788648248','MONS_00000000001297218526381',1,45);
INSERT INTO map_monsters VALUES ('MAP_00000000001296788648248','MONS_00000000001297218526381',1,46);
INSERT INTO map_monsters VALUES ('MAP_00000000001296788648248','MONS_00000000001297218526381',1,47);
INSERT INTO map_monsters VALUES ('MAP_00000000001296788648248','MONS_00000000001297218526381',1,48);
INSERT INTO map_monsters VALUES ('MAP_00000000001296788648248','MONS_00000000001297218526381',1,49);
INSERT INTO map_monsters VALUES ('MAP_00000000001296788648248','MONS_00000000001297218526381',1,50);
INSERT INTO map_monsters VALUES ('MAP_00000000001296788648248','MONS_00000000001297218526381',1,51);
INSERT INTO map_monsters VALUES ('MAP_00000000001296788648248','MONS_00000000001297218526381',1,52);
INSERT INTO map_monsters VALUES ('MAP_00000000001296788648248','MONS_00000000001297218526381',1,53);
INSERT INTO map_monsters VALUES ('MAP_00000000001296788648248','MONS_00000000001297218526381',1,54);
INSERT INTO map_monsters VALUES ('MAP_00000000001296788648248','MONS_00000000001297218526381',1,55);
INSERT INTO map_monsters VALUES ('MAP_00000000001296788648248','MONS_00000000001297218526381',1,56);
INSERT INTO map_monsters VALUES ('MAP_00000000001296788648248','MONS_00000000001297218526381',1,57);
INSERT INTO map_monsters VALUES ('MAP_00000000001296788648248','MONS_00000000001297218526381',1,58);
INSERT INTO map_monsters VALUES ('MAP_00000000001296788648248','MONS_00000000001297218526381',1,59);
INSERT INTO map_monsters VALUES ('MAP_00000000001296788648248','MONS_00000000001297218526381',3,7);
INSERT INTO map_monsters VALUES ('MAP_00000000001296788648248','MONS_00000000001297218526381',3,8);
INSERT INTO map_monsters VALUES ('MAP_00000000001296788648248','MONS_00000000001297218526381',3,9);
INSERT INTO map_monsters VALUES ('MAP_00000000001296788648248','MONS_00000000001297218526381',3,10);
INSERT INTO map_monsters VALUES ('MAP_00000000001296788648248','MONS_00000000001297218526381',3,11);
INSERT INTO map_monsters VALUES ('MAP_00000000001296788648248','MONS_00000000001297218526381',3,12);
INSERT INTO map_monsters VALUES ('MAP_00000000001296788648248','MONS_00000000001297218526381',3,13);
INSERT INTO map_monsters VALUES ('MAP_00000000001296788648248','MONS_00000000001297218526381',3,14);
INSERT INTO map_monsters VALUES ('MAP_00000000001296788648248','MONS_00000000001297218526381',3,32);
INSERT INTO map_monsters VALUES ('MAP_00000000001296788648248','MONS_00000000001297218526381',3,33);
INSERT INTO map_monsters VALUES ('MAP_00000000001296788648248','MONS_00000000001297218526381',3,34);
INSERT INTO map_monsters VALUES ('MAP_00000000001296788648248','MONS_00000000001297218526381',3,35);
INSERT INTO map_monsters VALUES ('MAP_00000000001296788648248','MONS_00000000001297218526381',3,36);
INSERT INTO map_monsters VALUES ('MAP_00000000001296788648248','MONS_00000000001297218526381',3,37);
INSERT INTO map_monsters VALUES ('MAP_00000000001296788648248','MONS_00000000001297218526381',3,38);
INSERT INTO map_monsters VALUES ('MAP_00000000001296788648248','MONS_00000000001297218526381',3,39);
INSERT INTO map_monsters VALUES ('MAP_00000000001296788648248','MONS_00000000001297218526381',3,40);
INSERT INTO map_monsters VALUES ('MAP_00000000001296788648248','MONS_00000000001297218526381',3,41);
INSERT INTO map_monsters VALUES ('MAP_00000000001296788648248','MONS_00000000001297218526381',3,42);
INSERT INTO map_monsters VALUES ('MAP_00000000001296788648248','MONS_00000000001297218526381',4,45);
INSERT INTO map_monsters VALUES ('MAP_00000000001296788648248','MONS_00000000001297218526381',4,46);
INSERT INTO map_monsters VALUES ('MAP_00000000001296788648248','MONS_00000000001297218526381',4,47);
INSERT INTO map_monsters VALUES ('MAP_00000000001296788648248','MONS_00000000001297218526381',4,48);
INSERT INTO map_monsters VALUES ('MAP_00000000001296788648248','MONS_00000000001297218526381',4,49);
INSERT INTO map_monsters VALUES ('MAP_00000000001296788648248','MONS_00000000001297218526381',4,50);
INSERT INTO map_monsters VALUES ('MAP_00000000001296788648248','MONS_00000000001297218526381',4,51);
INSERT INTO map_monsters VALUES ('MAP_00000000001296788648248','MONS_00000000001297218526381',4,52);
INSERT INTO map_monsters VALUES ('MAP_00000000001296788648248','MONS_00000000001297218526381',4,53);
INSERT INTO map_monsters VALUES ('MAP_00000000001296788648248','MONS_00000000001297218526381',4,54);
INSERT INTO map_monsters VALUES ('MAP_00000000001296788648248','MONS_00000000001297218526381',4,55);
INSERT INTO map_monsters VALUES ('MAP_00000000001296788648248','MONS_00000000001297218526381',4,56);
INSERT INTO map_monsters VALUES ('MAP_00000000001296788648248','MONS_00000000001297218526381',5,32);
INSERT INTO map_monsters VALUES ('MAP_00000000001296788648248','MONS_00000000001297218526381',5,33);
INSERT INTO map_monsters VALUES ('MAP_00000000001296788648248','MONS_00000000001297218526381',5,34);
INSERT INTO map_monsters VALUES ('MAP_00000000001296788648248','MONS_00000000001297218526381',5,35);
INSERT INTO map_monsters VALUES ('MAP_00000000001296788648248','MONS_00000000001297218526381',5,36);
INSERT INTO map_monsters VALUES ('MAP_00000000001296788648248','MONS_00000000001297218526381',5,37);
INSERT INTO map_monsters VALUES ('MAP_00000000001296788648248','MONS_00000000001297218526381',5,38);
INSERT INTO map_monsters VALUES ('MAP_00000000001296788648248','MONS_00000000001297218526381',5,39);
INSERT INTO map_monsters VALUES ('MAP_00000000001296788648248','MONS_00000000001297218526381',5,40);
INSERT INTO map_monsters VALUES ('MAP_00000000001296788648248','MONS_00000000001297218526381',5,45);
INSERT INTO map_monsters VALUES ('MAP_00000000001296788648248','MONS_00000000001297218526381',5,62);
INSERT INTO map_monsters VALUES ('MAP_00000000001296788648248','MONS_00000000001297218526381',6,45);
INSERT INTO map_monsters VALUES ('MAP_00000000001296788648248','MONS_00000000001297218526381',6,47);
INSERT INTO map_monsters VALUES ('MAP_00000000001296788648248','MONS_00000000001297218526381',6,48);
INSERT INTO map_monsters VALUES ('MAP_00000000001296788648248','MONS_00000000001297218526381',6,49);
INSERT INTO map_monsters VALUES ('MAP_00000000001296788648248','MONS_00000000001297218526381',6,50);
INSERT INTO map_monsters VALUES ('MAP_00000000001296788648248','MONS_00000000001297218526381',6,51);
INSERT INTO map_monsters VALUES ('MAP_00000000001296788648248','MONS_00000000001297218526381',6,52);
INSERT INTO map_monsters VALUES ('MAP_00000000001296788648248','MONS_00000000001297218526381',6,53);
INSERT INTO map_monsters VALUES ('MAP_00000000001296788648248','MONS_00000000001297218526381',6,54);
INSERT INTO map_monsters VALUES ('MAP_00000000001296788648248','MONS_00000000001297218526381',6,55);
INSERT INTO map_monsters VALUES ('MAP_00000000001296788648248','MONS_00000000001297218526381',6,56);
INSERT INTO map_monsters VALUES ('MAP_00000000001296788648248','MONS_00000000001297218526381',6,57);
INSERT INTO map_monsters VALUES ('MAP_00000000001296788648248','MONS_00000000001297218526381',6,58);
INSERT INTO map_monsters VALUES ('MAP_00000000001296788648248','MONS_00000000001297218526381',6,59);
INSERT INTO map_monsters VALUES ('MAP_00000000001296788648248','MONS_00000000001297218526381',6,60);
INSERT INTO map_monsters VALUES ('MAP_00000000001296788648248','MONS_00000000001297218526381',6,61);
INSERT INTO map_monsters VALUES ('MAP_00000000001296788648248','MONS_00000000001297218526381',6,62);
INSERT INTO map_monsters VALUES ('MAP_00000000001296788648248','MONS_00000000001297218526381',7,26);
INSERT INTO map_monsters VALUES ('MAP_00000000001296788648248','MONS_00000000001297218526381',7,27);
INSERT INTO map_monsters VALUES ('MAP_00000000001296788648248','MONS_00000000001297218526381',7,28);
INSERT INTO map_monsters VALUES ('MAP_00000000001296788648248','MONS_00000000001297218526381',7,29);
INSERT INTO map_monsters VALUES ('MAP_00000000001296788648248','MONS_00000000001297218526381',7,30);
INSERT INTO map_monsters VALUES ('MAP_00000000001296788648248','MONS_00000000001297218526381',7,31);
INSERT INTO map_monsters VALUES ('MAP_00000000001296788648248','MONS_00000000001297218526381',7,32);
INSERT INTO map_monsters VALUES ('MAP_00000000001296788648248','MONS_00000000001297218526381',7,33);
INSERT INTO map_monsters VALUES ('MAP_00000000001296788648248','MONS_00000000001297218526381',7,34);
INSERT INTO map_monsters VALUES ('MAP_00000000001296788648248','MONS_00000000001297218526381',7,35);
INSERT INTO map_monsters VALUES ('MAP_00000000001296788648248','MONS_00000000001297218526381',7,36);
INSERT INTO map_monsters VALUES ('MAP_00000000001296788648248','MONS_00000000001297218526381',7,37);
INSERT INTO map_monsters VALUES ('MAP_00000000001296788648248','MONS_00000000001297218526381',7,38);
INSERT INTO map_monsters VALUES ('MAP_00000000001296788648248','MONS_00000000001297218526381',7,39);
INSERT INTO map_monsters VALUES ('MAP_00000000001296788648248','MONS_00000000001297218526381',7,45);
INSERT INTO map_monsters VALUES ('MAP_00000000001296788648248','MONS_00000000001297218526381',7,47);
INSERT INTO map_monsters VALUES ('MAP_00000000001296788648248','MONS_00000000001297218526381',8,45);
INSERT INTO map_monsters VALUES ('MAP_00000000001296788648248','MONS_00000000001297218526381',8,47);
INSERT INTO map_monsters VALUES ('MAP_00000000001296788648248','MONS_00000000001297218526381',8,49);
INSERT INTO map_monsters VALUES ('MAP_00000000001296788648248','MONS_00000000001297218526381',8,50);
INSERT INTO map_monsters VALUES ('MAP_00000000001296788648248','MONS_00000000001297218526381',8,51);
INSERT INTO map_monsters VALUES ('MAP_00000000001296788648248','MONS_00000000001297218526381',8,52);
INSERT INTO map_monsters VALUES ('MAP_00000000001296788648248','MONS_00000000001297218526381',8,53);
INSERT INTO map_monsters VALUES ('MAP_00000000001296788648248','MONS_00000000001297218526381',8,54);
INSERT INTO map_monsters VALUES ('MAP_00000000001296788648248','MONS_00000000001297218526381',8,55);
INSERT INTO map_monsters VALUES ('MAP_00000000001296788648248','MONS_00000000001297218526381',8,56);
INSERT INTO map_monsters VALUES ('MAP_00000000001296788648248','MONS_00000000001297218526381',8,57);
INSERT INTO map_monsters VALUES ('MAP_00000000001296788648248','MONS_00000000001297218526381',8,58);
INSERT INTO map_monsters VALUES ('MAP_00000000001296788648248','MONS_00000000001297218526381',8,59);
INSERT INTO map_monsters VALUES ('MAP_00000000001296788648248','MONS_00000000001297218526381',8,60);
INSERT INTO map_monsters VALUES ('MAP_00000000001296788648248','MONS_00000000001297218526381',8,61);
INSERT INTO map_monsters VALUES ('MAP_00000000001296788648248','MONS_00000000001297218526381',8,62);
INSERT INTO map_monsters VALUES ('MAP_00000000001296788648248','MONS_00000000001297218526381',9,27);
INSERT INTO map_monsters VALUES ('MAP_00000000001296788648248','MONS_00000000001297218526381',9,28);
INSERT INTO map_monsters VALUES ('MAP_00000000001296788648248','MONS_00000000001297218526381',9,29);
INSERT INTO map_monsters VALUES ('MAP_00000000001296788648248','MONS_00000000001297218526381',9,30);
INSERT INTO map_monsters VALUES ('MAP_00000000001296788648248','MONS_00000000001297218526381',9,31);
INSERT INTO map_monsters VALUES ('MAP_00000000001296788648248','MONS_00000000001297218526381',9,32);
INSERT INTO map_monsters VALUES ('MAP_00000000001296788648248','MONS_00000000001297218526381',9,33);
INSERT INTO map_monsters VALUES ('MAP_00000000001296788648248','MONS_00000000001297218526381',9,34);
INSERT INTO map_monsters VALUES ('MAP_00000000001296788648248','MONS_00000000001297218526381',9,35);
INSERT INTO map_monsters VALUES ('MAP_00000000001296788648248','MONS_00000000001297218526381',9,36);
INSERT INTO map_monsters VALUES ('MAP_00000000001296788648248','MONS_00000000001297218526381',9,37);
INSERT INTO map_monsters VALUES ('MAP_00000000001296788648248','MONS_00000000001297218526381',9,38);
INSERT INTO map_monsters VALUES ('MAP_00000000001296788648248','MONS_00000000001297218526381',9,45);
INSERT INTO map_monsters VALUES ('MAP_00000000001296788648248','MONS_00000000001297218526381',10,45);
INSERT INTO map_monsters VALUES ('MAP_00000000001296788648248','MONS_00000000001297218526381',10,51);
INSERT INTO map_monsters VALUES ('MAP_00000000001296788648248','MONS_00000000001297218526381',10,52);
INSERT INTO map_monsters VALUES ('MAP_00000000001296788648248','MONS_00000000001297218526381',10,53);
INSERT INTO map_monsters VALUES ('MAP_00000000001296788648248','MONS_00000000001297218526381',10,54);
INSERT INTO map_monsters VALUES ('MAP_00000000001296788648248','MONS_00000000001297218526381',10,55);
INSERT INTO map_monsters VALUES ('MAP_00000000001296788648248','MONS_00000000001297218526381',10,56);
INSERT INTO map_monsters VALUES ('MAP_00000000001296788648248','MONS_00000000001297218526381',10,57);
INSERT INTO map_monsters VALUES ('MAP_00000000001296788648248','MONS_00000000001297218526381',10,58);
INSERT INTO map_monsters VALUES ('MAP_00000000001296788648248','MONS_00000000001297218526381',10,59);
INSERT INTO map_monsters VALUES ('MAP_00000000001296788648248','MONS_00000000001297218526381',10,60);
INSERT INTO map_monsters VALUES ('MAP_00000000001296788648248','MONS_00000000001297218526381',10,61);
INSERT INTO map_monsters VALUES ('MAP_00000000001296788648248','MONS_00000000001297218526381',10,62);
INSERT INTO map_monsters VALUES ('MAP_00000000001296788648248','MONS_00000000001297218526381',11,25);
INSERT INTO map_monsters VALUES ('MAP_00000000001296788648248','MONS_00000000001297218526381',11,26);
INSERT INTO map_monsters VALUES ('MAP_00000000001296788648248','MONS_00000000001297218526381',11,27);
INSERT INTO map_monsters VALUES ('MAP_00000000001296788648248','MONS_00000000001297218526381',11,28);
INSERT INTO map_monsters VALUES ('MAP_00000000001296788648248','MONS_00000000001297218526381',11,29);
INSERT INTO map_monsters VALUES ('MAP_00000000001296788648248','MONS_00000000001297218526381',11,30);
INSERT INTO map_monsters VALUES ('MAP_00000000001296788648248','MONS_00000000001297218526381',11,31);
INSERT INTO map_monsters VALUES ('MAP_00000000001296788648248','MONS_00000000001297218526381',11,32);
INSERT INTO map_monsters VALUES ('MAP_00000000001296788648248','MONS_00000000001297218526381',11,33);
INSERT INTO map_monsters VALUES ('MAP_00000000001296788648248','MONS_00000000001297218526381',11,34);
INSERT INTO map_monsters VALUES ('MAP_00000000001296788648248','MONS_00000000001297218526381',11,35);
INSERT INTO map_monsters VALUES ('MAP_00000000001296788648248','MONS_00000000001297218526381',11,36);
INSERT INTO map_monsters VALUES ('MAP_00000000001296788648248','MONS_00000000001297218526381',11,37);
INSERT INTO map_monsters VALUES ('MAP_00000000001296788648248','MONS_00000000001297218526381',11,45);
INSERT INTO map_monsters VALUES ('MAP_00000000001296788648248','MONS_00000000001297218526381',11,47);
INSERT INTO map_monsters VALUES ('MAP_00000000001296788648248','MONS_00000000001297218526381',11,49);
INSERT INTO map_monsters VALUES ('MAP_00000000001296788648248','MONS_00000000001297218526381',12,45);
INSERT INTO map_monsters VALUES ('MAP_00000000001296788648248','MONS_00000000001297218526381',12,47);
INSERT INTO map_monsters VALUES ('MAP_00000000001296788648248','MONS_00000000001297218526381',12,49);
INSERT INTO map_monsters VALUES ('MAP_00000000001296788648248','MONS_00000000001297218526381',12,51);
INSERT INTO map_monsters VALUES ('MAP_00000000001296788648248','MONS_00000000001297218526381',13,27);
INSERT INTO map_monsters VALUES ('MAP_00000000001296788648248','MONS_00000000001297218526381',13,29);
INSERT INTO map_monsters VALUES ('MAP_00000000001296788648248','MONS_00000000001297218526381',13,30);
INSERT INTO map_monsters VALUES ('MAP_00000000001296788648248','MONS_00000000001297218526381',13,31);
INSERT INTO map_monsters VALUES ('MAP_00000000001296788648248','MONS_00000000001297218526381',13,32);
INSERT INTO map_monsters VALUES ('MAP_00000000001296788648248','MONS_00000000001297218526381',13,33);
INSERT INTO map_monsters VALUES ('MAP_00000000001296788648248','MONS_00000000001297218526381',13,34);
INSERT INTO map_monsters VALUES ('MAP_00000000001296788648248','MONS_00000000001297218526381',13,35);
INSERT INTO map_monsters VALUES ('MAP_00000000001296788648248','MONS_00000000001297218526381',13,36);
INSERT INTO map_monsters VALUES ('MAP_00000000001296788648248','MONS_00000000001297218526381',13,37);
INSERT INTO map_monsters VALUES ('MAP_00000000001296788648248','MONS_00000000001297218526381',13,38);
INSERT INTO map_monsters VALUES ('MAP_00000000001296788648248','MONS_00000000001297218526381',13,39);
INSERT INTO map_monsters VALUES ('MAP_00000000001296788648248','MONS_00000000001297218526381',13,45);
INSERT INTO map_monsters VALUES ('MAP_00000000001296788648248','MONS_00000000001297218526381',13,47);
INSERT INTO map_monsters VALUES ('MAP_00000000001296788648248','MONS_00000000001297218526381',13,49);
INSERT INTO map_monsters VALUES ('MAP_00000000001296788648248','MONS_00000000001297218526381',13,51);
INSERT INTO map_monsters VALUES ('MAP_00000000001296788648248','MONS_00000000001297218526381',14,47);
INSERT INTO map_monsters VALUES ('MAP_00000000001296788648248','MONS_00000000001297218526381',14,49);
INSERT INTO map_monsters VALUES ('MAP_00000000001296788648248','MONS_00000000001297218526381',14,51);
INSERT INTO map_monsters VALUES ('MAP_00000000001296788648248','MONS_00000000001297218526381',15,47);
INSERT INTO map_monsters VALUES ('MAP_00000000001296788648248','MONS_00000000001297218526381',15,49);
INSERT INTO map_monsters VALUES ('MAP_00000000001296788648248','MONS_00000000001297218526381',16,47);
INSERT INTO map_monsters VALUES ('MAP_00000000001296788648248','MONS_00000000001297218526381',16,49);
INSERT INTO map_monsters VALUES ('MAP_00000000001296788648248','MONS_00000000001297218526381',17,47);
INSERT INTO map_monsters VALUES ('MAP_00000000001296788648248','MONS_00000000001297218526381',17,49);
INSERT INTO map_monsters VALUES ('MAP_00000000001296788648248','MONS_00000000001297218526381',17,51);
INSERT INTO map_monsters VALUES ('MAP_00000000001296788648248','MONS_00000000001297218526381',18,27);
INSERT INTO map_monsters VALUES ('MAP_00000000001296788648248','MONS_00000000001297218526381',18,29);
INSERT INTO map_monsters VALUES ('MAP_00000000001296788648248','MONS_00000000001297218526381',18,30);
INSERT INTO map_monsters VALUES ('MAP_00000000001296788648248','MONS_00000000001297218526381',18,31);
INSERT INTO map_monsters VALUES ('MAP_00000000001296788648248','MONS_00000000001297218526381',18,32);
INSERT INTO map_monsters VALUES ('MAP_00000000001296788648248','MONS_00000000001297218526381',18,33);
INSERT INTO map_monsters VALUES ('MAP_00000000001296788648248','MONS_00000000001297218526381',18,34);
INSERT INTO map_monsters VALUES ('MAP_00000000001296788648248','MONS_00000000001297218526381',18,35);
INSERT INTO map_monsters VALUES ('MAP_00000000001296788648248','MONS_00000000001297218526381',18,36);
INSERT INTO map_monsters VALUES ('MAP_00000000001296788648248','MONS_00000000001297218526381',18,37);
INSERT INTO map_monsters VALUES ('MAP_00000000001296788648248','MONS_00000000001297218526381',18,38);
INSERT INTO map_monsters VALUES ('MAP_00000000001296788648248','MONS_00000000001297218526381',18,39);
INSERT INTO map_monsters VALUES ('MAP_00000000001296788648248','MONS_00000000001297218526381',18,45);
INSERT INTO map_monsters VALUES ('MAP_00000000001296788648248','MONS_00000000001297218526381',18,47);
INSERT INTO map_monsters VALUES ('MAP_00000000001296788648248','MONS_00000000001297218526381',18,49);
INSERT INTO map_monsters VALUES ('MAP_00000000001296788648248','MONS_00000000001297218526381',18,51);
INSERT INTO map_monsters VALUES ('MAP_00000000001296788648248','MONS_00000000001297218526381',19,45);
INSERT INTO map_monsters VALUES ('MAP_00000000001296788648248','MONS_00000000001297218526381',19,47);
INSERT INTO map_monsters VALUES ('MAP_00000000001296788648248','MONS_00000000001297218526381',19,49);
INSERT INTO map_monsters VALUES ('MAP_00000000001296788648248','MONS_00000000001297218526381',19,51);
INSERT INTO map_monsters VALUES ('MAP_00000000001296788648248','MONS_00000000001297218526381',20,25);
INSERT INTO map_monsters VALUES ('MAP_00000000001296788648248','MONS_00000000001297218526381',20,26);
INSERT INTO map_monsters VALUES ('MAP_00000000001296788648248','MONS_00000000001297218526381',20,27);
INSERT INTO map_monsters VALUES ('MAP_00000000001296788648248','MONS_00000000001297218526381',20,28);
INSERT INTO map_monsters VALUES ('MAP_00000000001296788648248','MONS_00000000001297218526381',20,29);
INSERT INTO map_monsters VALUES ('MAP_00000000001296788648248','MONS_00000000001297218526381',20,30);
INSERT INTO map_monsters VALUES ('MAP_00000000001296788648248','MONS_00000000001297218526381',20,31);
INSERT INTO map_monsters VALUES ('MAP_00000000001296788648248','MONS_00000000001297218526381',20,32);
INSERT INTO map_monsters VALUES ('MAP_00000000001296788648248','MONS_00000000001297218526381',20,33);
INSERT INTO map_monsters VALUES ('MAP_00000000001296788648248','MONS_00000000001297218526381',20,34);
INSERT INTO map_monsters VALUES ('MAP_00000000001296788648248','MONS_00000000001297218526381',20,35);
INSERT INTO map_monsters VALUES ('MAP_00000000001296788648248','MONS_00000000001297218526381',20,36);
INSERT INTO map_monsters VALUES ('MAP_00000000001296788648248','MONS_00000000001297218526381',20,37);
INSERT INTO map_monsters VALUES ('MAP_00000000001296788648248','MONS_00000000001297218526381',20,45);
INSERT INTO map_monsters VALUES ('MAP_00000000001296788648248','MONS_00000000001297218526381',20,47);
INSERT INTO map_monsters VALUES ('MAP_00000000001296788648248','MONS_00000000001297218526381',20,49);
INSERT INTO map_monsters VALUES ('MAP_00000000001296788648248','MONS_00000000001297218526381',21,45);
INSERT INTO map_monsters VALUES ('MAP_00000000001296788648248','MONS_00000000001297218526381',21,51);
INSERT INTO map_monsters VALUES ('MAP_00000000001296788648248','MONS_00000000001297218526381',21,52);
INSERT INTO map_monsters VALUES ('MAP_00000000001296788648248','MONS_00000000001297218526381',21,53);
INSERT INTO map_monsters VALUES ('MAP_00000000001296788648248','MONS_00000000001297218526381',21,54);
INSERT INTO map_monsters VALUES ('MAP_00000000001296788648248','MONS_00000000001297218526381',21,55);
INSERT INTO map_monsters VALUES ('MAP_00000000001296788648248','MONS_00000000001297218526381',21,56);
INSERT INTO map_monsters VALUES ('MAP_00000000001296788648248','MONS_00000000001297218526381',21,57);
INSERT INTO map_monsters VALUES ('MAP_00000000001296788648248','MONS_00000000001297218526381',21,58);
INSERT INTO map_monsters VALUES ('MAP_00000000001296788648248','MONS_00000000001297218526381',21,59);
INSERT INTO map_monsters VALUES ('MAP_00000000001296788648248','MONS_00000000001297218526381',21,60);
INSERT INTO map_monsters VALUES ('MAP_00000000001296788648248','MONS_00000000001297218526381',21,61);
INSERT INTO map_monsters VALUES ('MAP_00000000001296788648248','MONS_00000000001297218526381',21,62);
INSERT INTO map_monsters VALUES ('MAP_00000000001296788648248','MONS_00000000001297218526381',22,27);
INSERT INTO map_monsters VALUES ('MAP_00000000001296788648248','MONS_00000000001297218526381',22,28);
INSERT INTO map_monsters VALUES ('MAP_00000000001296788648248','MONS_00000000001297218526381',22,29);
INSERT INTO map_monsters VALUES ('MAP_00000000001296788648248','MONS_00000000001297218526381',22,30);
INSERT INTO map_monsters VALUES ('MAP_00000000001296788648248','MONS_00000000001297218526381',22,31);
INSERT INTO map_monsters VALUES ('MAP_00000000001296788648248','MONS_00000000001297218526381',22,32);
INSERT INTO map_monsters VALUES ('MAP_00000000001296788648248','MONS_00000000001297218526381',22,33);
INSERT INTO map_monsters VALUES ('MAP_00000000001296788648248','MONS_00000000001297218526381',22,34);
INSERT INTO map_monsters VALUES ('MAP_00000000001296788648248','MONS_00000000001297218526381',22,35);
INSERT INTO map_monsters VALUES ('MAP_00000000001296788648248','MONS_00000000001297218526381',22,36);
INSERT INTO map_monsters VALUES ('MAP_00000000001296788648248','MONS_00000000001297218526381',22,37);
INSERT INTO map_monsters VALUES ('MAP_00000000001296788648248','MONS_00000000001297218526381',22,38);
INSERT INTO map_monsters VALUES ('MAP_00000000001296788648248','MONS_00000000001297218526381',22,45);
INSERT INTO map_monsters VALUES ('MAP_00000000001296788648248','MONS_00000000001297218526381',23,45);
INSERT INTO map_monsters VALUES ('MAP_00000000001296788648248','MONS_00000000001297218526381',23,47);
INSERT INTO map_monsters VALUES ('MAP_00000000001296788648248','MONS_00000000001297218526381',23,49);
INSERT INTO map_monsters VALUES ('MAP_00000000001296788648248','MONS_00000000001297218526381',23,50);
INSERT INTO map_monsters VALUES ('MAP_00000000001296788648248','MONS_00000000001297218526381',23,51);
INSERT INTO map_monsters VALUES ('MAP_00000000001296788648248','MONS_00000000001297218526381',23,52);
INSERT INTO map_monsters VALUES ('MAP_00000000001296788648248','MONS_00000000001297218526381',23,53);
INSERT INTO map_monsters VALUES ('MAP_00000000001296788648248','MONS_00000000001297218526381',23,54);
INSERT INTO map_monsters VALUES ('MAP_00000000001296788648248','MONS_00000000001297218526381',23,55);
INSERT INTO map_monsters VALUES ('MAP_00000000001296788648248','MONS_00000000001297218526381',23,56);
INSERT INTO map_monsters VALUES ('MAP_00000000001296788648248','MONS_00000000001297218526381',23,57);
INSERT INTO map_monsters VALUES ('MAP_00000000001296788648248','MONS_00000000001297218526381',23,58);
INSERT INTO map_monsters VALUES ('MAP_00000000001296788648248','MONS_00000000001297218526381',23,59);
INSERT INTO map_monsters VALUES ('MAP_00000000001296788648248','MONS_00000000001297218526381',23,60);
INSERT INTO map_monsters VALUES ('MAP_00000000001296788648248','MONS_00000000001297218526381',23,61);
INSERT INTO map_monsters VALUES ('MAP_00000000001296788648248','MONS_00000000001297218526381',23,62);
INSERT INTO map_monsters VALUES ('MAP_00000000001296788648248','MONS_00000000001297218526381',24,26);
INSERT INTO map_monsters VALUES ('MAP_00000000001296788648248','MONS_00000000001297218526381',24,27);
INSERT INTO map_monsters VALUES ('MAP_00000000001296788648248','MONS_00000000001297218526381',24,28);
INSERT INTO map_monsters VALUES ('MAP_00000000001296788648248','MONS_00000000001297218526381',24,29);
INSERT INTO map_monsters VALUES ('MAP_00000000001296788648248','MONS_00000000001297218526381',24,30);
INSERT INTO map_monsters VALUES ('MAP_00000000001296788648248','MONS_00000000001297218526381',24,31);
INSERT INTO map_monsters VALUES ('MAP_00000000001296788648248','MONS_00000000001297218526381',24,32);
INSERT INTO map_monsters VALUES ('MAP_00000000001296788648248','MONS_00000000001297218526381',24,33);
INSERT INTO map_monsters VALUES ('MAP_00000000001296788648248','MONS_00000000001297218526381',24,34);
INSERT INTO map_monsters VALUES ('MAP_00000000001296788648248','MONS_00000000001297218526381',24,35);
INSERT INTO map_monsters VALUES ('MAP_00000000001296788648248','MONS_00000000001297218526381',24,36);
INSERT INTO map_monsters VALUES ('MAP_00000000001296788648248','MONS_00000000001297218526381',24,37);
INSERT INTO map_monsters VALUES ('MAP_00000000001296788648248','MONS_00000000001297218526381',24,38);
INSERT INTO map_monsters VALUES ('MAP_00000000001296788648248','MONS_00000000001297218526381',24,39);
INSERT INTO map_monsters VALUES ('MAP_00000000001296788648248','MONS_00000000001297218526381',24,45);
INSERT INTO map_monsters VALUES ('MAP_00000000001296788648248','MONS_00000000001297218526381',24,47);
INSERT INTO map_monsters VALUES ('MAP_00000000001296788648248','MONS_00000000001297218526381',25,45);
INSERT INTO map_monsters VALUES ('MAP_00000000001296788648248','MONS_00000000001297218526381',25,47);
INSERT INTO map_monsters VALUES ('MAP_00000000001296788648248','MONS_00000000001297218526381',25,48);
INSERT INTO map_monsters VALUES ('MAP_00000000001296788648248','MONS_00000000001297218526381',25,49);
INSERT INTO map_monsters VALUES ('MAP_00000000001296788648248','MONS_00000000001297218526381',25,50);
INSERT INTO map_monsters VALUES ('MAP_00000000001296788648248','MONS_00000000001297218526381',25,51);
INSERT INTO map_monsters VALUES ('MAP_00000000001296788648248','MONS_00000000001297218526381',25,52);
INSERT INTO map_monsters VALUES ('MAP_00000000001296788648248','MONS_00000000001297218526381',25,53);
INSERT INTO map_monsters VALUES ('MAP_00000000001296788648248','MONS_00000000001297218526381',25,54);
INSERT INTO map_monsters VALUES ('MAP_00000000001296788648248','MONS_00000000001297218526381',25,55);
INSERT INTO map_monsters VALUES ('MAP_00000000001296788648248','MONS_00000000001297218526381',25,56);
INSERT INTO map_monsters VALUES ('MAP_00000000001296788648248','MONS_00000000001297218526381',25,57);
INSERT INTO map_monsters VALUES ('MAP_00000000001296788648248','MONS_00000000001297218526381',25,58);
INSERT INTO map_monsters VALUES ('MAP_00000000001296788648248','MONS_00000000001297218526381',25,59);
INSERT INTO map_monsters VALUES ('MAP_00000000001296788648248','MONS_00000000001297218526381',25,60);
INSERT INTO map_monsters VALUES ('MAP_00000000001296788648248','MONS_00000000001297218526381',25,61);
INSERT INTO map_monsters VALUES ('MAP_00000000001296788648248','MONS_00000000001297218526381',25,62);
INSERT INTO map_monsters VALUES ('MAP_00000000001296788648248','MONS_00000000001297218526381',26,32);
INSERT INTO map_monsters VALUES ('MAP_00000000001296788648248','MONS_00000000001297218526381',26,33);
INSERT INTO map_monsters VALUES ('MAP_00000000001296788648248','MONS_00000000001297218526381',26,34);
INSERT INTO map_monsters VALUES ('MAP_00000000001296788648248','MONS_00000000001297218526381',26,35);
INSERT INTO map_monsters VALUES ('MAP_00000000001296788648248','MONS_00000000001297218526381',26,36);
INSERT INTO map_monsters VALUES ('MAP_00000000001296788648248','MONS_00000000001297218526381',26,37);
INSERT INTO map_monsters VALUES ('MAP_00000000001296788648248','MONS_00000000001297218526381',26,38);
INSERT INTO map_monsters VALUES ('MAP_00000000001296788648248','MONS_00000000001297218526381',26,39);
INSERT INTO map_monsters VALUES ('MAP_00000000001296788648248','MONS_00000000001297218526381',26,40);
INSERT INTO map_monsters VALUES ('MAP_00000000001296788648248','MONS_00000000001297218526381',26,45);
INSERT INTO map_monsters VALUES ('MAP_00000000001296788648248','MONS_00000000001297218526381',26,62);
INSERT INTO map_monsters VALUES ('MAP_00000000001296788648248','MONS_00000000001297218526381',27,45);
INSERT INTO map_monsters VALUES ('MAP_00000000001296788648248','MONS_00000000001297218526381',27,46);
INSERT INTO map_monsters VALUES ('MAP_00000000001296788648248','MONS_00000000001297218526381',27,47);
INSERT INTO map_monsters VALUES ('MAP_00000000001296788648248','MONS_00000000001297218526381',27,48);
INSERT INTO map_monsters VALUES ('MAP_00000000001296788648248','MONS_00000000001297218526381',27,49);
INSERT INTO map_monsters VALUES ('MAP_00000000001296788648248','MONS_00000000001297218526381',27,50);
INSERT INTO map_monsters VALUES ('MAP_00000000001296788648248','MONS_00000000001297218526381',27,51);
INSERT INTO map_monsters VALUES ('MAP_00000000001296788648248','MONS_00000000001297218526381',27,52);
INSERT INTO map_monsters VALUES ('MAP_00000000001296788648248','MONS_00000000001297218526381',27,53);
INSERT INTO map_monsters VALUES ('MAP_00000000001296788648248','MONS_00000000001297218526381',27,54);
INSERT INTO map_monsters VALUES ('MAP_00000000001296788648248','MONS_00000000001297218526381',27,55);
INSERT INTO map_monsters VALUES ('MAP_00000000001296788648248','MONS_00000000001297218526381',27,56);
INSERT INTO map_monsters VALUES ('MAP_00000000001296788648248','MONS_00000000001297218526381',28,7);
INSERT INTO map_monsters VALUES ('MAP_00000000001296788648248','MONS_00000000001297218526381',28,8);
INSERT INTO map_monsters VALUES ('MAP_00000000001296788648248','MONS_00000000001297218526381',28,9);
INSERT INTO map_monsters VALUES ('MAP_00000000001296788648248','MONS_00000000001297218526381',28,10);
INSERT INTO map_monsters VALUES ('MAP_00000000001296788648248','MONS_00000000001297218526381',28,11);
INSERT INTO map_monsters VALUES ('MAP_00000000001296788648248','MONS_00000000001297218526381',28,12);
INSERT INTO map_monsters VALUES ('MAP_00000000001296788648248','MONS_00000000001297218526381',28,13);
INSERT INTO map_monsters VALUES ('MAP_00000000001296788648248','MONS_00000000001297218526381',28,14);
INSERT INTO map_monsters VALUES ('MAP_00000000001296788648248','MONS_00000000001297218526381',28,32);
INSERT INTO map_monsters VALUES ('MAP_00000000001296788648248','MONS_00000000001297218526381',28,33);
INSERT INTO map_monsters VALUES ('MAP_00000000001296788648248','MONS_00000000001297218526381',28,34);
INSERT INTO map_monsters VALUES ('MAP_00000000001296788648248','MONS_00000000001297218526381',28,35);
INSERT INTO map_monsters VALUES ('MAP_00000000001296788648248','MONS_00000000001297218526381',28,36);
INSERT INTO map_monsters VALUES ('MAP_00000000001296788648248','MONS_00000000001297218526381',28,37);
INSERT INTO map_monsters VALUES ('MAP_00000000001296788648248','MONS_00000000001297218526381',28,38);
INSERT INTO map_monsters VALUES ('MAP_00000000001296788648248','MONS_00000000001297218526381',28,39);
INSERT INTO map_monsters VALUES ('MAP_00000000001296788648248','MONS_00000000001297218526381',28,40);
INSERT INTO map_monsters VALUES ('MAP_00000000001296788648248','MONS_00000000001297218526381',28,41);
INSERT INTO map_monsters VALUES ('MAP_00000000001296788648248','MONS_00000000001297218526381',28,42);
INSERT INTO map_monsters VALUES ('MAP_00000000001296788648248','MONS_00000000001297218526381',30,5);
INSERT INTO map_monsters VALUES ('MAP_00000000001296788648248','MONS_00000000001297218526381',30,6);
INSERT INTO map_monsters VALUES ('MAP_00000000001296788648248','MONS_00000000001297218526381',30,7);
INSERT INTO map_monsters VALUES ('MAP_00000000001296788648248','MONS_00000000001297218526381',30,8);
INSERT INTO map_monsters VALUES ('MAP_00000000001296788648248','MONS_00000000001297218526381',30,9);
INSERT INTO map_monsters VALUES ('MAP_00000000001296788648248','MONS_00000000001297218526381',30,10);
INSERT INTO map_monsters VALUES ('MAP_00000000001296788648248','MONS_00000000001297218526381',30,11);
INSERT INTO map_monsters VALUES ('MAP_00000000001296788648248','MONS_00000000001297218526381',30,12);
INSERT INTO map_monsters VALUES ('MAP_00000000001296788648248','MONS_00000000001297218526381',30,13);
INSERT INTO map_monsters VALUES ('MAP_00000000001296788648248','MONS_00000000001297218526381',30,14);
INSERT INTO map_monsters VALUES ('MAP_00000000001296788648248','MONS_00000000001297218526381',30,15);
INSERT INTO map_monsters VALUES ('MAP_00000000001296788648248','MONS_00000000001297218526381',30,31);
INSERT INTO map_monsters VALUES ('MAP_00000000001296788648248','MONS_00000000001297218526381',30,32);
INSERT INTO map_monsters VALUES ('MAP_00000000001296788648248','MONS_00000000001297218526381',30,33);
INSERT INTO map_monsters VALUES ('MAP_00000000001296788648248','MONS_00000000001297218526381',30,34);
INSERT INTO map_monsters VALUES ('MAP_00000000001296788648248','MONS_00000000001297218526381',30,35);
INSERT INTO map_monsters VALUES ('MAP_00000000001296788648248','MONS_00000000001297218526381',30,36);
INSERT INTO map_monsters VALUES ('MAP_00000000001296788648248','MONS_00000000001297218526381',30,37);
INSERT INTO map_monsters VALUES ('MAP_00000000001296788648248','MONS_00000000001297218526381',30,38);
INSERT INTO map_monsters VALUES ('MAP_00000000001296788648248','MONS_00000000001297218526381',30,39);
INSERT INTO map_monsters VALUES ('MAP_00000000001296788648248','MONS_00000000001297218526381',30,40);
INSERT INTO map_monsters VALUES ('MAP_00000000001296788648248','MONS_00000000001297218526381',30,41);
INSERT INTO map_monsters VALUES ('MAP_00000000001296788648248','MONS_00000000001297218526381',30,42);
INSERT INTO map_monsters VALUES ('MAP_00000000001296788648248','MONS_00000000001297218526381',30,43);
INSERT INTO map_monsters VALUES ('MAP_00000000001296788648248','MONS_00000000001297218526381',30,44);
INSERT INTO map_monsters VALUES ('MAP_00000000001296788648248','MONS_00000000001297218526381',30,45);
INSERT INTO map_monsters VALUES ('MAP_00000000001296788648248','MONS_00000000001297218526381',30,46);
INSERT INTO map_monsters VALUES ('MAP_00000000001296788648248','MONS_00000000001297218526381',30,47);
INSERT INTO map_monsters VALUES ('MAP_00000000001296788648248','MONS_00000000001297218526381',30,48);
INSERT INTO map_monsters VALUES ('MAP_00000000001296788648248','MONS_00000000001297218526381',30,49);
INSERT INTO map_monsters VALUES ('MAP_00000000001296788648248','MONS_00000000001297218526381',30,50);
INSERT INTO map_monsters VALUES ('MAP_00000000001296788648248','MONS_00000000001297218526381',30,51);
INSERT INTO map_monsters VALUES ('MAP_00000000001296788648248','MONS_00000000001297218526381',30,52);
INSERT INTO map_monsters VALUES ('MAP_00000000001296788648248','MONS_00000000001297218526381',30,53);
INSERT INTO map_monsters VALUES ('MAP_00000000001296788648248','MONS_00000000001297218526381',30,54);
INSERT INTO map_monsters VALUES ('MAP_00000000001296788648248','MONS_00000000001297218526381',30,55);
INSERT INTO map_monsters VALUES ('MAP_00000000001296788648248','MONS_00000000001297218526381',30,56);
INSERT INTO map_monsters VALUES ('MAP_00000000001296788648248','MONS_00000000001297218526381',30,57);
INSERT INTO map_monsters VALUES ('MAP_00000000001296788648248','MONS_00000000001297218526381',30,58);
INSERT INTO map_monsters VALUES ('MAP_00000000001296788648248','MONS_00000000001297218526381',30,59);
INSERT INTO monsters VALUES ('MONS_00000000001297218526401','Thieves Guild Initiate',42,1,1,1,1,8,8,8,0,0);
INSERT INTO map_monsters VALUES ('MAP_00000000001296788648248','MONS_00000000001297218526401',1,5);
INSERT INTO map_monsters VALUES ('MAP_00000000001296788648248','MONS_00000000001297218526401',1,6);
INSERT INTO map_monsters VALUES ('MAP_00000000001296788648248','MONS_00000000001297218526401',1,7);
INSERT INTO map_monsters VALUES ('MAP_00000000001296788648248','MONS_00000000001297218526401',1,8);
INSERT INTO map_monsters VALUES ('MAP_00000000001296788648248','MONS_00000000001297218526401',1,9);
INSERT INTO map_monsters VALUES ('MAP_00000000001296788648248','MONS_00000000001297218526401',1,10);
INSERT INTO map_monsters VALUES ('MAP_00000000001296788648248','MONS_00000000001297218526401',1,11);
INSERT INTO map_monsters VALUES ('MAP_00000000001296788648248','MONS_00000000001297218526401',1,12);
INSERT INTO map_monsters VALUES ('MAP_00000000001296788648248','MONS_00000000001297218526401',1,13);
INSERT INTO map_monsters VALUES ('MAP_00000000001296788648248','MONS_00000000001297218526401',1,14);
INSERT INTO map_monsters VALUES ('MAP_00000000001296788648248','MONS_00000000001297218526401',1,15);
INSERT INTO map_monsters VALUES ('MAP_00000000001296788648248','MONS_00000000001297218526401',1,31);
INSERT INTO map_monsters VALUES ('MAP_00000000001296788648248','MONS_00000000001297218526401',1,32);
INSERT INTO map_monsters VALUES ('MAP_00000000001296788648248','MONS_00000000001297218526401',1,33);
INSERT INTO map_monsters VALUES ('MAP_00000000001296788648248','MONS_00000000001297218526401',1,34);
INSERT INTO map_monsters VALUES ('MAP_00000000001296788648248','MONS_00000000001297218526401',1,35);
INSERT INTO map_monsters VALUES ('MAP_00000000001296788648248','MONS_00000000001297218526401',1,36);
INSERT INTO map_monsters VALUES ('MAP_00000000001296788648248','MONS_00000000001297218526401',1,37);
INSERT INTO map_monsters VALUES ('MAP_00000000001296788648248','MONS_00000000001297218526401',1,38);
INSERT INTO map_monsters VALUES ('MAP_00000000001296788648248','MONS_00000000001297218526401',1,39);
INSERT INTO map_monsters VALUES ('MAP_00000000001296788648248','MONS_00000000001297218526401',1,40);
INSERT INTO map_monsters VALUES ('MAP_00000000001296788648248','MONS_00000000001297218526401',1,41);
INSERT INTO map_monsters VALUES ('MAP_00000000001296788648248','MONS_00000000001297218526401',1,42);
INSERT INTO map_monsters VALUES ('MAP_00000000001296788648248','MONS_00000000001297218526401',1,43);
INSERT INTO map_monsters VALUES ('MAP_00000000001296788648248','MONS_00000000001297218526401',1,44);
INSERT INTO map_monsters VALUES ('MAP_00000000001296788648248','MONS_00000000001297218526401',1,45);
INSERT INTO map_monsters VALUES ('MAP_00000000001296788648248','MONS_00000000001297218526401',1,46);
INSERT INTO map_monsters VALUES ('MAP_00000000001296788648248','MONS_00000000001297218526401',1,47);
INSERT INTO map_monsters VALUES ('MAP_00000000001296788648248','MONS_00000000001297218526401',1,48);
INSERT INTO map_monsters VALUES ('MAP_00000000001296788648248','MONS_00000000001297218526401',1,49);
INSERT INTO map_monsters VALUES ('MAP_00000000001296788648248','MONS_00000000001297218526401',1,50);
INSERT INTO map_monsters VALUES ('MAP_00000000001296788648248','MONS_00000000001297218526401',1,51);
INSERT INTO map_monsters VALUES ('MAP_00000000001296788648248','MONS_00000000001297218526401',1,52);
INSERT INTO map_monsters VALUES ('MAP_00000000001296788648248','MONS_00000000001297218526401',1,53);
INSERT INTO map_monsters VALUES ('MAP_00000000001296788648248','MONS_00000000001297218526401',1,54);
INSERT INTO map_monsters VALUES ('MAP_00000000001296788648248','MONS_00000000001297218526401',1,55);
INSERT INTO map_monsters VALUES ('MAP_00000000001296788648248','MONS_00000000001297218526401',1,56);
INSERT INTO map_monsters VALUES ('MAP_00000000001296788648248','MONS_00000000001297218526401',1,57);
INSERT INTO map_monsters VALUES ('MAP_00000000001296788648248','MONS_00000000001297218526401',1,58);
INSERT INTO map_monsters VALUES ('MAP_00000000001296788648248','MONS_00000000001297218526401',1,59);
INSERT INTO map_monsters VALUES ('MAP_00000000001296788648248','MONS_00000000001297218526401',3,7);
INSERT INTO map_monsters VALUES ('MAP_00000000001296788648248','MONS_00000000001297218526401',3,8);
INSERT INTO map_monsters VALUES ('MAP_00000000001296788648248','MONS_00000000001297218526401',3,9);
INSERT INTO map_monsters VALUES ('MAP_00000000001296788648248','MONS_00000000001297218526401',3,10);
INSERT INTO map_monsters VALUES ('MAP_00000000001296788648248','MONS_00000000001297218526401',3,11);
INSERT INTO map_monsters VALUES ('MAP_00000000001296788648248','MONS_00000000001297218526401',3,12);
INSERT INTO map_monsters VALUES ('MAP_00000000001296788648248','MONS_00000000001297218526401',3,13);
INSERT INTO map_monsters VALUES ('MAP_00000000001296788648248','MONS_00000000001297218526401',3,14);
INSERT INTO map_monsters VALUES ('MAP_00000000001296788648248','MONS_00000000001297218526401',3,32);
INSERT INTO map_monsters VALUES ('MAP_00000000001296788648248','MONS_00000000001297218526401',3,33);
INSERT INTO map_monsters VALUES ('MAP_00000000001296788648248','MONS_00000000001297218526401',3,34);
INSERT INTO map_monsters VALUES ('MAP_00000000001296788648248','MONS_00000000001297218526401',3,35);
INSERT INTO map_monsters VALUES ('MAP_00000000001296788648248','MONS_00000000001297218526401',3,36);
INSERT INTO map_monsters VALUES ('MAP_00000000001296788648248','MONS_00000000001297218526401',3,37);
INSERT INTO map_monsters VALUES ('MAP_00000000001296788648248','MONS_00000000001297218526401',3,38);
INSERT INTO map_monsters VALUES ('MAP_00000000001296788648248','MONS_00000000001297218526401',3,39);
INSERT INTO map_monsters VALUES ('MAP_00000000001296788648248','MONS_00000000001297218526401',3,40);
INSERT INTO map_monsters VALUES ('MAP_00000000001296788648248','MONS_00000000001297218526401',3,41);
INSERT INTO map_monsters VALUES ('MAP_00000000001296788648248','MONS_00000000001297218526401',3,42);
INSERT INTO map_monsters VALUES ('MAP_00000000001296788648248','MONS_00000000001297218526401',4,45);
INSERT INTO map_monsters VALUES ('MAP_00000000001296788648248','MONS_00000000001297218526401',4,46);
INSERT INTO map_monsters VALUES ('MAP_00000000001296788648248','MONS_00000000001297218526401',4,47);
INSERT INTO map_monsters VALUES ('MAP_00000000001296788648248','MONS_00000000001297218526401',4,48);
INSERT INTO map_monsters VALUES ('MAP_00000000001296788648248','MONS_00000000001297218526401',4,49);
INSERT INTO map_monsters VALUES ('MAP_00000000001296788648248','MONS_00000000001297218526401',4,50);
INSERT INTO map_monsters VALUES ('MAP_00000000001296788648248','MONS_00000000001297218526401',4,51);
INSERT INTO map_monsters VALUES ('MAP_00000000001296788648248','MONS_00000000001297218526401',4,52);
INSERT INTO map_monsters VALUES ('MAP_00000000001296788648248','MONS_00000000001297218526401',4,53);
INSERT INTO map_monsters VALUES ('MAP_00000000001296788648248','MONS_00000000001297218526401',4,54);
INSERT INTO map_monsters VALUES ('MAP_00000000001296788648248','MONS_00000000001297218526401',4,55);
INSERT INTO map_monsters VALUES ('MAP_00000000001296788648248','MONS_00000000001297218526401',4,56);
INSERT INTO map_monsters VALUES ('MAP_00000000001296788648248','MONS_00000000001297218526401',5,32);
INSERT INTO map_monsters VALUES ('MAP_00000000001296788648248','MONS_00000000001297218526401',5,33);
INSERT INTO map_monsters VALUES ('MAP_00000000001296788648248','MONS_00000000001297218526401',5,34);
INSERT INTO map_monsters VALUES ('MAP_00000000001296788648248','MONS_00000000001297218526401',5,35);
INSERT INTO map_monsters VALUES ('MAP_00000000001296788648248','MONS_00000000001297218526401',5,36);
INSERT INTO map_monsters VALUES ('MAP_00000000001296788648248','MONS_00000000001297218526401',5,37);
INSERT INTO map_monsters VALUES ('MAP_00000000001296788648248','MONS_00000000001297218526401',5,38);
INSERT INTO map_monsters VALUES ('MAP_00000000001296788648248','MONS_00000000001297218526401',5,39);
INSERT INTO map_monsters VALUES ('MAP_00000000001296788648248','MONS_00000000001297218526401',5,40);
INSERT INTO map_monsters VALUES ('MAP_00000000001296788648248','MONS_00000000001297218526401',5,45);
INSERT INTO map_monsters VALUES ('MAP_00000000001296788648248','MONS_00000000001297218526401',5,62);
INSERT INTO map_monsters VALUES ('MAP_00000000001296788648248','MONS_00000000001297218526401',6,45);
INSERT INTO map_monsters VALUES ('MAP_00000000001296788648248','MONS_00000000001297218526401',6,47);
INSERT INTO map_monsters VALUES ('MAP_00000000001296788648248','MONS_00000000001297218526401',6,48);
INSERT INTO map_monsters VALUES ('MAP_00000000001296788648248','MONS_00000000001297218526401',6,49);
INSERT INTO map_monsters VALUES ('MAP_00000000001296788648248','MONS_00000000001297218526401',6,50);
INSERT INTO map_monsters VALUES ('MAP_00000000001296788648248','MONS_00000000001297218526401',6,51);
INSERT INTO map_monsters VALUES ('MAP_00000000001296788648248','MONS_00000000001297218526401',6,52);
INSERT INTO map_monsters VALUES ('MAP_00000000001296788648248','MONS_00000000001297218526401',6,53);
INSERT INTO map_monsters VALUES ('MAP_00000000001296788648248','MONS_00000000001297218526401',6,54);
INSERT INTO map_monsters VALUES ('MAP_00000000001296788648248','MONS_00000000001297218526401',6,55);
INSERT INTO map_monsters VALUES ('MAP_00000000001296788648248','MONS_00000000001297218526401',6,56);
INSERT INTO map_monsters VALUES ('MAP_00000000001296788648248','MONS_00000000001297218526401',6,57);
INSERT INTO map_monsters VALUES ('MAP_00000000001296788648248','MONS_00000000001297218526401',6,58);
INSERT INTO map_monsters VALUES ('MAP_00000000001296788648248','MONS_00000000001297218526401',6,59);
INSERT INTO map_monsters VALUES ('MAP_00000000001296788648248','MONS_00000000001297218526401',6,60);
INSERT INTO map_monsters VALUES ('MAP_00000000001296788648248','MONS_00000000001297218526401',6,61);
INSERT INTO map_monsters VALUES ('MAP_00000000001296788648248','MONS_00000000001297218526401',6,62);
INSERT INTO map_monsters VALUES ('MAP_00000000001296788648248','MONS_00000000001297218526401',7,26);
INSERT INTO map_monsters VALUES ('MAP_00000000001296788648248','MONS_00000000001297218526401',7,27);
INSERT INTO map_monsters VALUES ('MAP_00000000001296788648248','MONS_00000000001297218526401',7,28);
INSERT INTO map_monsters VALUES ('MAP_00000000001296788648248','MONS_00000000001297218526401',7,29);
INSERT INTO map_monsters VALUES ('MAP_00000000001296788648248','MONS_00000000001297218526401',7,30);
INSERT INTO map_monsters VALUES ('MAP_00000000001296788648248','MONS_00000000001297218526401',7,31);
INSERT INTO map_monsters VALUES ('MAP_00000000001296788648248','MONS_00000000001297218526401',7,32);
INSERT INTO map_monsters VALUES ('MAP_00000000001296788648248','MONS_00000000001297218526401',7,33);
INSERT INTO map_monsters VALUES ('MAP_00000000001296788648248','MONS_00000000001297218526401',7,34);
INSERT INTO map_monsters VALUES ('MAP_00000000001296788648248','MONS_00000000001297218526401',7,35);
INSERT INTO map_monsters VALUES ('MAP_00000000001296788648248','MONS_00000000001297218526401',7,36);
INSERT INTO map_monsters VALUES ('MAP_00000000001296788648248','MONS_00000000001297218526401',7,37);
INSERT INTO map_monsters VALUES ('MAP_00000000001296788648248','MONS_00000000001297218526401',7,38);
INSERT INTO map_monsters VALUES ('MAP_00000000001296788648248','MONS_00000000001297218526401',7,39);
INSERT INTO map_monsters VALUES ('MAP_00000000001296788648248','MONS_00000000001297218526401',7,45);
INSERT INTO map_monsters VALUES ('MAP_00000000001296788648248','MONS_00000000001297218526401',7,47);
INSERT INTO map_monsters VALUES ('MAP_00000000001296788648248','MONS_00000000001297218526401',8,45);
INSERT INTO map_monsters VALUES ('MAP_00000000001296788648248','MONS_00000000001297218526401',8,47);
INSERT INTO map_monsters VALUES ('MAP_00000000001296788648248','MONS_00000000001297218526401',8,49);
INSERT INTO map_monsters VALUES ('MAP_00000000001296788648248','MONS_00000000001297218526401',8,50);
INSERT INTO map_monsters VALUES ('MAP_00000000001296788648248','MONS_00000000001297218526401',8,51);
INSERT INTO map_monsters VALUES ('MAP_00000000001296788648248','MONS_00000000001297218526401',8,52);
INSERT INTO map_monsters VALUES ('MAP_00000000001296788648248','MONS_00000000001297218526401',8,53);
INSERT INTO map_monsters VALUES ('MAP_00000000001296788648248','MONS_00000000001297218526401',8,54);
INSERT INTO map_monsters VALUES ('MAP_00000000001296788648248','MONS_00000000001297218526401',8,55);
INSERT INTO map_monsters VALUES ('MAP_00000000001296788648248','MONS_00000000001297218526401',8,56);
INSERT INTO map_monsters VALUES ('MAP_00000000001296788648248','MONS_00000000001297218526401',8,57);
INSERT INTO map_monsters VALUES ('MAP_00000000001296788648248','MONS_00000000001297218526401',8,58);
INSERT INTO map_monsters VALUES ('MAP_00000000001296788648248','MONS_00000000001297218526401',8,59);
INSERT INTO map_monsters VALUES ('MAP_00000000001296788648248','MONS_00000000001297218526401',8,60);
INSERT INTO map_monsters VALUES ('MAP_00000000001296788648248','MONS_00000000001297218526401',8,61);
INSERT INTO map_monsters VALUES ('MAP_00000000001296788648248','MONS_00000000001297218526401',8,62);
INSERT INTO map_monsters VALUES ('MAP_00000000001296788648248','MONS_00000000001297218526401',9,27);
INSERT INTO map_monsters VALUES ('MAP_00000000001296788648248','MONS_00000000001297218526401',9,28);
INSERT INTO map_monsters VALUES ('MAP_00000000001296788648248','MONS_00000000001297218526401',9,29);
INSERT INTO map_monsters VALUES ('MAP_00000000001296788648248','MONS_00000000001297218526401',9,30);
INSERT INTO map_monsters VALUES ('MAP_00000000001296788648248','MONS_00000000001297218526401',9,31);
INSERT INTO map_monsters VALUES ('MAP_00000000001296788648248','MONS_00000000001297218526401',9,32);
INSERT INTO map_monsters VALUES ('MAP_00000000001296788648248','MONS_00000000001297218526401',9,33);
INSERT INTO map_monsters VALUES ('MAP_00000000001296788648248','MONS_00000000001297218526401',9,34);
INSERT INTO map_monsters VALUES ('MAP_00000000001296788648248','MONS_00000000001297218526401',9,35);
INSERT INTO map_monsters VALUES ('MAP_00000000001296788648248','MONS_00000000001297218526401',9,36);
INSERT INTO map_monsters VALUES ('MAP_00000000001296788648248','MONS_00000000001297218526401',9,37);
INSERT INTO map_monsters VALUES ('MAP_00000000001296788648248','MONS_00000000001297218526401',9,38);
INSERT INTO map_monsters VALUES ('MAP_00000000001296788648248','MONS_00000000001297218526401',9,45);
INSERT INTO map_monsters VALUES ('MAP_00000000001296788648248','MONS_00000000001297218526401',10,45);
INSERT INTO map_monsters VALUES ('MAP_00000000001296788648248','MONS_00000000001297218526401',10,51);
INSERT INTO map_monsters VALUES ('MAP_00000000001296788648248','MONS_00000000001297218526401',10,52);
INSERT INTO map_monsters VALUES ('MAP_00000000001296788648248','MONS_00000000001297218526401',10,53);
INSERT INTO map_monsters VALUES ('MAP_00000000001296788648248','MONS_00000000001297218526401',10,54);
INSERT INTO map_monsters VALUES ('MAP_00000000001296788648248','MONS_00000000001297218526401',10,55);
INSERT INTO map_monsters VALUES ('MAP_00000000001296788648248','MONS_00000000001297218526401',10,56);
INSERT INTO map_monsters VALUES ('MAP_00000000001296788648248','MONS_00000000001297218526401',10,57);
INSERT INTO map_monsters VALUES ('MAP_00000000001296788648248','MONS_00000000001297218526401',10,58);
INSERT INTO map_monsters VALUES ('MAP_00000000001296788648248','MONS_00000000001297218526401',10,59);
INSERT INTO map_monsters VALUES ('MAP_00000000001296788648248','MONS_00000000001297218526401',10,60);
INSERT INTO map_monsters VALUES ('MAP_00000000001296788648248','MONS_00000000001297218526401',10,61);
INSERT INTO map_monsters VALUES ('MAP_00000000001296788648248','MONS_00000000001297218526401',10,62);
INSERT INTO map_monsters VALUES ('MAP_00000000001296788648248','MONS_00000000001297218526401',11,25);
INSERT INTO map_monsters VALUES ('MAP_00000000001296788648248','MONS_00000000001297218526401',11,26);
INSERT INTO map_monsters VALUES ('MAP_00000000001296788648248','MONS_00000000001297218526401',11,27);
INSERT INTO map_monsters VALUES ('MAP_00000000001296788648248','MONS_00000000001297218526401',11,28);
INSERT INTO map_monsters VALUES ('MAP_00000000001296788648248','MONS_00000000001297218526401',11,29);
INSERT INTO map_monsters VALUES ('MAP_00000000001296788648248','MONS_00000000001297218526401',11,30);
INSERT INTO map_monsters VALUES ('MAP_00000000001296788648248','MONS_00000000001297218526401',11,31);
INSERT INTO map_monsters VALUES ('MAP_00000000001296788648248','MONS_00000000001297218526401',11,32);
INSERT INTO map_monsters VALUES ('MAP_00000000001296788648248','MONS_00000000001297218526401',11,33);
INSERT INTO map_monsters VALUES ('MAP_00000000001296788648248','MONS_00000000001297218526401',11,34);
INSERT INTO map_monsters VALUES ('MAP_00000000001296788648248','MONS_00000000001297218526401',11,35);
INSERT INTO map_monsters VALUES ('MAP_00000000001296788648248','MONS_00000000001297218526401',11,36);
INSERT INTO map_monsters VALUES ('MAP_00000000001296788648248','MONS_00000000001297218526401',11,37);
INSERT INTO map_monsters VALUES ('MAP_00000000001296788648248','MONS_00000000001297218526401',11,45);
INSERT INTO map_monsters VALUES ('MAP_00000000001296788648248','MONS_00000000001297218526401',11,47);
INSERT INTO map_monsters VALUES ('MAP_00000000001296788648248','MONS_00000000001297218526401',11,49);
INSERT INTO map_monsters VALUES ('MAP_00000000001296788648248','MONS_00000000001297218526401',12,45);
INSERT INTO map_monsters VALUES ('MAP_00000000001296788648248','MONS_00000000001297218526401',12,47);
INSERT INTO map_monsters VALUES ('MAP_00000000001296788648248','MONS_00000000001297218526401',12,49);
INSERT INTO map_monsters VALUES ('MAP_00000000001296788648248','MONS_00000000001297218526401',12,51);
INSERT INTO map_monsters VALUES ('MAP_00000000001296788648248','MONS_00000000001297218526401',13,27);
INSERT INTO map_monsters VALUES ('MAP_00000000001296788648248','MONS_00000000001297218526401',13,29);
INSERT INTO map_monsters VALUES ('MAP_00000000001296788648248','MONS_00000000001297218526401',13,30);
INSERT INTO map_monsters VALUES ('MAP_00000000001296788648248','MONS_00000000001297218526401',13,31);
INSERT INTO map_monsters VALUES ('MAP_00000000001296788648248','MONS_00000000001297218526401',13,32);
INSERT INTO map_monsters VALUES ('MAP_00000000001296788648248','MONS_00000000001297218526401',13,33);
INSERT INTO map_monsters VALUES ('MAP_00000000001296788648248','MONS_00000000001297218526401',13,34);
INSERT INTO map_monsters VALUES ('MAP_00000000001296788648248','MONS_00000000001297218526401',13,35);
INSERT INTO map_monsters VALUES ('MAP_00000000001296788648248','MONS_00000000001297218526401',13,36);
INSERT INTO map_monsters VALUES ('MAP_00000000001296788648248','MONS_00000000001297218526401',13,37);
INSERT INTO map_monsters VALUES ('MAP_00000000001296788648248','MONS_00000000001297218526401',13,38);
INSERT INTO map_monsters VALUES ('MAP_00000000001296788648248','MONS_00000000001297218526401',13,39);
INSERT INTO map_monsters VALUES ('MAP_00000000001296788648248','MONS_00000000001297218526401',13,45);
INSERT INTO map_monsters VALUES ('MAP_00000000001296788648248','MONS_00000000001297218526401',13,47);
INSERT INTO map_monsters VALUES ('MAP_00000000001296788648248','MONS_00000000001297218526401',13,49);
INSERT INTO map_monsters VALUES ('MAP_00000000001296788648248','MONS_00000000001297218526401',13,51);
INSERT INTO map_monsters VALUES ('MAP_00000000001296788648248','MONS_00000000001297218526401',14,47);
INSERT INTO map_monsters VALUES ('MAP_00000000001296788648248','MONS_00000000001297218526401',14,49);
INSERT INTO map_monsters VALUES ('MAP_00000000001296788648248','MONS_00000000001297218526401',14,51);
INSERT INTO map_monsters VALUES ('MAP_00000000001296788648248','MONS_00000000001297218526401',15,47);
INSERT INTO map_monsters VALUES ('MAP_00000000001296788648248','MONS_00000000001297218526401',15,49);
INSERT INTO map_monsters VALUES ('MAP_00000000001296788648248','MONS_00000000001297218526401',16,47);
INSERT INTO map_monsters VALUES ('MAP_00000000001296788648248','MONS_00000000001297218526401',16,49);
INSERT INTO map_monsters VALUES ('MAP_00000000001296788648248','MONS_00000000001297218526401',17,47);
INSERT INTO map_monsters VALUES ('MAP_00000000001296788648248','MONS_00000000001297218526401',17,49);
INSERT INTO map_monsters VALUES ('MAP_00000000001296788648248','MONS_00000000001297218526401',17,51);
INSERT INTO map_monsters VALUES ('MAP_00000000001296788648248','MONS_00000000001297218526401',18,27);
INSERT INTO map_monsters VALUES ('MAP_00000000001296788648248','MONS_00000000001297218526401',18,29);
INSERT INTO map_monsters VALUES ('MAP_00000000001296788648248','MONS_00000000001297218526401',18,30);
INSERT INTO map_monsters VALUES ('MAP_00000000001296788648248','MONS_00000000001297218526401',18,31);
INSERT INTO map_monsters VALUES ('MAP_00000000001296788648248','MONS_00000000001297218526401',18,32);
INSERT INTO map_monsters VALUES ('MAP_00000000001296788648248','MONS_00000000001297218526401',18,33);
INSERT INTO map_monsters VALUES ('MAP_00000000001296788648248','MONS_00000000001297218526401',18,34);
INSERT INTO map_monsters VALUES ('MAP_00000000001296788648248','MONS_00000000001297218526401',18,35);
INSERT INTO map_monsters VALUES ('MAP_00000000001296788648248','MONS_00000000001297218526401',18,36);
INSERT INTO map_monsters VALUES ('MAP_00000000001296788648248','MONS_00000000001297218526401',18,37);
INSERT INTO map_monsters VALUES ('MAP_00000000001296788648248','MONS_00000000001297218526401',18,38);
INSERT INTO map_monsters VALUES ('MAP_00000000001296788648248','MONS_00000000001297218526401',18,39);
INSERT INTO map_monsters VALUES ('MAP_00000000001296788648248','MONS_00000000001297218526401',18,45);
INSERT INTO map_monsters VALUES ('MAP_00000000001296788648248','MONS_00000000001297218526401',18,47);
INSERT INTO map_monsters VALUES ('MAP_00000000001296788648248','MONS_00000000001297218526401',18,49);
INSERT INTO map_monsters VALUES ('MAP_00000000001296788648248','MONS_00000000001297218526401',18,51);
INSERT INTO map_monsters VALUES ('MAP_00000000001296788648248','MONS_00000000001297218526401',19,45);
INSERT INTO map_monsters VALUES ('MAP_00000000001296788648248','MONS_00000000001297218526401',19,47);
INSERT INTO map_monsters VALUES ('MAP_00000000001296788648248','MONS_00000000001297218526401',19,49);
INSERT INTO map_monsters VALUES ('MAP_00000000001296788648248','MONS_00000000001297218526401',19,51);
INSERT INTO map_monsters VALUES ('MAP_00000000001296788648248','MONS_00000000001297218526401',20,25);
INSERT INTO map_monsters VALUES ('MAP_00000000001296788648248','MONS_00000000001297218526401',20,26);
INSERT INTO map_monsters VALUES ('MAP_00000000001296788648248','MONS_00000000001297218526401',20,27);
INSERT INTO map_monsters VALUES ('MAP_00000000001296788648248','MONS_00000000001297218526401',20,28);
INSERT INTO map_monsters VALUES ('MAP_00000000001296788648248','MONS_00000000001297218526401',20,29);
INSERT INTO map_monsters VALUES ('MAP_00000000001296788648248','MONS_00000000001297218526401',20,30);
INSERT INTO map_monsters VALUES ('MAP_00000000001296788648248','MONS_00000000001297218526401',20,31);
INSERT INTO map_monsters VALUES ('MAP_00000000001296788648248','MONS_00000000001297218526401',20,32);
INSERT INTO map_monsters VALUES ('MAP_00000000001296788648248','MONS_00000000001297218526401',20,33);
INSERT INTO map_monsters VALUES ('MAP_00000000001296788648248','MONS_00000000001297218526401',20,34);
INSERT INTO map_monsters VALUES ('MAP_00000000001296788648248','MONS_00000000001297218526401',20,35);
INSERT INTO map_monsters VALUES ('MAP_00000000001296788648248','MONS_00000000001297218526401',20,36);
INSERT INTO map_monsters VALUES ('MAP_00000000001296788648248','MONS_00000000001297218526401',20,37);
INSERT INTO map_monsters VALUES ('MAP_00000000001296788648248','MONS_00000000001297218526401',20,45);
INSERT INTO map_monsters VALUES ('MAP_00000000001296788648248','MONS_00000000001297218526401',20,47);
INSERT INTO map_monsters VALUES ('MAP_00000000001296788648248','MONS_00000000001297218526401',20,49);
INSERT INTO map_monsters VALUES ('MAP_00000000001296788648248','MONS_00000000001297218526401',21,45);
INSERT INTO map_monsters VALUES ('MAP_00000000001296788648248','MONS_00000000001297218526401',21,51);
INSERT INTO map_monsters VALUES ('MAP_00000000001296788648248','MONS_00000000001297218526401',21,52);
INSERT INTO map_monsters VALUES ('MAP_00000000001296788648248','MONS_00000000001297218526401',21,53);
INSERT INTO map_monsters VALUES ('MAP_00000000001296788648248','MONS_00000000001297218526401',21,54);
INSERT INTO map_monsters VALUES ('MAP_00000000001296788648248','MONS_00000000001297218526401',21,55);
INSERT INTO map_monsters VALUES ('MAP_00000000001296788648248','MONS_00000000001297218526401',21,56);
INSERT INTO map_monsters VALUES ('MAP_00000000001296788648248','MONS_00000000001297218526401',21,57);
INSERT INTO map_monsters VALUES ('MAP_00000000001296788648248','MONS_00000000001297218526401',21,58);
INSERT INTO map_monsters VALUES ('MAP_00000000001296788648248','MONS_00000000001297218526401',21,59);
INSERT INTO map_monsters VALUES ('MAP_00000000001296788648248','MONS_00000000001297218526401',21,60);
INSERT INTO map_monsters VALUES ('MAP_00000000001296788648248','MONS_00000000001297218526401',21,61);
INSERT INTO map_monsters VALUES ('MAP_00000000001296788648248','MONS_00000000001297218526401',21,62);
INSERT INTO map_monsters VALUES ('MAP_00000000001296788648248','MONS_00000000001297218526401',22,27);
INSERT INTO map_monsters VALUES ('MAP_00000000001296788648248','MONS_00000000001297218526401',22,28);
INSERT INTO map_monsters VALUES ('MAP_00000000001296788648248','MONS_00000000001297218526401',22,29);
INSERT INTO map_monsters VALUES ('MAP_00000000001296788648248','MONS_00000000001297218526401',22,30);
INSERT INTO map_monsters VALUES ('MAP_00000000001296788648248','MONS_00000000001297218526401',22,31);
INSERT INTO map_monsters VALUES ('MAP_00000000001296788648248','MONS_00000000001297218526401',22,32);
INSERT INTO map_monsters VALUES ('MAP_00000000001296788648248','MONS_00000000001297218526401',22,33);
INSERT INTO map_monsters VALUES ('MAP_00000000001296788648248','MONS_00000000001297218526401',22,34);
INSERT INTO map_monsters VALUES ('MAP_00000000001296788648248','MONS_00000000001297218526401',22,35);
INSERT INTO map_monsters VALUES ('MAP_00000000001296788648248','MONS_00000000001297218526401',22,36);
INSERT INTO map_monsters VALUES ('MAP_00000000001296788648248','MONS_00000000001297218526401',22,37);
INSERT INTO map_monsters VALUES ('MAP_00000000001296788648248','MONS_00000000001297218526401',22,38);
INSERT INTO map_monsters VALUES ('MAP_00000000001296788648248','MONS_00000000001297218526401',22,45);
INSERT INTO map_monsters VALUES ('MAP_00000000001296788648248','MONS_00000000001297218526401',23,45);
INSERT INTO map_monsters VALUES ('MAP_00000000001296788648248','MONS_00000000001297218526401',23,47);
INSERT INTO map_monsters VALUES ('MAP_00000000001296788648248','MONS_00000000001297218526401',23,49);
INSERT INTO map_monsters VALUES ('MAP_00000000001296788648248','MONS_00000000001297218526401',23,50);
INSERT INTO map_monsters VALUES ('MAP_00000000001296788648248','MONS_00000000001297218526401',23,51);
INSERT INTO map_monsters VALUES ('MAP_00000000001296788648248','MONS_00000000001297218526401',23,52);
INSERT INTO map_monsters VALUES ('MAP_00000000001296788648248','MONS_00000000001297218526401',23,53);
INSERT INTO map_monsters VALUES ('MAP_00000000001296788648248','MONS_00000000001297218526401',23,54);
INSERT INTO map_monsters VALUES ('MAP_00000000001296788648248','MONS_00000000001297218526401',23,55);
INSERT INTO map_monsters VALUES ('MAP_00000000001296788648248','MONS_00000000001297218526401',23,56);
INSERT INTO map_monsters VALUES ('MAP_00000000001296788648248','MONS_00000000001297218526401',23,57);
INSERT INTO map_monsters VALUES ('MAP_00000000001296788648248','MONS_00000000001297218526401',23,58);
INSERT INTO map_monsters VALUES ('MAP_00000000001296788648248','MONS_00000000001297218526401',23,59);
INSERT INTO map_monsters VALUES ('MAP_00000000001296788648248','MONS_00000000001297218526401',23,60);
INSERT INTO map_monsters VALUES ('MAP_00000000001296788648248','MONS_00000000001297218526401',23,61);
INSERT INTO map_monsters VALUES ('MAP_00000000001296788648248','MONS_00000000001297218526401',23,62);
INSERT INTO map_monsters VALUES ('MAP_00000000001296788648248','MONS_00000000001297218526401',24,26);
INSERT INTO map_monsters VALUES ('MAP_00000000001296788648248','MONS_00000000001297218526401',24,27);
INSERT INTO map_monsters VALUES ('MAP_00000000001296788648248','MONS_00000000001297218526401',24,28);
INSERT INTO map_monsters VALUES ('MAP_00000000001296788648248','MONS_00000000001297218526401',24,29);
INSERT INTO map_monsters VALUES ('MAP_00000000001296788648248','MONS_00000000001297218526401',24,30);
INSERT INTO map_monsters VALUES ('MAP_00000000001296788648248','MONS_00000000001297218526401',24,31);
INSERT INTO map_monsters VALUES ('MAP_00000000001296788648248','MONS_00000000001297218526401',24,32);
INSERT INTO map_monsters VALUES ('MAP_00000000001296788648248','MONS_00000000001297218526401',24,33);
INSERT INTO map_monsters VALUES ('MAP_00000000001296788648248','MONS_00000000001297218526401',24,34);
INSERT INTO map_monsters VALUES ('MAP_00000000001296788648248','MONS_00000000001297218526401',24,35);
INSERT INTO map_monsters VALUES ('MAP_00000000001296788648248','MONS_00000000001297218526401',24,36);
INSERT INTO map_monsters VALUES ('MAP_00000000001296788648248','MONS_00000000001297218526401',24,37);
INSERT INTO map_monsters VALUES ('MAP_00000000001296788648248','MONS_00000000001297218526401',24,38);
INSERT INTO map_monsters VALUES ('MAP_00000000001296788648248','MONS_00000000001297218526401',24,39);
INSERT INTO map_monsters VALUES ('MAP_00000000001296788648248','MONS_00000000001297218526401',24,45);
INSERT INTO map_monsters VALUES ('MAP_00000000001296788648248','MONS_00000000001297218526401',24,47);
INSERT INTO map_monsters VALUES ('MAP_00000000001296788648248','MONS_00000000001297218526401',25,45);
INSERT INTO map_monsters VALUES ('MAP_00000000001296788648248','MONS_00000000001297218526401',25,47);
INSERT INTO map_monsters VALUES ('MAP_00000000001296788648248','MONS_00000000001297218526401',25,48);
INSERT INTO map_monsters VALUES ('MAP_00000000001296788648248','MONS_00000000001297218526401',25,49);
INSERT INTO map_monsters VALUES ('MAP_00000000001296788648248','MONS_00000000001297218526401',25,50);
INSERT INTO map_monsters VALUES ('MAP_00000000001296788648248','MONS_00000000001297218526401',25,51);
INSERT INTO map_monsters VALUES ('MAP_00000000001296788648248','MONS_00000000001297218526401',25,52);
INSERT INTO map_monsters VALUES ('MAP_00000000001296788648248','MONS_00000000001297218526401',25,53);
INSERT INTO map_monsters VALUES ('MAP_00000000001296788648248','MONS_00000000001297218526401',25,54);
INSERT INTO map_monsters VALUES ('MAP_00000000001296788648248','MONS_00000000001297218526401',25,55);
INSERT INTO map_monsters VALUES ('MAP_00000000001296788648248','MONS_00000000001297218526401',25,56);
INSERT INTO map_monsters VALUES ('MAP_00000000001296788648248','MONS_00000000001297218526401',25,57);
INSERT INTO map_monsters VALUES ('MAP_00000000001296788648248','MONS_00000000001297218526401',25,58);
INSERT INTO map_monsters VALUES ('MAP_00000000001296788648248','MONS_00000000001297218526401',25,59);
INSERT INTO map_monsters VALUES ('MAP_00000000001296788648248','MONS_00000000001297218526401',25,60);
INSERT INTO map_monsters VALUES ('MAP_00000000001296788648248','MONS_00000000001297218526401',25,61);
INSERT INTO map_monsters VALUES ('MAP_00000000001296788648248','MONS_00000000001297218526401',25,62);
INSERT INTO map_monsters VALUES ('MAP_00000000001296788648248','MONS_00000000001297218526401',26,32);
INSERT INTO map_monsters VALUES ('MAP_00000000001296788648248','MONS_00000000001297218526401',26,33);
INSERT INTO map_monsters VALUES ('MAP_00000000001296788648248','MONS_00000000001297218526401',26,34);
INSERT INTO map_monsters VALUES ('MAP_00000000001296788648248','MONS_00000000001297218526401',26,35);
INSERT INTO map_monsters VALUES ('MAP_00000000001296788648248','MONS_00000000001297218526401',26,36);
INSERT INTO map_monsters VALUES ('MAP_00000000001296788648248','MONS_00000000001297218526401',26,37);
INSERT INTO map_monsters VALUES ('MAP_00000000001296788648248','MONS_00000000001297218526401',26,38);
INSERT INTO map_monsters VALUES ('MAP_00000000001296788648248','MONS_00000000001297218526401',26,39);
INSERT INTO map_monsters VALUES ('MAP_00000000001296788648248','MONS_00000000001297218526401',26,40);
INSERT INTO map_monsters VALUES ('MAP_00000000001296788648248','MONS_00000000001297218526401',26,45);
INSERT INTO map_monsters VALUES ('MAP_00000000001296788648248','MONS_00000000001297218526401',26,62);
INSERT INTO map_monsters VALUES ('MAP_00000000001296788648248','MONS_00000000001297218526401',27,45);
INSERT INTO map_monsters VALUES ('MAP_00000000001296788648248','MONS_00000000001297218526401',27,46);
INSERT INTO map_monsters VALUES ('MAP_00000000001296788648248','MONS_00000000001297218526401',27,47);
INSERT INTO map_monsters VALUES ('MAP_00000000001296788648248','MONS_00000000001297218526401',27,48);
INSERT INTO map_monsters VALUES ('MAP_00000000001296788648248','MONS_00000000001297218526401',27,49);
INSERT INTO map_monsters VALUES ('MAP_00000000001296788648248','MONS_00000000001297218526401',27,50);
INSERT INTO map_monsters VALUES ('MAP_00000000001296788648248','MONS_00000000001297218526401',27,51);
INSERT INTO map_monsters VALUES ('MAP_00000000001296788648248','MONS_00000000001297218526401',27,52);
INSERT INTO map_monsters VALUES ('MAP_00000000001296788648248','MONS_00000000001297218526401',27,53);
INSERT INTO map_monsters VALUES ('MAP_00000000001296788648248','MONS_00000000001297218526401',27,54);
INSERT INTO map_monsters VALUES ('MAP_00000000001296788648248','MONS_00000000001297218526401',27,55);
INSERT INTO map_monsters VALUES ('MAP_00000000001296788648248','MONS_00000000001297218526401',27,56);
INSERT INTO map_monsters VALUES ('MAP_00000000001296788648248','MONS_00000000001297218526401',28,7);
INSERT INTO map_monsters VALUES ('MAP_00000000001296788648248','MONS_00000000001297218526401',28,8);
INSERT INTO map_monsters VALUES ('MAP_00000000001296788648248','MONS_00000000001297218526401',28,9);
INSERT INTO map_monsters VALUES ('MAP_00000000001296788648248','MONS_00000000001297218526401',28,10);
INSERT INTO map_monsters VALUES ('MAP_00000000001296788648248','MONS_00000000001297218526401',28,11);
INSERT INTO map_monsters VALUES ('MAP_00000000001296788648248','MONS_00000000001297218526401',28,12);
INSERT INTO map_monsters VALUES ('MAP_00000000001296788648248','MONS_00000000001297218526401',28,13);
INSERT INTO map_monsters VALUES ('MAP_00000000001296788648248','MONS_00000000001297218526401',28,14);
INSERT INTO map_monsters VALUES ('MAP_00000000001296788648248','MONS_00000000001297218526401',28,32);
INSERT INTO map_monsters VALUES ('MAP_00000000001296788648248','MONS_00000000001297218526401',28,33);
INSERT INTO map_monsters VALUES ('MAP_00000000001296788648248','MONS_00000000001297218526401',28,34);
INSERT INTO map_monsters VALUES ('MAP_00000000001296788648248','MONS_00000000001297218526401',28,35);
INSERT INTO map_monsters VALUES ('MAP_00000000001296788648248','MONS_00000000001297218526401',28,36);
INSERT INTO map_monsters VALUES ('MAP_00000000001296788648248','MONS_00000000001297218526401',28,37);
INSERT INTO map_monsters VALUES ('MAP_00000000001296788648248','MONS_00000000001297218526401',28,38);
INSERT INTO map_monsters VALUES ('MAP_00000000001296788648248','MONS_00000000001297218526401',28,39);
INSERT INTO map_monsters VALUES ('MAP_00000000001296788648248','MONS_00000000001297218526401',28,40);
INSERT INTO map_monsters VALUES ('MAP_00000000001296788648248','MONS_00000000001297218526401',28,41);
INSERT INTO map_monsters VALUES ('MAP_00000000001296788648248','MONS_00000000001297218526401',28,42);
INSERT INTO map_monsters VALUES ('MAP_00000000001296788648248','MONS_00000000001297218526401',30,5);
INSERT INTO map_monsters VALUES ('MAP_00000000001296788648248','MONS_00000000001297218526401',30,6);
INSERT INTO map_monsters VALUES ('MAP_00000000001296788648248','MONS_00000000001297218526401',30,7);
INSERT INTO map_monsters VALUES ('MAP_00000000001296788648248','MONS_00000000001297218526401',30,8);
INSERT INTO map_monsters VALUES ('MAP_00000000001296788648248','MONS_00000000001297218526401',30,9);
INSERT INTO map_monsters VALUES ('MAP_00000000001296788648248','MONS_00000000001297218526401',30,10);
INSERT INTO map_monsters VALUES ('MAP_00000000001296788648248','MONS_00000000001297218526401',30,11);
INSERT INTO map_monsters VALUES ('MAP_00000000001296788648248','MONS_00000000001297218526401',30,12);
INSERT INTO map_monsters VALUES ('MAP_00000000001296788648248','MONS_00000000001297218526401',30,13);
INSERT INTO map_monsters VALUES ('MAP_00000000001296788648248','MONS_00000000001297218526401',30,14);
INSERT INTO map_monsters VALUES ('MAP_00000000001296788648248','MONS_00000000001297218526401',30,15);
INSERT INTO map_monsters VALUES ('MAP_00000000001296788648248','MONS_00000000001297218526401',30,31);
INSERT INTO map_monsters VALUES ('MAP_00000000001296788648248','MONS_00000000001297218526401',30,32);
INSERT INTO map_monsters VALUES ('MAP_00000000001296788648248','MONS_00000000001297218526401',30,33);
INSERT INTO map_monsters VALUES ('MAP_00000000001296788648248','MONS_00000000001297218526401',30,34);
INSERT INTO map_monsters VALUES ('MAP_00000000001296788648248','MONS_00000000001297218526401',30,35);
INSERT INTO map_monsters VALUES ('MAP_00000000001296788648248','MONS_00000000001297218526401',30,36);
INSERT INTO map_monsters VALUES ('MAP_00000000001296788648248','MONS_00000000001297218526401',30,37);
INSERT INTO map_monsters VALUES ('MAP_00000000001296788648248','MONS_00000000001297218526401',30,38);
INSERT INTO map_monsters VALUES ('MAP_00000000001296788648248','MONS_00000000001297218526401',30,39);
INSERT INTO map_monsters VALUES ('MAP_00000000001296788648248','MONS_00000000001297218526401',30,40);
INSERT INTO map_monsters VALUES ('MAP_00000000001296788648248','MONS_00000000001297218526401',30,41);
INSERT INTO map_monsters VALUES ('MAP_00000000001296788648248','MONS_00000000001297218526401',30,42);
INSERT INTO map_monsters VALUES ('MAP_00000000001296788648248','MONS_00000000001297218526401',30,43);
INSERT INTO map_monsters VALUES ('MAP_00000000001296788648248','MONS_00000000001297218526401',30,44);
INSERT INTO map_monsters VALUES ('MAP_00000000001296788648248','MONS_00000000001297218526401',30,45);
INSERT INTO map_monsters VALUES ('MAP_00000000001296788648248','MONS_00000000001297218526401',30,46);
INSERT INTO map_monsters VALUES ('MAP_00000000001296788648248','MONS_00000000001297218526401',30,47);
INSERT INTO map_monsters VALUES ('MAP_00000000001296788648248','MONS_00000000001297218526401',30,48);
INSERT INTO map_monsters VALUES ('MAP_00000000001296788648248','MONS_00000000001297218526401',30,49);
INSERT INTO map_monsters VALUES ('MAP_00000000001296788648248','MONS_00000000001297218526401',30,50);
INSERT INTO map_monsters VALUES ('MAP_00000000001296788648248','MONS_00000000001297218526401',30,51);
INSERT INTO map_monsters VALUES ('MAP_00000000001296788648248','MONS_00000000001297218526401',30,52);
INSERT INTO map_monsters VALUES ('MAP_00000000001296788648248','MONS_00000000001297218526401',30,53);
INSERT INTO map_monsters VALUES ('MAP_00000000001296788648248','MONS_00000000001297218526401',30,54);
INSERT INTO map_monsters VALUES ('MAP_00000000001296788648248','MONS_00000000001297218526401',30,55);
INSERT INTO map_monsters VALUES ('MAP_00000000001296788648248','MONS_00000000001297218526401',30,56);
INSERT INTO map_monsters VALUES ('MAP_00000000001296788648248','MONS_00000000001297218526401',30,57);
INSERT INTO map_monsters VALUES ('MAP_00000000001296788648248','MONS_00000000001297218526401',30,58);
INSERT INTO map_monsters VALUES ('MAP_00000000001296788648248','MONS_00000000001297218526401',30,59);
INSERT INTO monsters VALUES ('MONS_00000000001297218526429','House Guard',50,1,1,1,1,9,9,9,0,0);
INSERT INTO map_monsters VALUES ('MAP_00000000001296788648248','MONS_00000000001297218526429',1,5);
INSERT INTO map_monsters VALUES ('MAP_00000000001296788648248','MONS_00000000001297218526429',1,6);
INSERT INTO map_monsters VALUES ('MAP_00000000001296788648248','MONS_00000000001297218526429',1,7);
INSERT INTO map_monsters VALUES ('MAP_00000000001296788648248','MONS_00000000001297218526429',1,8);
INSERT INTO map_monsters VALUES ('MAP_00000000001296788648248','MONS_00000000001297218526429',1,9);
INSERT INTO map_monsters VALUES ('MAP_00000000001296788648248','MONS_00000000001297218526429',1,10);
INSERT INTO map_monsters VALUES ('MAP_00000000001296788648248','MONS_00000000001297218526429',1,11);
INSERT INTO map_monsters VALUES ('MAP_00000000001296788648248','MONS_00000000001297218526429',1,12);
INSERT INTO map_monsters VALUES ('MAP_00000000001296788648248','MONS_00000000001297218526429',1,13);
INSERT INTO map_monsters VALUES ('MAP_00000000001296788648248','MONS_00000000001297218526429',1,14);
INSERT INTO map_monsters VALUES ('MAP_00000000001296788648248','MONS_00000000001297218526429',1,15);
INSERT INTO map_monsters VALUES ('MAP_00000000001296788648248','MONS_00000000001297218526429',1,31);
INSERT INTO map_monsters VALUES ('MAP_00000000001296788648248','MONS_00000000001297218526429',1,32);
INSERT INTO map_monsters VALUES ('MAP_00000000001296788648248','MONS_00000000001297218526429',1,33);
INSERT INTO map_monsters VALUES ('MAP_00000000001296788648248','MONS_00000000001297218526429',1,34);
INSERT INTO map_monsters VALUES ('MAP_00000000001296788648248','MONS_00000000001297218526429',1,35);
INSERT INTO map_monsters VALUES ('MAP_00000000001296788648248','MONS_00000000001297218526429',1,36);
INSERT INTO map_monsters VALUES ('MAP_00000000001296788648248','MONS_00000000001297218526429',1,37);
INSERT INTO map_monsters VALUES ('MAP_00000000001296788648248','MONS_00000000001297218526429',1,38);
INSERT INTO map_monsters VALUES ('MAP_00000000001296788648248','MONS_00000000001297218526429',1,39);
INSERT INTO map_monsters VALUES ('MAP_00000000001296788648248','MONS_00000000001297218526429',1,40);
INSERT INTO map_monsters VALUES ('MAP_00000000001296788648248','MONS_00000000001297218526429',1,41);
INSERT INTO map_monsters VALUES ('MAP_00000000001296788648248','MONS_00000000001297218526429',1,42);
INSERT INTO map_monsters VALUES ('MAP_00000000001296788648248','MONS_00000000001297218526429',1,43);
INSERT INTO map_monsters VALUES ('MAP_00000000001296788648248','MONS_00000000001297218526429',1,44);
INSERT INTO map_monsters VALUES ('MAP_00000000001296788648248','MONS_00000000001297218526429',1,45);
INSERT INTO map_monsters VALUES ('MAP_00000000001296788648248','MONS_00000000001297218526429',1,46);
INSERT INTO map_monsters VALUES ('MAP_00000000001296788648248','MONS_00000000001297218526429',1,47);
INSERT INTO map_monsters VALUES ('MAP_00000000001296788648248','MONS_00000000001297218526429',1,48);
INSERT INTO map_monsters VALUES ('MAP_00000000001296788648248','MONS_00000000001297218526429',1,49);
INSERT INTO map_monsters VALUES ('MAP_00000000001296788648248','MONS_00000000001297218526429',1,50);
INSERT INTO map_monsters VALUES ('MAP_00000000001296788648248','MONS_00000000001297218526429',1,51);
INSERT INTO map_monsters VALUES ('MAP_00000000001296788648248','MONS_00000000001297218526429',1,52);
INSERT INTO map_monsters VALUES ('MAP_00000000001296788648248','MONS_00000000001297218526429',1,53);
INSERT INTO map_monsters VALUES ('MAP_00000000001296788648248','MONS_00000000001297218526429',1,54);
INSERT INTO map_monsters VALUES ('MAP_00000000001296788648248','MONS_00000000001297218526429',1,55);
INSERT INTO map_monsters VALUES ('MAP_00000000001296788648248','MONS_00000000001297218526429',1,56);
INSERT INTO map_monsters VALUES ('MAP_00000000001296788648248','MONS_00000000001297218526429',1,57);
INSERT INTO map_monsters VALUES ('MAP_00000000001296788648248','MONS_00000000001297218526429',1,58);
INSERT INTO map_monsters VALUES ('MAP_00000000001296788648248','MONS_00000000001297218526429',1,59);
INSERT INTO map_monsters VALUES ('MAP_00000000001296788648248','MONS_00000000001297218526429',3,7);
INSERT INTO map_monsters VALUES ('MAP_00000000001296788648248','MONS_00000000001297218526429',3,8);
INSERT INTO map_monsters VALUES ('MAP_00000000001296788648248','MONS_00000000001297218526429',3,9);
INSERT INTO map_monsters VALUES ('MAP_00000000001296788648248','MONS_00000000001297218526429',3,10);
INSERT INTO map_monsters VALUES ('MAP_00000000001296788648248','MONS_00000000001297218526429',3,11);
INSERT INTO map_monsters VALUES ('MAP_00000000001296788648248','MONS_00000000001297218526429',3,12);
INSERT INTO map_monsters VALUES ('MAP_00000000001296788648248','MONS_00000000001297218526429',3,13);
INSERT INTO map_monsters VALUES ('MAP_00000000001296788648248','MONS_00000000001297218526429',3,14);
INSERT INTO map_monsters VALUES ('MAP_00000000001296788648248','MONS_00000000001297218526429',3,32);
INSERT INTO map_monsters VALUES ('MAP_00000000001296788648248','MONS_00000000001297218526429',3,33);
INSERT INTO map_monsters VALUES ('MAP_00000000001296788648248','MONS_00000000001297218526429',3,34);
INSERT INTO map_monsters VALUES ('MAP_00000000001296788648248','MONS_00000000001297218526429',3,35);
INSERT INTO map_monsters VALUES ('MAP_00000000001296788648248','MONS_00000000001297218526429',3,36);
INSERT INTO map_monsters VALUES ('MAP_00000000001296788648248','MONS_00000000001297218526429',3,37);
INSERT INTO map_monsters VALUES ('MAP_00000000001296788648248','MONS_00000000001297218526429',3,38);
INSERT INTO map_monsters VALUES ('MAP_00000000001296788648248','MONS_00000000001297218526429',3,39);
INSERT INTO map_monsters VALUES ('MAP_00000000001296788648248','MONS_00000000001297218526429',3,40);
INSERT INTO map_monsters VALUES ('MAP_00000000001296788648248','MONS_00000000001297218526429',3,41);
INSERT INTO map_monsters VALUES ('MAP_00000000001296788648248','MONS_00000000001297218526429',3,42);
INSERT INTO map_monsters VALUES ('MAP_00000000001296788648248','MONS_00000000001297218526429',4,45);
INSERT INTO map_monsters VALUES ('MAP_00000000001296788648248','MONS_00000000001297218526429',4,46);
INSERT INTO map_monsters VALUES ('MAP_00000000001296788648248','MONS_00000000001297218526429',4,47);
INSERT INTO map_monsters VALUES ('MAP_00000000001296788648248','MONS_00000000001297218526429',4,48);
INSERT INTO map_monsters VALUES ('MAP_00000000001296788648248','MONS_00000000001297218526429',4,49);
INSERT INTO map_monsters VALUES ('MAP_00000000001296788648248','MONS_00000000001297218526429',4,50);
INSERT INTO map_monsters VALUES ('MAP_00000000001296788648248','MONS_00000000001297218526429',4,51);
INSERT INTO map_monsters VALUES ('MAP_00000000001296788648248','MONS_00000000001297218526429',4,52);
INSERT INTO map_monsters VALUES ('MAP_00000000001296788648248','MONS_00000000001297218526429',4,53);
INSERT INTO map_monsters VALUES ('MAP_00000000001296788648248','MONS_00000000001297218526429',4,54);
INSERT INTO map_monsters VALUES ('MAP_00000000001296788648248','MONS_00000000001297218526429',4,55);
INSERT INTO map_monsters VALUES ('MAP_00000000001296788648248','MONS_00000000001297218526429',4,56);
INSERT INTO map_monsters VALUES ('MAP_00000000001296788648248','MONS_00000000001297218526429',5,32);
INSERT INTO map_monsters VALUES ('MAP_00000000001296788648248','MONS_00000000001297218526429',5,33);
INSERT INTO map_monsters VALUES ('MAP_00000000001296788648248','MONS_00000000001297218526429',5,34);
INSERT INTO map_monsters VALUES ('MAP_00000000001296788648248','MONS_00000000001297218526429',5,35);
INSERT INTO map_monsters VALUES ('MAP_00000000001296788648248','MONS_00000000001297218526429',5,36);
INSERT INTO map_monsters VALUES ('MAP_00000000001296788648248','MONS_00000000001297218526429',5,37);
INSERT INTO map_monsters VALUES ('MAP_00000000001296788648248','MONS_00000000001297218526429',5,38);
INSERT INTO map_monsters VALUES ('MAP_00000000001296788648248','MONS_00000000001297218526429',5,39);
INSERT INTO map_monsters VALUES ('MAP_00000000001296788648248','MONS_00000000001297218526429',5,40);
INSERT INTO map_monsters VALUES ('MAP_00000000001296788648248','MONS_00000000001297218526429',5,45);
INSERT INTO map_monsters VALUES ('MAP_00000000001296788648248','MONS_00000000001297218526429',5,62);
INSERT INTO map_monsters VALUES ('MAP_00000000001296788648248','MONS_00000000001297218526429',6,45);
INSERT INTO map_monsters VALUES ('MAP_00000000001296788648248','MONS_00000000001297218526429',6,47);
INSERT INTO map_monsters VALUES ('MAP_00000000001296788648248','MONS_00000000001297218526429',6,48);
INSERT INTO map_monsters VALUES ('MAP_00000000001296788648248','MONS_00000000001297218526429',6,49);
INSERT INTO map_monsters VALUES ('MAP_00000000001296788648248','MONS_00000000001297218526429',6,50);
INSERT INTO map_monsters VALUES ('MAP_00000000001296788648248','MONS_00000000001297218526429',6,51);
INSERT INTO map_monsters VALUES ('MAP_00000000001296788648248','MONS_00000000001297218526429',6,52);
INSERT INTO map_monsters VALUES ('MAP_00000000001296788648248','MONS_00000000001297218526429',6,53);
INSERT INTO map_monsters VALUES ('MAP_00000000001296788648248','MONS_00000000001297218526429',6,54);
INSERT INTO map_monsters VALUES ('MAP_00000000001296788648248','MONS_00000000001297218526429',6,55);
INSERT INTO map_monsters VALUES ('MAP_00000000001296788648248','MONS_00000000001297218526429',6,56);
INSERT INTO map_monsters VALUES ('MAP_00000000001296788648248','MONS_00000000001297218526429',6,57);
INSERT INTO map_monsters VALUES ('MAP_00000000001296788648248','MONS_00000000001297218526429',6,58);
INSERT INTO map_monsters VALUES ('MAP_00000000001296788648248','MONS_00000000001297218526429',6,59);
INSERT INTO map_monsters VALUES ('MAP_00000000001296788648248','MONS_00000000001297218526429',6,60);
INSERT INTO map_monsters VALUES ('MAP_00000000001296788648248','MONS_00000000001297218526429',6,61);
INSERT INTO map_monsters VALUES ('MAP_00000000001296788648248','MONS_00000000001297218526429',6,62);
INSERT INTO map_monsters VALUES ('MAP_00000000001296788648248','MONS_00000000001297218526429',7,26);
INSERT INTO map_monsters VALUES ('MAP_00000000001296788648248','MONS_00000000001297218526429',7,27);
INSERT INTO map_monsters VALUES ('MAP_00000000001296788648248','MONS_00000000001297218526429',7,28);
INSERT INTO map_monsters VALUES ('MAP_00000000001296788648248','MONS_00000000001297218526429',7,29);
INSERT INTO map_monsters VALUES ('MAP_00000000001296788648248','MONS_00000000001297218526429',7,30);
INSERT INTO map_monsters VALUES ('MAP_00000000001296788648248','MONS_00000000001297218526429',7,31);
INSERT INTO map_monsters VALUES ('MAP_00000000001296788648248','MONS_00000000001297218526429',7,32);
INSERT INTO map_monsters VALUES ('MAP_00000000001296788648248','MONS_00000000001297218526429',7,33);
INSERT INTO map_monsters VALUES ('MAP_00000000001296788648248','MONS_00000000001297218526429',7,34);
INSERT INTO map_monsters VALUES ('MAP_00000000001296788648248','MONS_00000000001297218526429',7,35);
INSERT INTO map_monsters VALUES ('MAP_00000000001296788648248','MONS_00000000001297218526429',7,36);
INSERT INTO map_monsters VALUES ('MAP_00000000001296788648248','MONS_00000000001297218526429',7,37);
INSERT INTO map_monsters VALUES ('MAP_00000000001296788648248','MONS_00000000001297218526429',7,38);
INSERT INTO map_monsters VALUES ('MAP_00000000001296788648248','MONS_00000000001297218526429',7,39);
INSERT INTO map_monsters VALUES ('MAP_00000000001296788648248','MONS_00000000001297218526429',7,45);
INSERT INTO map_monsters VALUES ('MAP_00000000001296788648248','MONS_00000000001297218526429',7,47);
INSERT INTO map_monsters VALUES ('MAP_00000000001296788648248','MONS_00000000001297218526429',8,45);
INSERT INTO map_monsters VALUES ('MAP_00000000001296788648248','MONS_00000000001297218526429',8,47);
INSERT INTO map_monsters VALUES ('MAP_00000000001296788648248','MONS_00000000001297218526429',8,49);
INSERT INTO map_monsters VALUES ('MAP_00000000001296788648248','MONS_00000000001297218526429',8,50);
INSERT INTO map_monsters VALUES ('MAP_00000000001296788648248','MONS_00000000001297218526429',8,51);
INSERT INTO map_monsters VALUES ('MAP_00000000001296788648248','MONS_00000000001297218526429',8,52);
INSERT INTO map_monsters VALUES ('MAP_00000000001296788648248','MONS_00000000001297218526429',8,53);
INSERT INTO map_monsters VALUES ('MAP_00000000001296788648248','MONS_00000000001297218526429',8,54);
INSERT INTO map_monsters VALUES ('MAP_00000000001296788648248','MONS_00000000001297218526429',8,55);
INSERT INTO map_monsters VALUES ('MAP_00000000001296788648248','MONS_00000000001297218526429',8,56);
INSERT INTO map_monsters VALUES ('MAP_00000000001296788648248','MONS_00000000001297218526429',8,57);
INSERT INTO map_monsters VALUES ('MAP_00000000001296788648248','MONS_00000000001297218526429',8,58);
INSERT INTO map_monsters VALUES ('MAP_00000000001296788648248','MONS_00000000001297218526429',8,59);
INSERT INTO map_monsters VALUES ('MAP_00000000001296788648248','MONS_00000000001297218526429',8,60);
INSERT INTO map_monsters VALUES ('MAP_00000000001296788648248','MONS_00000000001297218526429',8,61);
INSERT INTO map_monsters VALUES ('MAP_00000000001296788648248','MONS_00000000001297218526429',8,62);
INSERT INTO map_monsters VALUES ('MAP_00000000001296788648248','MONS_00000000001297218526429',9,27);
INSERT INTO map_monsters VALUES ('MAP_00000000001296788648248','MONS_00000000001297218526429',9,28);
INSERT INTO map_monsters VALUES ('MAP_00000000001296788648248','MONS_00000000001297218526429',9,29);
INSERT INTO map_monsters VALUES ('MAP_00000000001296788648248','MONS_00000000001297218526429',9,30);
INSERT INTO map_monsters VALUES ('MAP_00000000001296788648248','MONS_00000000001297218526429',9,31);
INSERT INTO map_monsters VALUES ('MAP_00000000001296788648248','MONS_00000000001297218526429',9,32);
INSERT INTO map_monsters VALUES ('MAP_00000000001296788648248','MONS_00000000001297218526429',9,33);
INSERT INTO map_monsters VALUES ('MAP_00000000001296788648248','MONS_00000000001297218526429',9,34);
INSERT INTO map_monsters VALUES ('MAP_00000000001296788648248','MONS_00000000001297218526429',9,35);
INSERT INTO map_monsters VALUES ('MAP_00000000001296788648248','MONS_00000000001297218526429',9,36);
INSERT INTO map_monsters VALUES ('MAP_00000000001296788648248','MONS_00000000001297218526429',9,37);
INSERT INTO map_monsters VALUES ('MAP_00000000001296788648248','MONS_00000000001297218526429',9,38);
INSERT INTO map_monsters VALUES ('MAP_00000000001296788648248','MONS_00000000001297218526429',9,45);
INSERT INTO map_monsters VALUES ('MAP_00000000001296788648248','MONS_00000000001297218526429',10,45);
INSERT INTO map_monsters VALUES ('MAP_00000000001296788648248','MONS_00000000001297218526429',10,51);
INSERT INTO map_monsters VALUES ('MAP_00000000001296788648248','MONS_00000000001297218526429',10,52);
INSERT INTO map_monsters VALUES ('MAP_00000000001296788648248','MONS_00000000001297218526429',10,53);
INSERT INTO map_monsters VALUES ('MAP_00000000001296788648248','MONS_00000000001297218526429',10,54);
INSERT INTO map_monsters VALUES ('MAP_00000000001296788648248','MONS_00000000001297218526429',10,55);
INSERT INTO map_monsters VALUES ('MAP_00000000001296788648248','MONS_00000000001297218526429',10,56);
INSERT INTO map_monsters VALUES ('MAP_00000000001296788648248','MONS_00000000001297218526429',10,57);
INSERT INTO map_monsters VALUES ('MAP_00000000001296788648248','MONS_00000000001297218526429',10,58);
INSERT INTO map_monsters VALUES ('MAP_00000000001296788648248','MONS_00000000001297218526429',10,59);
INSERT INTO map_monsters VALUES ('MAP_00000000001296788648248','MONS_00000000001297218526429',10,60);
INSERT INTO map_monsters VALUES ('MAP_00000000001296788648248','MONS_00000000001297218526429',10,61);
INSERT INTO map_monsters VALUES ('MAP_00000000001296788648248','MONS_00000000001297218526429',10,62);
INSERT INTO map_monsters VALUES ('MAP_00000000001296788648248','MONS_00000000001297218526429',11,25);
INSERT INTO map_monsters VALUES ('MAP_00000000001296788648248','MONS_00000000001297218526429',11,26);
INSERT INTO map_monsters VALUES ('MAP_00000000001296788648248','MONS_00000000001297218526429',11,27);
INSERT INTO map_monsters VALUES ('MAP_00000000001296788648248','MONS_00000000001297218526429',11,28);
INSERT INTO map_monsters VALUES ('MAP_00000000001296788648248','MONS_00000000001297218526429',11,29);
INSERT INTO map_monsters VALUES ('MAP_00000000001296788648248','MONS_00000000001297218526429',11,30);
INSERT INTO map_monsters VALUES ('MAP_00000000001296788648248','MONS_00000000001297218526429',11,31);
INSERT INTO map_monsters VALUES ('MAP_00000000001296788648248','MONS_00000000001297218526429',11,32);
INSERT INTO map_monsters VALUES ('MAP_00000000001296788648248','MONS_00000000001297218526429',11,33);
INSERT INTO map_monsters VALUES ('MAP_00000000001296788648248','MONS_00000000001297218526429',11,34);
INSERT INTO map_monsters VALUES ('MAP_00000000001296788648248','MONS_00000000001297218526429',11,35);
INSERT INTO map_monsters VALUES ('MAP_00000000001296788648248','MONS_00000000001297218526429',11,36);
INSERT INTO map_monsters VALUES ('MAP_00000000001296788648248','MONS_00000000001297218526429',11,37);
INSERT INTO map_monsters VALUES ('MAP_00000000001296788648248','MONS_00000000001297218526429',11,45);
INSERT INTO map_monsters VALUES ('MAP_00000000001296788648248','MONS_00000000001297218526429',11,47);
INSERT INTO map_monsters VALUES ('MAP_00000000001296788648248','MONS_00000000001297218526429',11,49);
INSERT INTO map_monsters VALUES ('MAP_00000000001296788648248','MONS_00000000001297218526429',12,45);
INSERT INTO map_monsters VALUES ('MAP_00000000001296788648248','MONS_00000000001297218526429',12,47);
INSERT INTO map_monsters VALUES ('MAP_00000000001296788648248','MONS_00000000001297218526429',12,49);
INSERT INTO map_monsters VALUES ('MAP_00000000001296788648248','MONS_00000000001297218526429',12,51);
INSERT INTO map_monsters VALUES ('MAP_00000000001296788648248','MONS_00000000001297218526429',13,27);
INSERT INTO map_monsters VALUES ('MAP_00000000001296788648248','MONS_00000000001297218526429',13,29);
INSERT INTO map_monsters VALUES ('MAP_00000000001296788648248','MONS_00000000001297218526429',13,30);
INSERT INTO map_monsters VALUES ('MAP_00000000001296788648248','MONS_00000000001297218526429',13,31);
INSERT INTO map_monsters VALUES ('MAP_00000000001296788648248','MONS_00000000001297218526429',13,32);
INSERT INTO map_monsters VALUES ('MAP_00000000001296788648248','MONS_00000000001297218526429',13,33);
INSERT INTO map_monsters VALUES ('MAP_00000000001296788648248','MONS_00000000001297218526429',13,34);
INSERT INTO map_monsters VALUES ('MAP_00000000001296788648248','MONS_00000000001297218526429',13,35);
INSERT INTO map_monsters VALUES ('MAP_00000000001296788648248','MONS_00000000001297218526429',13,36);
INSERT INTO map_monsters VALUES ('MAP_00000000001296788648248','MONS_00000000001297218526429',13,37);
INSERT INTO map_monsters VALUES ('MAP_00000000001296788648248','MONS_00000000001297218526429',13,38);
INSERT INTO map_monsters VALUES ('MAP_00000000001296788648248','MONS_00000000001297218526429',13,39);
INSERT INTO map_monsters VALUES ('MAP_00000000001296788648248','MONS_00000000001297218526429',13,45);
INSERT INTO map_monsters VALUES ('MAP_00000000001296788648248','MONS_00000000001297218526429',13,47);
INSERT INTO map_monsters VALUES ('MAP_00000000001296788648248','MONS_00000000001297218526429',13,49);
INSERT INTO map_monsters VALUES ('MAP_00000000001296788648248','MONS_00000000001297218526429',13,51);
INSERT INTO map_monsters VALUES ('MAP_00000000001296788648248','MONS_00000000001297218526429',14,47);
INSERT INTO map_monsters VALUES ('MAP_00000000001296788648248','MONS_00000000001297218526429',14,49);
INSERT INTO map_monsters VALUES ('MAP_00000000001296788648248','MONS_00000000001297218526429',14,51);
INSERT INTO map_monsters VALUES ('MAP_00000000001296788648248','MONS_00000000001297218526429',15,47);
INSERT INTO map_monsters VALUES ('MAP_00000000001296788648248','MONS_00000000001297218526429',15,49);
INSERT INTO map_monsters VALUES ('MAP_00000000001296788648248','MONS_00000000001297218526429',16,47);
INSERT INTO map_monsters VALUES ('MAP_00000000001296788648248','MONS_00000000001297218526429',16,49);
INSERT INTO map_monsters VALUES ('MAP_00000000001296788648248','MONS_00000000001297218526429',17,47);
INSERT INTO map_monsters VALUES ('MAP_00000000001296788648248','MONS_00000000001297218526429',17,49);
INSERT INTO map_monsters VALUES ('MAP_00000000001296788648248','MONS_00000000001297218526429',17,51);
INSERT INTO map_monsters VALUES ('MAP_00000000001296788648248','MONS_00000000001297218526429',18,27);
INSERT INTO map_monsters VALUES ('MAP_00000000001296788648248','MONS_00000000001297218526429',18,29);
INSERT INTO map_monsters VALUES ('MAP_00000000001296788648248','MONS_00000000001297218526429',18,30);
INSERT INTO map_monsters VALUES ('MAP_00000000001296788648248','MONS_00000000001297218526429',18,31);
INSERT INTO map_monsters VALUES ('MAP_00000000001296788648248','MONS_00000000001297218526429',18,32);
INSERT INTO map_monsters VALUES ('MAP_00000000001296788648248','MONS_00000000001297218526429',18,33);
INSERT INTO map_monsters VALUES ('MAP_00000000001296788648248','MONS_00000000001297218526429',18,34);
INSERT INTO map_monsters VALUES ('MAP_00000000001296788648248','MONS_00000000001297218526429',18,35);
INSERT INTO map_monsters VALUES ('MAP_00000000001296788648248','MONS_00000000001297218526429',18,36);
INSERT INTO map_monsters VALUES ('MAP_00000000001296788648248','MONS_00000000001297218526429',18,37);
INSERT INTO map_monsters VALUES ('MAP_00000000001296788648248','MONS_00000000001297218526429',18,38);
INSERT INTO map_monsters VALUES ('MAP_00000000001296788648248','MONS_00000000001297218526429',18,39);
INSERT INTO map_monsters VALUES ('MAP_00000000001296788648248','MONS_00000000001297218526429',18,45);
INSERT INTO map_monsters VALUES ('MAP_00000000001296788648248','MONS_00000000001297218526429',18,47);
INSERT INTO map_monsters VALUES ('MAP_00000000001296788648248','MONS_00000000001297218526429',18,49);
INSERT INTO map_monsters VALUES ('MAP_00000000001296788648248','MONS_00000000001297218526429',18,51);
INSERT INTO map_monsters VALUES ('MAP_00000000001296788648248','MONS_00000000001297218526429',19,45);
INSERT INTO map_monsters VALUES ('MAP_00000000001296788648248','MONS_00000000001297218526429',19,47);
INSERT INTO map_monsters VALUES ('MAP_00000000001296788648248','MONS_00000000001297218526429',19,49);
INSERT INTO map_monsters VALUES ('MAP_00000000001296788648248','MONS_00000000001297218526429',19,51);
INSERT INTO map_monsters VALUES ('MAP_00000000001296788648248','MONS_00000000001297218526429',20,25);
INSERT INTO map_monsters VALUES ('MAP_00000000001296788648248','MONS_00000000001297218526429',20,26);
INSERT INTO map_monsters VALUES ('MAP_00000000001296788648248','MONS_00000000001297218526429',20,27);
INSERT INTO map_monsters VALUES ('MAP_00000000001296788648248','MONS_00000000001297218526429',20,28);
INSERT INTO map_monsters VALUES ('MAP_00000000001296788648248','MONS_00000000001297218526429',20,29);
INSERT INTO map_monsters VALUES ('MAP_00000000001296788648248','MONS_00000000001297218526429',20,30);
INSERT INTO map_monsters VALUES ('MAP_00000000001296788648248','MONS_00000000001297218526429',20,31);
INSERT INTO map_monsters VALUES ('MAP_00000000001296788648248','MONS_00000000001297218526429',20,32);
INSERT INTO map_monsters VALUES ('MAP_00000000001296788648248','MONS_00000000001297218526429',20,33);
INSERT INTO map_monsters VALUES ('MAP_00000000001296788648248','MONS_00000000001297218526429',20,34);
INSERT INTO map_monsters VALUES ('MAP_00000000001296788648248','MONS_00000000001297218526429',20,35);
INSERT INTO map_monsters VALUES ('MAP_00000000001296788648248','MONS_00000000001297218526429',20,36);
INSERT INTO map_monsters VALUES ('MAP_00000000001296788648248','MONS_00000000001297218526429',20,37);
INSERT INTO map_monsters VALUES ('MAP_00000000001296788648248','MONS_00000000001297218526429',20,45);
INSERT INTO map_monsters VALUES ('MAP_00000000001296788648248','MONS_00000000001297218526429',20,47);
INSERT INTO map_monsters VALUES ('MAP_00000000001296788648248','MONS_00000000001297218526429',20,49);
INSERT INTO map_monsters VALUES ('MAP_00000000001296788648248','MONS_00000000001297218526429',21,45);
INSERT INTO map_monsters VALUES ('MAP_00000000001296788648248','MONS_00000000001297218526429',21,51);
INSERT INTO map_monsters VALUES ('MAP_00000000001296788648248','MONS_00000000001297218526429',21,52);
INSERT INTO map_monsters VALUES ('MAP_00000000001296788648248','MONS_00000000001297218526429',21,53);
INSERT INTO map_monsters VALUES ('MAP_00000000001296788648248','MONS_00000000001297218526429',21,54);
INSERT INTO map_monsters VALUES ('MAP_00000000001296788648248','MONS_00000000001297218526429',21,55);
INSERT INTO map_monsters VALUES ('MAP_00000000001296788648248','MONS_00000000001297218526429',21,56);
INSERT INTO map_monsters VALUES ('MAP_00000000001296788648248','MONS_00000000001297218526429',21,57);
INSERT INTO map_monsters VALUES ('MAP_00000000001296788648248','MONS_00000000001297218526429',21,58);
INSERT INTO map_monsters VALUES ('MAP_00000000001296788648248','MONS_00000000001297218526429',21,59);
INSERT INTO map_monsters VALUES ('MAP_00000000001296788648248','MONS_00000000001297218526429',21,60);
INSERT INTO map_monsters VALUES ('MAP_00000000001296788648248','MONS_00000000001297218526429',21,61);
INSERT INTO map_monsters VALUES ('MAP_00000000001296788648248','MONS_00000000001297218526429',21,62);
INSERT INTO map_monsters VALUES ('MAP_00000000001296788648248','MONS_00000000001297218526429',22,27);
INSERT INTO map_monsters VALUES ('MAP_00000000001296788648248','MONS_00000000001297218526429',22,28);
INSERT INTO map_monsters VALUES ('MAP_00000000001296788648248','MONS_00000000001297218526429',22,29);
INSERT INTO map_monsters VALUES ('MAP_00000000001296788648248','MONS_00000000001297218526429',22,30);
INSERT INTO map_monsters VALUES ('MAP_00000000001296788648248','MONS_00000000001297218526429',22,31);
INSERT INTO map_monsters VALUES ('MAP_00000000001296788648248','MONS_00000000001297218526429',22,32);
INSERT INTO map_monsters VALUES ('MAP_00000000001296788648248','MONS_00000000001297218526429',22,33);
INSERT INTO map_monsters VALUES ('MAP_00000000001296788648248','MONS_00000000001297218526429',22,34);
INSERT INTO map_monsters VALUES ('MAP_00000000001296788648248','MONS_00000000001297218526429',22,35);
INSERT INTO map_monsters VALUES ('MAP_00000000001296788648248','MONS_00000000001297218526429',22,36);
INSERT INTO map_monsters VALUES ('MAP_00000000001296788648248','MONS_00000000001297218526429',22,37);
INSERT INTO map_monsters VALUES ('MAP_00000000001296788648248','MONS_00000000001297218526429',22,38);
INSERT INTO map_monsters VALUES ('MAP_00000000001296788648248','MONS_00000000001297218526429',22,45);
INSERT INTO map_monsters VALUES ('MAP_00000000001296788648248','MONS_00000000001297218526429',23,45);
INSERT INTO map_monsters VALUES ('MAP_00000000001296788648248','MONS_00000000001297218526429',23,47);
INSERT INTO map_monsters VALUES ('MAP_00000000001296788648248','MONS_00000000001297218526429',23,49);
INSERT INTO map_monsters VALUES ('MAP_00000000001296788648248','MONS_00000000001297218526429',23,50);
INSERT INTO map_monsters VALUES ('MAP_00000000001296788648248','MONS_00000000001297218526429',23,51);
INSERT INTO map_monsters VALUES ('MAP_00000000001296788648248','MONS_00000000001297218526429',23,52);
INSERT INTO map_monsters VALUES ('MAP_00000000001296788648248','MONS_00000000001297218526429',23,53);
INSERT INTO map_monsters VALUES ('MAP_00000000001296788648248','MONS_00000000001297218526429',23,54);
INSERT INTO map_monsters VALUES ('MAP_00000000001296788648248','MONS_00000000001297218526429',23,55);
INSERT INTO map_monsters VALUES ('MAP_00000000001296788648248','MONS_00000000001297218526429',23,56);
INSERT INTO map_monsters VALUES ('MAP_00000000001296788648248','MONS_00000000001297218526429',23,57);
INSERT INTO map_monsters VALUES ('MAP_00000000001296788648248','MONS_00000000001297218526429',23,58);
INSERT INTO map_monsters VALUES ('MAP_00000000001296788648248','MONS_00000000001297218526429',23,59);
INSERT INTO map_monsters VALUES ('MAP_00000000001296788648248','MONS_00000000001297218526429',23,60);
INSERT INTO map_monsters VALUES ('MAP_00000000001296788648248','MONS_00000000001297218526429',23,61);
INSERT INTO map_monsters VALUES ('MAP_00000000001296788648248','MONS_00000000001297218526429',23,62);
INSERT INTO map_monsters VALUES ('MAP_00000000001296788648248','MONS_00000000001297218526429',24,26);
INSERT INTO map_monsters VALUES ('MAP_00000000001296788648248','MONS_00000000001297218526429',24,27);
INSERT INTO map_monsters VALUES ('MAP_00000000001296788648248','MONS_00000000001297218526429',24,28);
INSERT INTO map_monsters VALUES ('MAP_00000000001296788648248','MONS_00000000001297218526429',24,29);
INSERT INTO map_monsters VALUES ('MAP_00000000001296788648248','MONS_00000000001297218526429',24,30);
INSERT INTO map_monsters VALUES ('MAP_00000000001296788648248','MONS_00000000001297218526429',24,31);
INSERT INTO map_monsters VALUES ('MAP_00000000001296788648248','MONS_00000000001297218526429',24,32);
INSERT INTO map_monsters VALUES ('MAP_00000000001296788648248','MONS_00000000001297218526429',24,33);
INSERT INTO map_monsters VALUES ('MAP_00000000001296788648248','MONS_00000000001297218526429',24,34);
INSERT INTO map_monsters VALUES ('MAP_00000000001296788648248','MONS_00000000001297218526429',24,35);
INSERT INTO map_monsters VALUES ('MAP_00000000001296788648248','MONS_00000000001297218526429',24,36);
INSERT INTO map_monsters VALUES ('MAP_00000000001296788648248','MONS_00000000001297218526429',24,37);
INSERT INTO map_monsters VALUES ('MAP_00000000001296788648248','MONS_00000000001297218526429',24,38);
INSERT INTO map_monsters VALUES ('MAP_00000000001296788648248','MONS_00000000001297218526429',24,39);
INSERT INTO map_monsters VALUES ('MAP_00000000001296788648248','MONS_00000000001297218526429',24,45);
INSERT INTO map_monsters VALUES ('MAP_00000000001296788648248','MONS_00000000001297218526429',24,47);
INSERT INTO map_monsters VALUES ('MAP_00000000001296788648248','MONS_00000000001297218526429',25,45);
INSERT INTO map_monsters VALUES ('MAP_00000000001296788648248','MONS_00000000001297218526429',25,47);
INSERT INTO map_monsters VALUES ('MAP_00000000001296788648248','MONS_00000000001297218526429',25,48);
INSERT INTO map_monsters VALUES ('MAP_00000000001296788648248','MONS_00000000001297218526429',25,49);
INSERT INTO map_monsters VALUES ('MAP_00000000001296788648248','MONS_00000000001297218526429',25,50);
INSERT INTO map_monsters VALUES ('MAP_00000000001296788648248','MONS_00000000001297218526429',25,51);
INSERT INTO map_monsters VALUES ('MAP_00000000001296788648248','MONS_00000000001297218526429',25,52);
INSERT INTO map_monsters VALUES ('MAP_00000000001296788648248','MONS_00000000001297218526429',25,53);
INSERT INTO map_monsters VALUES ('MAP_00000000001296788648248','MONS_00000000001297218526429',25,54);
INSERT INTO map_monsters VALUES ('MAP_00000000001296788648248','MONS_00000000001297218526429',25,55);
INSERT INTO map_monsters VALUES ('MAP_00000000001296788648248','MONS_00000000001297218526429',25,56);
INSERT INTO map_monsters VALUES ('MAP_00000000001296788648248','MONS_00000000001297218526429',25,57);
INSERT INTO map_monsters VALUES ('MAP_00000000001296788648248','MONS_00000000001297218526429',25,58);
INSERT INTO map_monsters VALUES ('MAP_00000000001296788648248','MONS_00000000001297218526429',25,59);
INSERT INTO map_monsters VALUES ('MAP_00000000001296788648248','MONS_00000000001297218526429',25,60);
INSERT INTO map_monsters VALUES ('MAP_00000000001296788648248','MONS_00000000001297218526429',25,61);
INSERT INTO map_monsters VALUES ('MAP_00000000001296788648248','MONS_00000000001297218526429',25,62);
INSERT INTO map_monsters VALUES ('MAP_00000000001296788648248','MONS_00000000001297218526429',26,32);
INSERT INTO map_monsters VALUES ('MAP_00000000001296788648248','MONS_00000000001297218526429',26,33);
INSERT INTO map_monsters VALUES ('MAP_00000000001296788648248','MONS_00000000001297218526429',26,34);
INSERT INTO map_monsters VALUES ('MAP_00000000001296788648248','MONS_00000000001297218526429',26,35);
INSERT INTO map_monsters VALUES ('MAP_00000000001296788648248','MONS_00000000001297218526429',26,36);
INSERT INTO map_monsters VALUES ('MAP_00000000001296788648248','MONS_00000000001297218526429',26,37);
INSERT INTO map_monsters VALUES ('MAP_00000000001296788648248','MONS_00000000001297218526429',26,38);
INSERT INTO map_monsters VALUES ('MAP_00000000001296788648248','MONS_00000000001297218526429',26,39);
INSERT INTO map_monsters VALUES ('MAP_00000000001296788648248','MONS_00000000001297218526429',26,40);
INSERT INTO map_monsters VALUES ('MAP_00000000001296788648248','MONS_00000000001297218526429',26,45);
INSERT INTO map_monsters VALUES ('MAP_00000000001296788648248','MONS_00000000001297218526429',26,62);
INSERT INTO map_monsters VALUES ('MAP_00000000001296788648248','MONS_00000000001297218526429',27,45);
INSERT INTO map_monsters VALUES ('MAP_00000000001296788648248','MONS_00000000001297218526429',27,46);
INSERT INTO map_monsters VALUES ('MAP_00000000001296788648248','MONS_00000000001297218526429',27,47);
INSERT INTO map_monsters VALUES ('MAP_00000000001296788648248','MONS_00000000001297218526429',27,48);
INSERT INTO map_monsters VALUES ('MAP_00000000001296788648248','MONS_00000000001297218526429',27,49);
INSERT INTO map_monsters VALUES ('MAP_00000000001296788648248','MONS_00000000001297218526429',27,50);
INSERT INTO map_monsters VALUES ('MAP_00000000001296788648248','MONS_00000000001297218526429',27,51);
INSERT INTO map_monsters VALUES ('MAP_00000000001296788648248','MONS_00000000001297218526429',27,52);
INSERT INTO map_monsters VALUES ('MAP_00000000001296788648248','MONS_00000000001297218526429',27,53);
INSERT INTO map_monsters VALUES ('MAP_00000000001296788648248','MONS_00000000001297218526429',27,54);
INSERT INTO map_monsters VALUES ('MAP_00000000001296788648248','MONS_00000000001297218526429',27,55);
INSERT INTO map_monsters VALUES ('MAP_00000000001296788648248','MONS_00000000001297218526429',27,56);
INSERT INTO map_monsters VALUES ('MAP_00000000001296788648248','MONS_00000000001297218526429',28,7);
INSERT INTO map_monsters VALUES ('MAP_00000000001296788648248','MONS_00000000001297218526429',28,8);
INSERT INTO map_monsters VALUES ('MAP_00000000001296788648248','MONS_00000000001297218526429',28,9);
INSERT INTO map_monsters VALUES ('MAP_00000000001296788648248','MONS_00000000001297218526429',28,10);
INSERT INTO map_monsters VALUES ('MAP_00000000001296788648248','MONS_00000000001297218526429',28,11);
INSERT INTO map_monsters VALUES ('MAP_00000000001296788648248','MONS_00000000001297218526429',28,12);
INSERT INTO map_monsters VALUES ('MAP_00000000001296788648248','MONS_00000000001297218526429',28,13);
INSERT INTO map_monsters VALUES ('MAP_00000000001296788648248','MONS_00000000001297218526429',28,14);
INSERT INTO map_monsters VALUES ('MAP_00000000001296788648248','MONS_00000000001297218526429',28,32);
INSERT INTO map_monsters VALUES ('MAP_00000000001296788648248','MONS_00000000001297218526429',28,33);
INSERT INTO map_monsters VALUES ('MAP_00000000001296788648248','MONS_00000000001297218526429',28,34);
INSERT INTO map_monsters VALUES ('MAP_00000000001296788648248','MONS_00000000001297218526429',28,35);
INSERT INTO map_monsters VALUES ('MAP_00000000001296788648248','MONS_00000000001297218526429',28,36);
INSERT INTO map_monsters VALUES ('MAP_00000000001296788648248','MONS_00000000001297218526429',28,37);
INSERT INTO map_monsters VALUES ('MAP_00000000001296788648248','MONS_00000000001297218526429',28,38);
INSERT INTO map_monsters VALUES ('MAP_00000000001296788648248','MONS_00000000001297218526429',28,39);
INSERT INTO map_monsters VALUES ('MAP_00000000001296788648248','MONS_00000000001297218526429',28,40);
INSERT INTO map_monsters VALUES ('MAP_00000000001296788648248','MONS_00000000001297218526429',28,41);
INSERT INTO map_monsters VALUES ('MAP_00000000001296788648248','MONS_00000000001297218526429',28,42);
INSERT INTO map_monsters VALUES ('MAP_00000000001296788648248','MONS_00000000001297218526429',30,5);
INSERT INTO map_monsters VALUES ('MAP_00000000001296788648248','MONS_00000000001297218526429',30,6);
INSERT INTO map_monsters VALUES ('MAP_00000000001296788648248','MONS_00000000001297218526429',30,7);
INSERT INTO map_monsters VALUES ('MAP_00000000001296788648248','MONS_00000000001297218526429',30,8);
INSERT INTO map_monsters VALUES ('MAP_00000000001296788648248','MONS_00000000001297218526429',30,9);
INSERT INTO map_monsters VALUES ('MAP_00000000001296788648248','MONS_00000000001297218526429',30,10);
INSERT INTO map_monsters VALUES ('MAP_00000000001296788648248','MONS_00000000001297218526429',30,11);
INSERT INTO map_monsters VALUES ('MAP_00000000001296788648248','MONS_00000000001297218526429',30,12);
INSERT INTO map_monsters VALUES ('MAP_00000000001296788648248','MONS_00000000001297218526429',30,13);
INSERT INTO map_monsters VALUES ('MAP_00000000001296788648248','MONS_00000000001297218526429',30,14);
INSERT INTO map_monsters VALUES ('MAP_00000000001296788648248','MONS_00000000001297218526429',30,15);
INSERT INTO map_monsters VALUES ('MAP_00000000001296788648248','MONS_00000000001297218526429',30,31);
INSERT INTO map_monsters VALUES ('MAP_00000000001296788648248','MONS_00000000001297218526429',30,32);
INSERT INTO map_monsters VALUES ('MAP_00000000001296788648248','MONS_00000000001297218526429',30,33);
INSERT INTO map_monsters VALUES ('MAP_00000000001296788648248','MONS_00000000001297218526429',30,34);
INSERT INTO map_monsters VALUES ('MAP_00000000001296788648248','MONS_00000000001297218526429',30,35);
INSERT INTO map_monsters VALUES ('MAP_00000000001296788648248','MONS_00000000001297218526429',30,36);
INSERT INTO map_monsters VALUES ('MAP_00000000001296788648248','MONS_00000000001297218526429',30,37);
INSERT INTO map_monsters VALUES ('MAP_00000000001296788648248','MONS_00000000001297218526429',30,38);
INSERT INTO map_monsters VALUES ('MAP_00000000001296788648248','MONS_00000000001297218526429',30,39);
INSERT INTO map_monsters VALUES ('MAP_00000000001296788648248','MONS_00000000001297218526429',30,40);
INSERT INTO map_monsters VALUES ('MAP_00000000001296788648248','MONS_00000000001297218526429',30,41);
INSERT INTO map_monsters VALUES ('MAP_00000000001296788648248','MONS_00000000001297218526429',30,42);
INSERT INTO map_monsters VALUES ('MAP_00000000001296788648248','MONS_00000000001297218526429',30,43);
INSERT INTO map_monsters VALUES ('MAP_00000000001296788648248','MONS_00000000001297218526429',30,44);
INSERT INTO map_monsters VALUES ('MAP_00000000001296788648248','MONS_00000000001297218526429',30,45);
INSERT INTO map_monsters VALUES ('MAP_00000000001296788648248','MONS_00000000001297218526429',30,46);
INSERT INTO map_monsters VALUES ('MAP_00000000001296788648248','MONS_00000000001297218526429',30,47);
INSERT INTO map_monsters VALUES ('MAP_00000000001296788648248','MONS_00000000001297218526429',30,48);
INSERT INTO map_monsters VALUES ('MAP_00000000001296788648248','MONS_00000000001297218526429',30,49);
INSERT INTO map_monsters VALUES ('MAP_00000000001296788648248','MONS_00000000001297218526429',30,50);
INSERT INTO map_monsters VALUES ('MAP_00000000001296788648248','MONS_00000000001297218526429',30,51);
INSERT INTO map_monsters VALUES ('MAP_00000000001296788648248','MONS_00000000001297218526429',30,52);
INSERT INTO map_monsters VALUES ('MAP_00000000001296788648248','MONS_00000000001297218526429',30,53);
INSERT INTO map_monsters VALUES ('MAP_00000000001296788648248','MONS_00000000001297218526429',30,54);
INSERT INTO map_monsters VALUES ('MAP_00000000001296788648248','MONS_00000000001297218526429',30,55);
INSERT INTO map_monsters VALUES ('MAP_00000000001296788648248','MONS_00000000001297218526429',30,56);
INSERT INTO map_monsters VALUES ('MAP_00000000001296788648248','MONS_00000000001297218526429',30,57);
INSERT INTO map_monsters VALUES ('MAP_00000000001296788648248','MONS_00000000001297218526429',30,58);
INSERT INTO map_monsters VALUES ('MAP_00000000001296788648248','MONS_00000000001297218526429',30,59);
INSERT INTO monsters VALUES ('MONS_00000000001297218526451','City Guard Patrol',58,1,1,1,1,10,10,10,0,0);
INSERT INTO map_monsters VALUES ('MAP_00000000001296788648248','MONS_00000000001297218526451',1,5);
INSERT INTO map_monsters VALUES ('MAP_00000000001296788648248','MONS_00000000001297218526451',1,6);
INSERT INTO map_monsters VALUES ('MAP_00000000001296788648248','MONS_00000000001297218526451',1,7);
INSERT INTO map_monsters VALUES ('MAP_00000000001296788648248','MONS_00000000001297218526451',1,8);
INSERT INTO map_monsters VALUES ('MAP_00000000001296788648248','MONS_00000000001297218526451',1,9);
INSERT INTO map_monsters VALUES ('MAP_00000000001296788648248','MONS_00000000001297218526451',1,10);
INSERT INTO map_monsters VALUES ('MAP_00000000001296788648248','MONS_00000000001297218526451',1,11);
INSERT INTO map_monsters VALUES ('MAP_00000000001296788648248','MONS_00000000001297218526451',1,12);
INSERT INTO map_monsters VALUES ('MAP_00000000001296788648248','MONS_00000000001297218526451',1,13);
INSERT INTO map_monsters VALUES ('MAP_00000000001296788648248','MONS_00000000001297218526451',1,14);
INSERT INTO map_monsters VALUES ('MAP_00000000001296788648248','MONS_00000000001297218526451',1,15);
INSERT INTO map_monsters VALUES ('MAP_00000000001296788648248','MONS_00000000001297218526451',1,31);
INSERT INTO map_monsters VALUES ('MAP_00000000001296788648248','MONS_00000000001297218526451',1,32);
INSERT INTO map_monsters VALUES ('MAP_00000000001296788648248','MONS_00000000001297218526451',1,33);
INSERT INTO map_monsters VALUES ('MAP_00000000001296788648248','MONS_00000000001297218526451',1,34);
INSERT INTO map_monsters VALUES ('MAP_00000000001296788648248','MONS_00000000001297218526451',1,35);
INSERT INTO map_monsters VALUES ('MAP_00000000001296788648248','MONS_00000000001297218526451',1,36);
INSERT INTO map_monsters VALUES ('MAP_00000000001296788648248','MONS_00000000001297218526451',1,37);
INSERT INTO map_monsters VALUES ('MAP_00000000001296788648248','MONS_00000000001297218526451',1,38);
INSERT INTO map_monsters VALUES ('MAP_00000000001296788648248','MONS_00000000001297218526451',1,39);
INSERT INTO map_monsters VALUES ('MAP_00000000001296788648248','MONS_00000000001297218526451',1,40);
INSERT INTO map_monsters VALUES ('MAP_00000000001296788648248','MONS_00000000001297218526451',1,41);
INSERT INTO map_monsters VALUES ('MAP_00000000001296788648248','MONS_00000000001297218526451',1,42);
INSERT INTO map_monsters VALUES ('MAP_00000000001296788648248','MONS_00000000001297218526451',1,43);
INSERT INTO map_monsters VALUES ('MAP_00000000001296788648248','MONS_00000000001297218526451',1,44);
INSERT INTO map_monsters VALUES ('MAP_00000000001296788648248','MONS_00000000001297218526451',1,45);
INSERT INTO map_monsters VALUES ('MAP_00000000001296788648248','MONS_00000000001297218526451',1,46);
INSERT INTO map_monsters VALUES ('MAP_00000000001296788648248','MONS_00000000001297218526451',1,47);
INSERT INTO map_monsters VALUES ('MAP_00000000001296788648248','MONS_00000000001297218526451',1,48);
INSERT INTO map_monsters VALUES ('MAP_00000000001296788648248','MONS_00000000001297218526451',1,49);
INSERT INTO map_monsters VALUES ('MAP_00000000001296788648248','MONS_00000000001297218526451',1,50);
INSERT INTO map_monsters VALUES ('MAP_00000000001296788648248','MONS_00000000001297218526451',1,51);
INSERT INTO map_monsters VALUES ('MAP_00000000001296788648248','MONS_00000000001297218526451',1,52);
INSERT INTO map_monsters VALUES ('MAP_00000000001296788648248','MONS_00000000001297218526451',1,53);
INSERT INTO map_monsters VALUES ('MAP_00000000001296788648248','MONS_00000000001297218526451',1,54);
INSERT INTO map_monsters VALUES ('MAP_00000000001296788648248','MONS_00000000001297218526451',1,55);
INSERT INTO map_monsters VALUES ('MAP_00000000001296788648248','MONS_00000000001297218526451',1,56);
INSERT INTO map_monsters VALUES ('MAP_00000000001296788648248','MONS_00000000001297218526451',1,57);
INSERT INTO map_monsters VALUES ('MAP_00000000001296788648248','MONS_00000000001297218526451',1,58);
INSERT INTO map_monsters VALUES ('MAP_00000000001296788648248','MONS_00000000001297218526451',1,59);
INSERT INTO map_monsters VALUES ('MAP_00000000001296788648248','MONS_00000000001297218526451',3,7);
INSERT INTO map_monsters VALUES ('MAP_00000000001296788648248','MONS_00000000001297218526451',3,8);
INSERT INTO map_monsters VALUES ('MAP_00000000001296788648248','MONS_00000000001297218526451',3,9);
INSERT INTO map_monsters VALUES ('MAP_00000000001296788648248','MONS_00000000001297218526451',3,10);
INSERT INTO map_monsters VALUES ('MAP_00000000001296788648248','MONS_00000000001297218526451',3,11);
INSERT INTO map_monsters VALUES ('MAP_00000000001296788648248','MONS_00000000001297218526451',3,12);
INSERT INTO map_monsters VALUES ('MAP_00000000001296788648248','MONS_00000000001297218526451',3,13);
INSERT INTO map_monsters VALUES ('MAP_00000000001296788648248','MONS_00000000001297218526451',3,14);
INSERT INTO map_monsters VALUES ('MAP_00000000001296788648248','MONS_00000000001297218526451',3,32);
INSERT INTO map_monsters VALUES ('MAP_00000000001296788648248','MONS_00000000001297218526451',3,33);
INSERT INTO map_monsters VALUES ('MAP_00000000001296788648248','MONS_00000000001297218526451',3,34);
INSERT INTO map_monsters VALUES ('MAP_00000000001296788648248','MONS_00000000001297218526451',3,35);
INSERT INTO map_monsters VALUES ('MAP_00000000001296788648248','MONS_00000000001297218526451',3,36);
INSERT INTO map_monsters VALUES ('MAP_00000000001296788648248','MONS_00000000001297218526451',3,37);
INSERT INTO map_monsters VALUES ('MAP_00000000001296788648248','MONS_00000000001297218526451',3,38);
INSERT INTO map_monsters VALUES ('MAP_00000000001296788648248','MONS_00000000001297218526451',3,39);
INSERT INTO map_monsters VALUES ('MAP_00000000001296788648248','MONS_00000000001297218526451',3,40);
INSERT INTO map_monsters VALUES ('MAP_00000000001296788648248','MONS_00000000001297218526451',3,41);
INSERT INTO map_monsters VALUES ('MAP_00000000001296788648248','MONS_00000000001297218526451',3,42);
INSERT INTO map_monsters VALUES ('MAP_00000000001296788648248','MONS_00000000001297218526451',4,45);
INSERT INTO map_monsters VALUES ('MAP_00000000001296788648248','MONS_00000000001297218526451',4,46);
INSERT INTO map_monsters VALUES ('MAP_00000000001296788648248','MONS_00000000001297218526451',4,47);
INSERT INTO map_monsters VALUES ('MAP_00000000001296788648248','MONS_00000000001297218526451',4,48);
INSERT INTO map_monsters VALUES ('MAP_00000000001296788648248','MONS_00000000001297218526451',4,49);
INSERT INTO map_monsters VALUES ('MAP_00000000001296788648248','MONS_00000000001297218526451',4,50);
INSERT INTO map_monsters VALUES ('MAP_00000000001296788648248','MONS_00000000001297218526451',4,51);
INSERT INTO map_monsters VALUES ('MAP_00000000001296788648248','MONS_00000000001297218526451',4,52);
INSERT INTO map_monsters VALUES ('MAP_00000000001296788648248','MONS_00000000001297218526451',4,53);
INSERT INTO map_monsters VALUES ('MAP_00000000001296788648248','MONS_00000000001297218526451',4,54);
INSERT INTO map_monsters VALUES ('MAP_00000000001296788648248','MONS_00000000001297218526451',4,55);
INSERT INTO map_monsters VALUES ('MAP_00000000001296788648248','MONS_00000000001297218526451',4,56);
INSERT INTO map_monsters VALUES ('MAP_00000000001296788648248','MONS_00000000001297218526451',5,32);
INSERT INTO map_monsters VALUES ('MAP_00000000001296788648248','MONS_00000000001297218526451',5,33);
INSERT INTO map_monsters VALUES ('MAP_00000000001296788648248','MONS_00000000001297218526451',5,34);
INSERT INTO map_monsters VALUES ('MAP_00000000001296788648248','MONS_00000000001297218526451',5,35);
INSERT INTO map_monsters VALUES ('MAP_00000000001296788648248','MONS_00000000001297218526451',5,36);
INSERT INTO map_monsters VALUES ('MAP_00000000001296788648248','MONS_00000000001297218526451',5,37);
INSERT INTO map_monsters VALUES ('MAP_00000000001296788648248','MONS_00000000001297218526451',5,38);
INSERT INTO map_monsters VALUES ('MAP_00000000001296788648248','MONS_00000000001297218526451',5,39);
INSERT INTO map_monsters VALUES ('MAP_00000000001296788648248','MONS_00000000001297218526451',5,40);
INSERT INTO map_monsters VALUES ('MAP_00000000001296788648248','MONS_00000000001297218526451',5,45);
INSERT INTO map_monsters VALUES ('MAP_00000000001296788648248','MONS_00000000001297218526451',5,62);
INSERT INTO map_monsters VALUES ('MAP_00000000001296788648248','MONS_00000000001297218526451',6,45);
INSERT INTO map_monsters VALUES ('MAP_00000000001296788648248','MONS_00000000001297218526451',6,47);
INSERT INTO map_monsters VALUES ('MAP_00000000001296788648248','MONS_00000000001297218526451',6,48);
INSERT INTO map_monsters VALUES ('MAP_00000000001296788648248','MONS_00000000001297218526451',6,49);
INSERT INTO map_monsters VALUES ('MAP_00000000001296788648248','MONS_00000000001297218526451',6,50);
INSERT INTO map_monsters VALUES ('MAP_00000000001296788648248','MONS_00000000001297218526451',6,51);
INSERT INTO map_monsters VALUES ('MAP_00000000001296788648248','MONS_00000000001297218526451',6,52);
INSERT INTO map_monsters VALUES ('MAP_00000000001296788648248','MONS_00000000001297218526451',6,53);
INSERT INTO map_monsters VALUES ('MAP_00000000001296788648248','MONS_00000000001297218526451',6,54);
INSERT INTO map_monsters VALUES ('MAP_00000000001296788648248','MONS_00000000001297218526451',6,55);
INSERT INTO map_monsters VALUES ('MAP_00000000001296788648248','MONS_00000000001297218526451',6,56);
INSERT INTO map_monsters VALUES ('MAP_00000000001296788648248','MONS_00000000001297218526451',6,57);
INSERT INTO map_monsters VALUES ('MAP_00000000001296788648248','MONS_00000000001297218526451',6,58);
INSERT INTO map_monsters VALUES ('MAP_00000000001296788648248','MONS_00000000001297218526451',6,59);
INSERT INTO map_monsters VALUES ('MAP_00000000001296788648248','MONS_00000000001297218526451',6,60);
INSERT INTO map_monsters VALUES ('MAP_00000000001296788648248','MONS_00000000001297218526451',6,61);
INSERT INTO map_monsters VALUES ('MAP_00000000001296788648248','MONS_00000000001297218526451',6,62);
INSERT INTO map_monsters VALUES ('MAP_00000000001296788648248','MONS_00000000001297218526451',7,26);
INSERT INTO map_monsters VALUES ('MAP_00000000001296788648248','MONS_00000000001297218526451',7,27);
INSERT INTO map_monsters VALUES ('MAP_00000000001296788648248','MONS_00000000001297218526451',7,28);
INSERT INTO map_monsters VALUES ('MAP_00000000001296788648248','MONS_00000000001297218526451',7,29);
INSERT INTO map_monsters VALUES ('MAP_00000000001296788648248','MONS_00000000001297218526451',7,30);
INSERT INTO map_monsters VALUES ('MAP_00000000001296788648248','MONS_00000000001297218526451',7,31);
INSERT INTO map_monsters VALUES ('MAP_00000000001296788648248','MONS_00000000001297218526451',7,32);
INSERT INTO map_monsters VALUES ('MAP_00000000001296788648248','MONS_00000000001297218526451',7,33);
INSERT INTO map_monsters VALUES ('MAP_00000000001296788648248','MONS_00000000001297218526451',7,34);
INSERT INTO map_monsters VALUES ('MAP_00000000001296788648248','MONS_00000000001297218526451',7,35);
INSERT INTO map_monsters VALUES ('MAP_00000000001296788648248','MONS_00000000001297218526451',7,36);
INSERT INTO map_monsters VALUES ('MAP_00000000001296788648248','MONS_00000000001297218526451',7,37);
INSERT INTO map_monsters VALUES ('MAP_00000000001296788648248','MONS_00000000001297218526451',7,38);
INSERT INTO map_monsters VALUES ('MAP_00000000001296788648248','MONS_00000000001297218526451',7,39);
INSERT INTO map_monsters VALUES ('MAP_00000000001296788648248','MONS_00000000001297218526451',7,45);
INSERT INTO map_monsters VALUES ('MAP_00000000001296788648248','MONS_00000000001297218526451',7,47);
INSERT INTO map_monsters VALUES ('MAP_00000000001296788648248','MONS_00000000001297218526451',8,45);
INSERT INTO map_monsters VALUES ('MAP_00000000001296788648248','MONS_00000000001297218526451',8,47);
INSERT INTO map_monsters VALUES ('MAP_00000000001296788648248','MONS_00000000001297218526451',8,49);
INSERT INTO map_monsters VALUES ('MAP_00000000001296788648248','MONS_00000000001297218526451',8,50);
INSERT INTO map_monsters VALUES ('MAP_00000000001296788648248','MONS_00000000001297218526451',8,51);
INSERT INTO map_monsters VALUES ('MAP_00000000001296788648248','MONS_00000000001297218526451',8,52);
INSERT INTO map_monsters VALUES ('MAP_00000000001296788648248','MONS_00000000001297218526451',8,53);
INSERT INTO map_monsters VALUES ('MAP_00000000001296788648248','MONS_00000000001297218526451',8,54);
INSERT INTO map_monsters VALUES ('MAP_00000000001296788648248','MONS_00000000001297218526451',8,55);
INSERT INTO map_monsters VALUES ('MAP_00000000001296788648248','MONS_00000000001297218526451',8,56);
INSERT INTO map_monsters VALUES ('MAP_00000000001296788648248','MONS_00000000001297218526451',8,57);
INSERT INTO map_monsters VALUES ('MAP_00000000001296788648248','MONS_00000000001297218526451',8,58);
INSERT INTO map_monsters VALUES ('MAP_00000000001296788648248','MONS_00000000001297218526451',8,59);
INSERT INTO map_monsters VALUES ('MAP_00000000001296788648248','MONS_00000000001297218526451',8,60);
INSERT INTO map_monsters VALUES ('MAP_00000000001296788648248','MONS_00000000001297218526451',8,61);
INSERT INTO map_monsters VALUES ('MAP_00000000001296788648248','MONS_00000000001297218526451',8,62);
INSERT INTO map_monsters VALUES ('MAP_00000000001296788648248','MONS_00000000001297218526451',9,27);
INSERT INTO map_monsters VALUES ('MAP_00000000001296788648248','MONS_00000000001297218526451',9,28);
INSERT INTO map_monsters VALUES ('MAP_00000000001296788648248','MONS_00000000001297218526451',9,29);
INSERT INTO map_monsters VALUES ('MAP_00000000001296788648248','MONS_00000000001297218526451',9,30);
INSERT INTO map_monsters VALUES ('MAP_00000000001296788648248','MONS_00000000001297218526451',9,31);
INSERT INTO map_monsters VALUES ('MAP_00000000001296788648248','MONS_00000000001297218526451',9,32);
INSERT INTO map_monsters VALUES ('MAP_00000000001296788648248','MONS_00000000001297218526451',9,33);
INSERT INTO map_monsters VALUES ('MAP_00000000001296788648248','MONS_00000000001297218526451',9,34);
INSERT INTO map_monsters VALUES ('MAP_00000000001296788648248','MONS_00000000001297218526451',9,35);
INSERT INTO map_monsters VALUES ('MAP_00000000001296788648248','MONS_00000000001297218526451',9,36);
INSERT INTO map_monsters VALUES ('MAP_00000000001296788648248','MONS_00000000001297218526451',9,37);
INSERT INTO map_monsters VALUES ('MAP_00000000001296788648248','MONS_00000000001297218526451',9,38);
INSERT INTO map_monsters VALUES ('MAP_00000000001296788648248','MONS_00000000001297218526451',9,45);
INSERT INTO map_monsters VALUES ('MAP_00000000001296788648248','MONS_00000000001297218526451',10,45);
INSERT INTO map_monsters VALUES ('MAP_00000000001296788648248','MONS_00000000001297218526451',10,51);
INSERT INTO map_monsters VALUES ('MAP_00000000001296788648248','MONS_00000000001297218526451',10,52);
INSERT INTO map_monsters VALUES ('MAP_00000000001296788648248','MONS_00000000001297218526451',10,53);
INSERT INTO map_monsters VALUES ('MAP_00000000001296788648248','MONS_00000000001297218526451',10,54);
INSERT INTO map_monsters VALUES ('MAP_00000000001296788648248','MONS_00000000001297218526451',10,55);
INSERT INTO map_monsters VALUES ('MAP_00000000001296788648248','MONS_00000000001297218526451',10,56);
INSERT INTO map_monsters VALUES ('MAP_00000000001296788648248','MONS_00000000001297218526451',10,57);
INSERT INTO map_monsters VALUES ('MAP_00000000001296788648248','MONS_00000000001297218526451',10,58);
INSERT INTO map_monsters VALUES ('MAP_00000000001296788648248','MONS_00000000001297218526451',10,59);
INSERT INTO map_monsters VALUES ('MAP_00000000001296788648248','MONS_00000000001297218526451',10,60);
INSERT INTO map_monsters VALUES ('MAP_00000000001296788648248','MONS_00000000001297218526451',10,61);
INSERT INTO map_monsters VALUES ('MAP_00000000001296788648248','MONS_00000000001297218526451',10,62);
INSERT INTO map_monsters VALUES ('MAP_00000000001296788648248','MONS_00000000001297218526451',11,25);
INSERT INTO map_monsters VALUES ('MAP_00000000001296788648248','MONS_00000000001297218526451',11,26);
INSERT INTO map_monsters VALUES ('MAP_00000000001296788648248','MONS_00000000001297218526451',11,27);
INSERT INTO map_monsters VALUES ('MAP_00000000001296788648248','MONS_00000000001297218526451',11,28);
INSERT INTO map_monsters VALUES ('MAP_00000000001296788648248','MONS_00000000001297218526451',11,29);
INSERT INTO map_monsters VALUES ('MAP_00000000001296788648248','MONS_00000000001297218526451',11,30);
INSERT INTO map_monsters VALUES ('MAP_00000000001296788648248','MONS_00000000001297218526451',11,31);
INSERT INTO map_monsters VALUES ('MAP_00000000001296788648248','MONS_00000000001297218526451',11,32);
INSERT INTO map_monsters VALUES ('MAP_00000000001296788648248','MONS_00000000001297218526451',11,33);
INSERT INTO map_monsters VALUES ('MAP_00000000001296788648248','MONS_00000000001297218526451',11,34);
INSERT INTO map_monsters VALUES ('MAP_00000000001296788648248','MONS_00000000001297218526451',11,35);
INSERT INTO map_monsters VALUES ('MAP_00000000001296788648248','MONS_00000000001297218526451',11,36);
INSERT INTO map_monsters VALUES ('MAP_00000000001296788648248','MONS_00000000001297218526451',11,37);
INSERT INTO map_monsters VALUES ('MAP_00000000001296788648248','MONS_00000000001297218526451',11,45);
INSERT INTO map_monsters VALUES ('MAP_00000000001296788648248','MONS_00000000001297218526451',11,47);
INSERT INTO map_monsters VALUES ('MAP_00000000001296788648248','MONS_00000000001297218526451',11,49);
INSERT INTO map_monsters VALUES ('MAP_00000000001296788648248','MONS_00000000001297218526451',12,45);
INSERT INTO map_monsters VALUES ('MAP_00000000001296788648248','MONS_00000000001297218526451',12,47);
INSERT INTO map_monsters VALUES ('MAP_00000000001296788648248','MONS_00000000001297218526451',12,49);
INSERT INTO map_monsters VALUES ('MAP_00000000001296788648248','MONS_00000000001297218526451',12,51);
INSERT INTO map_monsters VALUES ('MAP_00000000001296788648248','MONS_00000000001297218526451',13,27);
INSERT INTO map_monsters VALUES ('MAP_00000000001296788648248','MONS_00000000001297218526451',13,29);
INSERT INTO map_monsters VALUES ('MAP_00000000001296788648248','MONS_00000000001297218526451',13,30);
INSERT INTO map_monsters VALUES ('MAP_00000000001296788648248','MONS_00000000001297218526451',13,31);
INSERT INTO map_monsters VALUES ('MAP_00000000001296788648248','MONS_00000000001297218526451',13,32);
INSERT INTO map_monsters VALUES ('MAP_00000000001296788648248','MONS_00000000001297218526451',13,33);
INSERT INTO map_monsters VALUES ('MAP_00000000001296788648248','MONS_00000000001297218526451',13,34);
INSERT INTO map_monsters VALUES ('MAP_00000000001296788648248','MONS_00000000001297218526451',13,35);
INSERT INTO map_monsters VALUES ('MAP_00000000001296788648248','MONS_00000000001297218526451',13,36);
INSERT INTO map_monsters VALUES ('MAP_00000000001296788648248','MONS_00000000001297218526451',13,37);
INSERT INTO map_monsters VALUES ('MAP_00000000001296788648248','MONS_00000000001297218526451',13,38);
INSERT INTO map_monsters VALUES ('MAP_00000000001296788648248','MONS_00000000001297218526451',13,39);
INSERT INTO map_monsters VALUES ('MAP_00000000001296788648248','MONS_00000000001297218526451',13,45);
INSERT INTO map_monsters VALUES ('MAP_00000000001296788648248','MONS_00000000001297218526451',13,47);
INSERT INTO map_monsters VALUES ('MAP_00000000001296788648248','MONS_00000000001297218526451',13,49);
INSERT INTO map_monsters VALUES ('MAP_00000000001296788648248','MONS_00000000001297218526451',13,51);
INSERT INTO map_monsters VALUES ('MAP_00000000001296788648248','MONS_00000000001297218526451',14,47);
INSERT INTO map_monsters VALUES ('MAP_00000000001296788648248','MONS_00000000001297218526451',14,49);
INSERT INTO map_monsters VALUES ('MAP_00000000001296788648248','MONS_00000000001297218526451',14,51);
INSERT INTO map_monsters VALUES ('MAP_00000000001296788648248','MONS_00000000001297218526451',15,47);
INSERT INTO map_monsters VALUES ('MAP_00000000001296788648248','MONS_00000000001297218526451',15,49);
INSERT INTO map_monsters VALUES ('MAP_00000000001296788648248','MONS_00000000001297218526451',16,47);
INSERT INTO map_monsters VALUES ('MAP_00000000001296788648248','MONS_00000000001297218526451',16,49);
INSERT INTO map_monsters VALUES ('MAP_00000000001296788648248','MONS_00000000001297218526451',17,47);
INSERT INTO map_monsters VALUES ('MAP_00000000001296788648248','MONS_00000000001297218526451',17,49);
INSERT INTO map_monsters VALUES ('MAP_00000000001296788648248','MONS_00000000001297218526451',17,51);
INSERT INTO map_monsters VALUES ('MAP_00000000001296788648248','MONS_00000000001297218526451',18,27);
INSERT INTO map_monsters VALUES ('MAP_00000000001296788648248','MONS_00000000001297218526451',18,29);
INSERT INTO map_monsters VALUES ('MAP_00000000001296788648248','MONS_00000000001297218526451',18,30);
INSERT INTO map_monsters VALUES ('MAP_00000000001296788648248','MONS_00000000001297218526451',18,31);
INSERT INTO map_monsters VALUES ('MAP_00000000001296788648248','MONS_00000000001297218526451',18,32);
INSERT INTO map_monsters VALUES ('MAP_00000000001296788648248','MONS_00000000001297218526451',18,33);
INSERT INTO map_monsters VALUES ('MAP_00000000001296788648248','MONS_00000000001297218526451',18,34);
INSERT INTO map_monsters VALUES ('MAP_00000000001296788648248','MONS_00000000001297218526451',18,35);
INSERT INTO map_monsters VALUES ('MAP_00000000001296788648248','MONS_00000000001297218526451',18,36);
INSERT INTO map_monsters VALUES ('MAP_00000000001296788648248','MONS_00000000001297218526451',18,37);
INSERT INTO map_monsters VALUES ('MAP_00000000001296788648248','MONS_00000000001297218526451',18,38);
INSERT INTO map_monsters VALUES ('MAP_00000000001296788648248','MONS_00000000001297218526451',18,39);
INSERT INTO map_monsters VALUES ('MAP_00000000001296788648248','MONS_00000000001297218526451',18,45);
INSERT INTO map_monsters VALUES ('MAP_00000000001296788648248','MONS_00000000001297218526451',18,47);
INSERT INTO map_monsters VALUES ('MAP_00000000001296788648248','MONS_00000000001297218526451',18,49);
INSERT INTO map_monsters VALUES ('MAP_00000000001296788648248','MONS_00000000001297218526451',18,51);
INSERT INTO map_monsters VALUES ('MAP_00000000001296788648248','MONS_00000000001297218526451',19,45);
INSERT INTO map_monsters VALUES ('MAP_00000000001296788648248','MONS_00000000001297218526451',19,47);
INSERT INTO map_monsters VALUES ('MAP_00000000001296788648248','MONS_00000000001297218526451',19,49);
INSERT INTO map_monsters VALUES ('MAP_00000000001296788648248','MONS_00000000001297218526451',19,51);
INSERT INTO map_monsters VALUES ('MAP_00000000001296788648248','MONS_00000000001297218526451',20,25);
INSERT INTO map_monsters VALUES ('MAP_00000000001296788648248','MONS_00000000001297218526451',20,26);
INSERT INTO map_monsters VALUES ('MAP_00000000001296788648248','MONS_00000000001297218526451',20,27);
INSERT INTO map_monsters VALUES ('MAP_00000000001296788648248','MONS_00000000001297218526451',20,28);
INSERT INTO map_monsters VALUES ('MAP_00000000001296788648248','MONS_00000000001297218526451',20,29);
INSERT INTO map_monsters VALUES ('MAP_00000000001296788648248','MONS_00000000001297218526451',20,30);
INSERT INTO map_monsters VALUES ('MAP_00000000001296788648248','MONS_00000000001297218526451',20,31);
INSERT INTO map_monsters VALUES ('MAP_00000000001296788648248','MONS_00000000001297218526451',20,32);
INSERT INTO map_monsters VALUES ('MAP_00000000001296788648248','MONS_00000000001297218526451',20,33);
INSERT INTO map_monsters VALUES ('MAP_00000000001296788648248','MONS_00000000001297218526451',20,34);
INSERT INTO map_monsters VALUES ('MAP_00000000001296788648248','MONS_00000000001297218526451',20,35);
INSERT INTO map_monsters VALUES ('MAP_00000000001296788648248','MONS_00000000001297218526451',20,36);
INSERT INTO map_monsters VALUES ('MAP_00000000001296788648248','MONS_00000000001297218526451',20,37);
INSERT INTO map_monsters VALUES ('MAP_00000000001296788648248','MONS_00000000001297218526451',20,45);
INSERT INTO map_monsters VALUES ('MAP_00000000001296788648248','MONS_00000000001297218526451',20,47);
INSERT INTO map_monsters VALUES ('MAP_00000000001296788648248','MONS_00000000001297218526451',20,49);
INSERT INTO map_monsters VALUES ('MAP_00000000001296788648248','MONS_00000000001297218526451',21,45);
INSERT INTO map_monsters VALUES ('MAP_00000000001296788648248','MONS_00000000001297218526451',21,51);
INSERT INTO map_monsters VALUES ('MAP_00000000001296788648248','MONS_00000000001297218526451',21,52);
INSERT INTO map_monsters VALUES ('MAP_00000000001296788648248','MONS_00000000001297218526451',21,53);
INSERT INTO map_monsters VALUES ('MAP_00000000001296788648248','MONS_00000000001297218526451',21,54);
INSERT INTO map_monsters VALUES ('MAP_00000000001296788648248','MONS_00000000001297218526451',21,55);
INSERT INTO map_monsters VALUES ('MAP_00000000001296788648248','MONS_00000000001297218526451',21,56);
INSERT INTO map_monsters VALUES ('MAP_00000000001296788648248','MONS_00000000001297218526451',21,57);
INSERT INTO map_monsters VALUES ('MAP_00000000001296788648248','MONS_00000000001297218526451',21,58);
INSERT INTO map_monsters VALUES ('MAP_00000000001296788648248','MONS_00000000001297218526451',21,59);
INSERT INTO map_monsters VALUES ('MAP_00000000001296788648248','MONS_00000000001297218526451',21,60);
INSERT INTO map_monsters VALUES ('MAP_00000000001296788648248','MONS_00000000001297218526451',21,61);
INSERT INTO map_monsters VALUES ('MAP_00000000001296788648248','MONS_00000000001297218526451',21,62);
INSERT INTO map_monsters VALUES ('MAP_00000000001296788648248','MONS_00000000001297218526451',22,27);
INSERT INTO map_monsters VALUES ('MAP_00000000001296788648248','MONS_00000000001297218526451',22,28);
INSERT INTO map_monsters VALUES ('MAP_00000000001296788648248','MONS_00000000001297218526451',22,29);
INSERT INTO map_monsters VALUES ('MAP_00000000001296788648248','MONS_00000000001297218526451',22,30);
INSERT INTO map_monsters VALUES ('MAP_00000000001296788648248','MONS_00000000001297218526451',22,31);
INSERT INTO map_monsters VALUES ('MAP_00000000001296788648248','MONS_00000000001297218526451',22,32);
INSERT INTO map_monsters VALUES ('MAP_00000000001296788648248','MONS_00000000001297218526451',22,33);
INSERT INTO map_monsters VALUES ('MAP_00000000001296788648248','MONS_00000000001297218526451',22,34);
INSERT INTO map_monsters VALUES ('MAP_00000000001296788648248','MONS_00000000001297218526451',22,35);
INSERT INTO map_monsters VALUES ('MAP_00000000001296788648248','MONS_00000000001297218526451',22,36);
INSERT INTO map_monsters VALUES ('MAP_00000000001296788648248','MONS_00000000001297218526451',22,37);
INSERT INTO map_monsters VALUES ('MAP_00000000001296788648248','MONS_00000000001297218526451',22,38);
INSERT INTO map_monsters VALUES ('MAP_00000000001296788648248','MONS_00000000001297218526451',22,45);
INSERT INTO map_monsters VALUES ('MAP_00000000001296788648248','MONS_00000000001297218526451',23,45);
INSERT INTO map_monsters VALUES ('MAP_00000000001296788648248','MONS_00000000001297218526451',23,47);
INSERT INTO map_monsters VALUES ('MAP_00000000001296788648248','MONS_00000000001297218526451',23,49);
INSERT INTO map_monsters VALUES ('MAP_00000000001296788648248','MONS_00000000001297218526451',23,50);
INSERT INTO map_monsters VALUES ('MAP_00000000001296788648248','MONS_00000000001297218526451',23,51);
INSERT INTO map_monsters VALUES ('MAP_00000000001296788648248','MONS_00000000001297218526451',23,52);
INSERT INTO map_monsters VALUES ('MAP_00000000001296788648248','MONS_00000000001297218526451',23,53);
INSERT INTO map_monsters VALUES ('MAP_00000000001296788648248','MONS_00000000001297218526451',23,54);
INSERT INTO map_monsters VALUES ('MAP_00000000001296788648248','MONS_00000000001297218526451',23,55);
INSERT INTO map_monsters VALUES ('MAP_00000000001296788648248','MONS_00000000001297218526451',23,56);
INSERT INTO map_monsters VALUES ('MAP_00000000001296788648248','MONS_00000000001297218526451',23,57);
INSERT INTO map_monsters VALUES ('MAP_00000000001296788648248','MONS_00000000001297218526451',23,58);
INSERT INTO map_monsters VALUES ('MAP_00000000001296788648248','MONS_00000000001297218526451',23,59);
INSERT INTO map_monsters VALUES ('MAP_00000000001296788648248','MONS_00000000001297218526451',23,60);
INSERT INTO map_monsters VALUES ('MAP_00000000001296788648248','MONS_00000000001297218526451',23,61);
INSERT INTO map_monsters VALUES ('MAP_00000000001296788648248','MONS_00000000001297218526451',23,62);
INSERT INTO map_monsters VALUES ('MAP_00000000001296788648248','MONS_00000000001297218526451',24,26);
INSERT INTO map_monsters VALUES ('MAP_00000000001296788648248','MONS_00000000001297218526451',24,27);
INSERT INTO map_monsters VALUES ('MAP_00000000001296788648248','MONS_00000000001297218526451',24,28);
INSERT INTO map_monsters VALUES ('MAP_00000000001296788648248','MONS_00000000001297218526451',24,29);
INSERT INTO map_monsters VALUES ('MAP_00000000001296788648248','MONS_00000000001297218526451',24,30);
INSERT INTO map_monsters VALUES ('MAP_00000000001296788648248','MONS_00000000001297218526451',24,31);
INSERT INTO map_monsters VALUES ('MAP_00000000001296788648248','MONS_00000000001297218526451',24,32);
INSERT INTO map_monsters VALUES ('MAP_00000000001296788648248','MONS_00000000001297218526451',24,33);
INSERT INTO map_monsters VALUES ('MAP_00000000001296788648248','MONS_00000000001297218526451',24,34);
INSERT INTO map_monsters VALUES ('MAP_00000000001296788648248','MONS_00000000001297218526451',24,35);
INSERT INTO map_monsters VALUES ('MAP_00000000001296788648248','MONS_00000000001297218526451',24,36);
INSERT INTO map_monsters VALUES ('MAP_00000000001296788648248','MONS_00000000001297218526451',24,37);
INSERT INTO map_monsters VALUES ('MAP_00000000001296788648248','MONS_00000000001297218526451',24,38);
INSERT INTO map_monsters VALUES ('MAP_00000000001296788648248','MONS_00000000001297218526451',24,39);
INSERT INTO map_monsters VALUES ('MAP_00000000001296788648248','MONS_00000000001297218526451',24,45);
INSERT INTO map_monsters VALUES ('MAP_00000000001296788648248','MONS_00000000001297218526451',24,47);
INSERT INTO map_monsters VALUES ('MAP_00000000001296788648248','MONS_00000000001297218526451',25,45);
INSERT INTO map_monsters VALUES ('MAP_00000000001296788648248','MONS_00000000001297218526451',25,47);
INSERT INTO map_monsters VALUES ('MAP_00000000001296788648248','MONS_00000000001297218526451',25,48);
INSERT INTO map_monsters VALUES ('MAP_00000000001296788648248','MONS_00000000001297218526451',25,49);
INSERT INTO map_monsters VALUES ('MAP_00000000001296788648248','MONS_00000000001297218526451',25,50);
INSERT INTO map_monsters VALUES ('MAP_00000000001296788648248','MONS_00000000001297218526451',25,51);
INSERT INTO map_monsters VALUES ('MAP_00000000001296788648248','MONS_00000000001297218526451',25,52);
INSERT INTO map_monsters VALUES ('MAP_00000000001296788648248','MONS_00000000001297218526451',25,53);
INSERT INTO map_monsters VALUES ('MAP_00000000001296788648248','MONS_00000000001297218526451',25,54);
INSERT INTO map_monsters VALUES ('MAP_00000000001296788648248','MONS_00000000001297218526451',25,55);
INSERT INTO map_monsters VALUES ('MAP_00000000001296788648248','MONS_00000000001297218526451',25,56);
INSERT INTO map_monsters VALUES ('MAP_00000000001296788648248','MONS_00000000001297218526451',25,57);
INSERT INTO map_monsters VALUES ('MAP_00000000001296788648248','MONS_00000000001297218526451',25,58);
INSERT INTO map_monsters VALUES ('MAP_00000000001296788648248','MONS_00000000001297218526451',25,59);
INSERT INTO map_monsters VALUES ('MAP_00000000001296788648248','MONS_00000000001297218526451',25,60);
INSERT INTO map_monsters VALUES ('MAP_00000000001296788648248','MONS_00000000001297218526451',25,61);
INSERT INTO map_monsters VALUES ('MAP_00000000001296788648248','MONS_00000000001297218526451',25,62);
INSERT INTO map_monsters VALUES ('MAP_00000000001296788648248','MONS_00000000001297218526451',26,32);
INSERT INTO map_monsters VALUES ('MAP_00000000001296788648248','MONS_00000000001297218526451',26,33);
INSERT INTO map_monsters VALUES ('MAP_00000000001296788648248','MONS_00000000001297218526451',26,34);
INSERT INTO map_monsters VALUES ('MAP_00000000001296788648248','MONS_00000000001297218526451',26,35);
INSERT INTO map_monsters VALUES ('MAP_00000000001296788648248','MONS_00000000001297218526451',26,36);
INSERT INTO map_monsters VALUES ('MAP_00000000001296788648248','MONS_00000000001297218526451',26,37);
INSERT INTO map_monsters VALUES ('MAP_00000000001296788648248','MONS_00000000001297218526451',26,38);
INSERT INTO map_monsters VALUES ('MAP_00000000001296788648248','MONS_00000000001297218526451',26,39);
INSERT INTO map_monsters VALUES ('MAP_00000000001296788648248','MONS_00000000001297218526451',26,40);
INSERT INTO map_monsters VALUES ('MAP_00000000001296788648248','MONS_00000000001297218526451',26,45);
INSERT INTO map_monsters VALUES ('MAP_00000000001296788648248','MONS_00000000001297218526451',26,62);
INSERT INTO map_monsters VALUES ('MAP_00000000001296788648248','MONS_00000000001297218526451',27,45);
INSERT INTO map_monsters VALUES ('MAP_00000000001296788648248','MONS_00000000001297218526451',27,46);
INSERT INTO map_monsters VALUES ('MAP_00000000001296788648248','MONS_00000000001297218526451',27,47);
INSERT INTO map_monsters VALUES ('MAP_00000000001296788648248','MONS_00000000001297218526451',27,48);
INSERT INTO map_monsters VALUES ('MAP_00000000001296788648248','MONS_00000000001297218526451',27,49);
INSERT INTO map_monsters VALUES ('MAP_00000000001296788648248','MONS_00000000001297218526451',27,50);
INSERT INTO map_monsters VALUES ('MAP_00000000001296788648248','MONS_00000000001297218526451',27,51);
INSERT INTO map_monsters VALUES ('MAP_00000000001296788648248','MONS_00000000001297218526451',27,52);
INSERT INTO map_monsters VALUES ('MAP_00000000001296788648248','MONS_00000000001297218526451',27,53);
INSERT INTO map_monsters VALUES ('MAP_00000000001296788648248','MONS_00000000001297218526451',27,54);
INSERT INTO map_monsters VALUES ('MAP_00000000001296788648248','MONS_00000000001297218526451',27,55);
INSERT INTO map_monsters VALUES ('MAP_00000000001296788648248','MONS_00000000001297218526451',27,56);
INSERT INTO map_monsters VALUES ('MAP_00000000001296788648248','MONS_00000000001297218526451',28,7);
INSERT INTO map_monsters VALUES ('MAP_00000000001296788648248','MONS_00000000001297218526451',28,8);
INSERT INTO map_monsters VALUES ('MAP_00000000001296788648248','MONS_00000000001297218526451',28,9);
INSERT INTO map_monsters VALUES ('MAP_00000000001296788648248','MONS_00000000001297218526451',28,10);
INSERT INTO map_monsters VALUES ('MAP_00000000001296788648248','MONS_00000000001297218526451',28,11);
INSERT INTO map_monsters VALUES ('MAP_00000000001296788648248','MONS_00000000001297218526451',28,12);
INSERT INTO map_monsters VALUES ('MAP_00000000001296788648248','MONS_00000000001297218526451',28,13);
INSERT INTO map_monsters VALUES ('MAP_00000000001296788648248','MONS_00000000001297218526451',28,14);
INSERT INTO map_monsters VALUES ('MAP_00000000001296788648248','MONS_00000000001297218526451',28,32);
INSERT INTO map_monsters VALUES ('MAP_00000000001296788648248','MONS_00000000001297218526451',28,33);
INSERT INTO map_monsters VALUES ('MAP_00000000001296788648248','MONS_00000000001297218526451',28,34);
INSERT INTO map_monsters VALUES ('MAP_00000000001296788648248','MONS_00000000001297218526451',28,35);
INSERT INTO map_monsters VALUES ('MAP_00000000001296788648248','MONS_00000000001297218526451',28,36);
INSERT INTO map_monsters VALUES ('MAP_00000000001296788648248','MONS_00000000001297218526451',28,37);
INSERT INTO map_monsters VALUES ('MAP_00000000001296788648248','MONS_00000000001297218526451',28,38);
INSERT INTO map_monsters VALUES ('MAP_00000000001296788648248','MONS_00000000001297218526451',28,39);
INSERT INTO map_monsters VALUES ('MAP_00000000001296788648248','MONS_00000000001297218526451',28,40);
INSERT INTO map_monsters VALUES ('MAP_00000000001296788648248','MONS_00000000001297218526451',28,41);
INSERT INTO map_monsters VALUES ('MAP_00000000001296788648248','MONS_00000000001297218526451',28,42);
INSERT INTO map_monsters VALUES ('MAP_00000000001296788648248','MONS_00000000001297218526451',30,5);
INSERT INTO map_monsters VALUES ('MAP_00000000001296788648248','MONS_00000000001297218526451',30,6);
INSERT INTO map_monsters VALUES ('MAP_00000000001296788648248','MONS_00000000001297218526451',30,7);
INSERT INTO map_monsters VALUES ('MAP_00000000001296788648248','MONS_00000000001297218526451',30,8);
INSERT INTO map_monsters VALUES ('MAP_00000000001296788648248','MONS_00000000001297218526451',30,9);
INSERT INTO map_monsters VALUES ('MAP_00000000001296788648248','MONS_00000000001297218526451',30,10);
INSERT INTO map_monsters VALUES ('MAP_00000000001296788648248','MONS_00000000001297218526451',30,11);
INSERT INTO map_monsters VALUES ('MAP_00000000001296788648248','MONS_00000000001297218526451',30,12);
INSERT INTO map_monsters VALUES ('MAP_00000000001296788648248','MONS_00000000001297218526451',30,13);
INSERT INTO map_monsters VALUES ('MAP_00000000001296788648248','MONS_00000000001297218526451',30,14);
INSERT INTO map_monsters VALUES ('MAP_00000000001296788648248','MONS_00000000001297218526451',30,15);
INSERT INTO map_monsters VALUES ('MAP_00000000001296788648248','MONS_00000000001297218526451',30,31);
INSERT INTO map_monsters VALUES ('MAP_00000000001296788648248','MONS_00000000001297218526451',30,32);
INSERT INTO map_monsters VALUES ('MAP_00000000001296788648248','MONS_00000000001297218526451',30,33);
INSERT INTO map_monsters VALUES ('MAP_00000000001296788648248','MONS_00000000001297218526451',30,34);
INSERT INTO map_monsters VALUES ('MAP_00000000001296788648248','MONS_00000000001297218526451',30,35);
INSERT INTO map_monsters VALUES ('MAP_00000000001296788648248','MONS_00000000001297218526451',30,36);
INSERT INTO map_monsters VALUES ('MAP_00000000001296788648248','MONS_00000000001297218526451',30,37);
INSERT INTO map_monsters VALUES ('MAP_00000000001296788648248','MONS_00000000001297218526451',30,38);
INSERT INTO map_monsters VALUES ('MAP_00000000001296788648248','MONS_00000000001297218526451',30,39);
INSERT INTO map_monsters VALUES ('MAP_00000000001296788648248','MONS_00000000001297218526451',30,40);
INSERT INTO map_monsters VALUES ('MAP_00000000001296788648248','MONS_00000000001297218526451',30,41);
INSERT INTO map_monsters VALUES ('MAP_00000000001296788648248','MONS_00000000001297218526451',30,42);
INSERT INTO map_monsters VALUES ('MAP_00000000001296788648248','MONS_00000000001297218526451',30,43);
INSERT INTO map_monsters VALUES ('MAP_00000000001296788648248','MONS_00000000001297218526451',30,44);
INSERT INTO map_monsters VALUES ('MAP_00000000001296788648248','MONS_00000000001297218526451',30,45);
INSERT INTO map_monsters VALUES ('MAP_00000000001296788648248','MONS_00000000001297218526451',30,46);
INSERT INTO map_monsters VALUES ('MAP_00000000001296788648248','MONS_00000000001297218526451',30,47);
INSERT INTO map_monsters VALUES ('MAP_00000000001296788648248','MONS_00000000001297218526451',30,48);
INSERT INTO map_monsters VALUES ('MAP_00000000001296788648248','MONS_00000000001297218526451',30,49);
INSERT INTO map_monsters VALUES ('MAP_00000000001296788648248','MONS_00000000001297218526451',30,50);
INSERT INTO map_monsters VALUES ('MAP_00000000001296788648248','MONS_00000000001297218526451',30,51);
INSERT INTO map_monsters VALUES ('MAP_00000000001296788648248','MONS_00000000001297218526451',30,52);
INSERT INTO map_monsters VALUES ('MAP_00000000001296788648248','MONS_00000000001297218526451',30,53);
INSERT INTO map_monsters VALUES ('MAP_00000000001296788648248','MONS_00000000001297218526451',30,54);
INSERT INTO map_monsters VALUES ('MAP_00000000001296788648248','MONS_00000000001297218526451',30,55);
INSERT INTO map_monsters VALUES ('MAP_00000000001296788648248','MONS_00000000001297218526451',30,56);
INSERT INTO map_monsters VALUES ('MAP_00000000001296788648248','MONS_00000000001297218526451',30,57);
INSERT INTO map_monsters VALUES ('MAP_00000000001296788648248','MONS_00000000001297218526451',30,58);
INSERT INTO map_monsters VALUES ('MAP_00000000001296788648248','MONS_00000000001297218526451',30,59);
INSERT INTO monsters VALUES ('MONS_00000000001297218526466','Hired Assassin',64,1,1,1,1,11,11,11,0,0);
INSERT INTO map_monsters VALUES ('MAP_00000000001296788648248','MONS_00000000001297218526466',1,5);
INSERT INTO map_monsters VALUES ('MAP_00000000001296788648248','MONS_00000000001297218526466',1,6);
INSERT INTO map_monsters VALUES ('MAP_00000000001296788648248','MONS_00000000001297218526466',1,7);
INSERT INTO map_monsters VALUES ('MAP_00000000001296788648248','MONS_00000000001297218526466',1,8);
INSERT INTO map_monsters VALUES ('MAP_00000000001296788648248','MONS_00000000001297218526466',1,9);
INSERT INTO map_monsters VALUES ('MAP_00000000001296788648248','MONS_00000000001297218526466',1,10);
INSERT INTO map_monsters VALUES ('MAP_00000000001296788648248','MONS_00000000001297218526466',1,11);
INSERT INTO map_monsters VALUES ('MAP_00000000001296788648248','MONS_00000000001297218526466',1,12);
INSERT INTO map_monsters VALUES ('MAP_00000000001296788648248','MONS_00000000001297218526466',1,13);
INSERT INTO map_monsters VALUES ('MAP_00000000001296788648248','MONS_00000000001297218526466',1,14);
INSERT INTO map_monsters VALUES ('MAP_00000000001296788648248','MONS_00000000001297218526466',1,15);
INSERT INTO map_monsters VALUES ('MAP_00000000001296788648248','MONS_00000000001297218526466',1,31);
INSERT INTO map_monsters VALUES ('MAP_00000000001296788648248','MONS_00000000001297218526466',1,32);
INSERT INTO map_monsters VALUES ('MAP_00000000001296788648248','MONS_00000000001297218526466',1,33);
INSERT INTO map_monsters VALUES ('MAP_00000000001296788648248','MONS_00000000001297218526466',1,34);
INSERT INTO map_monsters VALUES ('MAP_00000000001296788648248','MONS_00000000001297218526466',1,35);
INSERT INTO map_monsters VALUES ('MAP_00000000001296788648248','MONS_00000000001297218526466',1,36);
INSERT INTO map_monsters VALUES ('MAP_00000000001296788648248','MONS_00000000001297218526466',1,37);
INSERT INTO map_monsters VALUES ('MAP_00000000001296788648248','MONS_00000000001297218526466',1,38);
INSERT INTO map_monsters VALUES ('MAP_00000000001296788648248','MONS_00000000001297218526466',1,39);
INSERT INTO map_monsters VALUES ('MAP_00000000001296788648248','MONS_00000000001297218526466',1,40);
INSERT INTO map_monsters VALUES ('MAP_00000000001296788648248','MONS_00000000001297218526466',1,41);
INSERT INTO map_monsters VALUES ('MAP_00000000001296788648248','MONS_00000000001297218526466',1,42);
INSERT INTO map_monsters VALUES ('MAP_00000000001296788648248','MONS_00000000001297218526466',1,43);
INSERT INTO map_monsters VALUES ('MAP_00000000001296788648248','MONS_00000000001297218526466',1,44);
INSERT INTO map_monsters VALUES ('MAP_00000000001296788648248','MONS_00000000001297218526466',1,45);
INSERT INTO map_monsters VALUES ('MAP_00000000001296788648248','MONS_00000000001297218526466',1,46);
INSERT INTO map_monsters VALUES ('MAP_00000000001296788648248','MONS_00000000001297218526466',1,47);
INSERT INTO map_monsters VALUES ('MAP_00000000001296788648248','MONS_00000000001297218526466',1,48);
INSERT INTO map_monsters VALUES ('MAP_00000000001296788648248','MONS_00000000001297218526466',1,49);
INSERT INTO map_monsters VALUES ('MAP_00000000001296788648248','MONS_00000000001297218526466',1,50);
INSERT INTO map_monsters VALUES ('MAP_00000000001296788648248','MONS_00000000001297218526466',1,51);
INSERT INTO map_monsters VALUES ('MAP_00000000001296788648248','MONS_00000000001297218526466',1,52);
INSERT INTO map_monsters VALUES ('MAP_00000000001296788648248','MONS_00000000001297218526466',1,53);
INSERT INTO map_monsters VALUES ('MAP_00000000001296788648248','MONS_00000000001297218526466',1,54);
INSERT INTO map_monsters VALUES ('MAP_00000000001296788648248','MONS_00000000001297218526466',1,55);
INSERT INTO map_monsters VALUES ('MAP_00000000001296788648248','MONS_00000000001297218526466',1,56);
INSERT INTO map_monsters VALUES ('MAP_00000000001296788648248','MONS_00000000001297218526466',1,57);
INSERT INTO map_monsters VALUES ('MAP_00000000001296788648248','MONS_00000000001297218526466',1,58);
INSERT INTO map_monsters VALUES ('MAP_00000000001296788648248','MONS_00000000001297218526466',1,59);
INSERT INTO map_monsters VALUES ('MAP_00000000001296788648248','MONS_00000000001297218526466',3,7);
INSERT INTO map_monsters VALUES ('MAP_00000000001296788648248','MONS_00000000001297218526466',3,8);
INSERT INTO map_monsters VALUES ('MAP_00000000001296788648248','MONS_00000000001297218526466',3,9);
INSERT INTO map_monsters VALUES ('MAP_00000000001296788648248','MONS_00000000001297218526466',3,10);
INSERT INTO map_monsters VALUES ('MAP_00000000001296788648248','MONS_00000000001297218526466',3,11);
INSERT INTO map_monsters VALUES ('MAP_00000000001296788648248','MONS_00000000001297218526466',3,12);
INSERT INTO map_monsters VALUES ('MAP_00000000001296788648248','MONS_00000000001297218526466',3,13);
INSERT INTO map_monsters VALUES ('MAP_00000000001296788648248','MONS_00000000001297218526466',3,14);
INSERT INTO map_monsters VALUES ('MAP_00000000001296788648248','MONS_00000000001297218526466',3,32);
INSERT INTO map_monsters VALUES ('MAP_00000000001296788648248','MONS_00000000001297218526466',3,33);
INSERT INTO map_monsters VALUES ('MAP_00000000001296788648248','MONS_00000000001297218526466',3,34);
INSERT INTO map_monsters VALUES ('MAP_00000000001296788648248','MONS_00000000001297218526466',3,35);
INSERT INTO map_monsters VALUES ('MAP_00000000001296788648248','MONS_00000000001297218526466',3,36);
INSERT INTO map_monsters VALUES ('MAP_00000000001296788648248','MONS_00000000001297218526466',3,37);
INSERT INTO map_monsters VALUES ('MAP_00000000001296788648248','MONS_00000000001297218526466',3,38);
INSERT INTO map_monsters VALUES ('MAP_00000000001296788648248','MONS_00000000001297218526466',3,39);
INSERT INTO map_monsters VALUES ('MAP_00000000001296788648248','MONS_00000000001297218526466',3,40);
INSERT INTO map_monsters VALUES ('MAP_00000000001296788648248','MONS_00000000001297218526466',3,41);
INSERT INTO map_monsters VALUES ('MAP_00000000001296788648248','MONS_00000000001297218526466',3,42);
INSERT INTO map_monsters VALUES ('MAP_00000000001296788648248','MONS_00000000001297218526466',4,45);
INSERT INTO map_monsters VALUES ('MAP_00000000001296788648248','MONS_00000000001297218526466',4,46);
INSERT INTO map_monsters VALUES ('MAP_00000000001296788648248','MONS_00000000001297218526466',4,47);
INSERT INTO map_monsters VALUES ('MAP_00000000001296788648248','MONS_00000000001297218526466',4,48);
INSERT INTO map_monsters VALUES ('MAP_00000000001296788648248','MONS_00000000001297218526466',4,49);
INSERT INTO map_monsters VALUES ('MAP_00000000001296788648248','MONS_00000000001297218526466',4,50);
INSERT INTO map_monsters VALUES ('MAP_00000000001296788648248','MONS_00000000001297218526466',4,51);
INSERT INTO map_monsters VALUES ('MAP_00000000001296788648248','MONS_00000000001297218526466',4,52);
INSERT INTO map_monsters VALUES ('MAP_00000000001296788648248','MONS_00000000001297218526466',4,53);
INSERT INTO map_monsters VALUES ('MAP_00000000001296788648248','MONS_00000000001297218526466',4,54);
INSERT INTO map_monsters VALUES ('MAP_00000000001296788648248','MONS_00000000001297218526466',4,55);
INSERT INTO map_monsters VALUES ('MAP_00000000001296788648248','MONS_00000000001297218526466',4,56);
INSERT INTO map_monsters VALUES ('MAP_00000000001296788648248','MONS_00000000001297218526466',5,32);
INSERT INTO map_monsters VALUES ('MAP_00000000001296788648248','MONS_00000000001297218526466',5,33);
INSERT INTO map_monsters VALUES ('MAP_00000000001296788648248','MONS_00000000001297218526466',5,34);
INSERT INTO map_monsters VALUES ('MAP_00000000001296788648248','MONS_00000000001297218526466',5,35);
INSERT INTO map_monsters VALUES ('MAP_00000000001296788648248','MONS_00000000001297218526466',5,36);
INSERT INTO map_monsters VALUES ('MAP_00000000001296788648248','MONS_00000000001297218526466',5,37);
INSERT INTO map_monsters VALUES ('MAP_00000000001296788648248','MONS_00000000001297218526466',5,38);
INSERT INTO map_monsters VALUES ('MAP_00000000001296788648248','MONS_00000000001297218526466',5,39);
INSERT INTO map_monsters VALUES ('MAP_00000000001296788648248','MONS_00000000001297218526466',5,40);
INSERT INTO map_monsters VALUES ('MAP_00000000001296788648248','MONS_00000000001297218526466',5,45);
INSERT INTO map_monsters VALUES ('MAP_00000000001296788648248','MONS_00000000001297218526466',5,62);
INSERT INTO map_monsters VALUES ('MAP_00000000001296788648248','MONS_00000000001297218526466',6,45);
INSERT INTO map_monsters VALUES ('MAP_00000000001296788648248','MONS_00000000001297218526466',6,47);
INSERT INTO map_monsters VALUES ('MAP_00000000001296788648248','MONS_00000000001297218526466',6,48);
INSERT INTO map_monsters VALUES ('MAP_00000000001296788648248','MONS_00000000001297218526466',6,49);
INSERT INTO map_monsters VALUES ('MAP_00000000001296788648248','MONS_00000000001297218526466',6,50);
INSERT INTO map_monsters VALUES ('MAP_00000000001296788648248','MONS_00000000001297218526466',6,51);
INSERT INTO map_monsters VALUES ('MAP_00000000001296788648248','MONS_00000000001297218526466',6,52);
INSERT INTO map_monsters VALUES ('MAP_00000000001296788648248','MONS_00000000001297218526466',6,53);
INSERT INTO map_monsters VALUES ('MAP_00000000001296788648248','MONS_00000000001297218526466',6,54);
INSERT INTO map_monsters VALUES ('MAP_00000000001296788648248','MONS_00000000001297218526466',6,55);
INSERT INTO map_monsters VALUES ('MAP_00000000001296788648248','MONS_00000000001297218526466',6,56);
INSERT INTO map_monsters VALUES ('MAP_00000000001296788648248','MONS_00000000001297218526466',6,57);
INSERT INTO map_monsters VALUES ('MAP_00000000001296788648248','MONS_00000000001297218526466',6,58);
INSERT INTO map_monsters VALUES ('MAP_00000000001296788648248','MONS_00000000001297218526466',6,59);
INSERT INTO map_monsters VALUES ('MAP_00000000001296788648248','MONS_00000000001297218526466',6,60);
INSERT INTO map_monsters VALUES ('MAP_00000000001296788648248','MONS_00000000001297218526466',6,61);
INSERT INTO map_monsters VALUES ('MAP_00000000001296788648248','MONS_00000000001297218526466',6,62);
INSERT INTO map_monsters VALUES ('MAP_00000000001296788648248','MONS_00000000001297218526466',7,26);
INSERT INTO map_monsters VALUES ('MAP_00000000001296788648248','MONS_00000000001297218526466',7,27);
INSERT INTO map_monsters VALUES ('MAP_00000000001296788648248','MONS_00000000001297218526466',7,28);
INSERT INTO map_monsters VALUES ('MAP_00000000001296788648248','MONS_00000000001297218526466',7,29);
INSERT INTO map_monsters VALUES ('MAP_00000000001296788648248','MONS_00000000001297218526466',7,30);
INSERT INTO map_monsters VALUES ('MAP_00000000001296788648248','MONS_00000000001297218526466',7,31);
INSERT INTO map_monsters VALUES ('MAP_00000000001296788648248','MONS_00000000001297218526466',7,32);
INSERT INTO map_monsters VALUES ('MAP_00000000001296788648248','MONS_00000000001297218526466',7,33);
INSERT INTO map_monsters VALUES ('MAP_00000000001296788648248','MONS_00000000001297218526466',7,34);
INSERT INTO map_monsters VALUES ('MAP_00000000001296788648248','MONS_00000000001297218526466',7,35);
INSERT INTO map_monsters VALUES ('MAP_00000000001296788648248','MONS_00000000001297218526466',7,36);
INSERT INTO map_monsters VALUES ('MAP_00000000001296788648248','MONS_00000000001297218526466',7,37);
INSERT INTO map_monsters VALUES ('MAP_00000000001296788648248','MONS_00000000001297218526466',7,38);
INSERT INTO map_monsters VALUES ('MAP_00000000001296788648248','MONS_00000000001297218526466',7,39);
INSERT INTO map_monsters VALUES ('MAP_00000000001296788648248','MONS_00000000001297218526466',7,45);
INSERT INTO map_monsters VALUES ('MAP_00000000001296788648248','MONS_00000000001297218526466',7,47);
INSERT INTO map_monsters VALUES ('MAP_00000000001296788648248','MONS_00000000001297218526466',8,45);
INSERT INTO map_monsters VALUES ('MAP_00000000001296788648248','MONS_00000000001297218526466',8,47);
INSERT INTO map_monsters VALUES ('MAP_00000000001296788648248','MONS_00000000001297218526466',8,49);
INSERT INTO map_monsters VALUES ('MAP_00000000001296788648248','MONS_00000000001297218526466',8,50);
INSERT INTO map_monsters VALUES ('MAP_00000000001296788648248','MONS_00000000001297218526466',8,51);
INSERT INTO map_monsters VALUES ('MAP_00000000001296788648248','MONS_00000000001297218526466',8,52);
INSERT INTO map_monsters VALUES ('MAP_00000000001296788648248','MONS_00000000001297218526466',8,53);
INSERT INTO map_monsters VALUES ('MAP_00000000001296788648248','MONS_00000000001297218526466',8,54);
INSERT INTO map_monsters VALUES ('MAP_00000000001296788648248','MONS_00000000001297218526466',8,55);
INSERT INTO map_monsters VALUES ('MAP_00000000001296788648248','MONS_00000000001297218526466',8,56);
INSERT INTO map_monsters VALUES ('MAP_00000000001296788648248','MONS_00000000001297218526466',8,57);
INSERT INTO map_monsters VALUES ('MAP_00000000001296788648248','MONS_00000000001297218526466',8,58);
INSERT INTO map_monsters VALUES ('MAP_00000000001296788648248','MONS_00000000001297218526466',8,59);
INSERT INTO map_monsters VALUES ('MAP_00000000001296788648248','MONS_00000000001297218526466',8,60);
INSERT INTO map_monsters VALUES ('MAP_00000000001296788648248','MONS_00000000001297218526466',8,61);
INSERT INTO map_monsters VALUES ('MAP_00000000001296788648248','MONS_00000000001297218526466',8,62);
INSERT INTO map_monsters VALUES ('MAP_00000000001296788648248','MONS_00000000001297218526466',9,27);
INSERT INTO map_monsters VALUES ('MAP_00000000001296788648248','MONS_00000000001297218526466',9,28);
INSERT INTO map_monsters VALUES ('MAP_00000000001296788648248','MONS_00000000001297218526466',9,29);
INSERT INTO map_monsters VALUES ('MAP_00000000001296788648248','MONS_00000000001297218526466',9,30);
INSERT INTO map_monsters VALUES ('MAP_00000000001296788648248','MONS_00000000001297218526466',9,31);
INSERT INTO map_monsters VALUES ('MAP_00000000001296788648248','MONS_00000000001297218526466',9,32);
INSERT INTO map_monsters VALUES ('MAP_00000000001296788648248','MONS_00000000001297218526466',9,33);
INSERT INTO map_monsters VALUES ('MAP_00000000001296788648248','MONS_00000000001297218526466',9,34);
INSERT INTO map_monsters VALUES ('MAP_00000000001296788648248','MONS_00000000001297218526466',9,35);
INSERT INTO map_monsters VALUES ('MAP_00000000001296788648248','MONS_00000000001297218526466',9,36);
INSERT INTO map_monsters VALUES ('MAP_00000000001296788648248','MONS_00000000001297218526466',9,37);
INSERT INTO map_monsters VALUES ('MAP_00000000001296788648248','MONS_00000000001297218526466',9,38);
INSERT INTO map_monsters VALUES ('MAP_00000000001296788648248','MONS_00000000001297218526466',9,45);
INSERT INTO map_monsters VALUES ('MAP_00000000001296788648248','MONS_00000000001297218526466',10,45);
INSERT INTO map_monsters VALUES ('MAP_00000000001296788648248','MONS_00000000001297218526466',10,51);
INSERT INTO map_monsters VALUES ('MAP_00000000001296788648248','MONS_00000000001297218526466',10,52);
INSERT INTO map_monsters VALUES ('MAP_00000000001296788648248','MONS_00000000001297218526466',10,53);
INSERT INTO map_monsters VALUES ('MAP_00000000001296788648248','MONS_00000000001297218526466',10,54);
INSERT INTO map_monsters VALUES ('MAP_00000000001296788648248','MONS_00000000001297218526466',10,55);
INSERT INTO map_monsters VALUES ('MAP_00000000001296788648248','MONS_00000000001297218526466',10,56);
INSERT INTO map_monsters VALUES ('MAP_00000000001296788648248','MONS_00000000001297218526466',10,57);
INSERT INTO map_monsters VALUES ('MAP_00000000001296788648248','MONS_00000000001297218526466',10,58);
INSERT INTO map_monsters VALUES ('MAP_00000000001296788648248','MONS_00000000001297218526466',10,59);
INSERT INTO map_monsters VALUES ('MAP_00000000001296788648248','MONS_00000000001297218526466',10,60);
INSERT INTO map_monsters VALUES ('MAP_00000000001296788648248','MONS_00000000001297218526466',10,61);
INSERT INTO map_monsters VALUES ('MAP_00000000001296788648248','MONS_00000000001297218526466',10,62);
INSERT INTO map_monsters VALUES ('MAP_00000000001296788648248','MONS_00000000001297218526466',11,25);
INSERT INTO map_monsters VALUES ('MAP_00000000001296788648248','MONS_00000000001297218526466',11,26);
INSERT INTO map_monsters VALUES ('MAP_00000000001296788648248','MONS_00000000001297218526466',11,27);
INSERT INTO map_monsters VALUES ('MAP_00000000001296788648248','MONS_00000000001297218526466',11,28);
INSERT INTO map_monsters VALUES ('MAP_00000000001296788648248','MONS_00000000001297218526466',11,29);
INSERT INTO map_monsters VALUES ('MAP_00000000001296788648248','MONS_00000000001297218526466',11,30);
INSERT INTO map_monsters VALUES ('MAP_00000000001296788648248','MONS_00000000001297218526466',11,31);
INSERT INTO map_monsters VALUES ('MAP_00000000001296788648248','MONS_00000000001297218526466',11,32);
INSERT INTO map_monsters VALUES ('MAP_00000000001296788648248','MONS_00000000001297218526466',11,33);
INSERT INTO map_monsters VALUES ('MAP_00000000001296788648248','MONS_00000000001297218526466',11,34);
INSERT INTO map_monsters VALUES ('MAP_00000000001296788648248','MONS_00000000001297218526466',11,35);
INSERT INTO map_monsters VALUES ('MAP_00000000001296788648248','MONS_00000000001297218526466',11,36);
INSERT INTO map_monsters VALUES ('MAP_00000000001296788648248','MONS_00000000001297218526466',11,37);
INSERT INTO map_monsters VALUES ('MAP_00000000001296788648248','MONS_00000000001297218526466',11,45);
INSERT INTO map_monsters VALUES ('MAP_00000000001296788648248','MONS_00000000001297218526466',11,47);
INSERT INTO map_monsters VALUES ('MAP_00000000001296788648248','MONS_00000000001297218526466',11,49);
INSERT INTO map_monsters VALUES ('MAP_00000000001296788648248','MONS_00000000001297218526466',12,45);
INSERT INTO map_monsters VALUES ('MAP_00000000001296788648248','MONS_00000000001297218526466',12,47);
INSERT INTO map_monsters VALUES ('MAP_00000000001296788648248','MONS_00000000001297218526466',12,49);
INSERT INTO map_monsters VALUES ('MAP_00000000001296788648248','MONS_00000000001297218526466',12,51);
INSERT INTO map_monsters VALUES ('MAP_00000000001296788648248','MONS_00000000001297218526466',13,27);
INSERT INTO map_monsters VALUES ('MAP_00000000001296788648248','MONS_00000000001297218526466',13,29);
INSERT INTO map_monsters VALUES ('MAP_00000000001296788648248','MONS_00000000001297218526466',13,30);
INSERT INTO map_monsters VALUES ('MAP_00000000001296788648248','MONS_00000000001297218526466',13,31);
INSERT INTO map_monsters VALUES ('MAP_00000000001296788648248','MONS_00000000001297218526466',13,32);
INSERT INTO map_monsters VALUES ('MAP_00000000001296788648248','MONS_00000000001297218526466',13,33);
INSERT INTO map_monsters VALUES ('MAP_00000000001296788648248','MONS_00000000001297218526466',13,34);
INSERT INTO map_monsters VALUES ('MAP_00000000001296788648248','MONS_00000000001297218526466',13,35);
INSERT INTO map_monsters VALUES ('MAP_00000000001296788648248','MONS_00000000001297218526466',13,36);
INSERT INTO map_monsters VALUES ('MAP_00000000001296788648248','MONS_00000000001297218526466',13,37);
INSERT INTO map_monsters VALUES ('MAP_00000000001296788648248','MONS_00000000001297218526466',13,38);
INSERT INTO map_monsters VALUES ('MAP_00000000001296788648248','MONS_00000000001297218526466',13,39);
INSERT INTO map_monsters VALUES ('MAP_00000000001296788648248','MONS_00000000001297218526466',13,45);
INSERT INTO map_monsters VALUES ('MAP_00000000001296788648248','MONS_00000000001297218526466',13,47);
INSERT INTO map_monsters VALUES ('MAP_00000000001296788648248','MONS_00000000001297218526466',13,49);
INSERT INTO map_monsters VALUES ('MAP_00000000001296788648248','MONS_00000000001297218526466',13,51);
INSERT INTO map_monsters VALUES ('MAP_00000000001296788648248','MONS_00000000001297218526466',14,47);
INSERT INTO map_monsters VALUES ('MAP_00000000001296788648248','MONS_00000000001297218526466',14,49);
INSERT INTO map_monsters VALUES ('MAP_00000000001296788648248','MONS_00000000001297218526466',14,51);
INSERT INTO map_monsters VALUES ('MAP_00000000001296788648248','MONS_00000000001297218526466',15,47);
INSERT INTO map_monsters VALUES ('MAP_00000000001296788648248','MONS_00000000001297218526466',15,49);
INSERT INTO map_monsters VALUES ('MAP_00000000001296788648248','MONS_00000000001297218526466',16,47);
INSERT INTO map_monsters VALUES ('MAP_00000000001296788648248','MONS_00000000001297218526466',16,49);
INSERT INTO map_monsters VALUES ('MAP_00000000001296788648248','MONS_00000000001297218526466',17,47);
INSERT INTO map_monsters VALUES ('MAP_00000000001296788648248','MONS_00000000001297218526466',17,49);
INSERT INTO map_monsters VALUES ('MAP_00000000001296788648248','MONS_00000000001297218526466',17,51);
INSERT INTO map_monsters VALUES ('MAP_00000000001296788648248','MONS_00000000001297218526466',18,27);
INSERT INTO map_monsters VALUES ('MAP_00000000001296788648248','MONS_00000000001297218526466',18,29);
INSERT INTO map_monsters VALUES ('MAP_00000000001296788648248','MONS_00000000001297218526466',18,30);
INSERT INTO map_monsters VALUES ('MAP_00000000001296788648248','MONS_00000000001297218526466',18,31);
INSERT INTO map_monsters VALUES ('MAP_00000000001296788648248','MONS_00000000001297218526466',18,32);
INSERT INTO map_monsters VALUES ('MAP_00000000001296788648248','MONS_00000000001297218526466',18,33);
INSERT INTO map_monsters VALUES ('MAP_00000000001296788648248','MONS_00000000001297218526466',18,34);
INSERT INTO map_monsters VALUES ('MAP_00000000001296788648248','MONS_00000000001297218526466',18,35);
INSERT INTO map_monsters VALUES ('MAP_00000000001296788648248','MONS_00000000001297218526466',18,36);
INSERT INTO map_monsters VALUES ('MAP_00000000001296788648248','MONS_00000000001297218526466',18,37);
INSERT INTO map_monsters VALUES ('MAP_00000000001296788648248','MONS_00000000001297218526466',18,38);
INSERT INTO map_monsters VALUES ('MAP_00000000001296788648248','MONS_00000000001297218526466',18,39);
INSERT INTO map_monsters VALUES ('MAP_00000000001296788648248','MONS_00000000001297218526466',18,45);
INSERT INTO map_monsters VALUES ('MAP_00000000001296788648248','MONS_00000000001297218526466',18,47);
INSERT INTO map_monsters VALUES ('MAP_00000000001296788648248','MONS_00000000001297218526466',18,49);
INSERT INTO map_monsters VALUES ('MAP_00000000001296788648248','MONS_00000000001297218526466',18,51);
INSERT INTO map_monsters VALUES ('MAP_00000000001296788648248','MONS_00000000001297218526466',19,45);
INSERT INTO map_monsters VALUES ('MAP_00000000001296788648248','MONS_00000000001297218526466',19,47);
INSERT INTO map_monsters VALUES ('MAP_00000000001296788648248','MONS_00000000001297218526466',19,49);
INSERT INTO map_monsters VALUES ('MAP_00000000001296788648248','MONS_00000000001297218526466',19,51);
INSERT INTO map_monsters VALUES ('MAP_00000000001296788648248','MONS_00000000001297218526466',20,25);
INSERT INTO map_monsters VALUES ('MAP_00000000001296788648248','MONS_00000000001297218526466',20,26);
INSERT INTO map_monsters VALUES ('MAP_00000000001296788648248','MONS_00000000001297218526466',20,27);
INSERT INTO map_monsters VALUES ('MAP_00000000001296788648248','MONS_00000000001297218526466',20,28);
INSERT INTO map_monsters VALUES ('MAP_00000000001296788648248','MONS_00000000001297218526466',20,29);
INSERT INTO map_monsters VALUES ('MAP_00000000001296788648248','MONS_00000000001297218526466',20,30);
INSERT INTO map_monsters VALUES ('MAP_00000000001296788648248','MONS_00000000001297218526466',20,31);
INSERT INTO map_monsters VALUES ('MAP_00000000001296788648248','MONS_00000000001297218526466',20,32);
INSERT INTO map_monsters VALUES ('MAP_00000000001296788648248','MONS_00000000001297218526466',20,33);
INSERT INTO map_monsters VALUES ('MAP_00000000001296788648248','MONS_00000000001297218526466',20,34);
INSERT INTO map_monsters VALUES ('MAP_00000000001296788648248','MONS_00000000001297218526466',20,35);
INSERT INTO map_monsters VALUES ('MAP_00000000001296788648248','MONS_00000000001297218526466',20,36);
INSERT INTO map_monsters VALUES ('MAP_00000000001296788648248','MONS_00000000001297218526466',20,37);
INSERT INTO map_monsters VALUES ('MAP_00000000001296788648248','MONS_00000000001297218526466',20,45);
INSERT INTO map_monsters VALUES ('MAP_00000000001296788648248','MONS_00000000001297218526466',20,47);
INSERT INTO map_monsters VALUES ('MAP_00000000001296788648248','MONS_00000000001297218526466',20,49);
INSERT INTO map_monsters VALUES ('MAP_00000000001296788648248','MONS_00000000001297218526466',21,45);
INSERT INTO map_monsters VALUES ('MAP_00000000001296788648248','MONS_00000000001297218526466',21,51);
INSERT INTO map_monsters VALUES ('MAP_00000000001296788648248','MONS_00000000001297218526466',21,52);
INSERT INTO map_monsters VALUES ('MAP_00000000001296788648248','MONS_00000000001297218526466',21,53);
INSERT INTO map_monsters VALUES ('MAP_00000000001296788648248','MONS_00000000001297218526466',21,54);
INSERT INTO map_monsters VALUES ('MAP_00000000001296788648248','MONS_00000000001297218526466',21,55);
INSERT INTO map_monsters VALUES ('MAP_00000000001296788648248','MONS_00000000001297218526466',21,56);
INSERT INTO map_monsters VALUES ('MAP_00000000001296788648248','MONS_00000000001297218526466',21,57);
INSERT INTO map_monsters VALUES ('MAP_00000000001296788648248','MONS_00000000001297218526466',21,58);
INSERT INTO map_monsters VALUES ('MAP_00000000001296788648248','MONS_00000000001297218526466',21,59);
INSERT INTO map_monsters VALUES ('MAP_00000000001296788648248','MONS_00000000001297218526466',21,60);
INSERT INTO map_monsters VALUES ('MAP_00000000001296788648248','MONS_00000000001297218526466',21,61);
INSERT INTO map_monsters VALUES ('MAP_00000000001296788648248','MONS_00000000001297218526466',21,62);
INSERT INTO map_monsters VALUES ('MAP_00000000001296788648248','MONS_00000000001297218526466',22,27);
INSERT INTO map_monsters VALUES ('MAP_00000000001296788648248','MONS_00000000001297218526466',22,28);
INSERT INTO map_monsters VALUES ('MAP_00000000001296788648248','MONS_00000000001297218526466',22,29);
INSERT INTO map_monsters VALUES ('MAP_00000000001296788648248','MONS_00000000001297218526466',22,30);
INSERT INTO map_monsters VALUES ('MAP_00000000001296788648248','MONS_00000000001297218526466',22,31);
INSERT INTO map_monsters VALUES ('MAP_00000000001296788648248','MONS_00000000001297218526466',22,32);
INSERT INTO map_monsters VALUES ('MAP_00000000001296788648248','MONS_00000000001297218526466',22,33);
INSERT INTO map_monsters VALUES ('MAP_00000000001296788648248','MONS_00000000001297218526466',22,34);
INSERT INTO map_monsters VALUES ('MAP_00000000001296788648248','MONS_00000000001297218526466',22,35);
INSERT INTO map_monsters VALUES ('MAP_00000000001296788648248','MONS_00000000001297218526466',22,36);
INSERT INTO map_monsters VALUES ('MAP_00000000001296788648248','MONS_00000000001297218526466',22,37);
INSERT INTO map_monsters VALUES ('MAP_00000000001296788648248','MONS_00000000001297218526466',22,38);
INSERT INTO map_monsters VALUES ('MAP_00000000001296788648248','MONS_00000000001297218526466',22,45);
INSERT INTO map_monsters VALUES ('MAP_00000000001296788648248','MONS_00000000001297218526466',23,45);
INSERT INTO map_monsters VALUES ('MAP_00000000001296788648248','MONS_00000000001297218526466',23,47);
INSERT INTO map_monsters VALUES ('MAP_00000000001296788648248','MONS_00000000001297218526466',23,49);
INSERT INTO map_monsters VALUES ('MAP_00000000001296788648248','MONS_00000000001297218526466',23,50);
INSERT INTO map_monsters VALUES ('MAP_00000000001296788648248','MONS_00000000001297218526466',23,51);
INSERT INTO map_monsters VALUES ('MAP_00000000001296788648248','MONS_00000000001297218526466',23,52);
INSERT INTO map_monsters VALUES ('MAP_00000000001296788648248','MONS_00000000001297218526466',23,53);
INSERT INTO map_monsters VALUES ('MAP_00000000001296788648248','MONS_00000000001297218526466',23,54);
INSERT INTO map_monsters VALUES ('MAP_00000000001296788648248','MONS_00000000001297218526466',23,55);
INSERT INTO map_monsters VALUES ('MAP_00000000001296788648248','MONS_00000000001297218526466',23,56);
INSERT INTO map_monsters VALUES ('MAP_00000000001296788648248','MONS_00000000001297218526466',23,57);
INSERT INTO map_monsters VALUES ('MAP_00000000001296788648248','MONS_00000000001297218526466',23,58);
INSERT INTO map_monsters VALUES ('MAP_00000000001296788648248','MONS_00000000001297218526466',23,59);
INSERT INTO map_monsters VALUES ('MAP_00000000001296788648248','MONS_00000000001297218526466',23,60);
INSERT INTO map_monsters VALUES ('MAP_00000000001296788648248','MONS_00000000001297218526466',23,61);
INSERT INTO map_monsters VALUES ('MAP_00000000001296788648248','MONS_00000000001297218526466',23,62);
INSERT INTO map_monsters VALUES ('MAP_00000000001296788648248','MONS_00000000001297218526466',24,26);
INSERT INTO map_monsters VALUES ('MAP_00000000001296788648248','MONS_00000000001297218526466',24,27);
INSERT INTO map_monsters VALUES ('MAP_00000000001296788648248','MONS_00000000001297218526466',24,28);
INSERT INTO map_monsters VALUES ('MAP_00000000001296788648248','MONS_00000000001297218526466',24,29);
INSERT INTO map_monsters VALUES ('MAP_00000000001296788648248','MONS_00000000001297218526466',24,30);
INSERT INTO map_monsters VALUES ('MAP_00000000001296788648248','MONS_00000000001297218526466',24,31);
INSERT INTO map_monsters VALUES ('MAP_00000000001296788648248','MONS_00000000001297218526466',24,32);
INSERT INTO map_monsters VALUES ('MAP_00000000001296788648248','MONS_00000000001297218526466',24,33);
INSERT INTO map_monsters VALUES ('MAP_00000000001296788648248','MONS_00000000001297218526466',24,34);
INSERT INTO map_monsters VALUES ('MAP_00000000001296788648248','MONS_00000000001297218526466',24,35);
INSERT INTO map_monsters VALUES ('MAP_00000000001296788648248','MONS_00000000001297218526466',24,36);
INSERT INTO map_monsters VALUES ('MAP_00000000001296788648248','MONS_00000000001297218526466',24,37);
INSERT INTO map_monsters VALUES ('MAP_00000000001296788648248','MONS_00000000001297218526466',24,38);
INSERT INTO map_monsters VALUES ('MAP_00000000001296788648248','MONS_00000000001297218526466',24,39);
INSERT INTO map_monsters VALUES ('MAP_00000000001296788648248','MONS_00000000001297218526466',24,45);
INSERT INTO map_monsters VALUES ('MAP_00000000001296788648248','MONS_00000000001297218526466',24,47);
INSERT INTO map_monsters VALUES ('MAP_00000000001296788648248','MONS_00000000001297218526466',25,45);
INSERT INTO map_monsters VALUES ('MAP_00000000001296788648248','MONS_00000000001297218526466',25,47);
INSERT INTO map_monsters VALUES ('MAP_00000000001296788648248','MONS_00000000001297218526466',25,48);
INSERT INTO map_monsters VALUES ('MAP_00000000001296788648248','MONS_00000000001297218526466',25,49);
INSERT INTO map_monsters VALUES ('MAP_00000000001296788648248','MONS_00000000001297218526466',25,50);
INSERT INTO map_monsters VALUES ('MAP_00000000001296788648248','MONS_00000000001297218526466',25,51);
INSERT INTO map_monsters VALUES ('MAP_00000000001296788648248','MONS_00000000001297218526466',25,52);
INSERT INTO map_monsters VALUES ('MAP_00000000001296788648248','MONS_00000000001297218526466',25,53);
INSERT INTO map_monsters VALUES ('MAP_00000000001296788648248','MONS_00000000001297218526466',25,54);
INSERT INTO map_monsters VALUES ('MAP_00000000001296788648248','MONS_00000000001297218526466',25,55);
INSERT INTO map_monsters VALUES ('MAP_00000000001296788648248','MONS_00000000001297218526466',25,56);
INSERT INTO map_monsters VALUES ('MAP_00000000001296788648248','MONS_00000000001297218526466',25,57);
INSERT INTO map_monsters VALUES ('MAP_00000000001296788648248','MONS_00000000001297218526466',25,58);
INSERT INTO map_monsters VALUES ('MAP_00000000001296788648248','MONS_00000000001297218526466',25,59);
INSERT INTO map_monsters VALUES ('MAP_00000000001296788648248','MONS_00000000001297218526466',25,60);
INSERT INTO map_monsters VALUES ('MAP_00000000001296788648248','MONS_00000000001297218526466',25,61);
INSERT INTO map_monsters VALUES ('MAP_00000000001296788648248','MONS_00000000001297218526466',25,62);
INSERT INTO map_monsters VALUES ('MAP_00000000001296788648248','MONS_00000000001297218526466',26,32);
INSERT INTO map_monsters VALUES ('MAP_00000000001296788648248','MONS_00000000001297218526466',26,33);
INSERT INTO map_monsters VALUES ('MAP_00000000001296788648248','MONS_00000000001297218526466',26,34);
INSERT INTO map_monsters VALUES ('MAP_00000000001296788648248','MONS_00000000001297218526466',26,35);
INSERT INTO map_monsters VALUES ('MAP_00000000001296788648248','MONS_00000000001297218526466',26,36);
INSERT INTO map_monsters VALUES ('MAP_00000000001296788648248','MONS_00000000001297218526466',26,37);
INSERT INTO map_monsters VALUES ('MAP_00000000001296788648248','MONS_00000000001297218526466',26,38);
INSERT INTO map_monsters VALUES ('MAP_00000000001296788648248','MONS_00000000001297218526466',26,39);
INSERT INTO map_monsters VALUES ('MAP_00000000001296788648248','MONS_00000000001297218526466',26,40);
INSERT INTO map_monsters VALUES ('MAP_00000000001296788648248','MONS_00000000001297218526466',26,45);
INSERT INTO map_monsters VALUES ('MAP_00000000001296788648248','MONS_00000000001297218526466',26,62);
INSERT INTO map_monsters VALUES ('MAP_00000000001296788648248','MONS_00000000001297218526466',27,45);
INSERT INTO map_monsters VALUES ('MAP_00000000001296788648248','MONS_00000000001297218526466',27,46);
INSERT INTO map_monsters VALUES ('MAP_00000000001296788648248','MONS_00000000001297218526466',27,47);
INSERT INTO map_monsters VALUES ('MAP_00000000001296788648248','MONS_00000000001297218526466',27,48);
INSERT INTO map_monsters VALUES ('MAP_00000000001296788648248','MONS_00000000001297218526466',27,49);
INSERT INTO map_monsters VALUES ('MAP_00000000001296788648248','MONS_00000000001297218526466',27,50);
INSERT INTO map_monsters VALUES ('MAP_00000000001296788648248','MONS_00000000001297218526466',27,51);
INSERT INTO map_monsters VALUES ('MAP_00000000001296788648248','MONS_00000000001297218526466',27,52);
INSERT INTO map_monsters VALUES ('MAP_00000000001296788648248','MONS_00000000001297218526466',27,53);
INSERT INTO map_monsters VALUES ('MAP_00000000001296788648248','MONS_00000000001297218526466',27,54);
INSERT INTO map_monsters VALUES ('MAP_00000000001296788648248','MONS_00000000001297218526466',27,55);
INSERT INTO map_monsters VALUES ('MAP_00000000001296788648248','MONS_00000000001297218526466',27,56);
INSERT INTO map_monsters VALUES ('MAP_00000000001296788648248','MONS_00000000001297218526466',28,7);
INSERT INTO map_monsters VALUES ('MAP_00000000001296788648248','MONS_00000000001297218526466',28,8);
INSERT INTO map_monsters VALUES ('MAP_00000000001296788648248','MONS_00000000001297218526466',28,9);
INSERT INTO map_monsters VALUES ('MAP_00000000001296788648248','MONS_00000000001297218526466',28,10);
INSERT INTO map_monsters VALUES ('MAP_00000000001296788648248','MONS_00000000001297218526466',28,11);
INSERT INTO map_monsters VALUES ('MAP_00000000001296788648248','MONS_00000000001297218526466',28,12);
INSERT INTO map_monsters VALUES ('MAP_00000000001296788648248','MONS_00000000001297218526466',28,13);
INSERT INTO map_monsters VALUES ('MAP_00000000001296788648248','MONS_00000000001297218526466',28,14);
INSERT INTO map_monsters VALUES ('MAP_00000000001296788648248','MONS_00000000001297218526466',28,32);
INSERT INTO map_monsters VALUES ('MAP_00000000001296788648248','MONS_00000000001297218526466',28,33);
INSERT INTO map_monsters VALUES ('MAP_00000000001296788648248','MONS_00000000001297218526466',28,34);
INSERT INTO map_monsters VALUES ('MAP_00000000001296788648248','MONS_00000000001297218526466',28,35);
INSERT INTO map_monsters VALUES ('MAP_00000000001296788648248','MONS_00000000001297218526466',28,36);
INSERT INTO map_monsters VALUES ('MAP_00000000001296788648248','MONS_00000000001297218526466',28,37);
INSERT INTO map_monsters VALUES ('MAP_00000000001296788648248','MONS_00000000001297218526466',28,38);
INSERT INTO map_monsters VALUES ('MAP_00000000001296788648248','MONS_00000000001297218526466',28,39);
INSERT INTO map_monsters VALUES ('MAP_00000000001296788648248','MONS_00000000001297218526466',28,40);
INSERT INTO map_monsters VALUES ('MAP_00000000001296788648248','MONS_00000000001297218526466',28,41);
INSERT INTO map_monsters VALUES ('MAP_00000000001296788648248','MONS_00000000001297218526466',28,42);
INSERT INTO map_monsters VALUES ('MAP_00000000001296788648248','MONS_00000000001297218526466',30,5);
INSERT INTO map_monsters VALUES ('MAP_00000000001296788648248','MONS_00000000001297218526466',30,6);
INSERT INTO map_monsters VALUES ('MAP_00000000001296788648248','MONS_00000000001297218526466',30,7);
INSERT INTO map_monsters VALUES ('MAP_00000000001296788648248','MONS_00000000001297218526466',30,8);
INSERT INTO map_monsters VALUES ('MAP_00000000001296788648248','MONS_00000000001297218526466',30,9);
INSERT INTO map_monsters VALUES ('MAP_00000000001296788648248','MONS_00000000001297218526466',30,10);
INSERT INTO map_monsters VALUES ('MAP_00000000001296788648248','MONS_00000000001297218526466',30,11);
INSERT INTO map_monsters VALUES ('MAP_00000000001296788648248','MONS_00000000001297218526466',30,12);
INSERT INTO map_monsters VALUES ('MAP_00000000001296788648248','MONS_00000000001297218526466',30,13);
INSERT INTO map_monsters VALUES ('MAP_00000000001296788648248','MONS_00000000001297218526466',30,14);
INSERT INTO map_monsters VALUES ('MAP_00000000001296788648248','MONS_00000000001297218526466',30,15);
INSERT INTO map_monsters VALUES ('MAP_00000000001296788648248','MONS_00000000001297218526466',30,31);
INSERT INTO map_monsters VALUES ('MAP_00000000001296788648248','MONS_00000000001297218526466',30,32);
INSERT INTO map_monsters VALUES ('MAP_00000000001296788648248','MONS_00000000001297218526466',30,33);
INSERT INTO map_monsters VALUES ('MAP_00000000001296788648248','MONS_00000000001297218526466',30,34);
INSERT INTO map_monsters VALUES ('MAP_00000000001296788648248','MONS_00000000001297218526466',30,35);
INSERT INTO map_monsters VALUES ('MAP_00000000001296788648248','MONS_00000000001297218526466',30,36);
INSERT INTO map_monsters VALUES ('MAP_00000000001296788648248','MONS_00000000001297218526466',30,37);
INSERT INTO map_monsters VALUES ('MAP_00000000001296788648248','MONS_00000000001297218526466',30,38);
INSERT INTO map_monsters VALUES ('MAP_00000000001296788648248','MONS_00000000001297218526466',30,39);
INSERT INTO map_monsters VALUES ('MAP_00000000001296788648248','MONS_00000000001297218526466',30,40);
INSERT INTO map_monsters VALUES ('MAP_00000000001296788648248','MONS_00000000001297218526466',30,41);
INSERT INTO map_monsters VALUES ('MAP_00000000001296788648248','MONS_00000000001297218526466',30,42);
INSERT INTO map_monsters VALUES ('MAP_00000000001296788648248','MONS_00000000001297218526466',30,43);
INSERT INTO map_monsters VALUES ('MAP_00000000001296788648248','MONS_00000000001297218526466',30,44);
INSERT INTO map_monsters VALUES ('MAP_00000000001296788648248','MONS_00000000001297218526466',30,45);
INSERT INTO map_monsters VALUES ('MAP_00000000001296788648248','MONS_00000000001297218526466',30,46);
INSERT INTO map_monsters VALUES ('MAP_00000000001296788648248','MONS_00000000001297218526466',30,47);
INSERT INTO map_monsters VALUES ('MAP_00000000001296788648248','MONS_00000000001297218526466',30,48);
INSERT INTO map_monsters VALUES ('MAP_00000000001296788648248','MONS_00000000001297218526466',30,49);
INSERT INTO map_monsters VALUES ('MAP_00000000001296788648248','MONS_00000000001297218526466',30,50);
INSERT INTO map_monsters VALUES ('MAP_00000000001296788648248','MONS_00000000001297218526466',30,51);
INSERT INTO map_monsters VALUES ('MAP_00000000001296788648248','MONS_00000000001297218526466',30,52);
INSERT INTO map_monsters VALUES ('MAP_00000000001296788648248','MONS_00000000001297218526466',30,53);
INSERT INTO map_monsters VALUES ('MAP_00000000001296788648248','MONS_00000000001297218526466',30,54);
INSERT INTO map_monsters VALUES ('MAP_00000000001296788648248','MONS_00000000001297218526466',30,55);
INSERT INTO map_monsters VALUES ('MAP_00000000001296788648248','MONS_00000000001297218526466',30,56);
INSERT INTO map_monsters VALUES ('MAP_00000000001296788648248','MONS_00000000001297218526466',30,57);
INSERT INTO map_monsters VALUES ('MAP_00000000001296788648248','MONS_00000000001297218526466',30,58);
INSERT INTO map_monsters VALUES ('MAP_00000000001296788648248','MONS_00000000001297218526466',30,59);
INSERT INTO monsters VALUES ('MONS_00000000001297218526481','Angry Barmaid',3,1,1,1,1,3,3,3,0,0);
INSERT INTO map_monsters VALUES ('MAP_00000000001296788648248','MONS_00000000001297218526481',11,20);
INSERT INTO map_monsters VALUES ('MAP_00000000001296788648248','MONS_00000000001297218526481',11,21);
INSERT INTO map_monsters VALUES ('MAP_00000000001296788648248','MONS_00000000001297218526481',12,19);
INSERT INTO monsters VALUES ('MONS_00000000001297218526494','Violent Drunk',7,1,1,1,1,5,5,5,0,0);
INSERT INTO map_monsters VALUES ('MAP_00000000001296788648248','MONS_00000000001297218526494',11,20);
INSERT INTO map_monsters VALUES ('MAP_00000000001296788648248','MONS_00000000001297218526494',11,21);
INSERT INTO map_monsters VALUES ('MAP_00000000001296788648248','MONS_00000000001297218526494',12,19);
INSERT INTO monsters VALUES ('MONS_00000000001297218526507','Sly Gambler',11,1,1,1,1,7,7,7,0,0);
INSERT INTO map_monsters VALUES ('MAP_00000000001296788648248','MONS_00000000001297218526507',11,20);
INSERT INTO map_monsters VALUES ('MAP_00000000001296788648248','MONS_00000000001297218526507',11,21);
INSERT INTO map_monsters VALUES ('MAP_00000000001296788648248','MONS_00000000001297218526507',12,19);
INSERT INTO monsters VALUES ('MONS_00000000001297218526520','Canny Barkeep',18,1,1,1,1,9,9,9,0,0);
INSERT INTO map_monsters VALUES ('MAP_00000000001296788648248','MONS_00000000001297218526520',11,20);
INSERT INTO map_monsters VALUES ('MAP_00000000001296788648248','MONS_00000000001297218526520',11,21);
INSERT INTO map_monsters VALUES ('MAP_00000000001296788648248','MONS_00000000001297218526520',12,19);
INSERT INTO monsters VALUES ('MONS_00000000001297218526535','Bar Enforcer',27,1,1,1,1,11,11,11,0,0);
INSERT INTO map_monsters VALUES ('MAP_00000000001296788648248','MONS_00000000001297218526535',11,20);
INSERT INTO map_monsters VALUES ('MAP_00000000001296788648248','MONS_00000000001297218526535',11,21);
INSERT INTO map_monsters VALUES ('MAP_00000000001296788648248','MONS_00000000001297218526535',12,19);
INSERT INTO monsters VALUES ('MONS_00000000001297218526548','Off-duty guard',36,1,1,1,1,12,12,12,0,0);
INSERT INTO map_monsters VALUES ('MAP_00000000001296788648248','MONS_00000000001297218526548',11,20);
INSERT INTO map_monsters VALUES ('MAP_00000000001296788648248','MONS_00000000001297218526548',11,21);
INSERT INTO map_monsters VALUES ('MAP_00000000001296788648248','MONS_00000000001297218526548',12,19);
INSERT INTO monsters VALUES ('MONS_00000000001297218526561','Cult Leader',40,0.9,1.1,1,1,9,9,9,0,0);
INSERT INTO map_monsters VALUES ('MAP_00000000001296788648248','MONS_00000000001297218526561',5,1);
INSERT INTO map_monsters VALUES ('MAP_00000000001296788648248','MONS_00000000001297218526561',5,6);
INSERT INTO map_monsters VALUES ('MAP_00000000001296788648248','MONS_00000000001297218526561',5,8);
INSERT INTO map_monsters VALUES ('MAP_00000000001296788648248','MONS_00000000001297218526561',5,9);
INSERT INTO map_monsters VALUES ('MAP_00000000001296788648248','MONS_00000000001297218526561',5,10);
INSERT INTO map_monsters VALUES ('MAP_00000000001296788648248','MONS_00000000001297218526561',5,11);
INSERT INTO map_monsters VALUES ('MAP_00000000001296788648248','MONS_00000000001297218526561',5,12);
INSERT INTO map_monsters VALUES ('MAP_00000000001296788648248','MONS_00000000001297218526561',5,13);
INSERT INTO map_monsters VALUES ('MAP_00000000001296788648248','MONS_00000000001297218526561',5,14);
INSERT INTO map_monsters VALUES ('MAP_00000000001296788648248','MONS_00000000001297218526561',6,1);
INSERT INTO map_monsters VALUES ('MAP_00000000001296788648248','MONS_00000000001297218526561',6,3);
INSERT INTO map_monsters VALUES ('MAP_00000000001296788648248','MONS_00000000001297218526561',6,4);
INSERT INTO map_monsters VALUES ('MAP_00000000001296788648248','MONS_00000000001297218526561',6,5);
INSERT INTO map_monsters VALUES ('MAP_00000000001296788648248','MONS_00000000001297218526561',6,6);
INSERT INTO map_monsters VALUES ('MAP_00000000001296788648248','MONS_00000000001297218526561',6,8);
INSERT INTO map_monsters VALUES ('MAP_00000000001296788648248','MONS_00000000001297218526561',7,1);
INSERT INTO map_monsters VALUES ('MAP_00000000001296788648248','MONS_00000000001297218526561',7,3);
INSERT INTO map_monsters VALUES ('MAP_00000000001296788648248','MONS_00000000001297218526561',7,4);
INSERT INTO map_monsters VALUES ('MAP_00000000001296788648248','MONS_00000000001297218526561',7,5);
INSERT INTO map_monsters VALUES ('MAP_00000000001296788648248','MONS_00000000001297218526561',7,6);
INSERT INTO map_monsters VALUES ('MAP_00000000001296788648248','MONS_00000000001297218526561',7,8);
INSERT INTO map_monsters VALUES ('MAP_00000000001296788648248','MONS_00000000001297218526561',8,1);
INSERT INTO map_monsters VALUES ('MAP_00000000001296788648248','MONS_00000000001297218526561',8,6);
INSERT INTO map_monsters VALUES ('MAP_00000000001296788648248','MONS_00000000001297218526561',8,8);
INSERT INTO map_monsters VALUES ('MAP_00000000001296788648248','MONS_00000000001297218526561',9,6);
INSERT INTO map_monsters VALUES ('MAP_00000000001296788648248','MONS_00000000001297218526561',9,8);
INSERT INTO map_monsters VALUES ('MAP_00000000001296788648248','MONS_00000000001297218526561',10,6);
INSERT INTO map_monsters VALUES ('MAP_00000000001296788648248','MONS_00000000001297218526561',10,8);
INSERT INTO map_monsters VALUES ('MAP_00000000001296788648248','MONS_00000000001297218526561',11,8);
INSERT INTO map_monsters VALUES ('MAP_00000000001296788648248','MONS_00000000001297218526561',12,5);
INSERT INTO map_monsters VALUES ('MAP_00000000001296788648248','MONS_00000000001297218526561',12,6);
INSERT INTO map_monsters VALUES ('MAP_00000000001296788648248','MONS_00000000001297218526561',13,5);
INSERT INTO map_monsters VALUES ('MAP_00000000001296788648248','MONS_00000000001297218526561',13,6);
INSERT INTO map_monsters VALUES ('MAP_00000000001296788648248','MONS_00000000001297218526561',13,8);
INSERT INTO map_monsters VALUES ('MAP_00000000001296788648248','MONS_00000000001297218526561',18,5);
INSERT INTO map_monsters VALUES ('MAP_00000000001296788648248','MONS_00000000001297218526561',18,6);
INSERT INTO map_monsters VALUES ('MAP_00000000001296788648248','MONS_00000000001297218526561',18,8);
INSERT INTO map_monsters VALUES ('MAP_00000000001296788648248','MONS_00000000001297218526561',19,5);
INSERT INTO map_monsters VALUES ('MAP_00000000001296788648248','MONS_00000000001297218526561',19,6);
INSERT INTO map_monsters VALUES ('MAP_00000000001296788648248','MONS_00000000001297218526561',20,8);
INSERT INTO map_monsters VALUES ('MAP_00000000001296788648248','MONS_00000000001297218526561',21,6);
INSERT INTO map_monsters VALUES ('MAP_00000000001296788648248','MONS_00000000001297218526561',21,8);
INSERT INTO map_monsters VALUES ('MAP_00000000001296788648248','MONS_00000000001297218526561',22,6);
INSERT INTO map_monsters VALUES ('MAP_00000000001296788648248','MONS_00000000001297218526561',22,8);
INSERT INTO map_monsters VALUES ('MAP_00000000001296788648248','MONS_00000000001297218526561',23,1);
INSERT INTO map_monsters VALUES ('MAP_00000000001296788648248','MONS_00000000001297218526561',23,6);
INSERT INTO map_monsters VALUES ('MAP_00000000001296788648248','MONS_00000000001297218526561',23,8);
INSERT INTO map_monsters VALUES ('MAP_00000000001296788648248','MONS_00000000001297218526561',24,1);
INSERT INTO map_monsters VALUES ('MAP_00000000001296788648248','MONS_00000000001297218526561',24,3);
INSERT INTO map_monsters VALUES ('MAP_00000000001296788648248','MONS_00000000001297218526561',24,4);
INSERT INTO map_monsters VALUES ('MAP_00000000001296788648248','MONS_00000000001297218526561',24,5);
INSERT INTO map_monsters VALUES ('MAP_00000000001296788648248','MONS_00000000001297218526561',24,6);
INSERT INTO map_monsters VALUES ('MAP_00000000001296788648248','MONS_00000000001297218526561',24,8);
INSERT INTO map_monsters VALUES ('MAP_00000000001296788648248','MONS_00000000001297218526561',25,1);
INSERT INTO map_monsters VALUES ('MAP_00000000001296788648248','MONS_00000000001297218526561',25,3);
INSERT INTO map_monsters VALUES ('MAP_00000000001296788648248','MONS_00000000001297218526561',25,4);
INSERT INTO map_monsters VALUES ('MAP_00000000001296788648248','MONS_00000000001297218526561',25,5);
INSERT INTO map_monsters VALUES ('MAP_00000000001296788648248','MONS_00000000001297218526561',25,6);
INSERT INTO map_monsters VALUES ('MAP_00000000001296788648248','MONS_00000000001297218526561',25,8);
INSERT INTO map_monsters VALUES ('MAP_00000000001296788648248','MONS_00000000001297218526561',26,1);
INSERT INTO map_monsters VALUES ('MAP_00000000001296788648248','MONS_00000000001297218526561',26,6);
INSERT INTO map_monsters VALUES ('MAP_00000000001296788648248','MONS_00000000001297218526561',26,8);
INSERT INTO map_monsters VALUES ('MAP_00000000001296788648248','MONS_00000000001297218526561',26,9);
INSERT INTO map_monsters VALUES ('MAP_00000000001296788648248','MONS_00000000001297218526561',26,10);
INSERT INTO map_monsters VALUES ('MAP_00000000001296788648248','MONS_00000000001297218526561',26,11);
INSERT INTO map_monsters VALUES ('MAP_00000000001296788648248','MONS_00000000001297218526561',26,12);
INSERT INTO map_monsters VALUES ('MAP_00000000001296788648248','MONS_00000000001297218526561',26,13);
INSERT INTO map_monsters VALUES ('MAP_00000000001296788648248','MONS_00000000001297218526561',26,14);
INSERT INTO monsters VALUES ('MONS_00000000001297218526576','Wizard Apprentice',64,0.9,1.1,1,1,10,10,10,0,0);
INSERT INTO map_monsters VALUES ('MAP_00000000001296788648248','MONS_00000000001297218526576',5,1);
INSERT INTO map_monsters VALUES ('MAP_00000000001296788648248','MONS_00000000001297218526576',5,6);
INSERT INTO map_monsters VALUES ('MAP_00000000001296788648248','MONS_00000000001297218526576',5,8);
INSERT INTO map_monsters VALUES ('MAP_00000000001296788648248','MONS_00000000001297218526576',5,9);
INSERT INTO map_monsters VALUES ('MAP_00000000001296788648248','MONS_00000000001297218526576',5,10);
INSERT INTO map_monsters VALUES ('MAP_00000000001296788648248','MONS_00000000001297218526576',5,11);
INSERT INTO map_monsters VALUES ('MAP_00000000001296788648248','MONS_00000000001297218526576',5,12);
INSERT INTO map_monsters VALUES ('MAP_00000000001296788648248','MONS_00000000001297218526576',5,13);
INSERT INTO map_monsters VALUES ('MAP_00000000001296788648248','MONS_00000000001297218526576',5,14);
INSERT INTO map_monsters VALUES ('MAP_00000000001296788648248','MONS_00000000001297218526576',6,1);
INSERT INTO map_monsters VALUES ('MAP_00000000001296788648248','MONS_00000000001297218526576',6,3);
INSERT INTO map_monsters VALUES ('MAP_00000000001296788648248','MONS_00000000001297218526576',6,4);
INSERT INTO map_monsters VALUES ('MAP_00000000001296788648248','MONS_00000000001297218526576',6,5);
INSERT INTO map_monsters VALUES ('MAP_00000000001296788648248','MONS_00000000001297218526576',6,6);
INSERT INTO map_monsters VALUES ('MAP_00000000001296788648248','MONS_00000000001297218526576',6,8);
INSERT INTO map_monsters VALUES ('MAP_00000000001296788648248','MONS_00000000001297218526576',7,1);
INSERT INTO map_monsters VALUES ('MAP_00000000001296788648248','MONS_00000000001297218526576',7,3);
INSERT INTO map_monsters VALUES ('MAP_00000000001296788648248','MONS_00000000001297218526576',7,4);
INSERT INTO map_monsters VALUES ('MAP_00000000001296788648248','MONS_00000000001297218526576',7,5);
INSERT INTO map_monsters VALUES ('MAP_00000000001296788648248','MONS_00000000001297218526576',7,6);
INSERT INTO map_monsters VALUES ('MAP_00000000001296788648248','MONS_00000000001297218526576',7,8);
INSERT INTO map_monsters VALUES ('MAP_00000000001296788648248','MONS_00000000001297218526576',8,1);
INSERT INTO map_monsters VALUES ('MAP_00000000001296788648248','MONS_00000000001297218526576',8,6);
INSERT INTO map_monsters VALUES ('MAP_00000000001296788648248','MONS_00000000001297218526576',8,8);
INSERT INTO map_monsters VALUES ('MAP_00000000001296788648248','MONS_00000000001297218526576',9,6);
INSERT INTO map_monsters VALUES ('MAP_00000000001296788648248','MONS_00000000001297218526576',9,8);
INSERT INTO map_monsters VALUES ('MAP_00000000001296788648248','MONS_00000000001297218526576',10,6);
INSERT INTO map_monsters VALUES ('MAP_00000000001296788648248','MONS_00000000001297218526576',10,8);
INSERT INTO map_monsters VALUES ('MAP_00000000001296788648248','MONS_00000000001297218526576',11,8);
INSERT INTO map_monsters VALUES ('MAP_00000000001296788648248','MONS_00000000001297218526576',12,5);
INSERT INTO map_monsters VALUES ('MAP_00000000001296788648248','MONS_00000000001297218526576',12,6);
INSERT INTO map_monsters VALUES ('MAP_00000000001296788648248','MONS_00000000001297218526576',13,5);
INSERT INTO map_monsters VALUES ('MAP_00000000001296788648248','MONS_00000000001297218526576',13,6);
INSERT INTO map_monsters VALUES ('MAP_00000000001296788648248','MONS_00000000001297218526576',13,8);
INSERT INTO map_monsters VALUES ('MAP_00000000001296788648248','MONS_00000000001297218526576',18,5);
INSERT INTO map_monsters VALUES ('MAP_00000000001296788648248','MONS_00000000001297218526576',18,6);
INSERT INTO map_monsters VALUES ('MAP_00000000001296788648248','MONS_00000000001297218526576',18,8);
INSERT INTO map_monsters VALUES ('MAP_00000000001296788648248','MONS_00000000001297218526576',19,5);
INSERT INTO map_monsters VALUES ('MAP_00000000001296788648248','MONS_00000000001297218526576',19,6);
INSERT INTO map_monsters VALUES ('MAP_00000000001296788648248','MONS_00000000001297218526576',20,8);
INSERT INTO map_monsters VALUES ('MAP_00000000001296788648248','MONS_00000000001297218526576',21,6);
INSERT INTO map_monsters VALUES ('MAP_00000000001296788648248','MONS_00000000001297218526576',21,8);
INSERT INTO map_monsters VALUES ('MAP_00000000001296788648248','MONS_00000000001297218526576',22,6);
INSERT INTO map_monsters VALUES ('MAP_00000000001296788648248','MONS_00000000001297218526576',22,8);
INSERT INTO map_monsters VALUES ('MAP_00000000001296788648248','MONS_00000000001297218526576',23,1);
INSERT INTO map_monsters VALUES ('MAP_00000000001296788648248','MONS_00000000001297218526576',23,6);
INSERT INTO map_monsters VALUES ('MAP_00000000001296788648248','MONS_00000000001297218526576',23,8);
INSERT INTO map_monsters VALUES ('MAP_00000000001296788648248','MONS_00000000001297218526576',24,1);
INSERT INTO map_monsters VALUES ('MAP_00000000001296788648248','MONS_00000000001297218526576',24,3);
INSERT INTO map_monsters VALUES ('MAP_00000000001296788648248','MONS_00000000001297218526576',24,4);
INSERT INTO map_monsters VALUES ('MAP_00000000001296788648248','MONS_00000000001297218526576',24,5);
INSERT INTO map_monsters VALUES ('MAP_00000000001296788648248','MONS_00000000001297218526576',24,6);
INSERT INTO map_monsters VALUES ('MAP_00000000001296788648248','MONS_00000000001297218526576',24,8);
INSERT INTO map_monsters VALUES ('MAP_00000000001296788648248','MONS_00000000001297218526576',25,1);
INSERT INTO map_monsters VALUES ('MAP_00000000001296788648248','MONS_00000000001297218526576',25,3);
INSERT INTO map_monsters VALUES ('MAP_00000000001296788648248','MONS_00000000001297218526576',25,4);
INSERT INTO map_monsters VALUES ('MAP_00000000001296788648248','MONS_00000000001297218526576',25,5);
INSERT INTO map_monsters VALUES ('MAP_00000000001296788648248','MONS_00000000001297218526576',25,6);
INSERT INTO map_monsters VALUES ('MAP_00000000001296788648248','MONS_00000000001297218526576',25,8);
INSERT INTO map_monsters VALUES ('MAP_00000000001296788648248','MONS_00000000001297218526576',26,1);
INSERT INTO map_monsters VALUES ('MAP_00000000001296788648248','MONS_00000000001297218526576',26,6);
INSERT INTO map_monsters VALUES ('MAP_00000000001296788648248','MONS_00000000001297218526576',26,8);
INSERT INTO map_monsters VALUES ('MAP_00000000001296788648248','MONS_00000000001297218526576',26,9);
INSERT INTO map_monsters VALUES ('MAP_00000000001296788648248','MONS_00000000001297218526576',26,10);
INSERT INTO map_monsters VALUES ('MAP_00000000001296788648248','MONS_00000000001297218526576',26,11);
INSERT INTO map_monsters VALUES ('MAP_00000000001296788648248','MONS_00000000001297218526576',26,12);
INSERT INTO map_monsters VALUES ('MAP_00000000001296788648248','MONS_00000000001297218526576',26,13);
INSERT INTO map_monsters VALUES ('MAP_00000000001296788648248','MONS_00000000001297218526576',26,14);
INSERT INTO monsters VALUES ('MONS_00000000001297218526600','Local Militia',70,0.9,1.1,1,1,10,10,10,0,0);
INSERT INTO map_monsters VALUES ('MAP_00000000001296788648248','MONS_00000000001297218526600',5,1);
INSERT INTO map_monsters VALUES ('MAP_00000000001296788648248','MONS_00000000001297218526600',5,6);
INSERT INTO map_monsters VALUES ('MAP_00000000001296788648248','MONS_00000000001297218526600',5,8);
INSERT INTO map_monsters VALUES ('MAP_00000000001296788648248','MONS_00000000001297218526600',5,9);
INSERT INTO map_monsters VALUES ('MAP_00000000001296788648248','MONS_00000000001297218526600',5,10);
INSERT INTO map_monsters VALUES ('MAP_00000000001296788648248','MONS_00000000001297218526600',5,11);
INSERT INTO map_monsters VALUES ('MAP_00000000001296788648248','MONS_00000000001297218526600',5,12);
INSERT INTO map_monsters VALUES ('MAP_00000000001296788648248','MONS_00000000001297218526600',5,13);
INSERT INTO map_monsters VALUES ('MAP_00000000001296788648248','MONS_00000000001297218526600',5,14);
INSERT INTO map_monsters VALUES ('MAP_00000000001296788648248','MONS_00000000001297218526600',6,1);
INSERT INTO map_monsters VALUES ('MAP_00000000001296788648248','MONS_00000000001297218526600',6,3);
INSERT INTO map_monsters VALUES ('MAP_00000000001296788648248','MONS_00000000001297218526600',6,4);
INSERT INTO map_monsters VALUES ('MAP_00000000001296788648248','MONS_00000000001297218526600',6,5);
INSERT INTO map_monsters VALUES ('MAP_00000000001296788648248','MONS_00000000001297218526600',6,6);
INSERT INTO map_monsters VALUES ('MAP_00000000001296788648248','MONS_00000000001297218526600',6,8);
INSERT INTO map_monsters VALUES ('MAP_00000000001296788648248','MONS_00000000001297218526600',7,1);
INSERT INTO map_monsters VALUES ('MAP_00000000001296788648248','MONS_00000000001297218526600',7,3);
INSERT INTO map_monsters VALUES ('MAP_00000000001296788648248','MONS_00000000001297218526600',7,4);
INSERT INTO map_monsters VALUES ('MAP_00000000001296788648248','MONS_00000000001297218526600',7,5);
INSERT INTO map_monsters VALUES ('MAP_00000000001296788648248','MONS_00000000001297218526600',7,6);
INSERT INTO map_monsters VALUES ('MAP_00000000001296788648248','MONS_00000000001297218526600',7,8);
INSERT INTO map_monsters VALUES ('MAP_00000000001296788648248','MONS_00000000001297218526600',8,1);
INSERT INTO map_monsters VALUES ('MAP_00000000001296788648248','MONS_00000000001297218526600',8,6);
INSERT INTO map_monsters VALUES ('MAP_00000000001296788648248','MONS_00000000001297218526600',8,8);
INSERT INTO map_monsters VALUES ('MAP_00000000001296788648248','MONS_00000000001297218526600',9,6);
INSERT INTO map_monsters VALUES ('MAP_00000000001296788648248','MONS_00000000001297218526600',9,8);
INSERT INTO map_monsters VALUES ('MAP_00000000001296788648248','MONS_00000000001297218526600',10,6);
INSERT INTO map_monsters VALUES ('MAP_00000000001296788648248','MONS_00000000001297218526600',10,8);
INSERT INTO map_monsters VALUES ('MAP_00000000001296788648248','MONS_00000000001297218526600',11,8);
INSERT INTO map_monsters VALUES ('MAP_00000000001296788648248','MONS_00000000001297218526600',12,5);
INSERT INTO map_monsters VALUES ('MAP_00000000001296788648248','MONS_00000000001297218526600',12,6);
INSERT INTO map_monsters VALUES ('MAP_00000000001296788648248','MONS_00000000001297218526600',13,5);
INSERT INTO map_monsters VALUES ('MAP_00000000001296788648248','MONS_00000000001297218526600',13,6);
INSERT INTO map_monsters VALUES ('MAP_00000000001296788648248','MONS_00000000001297218526600',13,8);
INSERT INTO map_monsters VALUES ('MAP_00000000001296788648248','MONS_00000000001297218526600',18,5);
INSERT INTO map_monsters VALUES ('MAP_00000000001296788648248','MONS_00000000001297218526600',18,6);
INSERT INTO map_monsters VALUES ('MAP_00000000001296788648248','MONS_00000000001297218526600',18,8);
INSERT INTO map_monsters VALUES ('MAP_00000000001296788648248','MONS_00000000001297218526600',19,5);
INSERT INTO map_monsters VALUES ('MAP_00000000001296788648248','MONS_00000000001297218526600',19,6);
INSERT INTO map_monsters VALUES ('MAP_00000000001296788648248','MONS_00000000001297218526600',20,8);
INSERT INTO map_monsters VALUES ('MAP_00000000001296788648248','MONS_00000000001297218526600',21,6);
INSERT INTO map_monsters VALUES ('MAP_00000000001296788648248','MONS_00000000001297218526600',21,8);
INSERT INTO map_monsters VALUES ('MAP_00000000001296788648248','MONS_00000000001297218526600',22,6);
INSERT INTO map_monsters VALUES ('MAP_00000000001296788648248','MONS_00000000001297218526600',22,8);
INSERT INTO map_monsters VALUES ('MAP_00000000001296788648248','MONS_00000000001297218526600',23,1);
INSERT INTO map_monsters VALUES ('MAP_00000000001296788648248','MONS_00000000001297218526600',23,6);
INSERT INTO map_monsters VALUES ('MAP_00000000001296788648248','MONS_00000000001297218526600',23,8);
INSERT INTO map_monsters VALUES ('MAP_00000000001296788648248','MONS_00000000001297218526600',24,1);
INSERT INTO map_monsters VALUES ('MAP_00000000001296788648248','MONS_00000000001297218526600',24,3);
INSERT INTO map_monsters VALUES ('MAP_00000000001296788648248','MONS_00000000001297218526600',24,4);
INSERT INTO map_monsters VALUES ('MAP_00000000001296788648248','MONS_00000000001297218526600',24,5);
INSERT INTO map_monsters VALUES ('MAP_00000000001296788648248','MONS_00000000001297218526600',24,6);
INSERT INTO map_monsters VALUES ('MAP_00000000001296788648248','MONS_00000000001297218526600',24,8);
INSERT INTO map_monsters VALUES ('MAP_00000000001296788648248','MONS_00000000001297218526600',25,1);
INSERT INTO map_monsters VALUES ('MAP_00000000001296788648248','MONS_00000000001297218526600',25,3);
INSERT INTO map_monsters VALUES ('MAP_00000000001296788648248','MONS_00000000001297218526600',25,4);
INSERT INTO map_monsters VALUES ('MAP_00000000001296788648248','MONS_00000000001297218526600',25,5);
INSERT INTO map_monsters VALUES ('MAP_00000000001296788648248','MONS_00000000001297218526600',25,6);
INSERT INTO map_monsters VALUES ('MAP_00000000001296788648248','MONS_00000000001297218526600',25,8);
INSERT INTO map_monsters VALUES ('MAP_00000000001296788648248','MONS_00000000001297218526600',26,1);
INSERT INTO map_monsters VALUES ('MAP_00000000001296788648248','MONS_00000000001297218526600',26,6);
INSERT INTO map_monsters VALUES ('MAP_00000000001296788648248','MONS_00000000001297218526600',26,8);
INSERT INTO map_monsters VALUES ('MAP_00000000001296788648248','MONS_00000000001297218526600',26,9);
INSERT INTO map_monsters VALUES ('MAP_00000000001296788648248','MONS_00000000001297218526600',26,10);
INSERT INTO map_monsters VALUES ('MAP_00000000001296788648248','MONS_00000000001297218526600',26,11);
INSERT INTO map_monsters VALUES ('MAP_00000000001296788648248','MONS_00000000001297218526600',26,12);
INSERT INTO map_monsters VALUES ('MAP_00000000001296788648248','MONS_00000000001297218526600',26,13);
INSERT INTO map_monsters VALUES ('MAP_00000000001296788648248','MONS_00000000001297218526600',26,14);
INSERT INTO monsters VALUES ('MONS_00000000001297218526686','Escaped Panther',75,0.9,1.1,1,1,11,11,11,0,0);
INSERT INTO map_monsters VALUES ('MAP_00000000001296788648248','MONS_00000000001297218526686',5,1);
INSERT INTO map_monsters VALUES ('MAP_00000000001296788648248','MONS_00000000001297218526686',5,6);
INSERT INTO map_monsters VALUES ('MAP_00000000001296788648248','MONS_00000000001297218526686',5,8);
INSERT INTO map_monsters VALUES ('MAP_00000000001296788648248','MONS_00000000001297218526686',5,9);
INSERT INTO map_monsters VALUES ('MAP_00000000001296788648248','MONS_00000000001297218526686',5,10);
INSERT INTO map_monsters VALUES ('MAP_00000000001296788648248','MONS_00000000001297218526686',5,11);
INSERT INTO map_monsters VALUES ('MAP_00000000001296788648248','MONS_00000000001297218526686',5,12);
INSERT INTO map_monsters VALUES ('MAP_00000000001296788648248','MONS_00000000001297218526686',5,13);
INSERT INTO map_monsters VALUES ('MAP_00000000001296788648248','MONS_00000000001297218526686',5,14);
INSERT INTO map_monsters VALUES ('MAP_00000000001296788648248','MONS_00000000001297218526686',6,1);
INSERT INTO map_monsters VALUES ('MAP_00000000001296788648248','MONS_00000000001297218526686',6,3);
INSERT INTO map_monsters VALUES ('MAP_00000000001296788648248','MONS_00000000001297218526686',6,4);
INSERT INTO map_monsters VALUES ('MAP_00000000001296788648248','MONS_00000000001297218526686',6,5);
INSERT INTO map_monsters VALUES ('MAP_00000000001296788648248','MONS_00000000001297218526686',6,6);
INSERT INTO map_monsters VALUES ('MAP_00000000001296788648248','MONS_00000000001297218526686',6,8);
INSERT INTO map_monsters VALUES ('MAP_00000000001296788648248','MONS_00000000001297218526686',7,1);
INSERT INTO map_monsters VALUES ('MAP_00000000001296788648248','MONS_00000000001297218526686',7,3);
INSERT INTO map_monsters VALUES ('MAP_00000000001296788648248','MONS_00000000001297218526686',7,4);
INSERT INTO map_monsters VALUES ('MAP_00000000001296788648248','MONS_00000000001297218526686',7,5);
INSERT INTO map_monsters VALUES ('MAP_00000000001296788648248','MONS_00000000001297218526686',7,6);
INSERT INTO map_monsters VALUES ('MAP_00000000001296788648248','MONS_00000000001297218526686',7,8);
INSERT INTO map_monsters VALUES ('MAP_00000000001296788648248','MONS_00000000001297218526686',8,1);
INSERT INTO map_monsters VALUES ('MAP_00000000001296788648248','MONS_00000000001297218526686',8,6);
INSERT INTO map_monsters VALUES ('MAP_00000000001296788648248','MONS_00000000001297218526686',8,8);
INSERT INTO map_monsters VALUES ('MAP_00000000001296788648248','MONS_00000000001297218526686',9,6);
INSERT INTO map_monsters VALUES ('MAP_00000000001296788648248','MONS_00000000001297218526686',9,8);
INSERT INTO map_monsters VALUES ('MAP_00000000001296788648248','MONS_00000000001297218526686',10,6);
INSERT INTO map_monsters VALUES ('MAP_00000000001296788648248','MONS_00000000001297218526686',10,8);
INSERT INTO map_monsters VALUES ('MAP_00000000001296788648248','MONS_00000000001297218526686',11,8);
INSERT INTO map_monsters VALUES ('MAP_00000000001296788648248','MONS_00000000001297218526686',12,5);
INSERT INTO map_monsters VALUES ('MAP_00000000001296788648248','MONS_00000000001297218526686',12,6);
INSERT INTO map_monsters VALUES ('MAP_00000000001296788648248','MONS_00000000001297218526686',13,5);
INSERT INTO map_monsters VALUES ('MAP_00000000001296788648248','MONS_00000000001297218526686',13,6);
INSERT INTO map_monsters VALUES ('MAP_00000000001296788648248','MONS_00000000001297218526686',13,8);
INSERT INTO map_monsters VALUES ('MAP_00000000001296788648248','MONS_00000000001297218526686',18,5);
INSERT INTO map_monsters VALUES ('MAP_00000000001296788648248','MONS_00000000001297218526686',18,6);
INSERT INTO map_monsters VALUES ('MAP_00000000001296788648248','MONS_00000000001297218526686',18,8);
INSERT INTO map_monsters VALUES ('MAP_00000000001296788648248','MONS_00000000001297218526686',19,5);
INSERT INTO map_monsters VALUES ('MAP_00000000001296788648248','MONS_00000000001297218526686',19,6);
INSERT INTO map_monsters VALUES ('MAP_00000000001296788648248','MONS_00000000001297218526686',20,8);
INSERT INTO map_monsters VALUES ('MAP_00000000001296788648248','MONS_00000000001297218526686',21,6);
INSERT INTO map_monsters VALUES ('MAP_00000000001296788648248','MONS_00000000001297218526686',21,8);
INSERT INTO map_monsters VALUES ('MAP_00000000001296788648248','MONS_00000000001297218526686',22,6);
INSERT INTO map_monsters VALUES ('MAP_00000000001296788648248','MONS_00000000001297218526686',22,8);
INSERT INTO map_monsters VALUES ('MAP_00000000001296788648248','MONS_00000000001297218526686',23,1);
INSERT INTO map_monsters VALUES ('MAP_00000000001296788648248','MONS_00000000001297218526686',23,6);
INSERT INTO map_monsters VALUES ('MAP_00000000001296788648248','MONS_00000000001297218526686',23,8);
INSERT INTO map_monsters VALUES ('MAP_00000000001296788648248','MONS_00000000001297218526686',24,1);
INSERT INTO map_monsters VALUES ('MAP_00000000001296788648248','MONS_00000000001297218526686',24,3);
INSERT INTO map_monsters VALUES ('MAP_00000000001296788648248','MONS_00000000001297218526686',24,4);
INSERT INTO map_monsters VALUES ('MAP_00000000001296788648248','MONS_00000000001297218526686',24,5);
INSERT INTO map_monsters VALUES ('MAP_00000000001296788648248','MONS_00000000001297218526686',24,6);
INSERT INTO map_monsters VALUES ('MAP_00000000001296788648248','MONS_00000000001297218526686',24,8);
INSERT INTO map_monsters VALUES ('MAP_00000000001296788648248','MONS_00000000001297218526686',25,1);
INSERT INTO map_monsters VALUES ('MAP_00000000001296788648248','MONS_00000000001297218526686',25,3);
INSERT INTO map_monsters VALUES ('MAP_00000000001296788648248','MONS_00000000001297218526686',25,4);
INSERT INTO map_monsters VALUES ('MAP_00000000001296788648248','MONS_00000000001297218526686',25,5);
INSERT INTO map_monsters VALUES ('MAP_00000000001296788648248','MONS_00000000001297218526686',25,6);
INSERT INTO map_monsters VALUES ('MAP_00000000001296788648248','MONS_00000000001297218526686',25,8);
INSERT INTO map_monsters VALUES ('MAP_00000000001296788648248','MONS_00000000001297218526686',26,1);
INSERT INTO map_monsters VALUES ('MAP_00000000001296788648248','MONS_00000000001297218526686',26,6);
INSERT INTO map_monsters VALUES ('MAP_00000000001296788648248','MONS_00000000001297218526686',26,8);
INSERT INTO map_monsters VALUES ('MAP_00000000001296788648248','MONS_00000000001297218526686',26,9);
INSERT INTO map_monsters VALUES ('MAP_00000000001296788648248','MONS_00000000001297218526686',26,10);
INSERT INTO map_monsters VALUES ('MAP_00000000001296788648248','MONS_00000000001297218526686',26,11);
INSERT INTO map_monsters VALUES ('MAP_00000000001296788648248','MONS_00000000001297218526686',26,12);
INSERT INTO map_monsters VALUES ('MAP_00000000001296788648248','MONS_00000000001297218526686',26,13);
INSERT INTO map_monsters VALUES ('MAP_00000000001296788648248','MONS_00000000001297218526686',26,14);
INSERT INTO monsters VALUES ('MONS_00000000001297218526709','Mercenary Soldier',79,0.9,1.1,1,1,11,11,11,0,0);
INSERT INTO map_monsters VALUES ('MAP_00000000001296788648248','MONS_00000000001297218526709',5,1);
INSERT INTO map_monsters VALUES ('MAP_00000000001296788648248','MONS_00000000001297218526709',5,6);
INSERT INTO map_monsters VALUES ('MAP_00000000001296788648248','MONS_00000000001297218526709',5,8);
INSERT INTO map_monsters VALUES ('MAP_00000000001296788648248','MONS_00000000001297218526709',5,9);
INSERT INTO map_monsters VALUES ('MAP_00000000001296788648248','MONS_00000000001297218526709',5,10);
INSERT INTO map_monsters VALUES ('MAP_00000000001296788648248','MONS_00000000001297218526709',5,11);
INSERT INTO map_monsters VALUES ('MAP_00000000001296788648248','MONS_00000000001297218526709',5,12);
INSERT INTO map_monsters VALUES ('MAP_00000000001296788648248','MONS_00000000001297218526709',5,13);
INSERT INTO map_monsters VALUES ('MAP_00000000001296788648248','MONS_00000000001297218526709',5,14);
INSERT INTO map_monsters VALUES ('MAP_00000000001296788648248','MONS_00000000001297218526709',6,1);
INSERT INTO map_monsters VALUES ('MAP_00000000001296788648248','MONS_00000000001297218526709',6,3);
INSERT INTO map_monsters VALUES ('MAP_00000000001296788648248','MONS_00000000001297218526709',6,4);
INSERT INTO map_monsters VALUES ('MAP_00000000001296788648248','MONS_00000000001297218526709',6,5);
INSERT INTO map_monsters VALUES ('MAP_00000000001296788648248','MONS_00000000001297218526709',6,6);
INSERT INTO map_monsters VALUES ('MAP_00000000001296788648248','MONS_00000000001297218526709',6,8);
INSERT INTO map_monsters VALUES ('MAP_00000000001296788648248','MONS_00000000001297218526709',7,1);
INSERT INTO map_monsters VALUES ('MAP_00000000001296788648248','MONS_00000000001297218526709',7,3);
INSERT INTO map_monsters VALUES ('MAP_00000000001296788648248','MONS_00000000001297218526709',7,4);
INSERT INTO map_monsters VALUES ('MAP_00000000001296788648248','MONS_00000000001297218526709',7,5);
INSERT INTO map_monsters VALUES ('MAP_00000000001296788648248','MONS_00000000001297218526709',7,6);
INSERT INTO map_monsters VALUES ('MAP_00000000001296788648248','MONS_00000000001297218526709',7,8);
INSERT INTO map_monsters VALUES ('MAP_00000000001296788648248','MONS_00000000001297218526709',8,1);
INSERT INTO map_monsters VALUES ('MAP_00000000001296788648248','MONS_00000000001297218526709',8,6);
INSERT INTO map_monsters VALUES ('MAP_00000000001296788648248','MONS_00000000001297218526709',8,8);
INSERT INTO map_monsters VALUES ('MAP_00000000001296788648248','MONS_00000000001297218526709',9,6);
INSERT INTO map_monsters VALUES ('MAP_00000000001296788648248','MONS_00000000001297218526709',9,8);
INSERT INTO map_monsters VALUES ('MAP_00000000001296788648248','MONS_00000000001297218526709',10,6);
INSERT INTO map_monsters VALUES ('MAP_00000000001296788648248','MONS_00000000001297218526709',10,8);
INSERT INTO map_monsters VALUES ('MAP_00000000001296788648248','MONS_00000000001297218526709',11,8);
INSERT INTO map_monsters VALUES ('MAP_00000000001296788648248','MONS_00000000001297218526709',12,5);
INSERT INTO map_monsters VALUES ('MAP_00000000001296788648248','MONS_00000000001297218526709',12,6);
INSERT INTO map_monsters VALUES ('MAP_00000000001296788648248','MONS_00000000001297218526709',13,5);
INSERT INTO map_monsters VALUES ('MAP_00000000001296788648248','MONS_00000000001297218526709',13,6);
INSERT INTO map_monsters VALUES ('MAP_00000000001296788648248','MONS_00000000001297218526709',13,8);
INSERT INTO map_monsters VALUES ('MAP_00000000001296788648248','MONS_00000000001297218526709',18,5);
INSERT INTO map_monsters VALUES ('MAP_00000000001296788648248','MONS_00000000001297218526709',18,6);
INSERT INTO map_monsters VALUES ('MAP_00000000001296788648248','MONS_00000000001297218526709',18,8);
INSERT INTO map_monsters VALUES ('MAP_00000000001296788648248','MONS_00000000001297218526709',19,5);
INSERT INTO map_monsters VALUES ('MAP_00000000001296788648248','MONS_00000000001297218526709',19,6);
INSERT INTO map_monsters VALUES ('MAP_00000000001296788648248','MONS_00000000001297218526709',20,8);
INSERT INTO map_monsters VALUES ('MAP_00000000001296788648248','MONS_00000000001297218526709',21,6);
INSERT INTO map_monsters VALUES ('MAP_00000000001296788648248','MONS_00000000001297218526709',21,8);
INSERT INTO map_monsters VALUES ('MAP_00000000001296788648248','MONS_00000000001297218526709',22,6);
INSERT INTO map_monsters VALUES ('MAP_00000000001296788648248','MONS_00000000001297218526709',22,8);
INSERT INTO map_monsters VALUES ('MAP_00000000001296788648248','MONS_00000000001297218526709',23,1);
INSERT INTO map_monsters VALUES ('MAP_00000000001296788648248','MONS_00000000001297218526709',23,6);
INSERT INTO map_monsters VALUES ('MAP_00000000001296788648248','MONS_00000000001297218526709',23,8);
INSERT INTO map_monsters VALUES ('MAP_00000000001296788648248','MONS_00000000001297218526709',24,1);
INSERT INTO map_monsters VALUES ('MAP_00000000001296788648248','MONS_00000000001297218526709',24,3);
INSERT INTO map_monsters VALUES ('MAP_00000000001296788648248','MONS_00000000001297218526709',24,4);
INSERT INTO map_monsters VALUES ('MAP_00000000001296788648248','MONS_00000000001297218526709',24,5);
INSERT INTO map_monsters VALUES ('MAP_00000000001296788648248','MONS_00000000001297218526709',24,6);
INSERT INTO map_monsters VALUES ('MAP_00000000001296788648248','MONS_00000000001297218526709',24,8);
INSERT INTO map_monsters VALUES ('MAP_00000000001296788648248','MONS_00000000001297218526709',25,1);
INSERT INTO map_monsters VALUES ('MAP_00000000001296788648248','MONS_00000000001297218526709',25,3);
INSERT INTO map_monsters VALUES ('MAP_00000000001296788648248','MONS_00000000001297218526709',25,4);
INSERT INTO map_monsters VALUES ('MAP_00000000001296788648248','MONS_00000000001297218526709',25,5);
INSERT INTO map_monsters VALUES ('MAP_00000000001296788648248','MONS_00000000001297218526709',25,6);
INSERT INTO map_monsters VALUES ('MAP_00000000001296788648248','MONS_00000000001297218526709',25,8);
INSERT INTO map_monsters VALUES ('MAP_00000000001296788648248','MONS_00000000001297218526709',26,1);
INSERT INTO map_monsters VALUES ('MAP_00000000001296788648248','MONS_00000000001297218526709',26,6);
INSERT INTO map_monsters VALUES ('MAP_00000000001296788648248','MONS_00000000001297218526709',26,8);
INSERT INTO map_monsters VALUES ('MAP_00000000001296788648248','MONS_00000000001297218526709',26,9);
INSERT INTO map_monsters VALUES ('MAP_00000000001296788648248','MONS_00000000001297218526709',26,10);
INSERT INTO map_monsters VALUES ('MAP_00000000001296788648248','MONS_00000000001297218526709',26,11);
INSERT INTO map_monsters VALUES ('MAP_00000000001296788648248','MONS_00000000001297218526709',26,12);
INSERT INTO map_monsters VALUES ('MAP_00000000001296788648248','MONS_00000000001297218526709',26,13);
INSERT INTO map_monsters VALUES ('MAP_00000000001296788648248','MONS_00000000001297218526709',26,14);
INSERT INTO monsters VALUES ('MONS_00000000001297218526769','Mercenary Captain',83,0.9,1.1,1,1,12,12,12,0,0);
INSERT INTO map_monsters VALUES ('MAP_00000000001296788648248','MONS_00000000001297218526769',5,1);
INSERT INTO map_monsters VALUES ('MAP_00000000001296788648248','MONS_00000000001297218526769',5,6);
INSERT INTO map_monsters VALUES ('MAP_00000000001296788648248','MONS_00000000001297218526769',5,8);
INSERT INTO map_monsters VALUES ('MAP_00000000001296788648248','MONS_00000000001297218526769',5,9);
INSERT INTO map_monsters VALUES ('MAP_00000000001296788648248','MONS_00000000001297218526769',5,10);
INSERT INTO map_monsters VALUES ('MAP_00000000001296788648248','MONS_00000000001297218526769',5,11);
INSERT INTO map_monsters VALUES ('MAP_00000000001296788648248','MONS_00000000001297218526769',5,12);
INSERT INTO map_monsters VALUES ('MAP_00000000001296788648248','MONS_00000000001297218526769',5,13);
INSERT INTO map_monsters VALUES ('MAP_00000000001296788648248','MONS_00000000001297218526769',5,14);
INSERT INTO map_monsters VALUES ('MAP_00000000001296788648248','MONS_00000000001297218526769',6,1);
INSERT INTO map_monsters VALUES ('MAP_00000000001296788648248','MONS_00000000001297218526769',6,3);
INSERT INTO map_monsters VALUES ('MAP_00000000001296788648248','MONS_00000000001297218526769',6,4);
INSERT INTO map_monsters VALUES ('MAP_00000000001296788648248','MONS_00000000001297218526769',6,5);
INSERT INTO map_monsters VALUES ('MAP_00000000001296788648248','MONS_00000000001297218526769',6,6);
INSERT INTO map_monsters VALUES ('MAP_00000000001296788648248','MONS_00000000001297218526769',6,8);
INSERT INTO map_monsters VALUES ('MAP_00000000001296788648248','MONS_00000000001297218526769',7,1);
INSERT INTO map_monsters VALUES ('MAP_00000000001296788648248','MONS_00000000001297218526769',7,3);
INSERT INTO map_monsters VALUES ('MAP_00000000001296788648248','MONS_00000000001297218526769',7,4);
INSERT INTO map_monsters VALUES ('MAP_00000000001296788648248','MONS_00000000001297218526769',7,5);
INSERT INTO map_monsters VALUES ('MAP_00000000001296788648248','MONS_00000000001297218526769',7,6);
INSERT INTO map_monsters VALUES ('MAP_00000000001296788648248','MONS_00000000001297218526769',7,8);
INSERT INTO map_monsters VALUES ('MAP_00000000001296788648248','MONS_00000000001297218526769',8,1);
INSERT INTO map_monsters VALUES ('MAP_00000000001296788648248','MONS_00000000001297218526769',8,6);
INSERT INTO map_monsters VALUES ('MAP_00000000001296788648248','MONS_00000000001297218526769',8,8);
INSERT INTO map_monsters VALUES ('MAP_00000000001296788648248','MONS_00000000001297218526769',9,6);
INSERT INTO map_monsters VALUES ('MAP_00000000001296788648248','MONS_00000000001297218526769',9,8);
INSERT INTO map_monsters VALUES ('MAP_00000000001296788648248','MONS_00000000001297218526769',10,6);
INSERT INTO map_monsters VALUES ('MAP_00000000001296788648248','MONS_00000000001297218526769',10,8);
INSERT INTO map_monsters VALUES ('MAP_00000000001296788648248','MONS_00000000001297218526769',11,8);
INSERT INTO map_monsters VALUES ('MAP_00000000001296788648248','MONS_00000000001297218526769',12,5);
INSERT INTO map_monsters VALUES ('MAP_00000000001296788648248','MONS_00000000001297218526769',12,6);
INSERT INTO map_monsters VALUES ('MAP_00000000001296788648248','MONS_00000000001297218526769',13,5);
INSERT INTO map_monsters VALUES ('MAP_00000000001296788648248','MONS_00000000001297218526769',13,6);
INSERT INTO map_monsters VALUES ('MAP_00000000001296788648248','MONS_00000000001297218526769',13,8);
INSERT INTO map_monsters VALUES ('MAP_00000000001296788648248','MONS_00000000001297218526769',18,5);
INSERT INTO map_monsters VALUES ('MAP_00000000001296788648248','MONS_00000000001297218526769',18,6);
INSERT INTO map_monsters VALUES ('MAP_00000000001296788648248','MONS_00000000001297218526769',18,8);
INSERT INTO map_monsters VALUES ('MAP_00000000001296788648248','MONS_00000000001297218526769',19,5);
INSERT INTO map_monsters VALUES ('MAP_00000000001296788648248','MONS_00000000001297218526769',19,6);
INSERT INTO map_monsters VALUES ('MAP_00000000001296788648248','MONS_00000000001297218526769',20,8);
INSERT INTO map_monsters VALUES ('MAP_00000000001296788648248','MONS_00000000001297218526769',21,6);
INSERT INTO map_monsters VALUES ('MAP_00000000001296788648248','MONS_00000000001297218526769',21,8);
INSERT INTO map_monsters VALUES ('MAP_00000000001296788648248','MONS_00000000001297218526769',22,6);
INSERT INTO map_monsters VALUES ('MAP_00000000001296788648248','MONS_00000000001297218526769',22,8);
INSERT INTO map_monsters VALUES ('MAP_00000000001296788648248','MONS_00000000001297218526769',23,1);
INSERT INTO map_monsters VALUES ('MAP_00000000001296788648248','MONS_00000000001297218526769',23,6);
INSERT INTO map_monsters VALUES ('MAP_00000000001296788648248','MONS_00000000001297218526769',23,8);
INSERT INTO map_monsters VALUES ('MAP_00000000001296788648248','MONS_00000000001297218526769',24,1);
INSERT INTO map_monsters VALUES ('MAP_00000000001296788648248','MONS_00000000001297218526769',24,3);
INSERT INTO map_monsters VALUES ('MAP_00000000001296788648248','MONS_00000000001297218526769',24,4);
INSERT INTO map_monsters VALUES ('MAP_00000000001296788648248','MONS_00000000001297218526769',24,5);
INSERT INTO map_monsters VALUES ('MAP_00000000001296788648248','MONS_00000000001297218526769',24,6);
INSERT INTO map_monsters VALUES ('MAP_00000000001296788648248','MONS_00000000001297218526769',24,8);
INSERT INTO map_monsters VALUES ('MAP_00000000001296788648248','MONS_00000000001297218526769',25,1);
INSERT INTO map_monsters VALUES ('MAP_00000000001296788648248','MONS_00000000001297218526769',25,3);
INSERT INTO map_monsters VALUES ('MAP_00000000001296788648248','MONS_00000000001297218526769',25,4);
INSERT INTO map_monsters VALUES ('MAP_00000000001296788648248','MONS_00000000001297218526769',25,5);
INSERT INTO map_monsters VALUES ('MAP_00000000001296788648248','MONS_00000000001297218526769',25,6);
INSERT INTO map_monsters VALUES ('MAP_00000000001296788648248','MONS_00000000001297218526769',25,8);
INSERT INTO map_monsters VALUES ('MAP_00000000001296788648248','MONS_00000000001297218526769',26,1);
INSERT INTO map_monsters VALUES ('MAP_00000000001296788648248','MONS_00000000001297218526769',26,6);
INSERT INTO map_monsters VALUES ('MAP_00000000001296788648248','MONS_00000000001297218526769',26,8);
INSERT INTO map_monsters VALUES ('MAP_00000000001296788648248','MONS_00000000001297218526769',26,9);
INSERT INTO map_monsters VALUES ('MAP_00000000001296788648248','MONS_00000000001297218526769',26,10);
INSERT INTO map_monsters VALUES ('MAP_00000000001296788648248','MONS_00000000001297218526769',26,11);
INSERT INTO map_monsters VALUES ('MAP_00000000001296788648248','MONS_00000000001297218526769',26,12);
INSERT INTO map_monsters VALUES ('MAP_00000000001296788648248','MONS_00000000001297218526769',26,13);
INSERT INTO map_monsters VALUES ('MAP_00000000001296788648248','MONS_00000000001297218526769',26,14);
INSERT INTO monsters VALUES ('MONS_00000000001297218526820','Wandering Monk',87,0.9,1.1,1,1,12,12,12,0,0);
INSERT INTO map_monsters VALUES ('MAP_00000000001296788648248','MONS_00000000001297218526820',5,1);
INSERT INTO map_monsters VALUES ('MAP_00000000001296788648248','MONS_00000000001297218526820',5,6);
INSERT INTO map_monsters VALUES ('MAP_00000000001296788648248','MONS_00000000001297218526820',5,8);
INSERT INTO map_monsters VALUES ('MAP_00000000001296788648248','MONS_00000000001297218526820',5,9);
INSERT INTO map_monsters VALUES ('MAP_00000000001296788648248','MONS_00000000001297218526820',5,10);
INSERT INTO map_monsters VALUES ('MAP_00000000001296788648248','MONS_00000000001297218526820',5,11);
INSERT INTO map_monsters VALUES ('MAP_00000000001296788648248','MONS_00000000001297218526820',5,12);
INSERT INTO map_monsters VALUES ('MAP_00000000001296788648248','MONS_00000000001297218526820',5,13);
INSERT INTO map_monsters VALUES ('MAP_00000000001296788648248','MONS_00000000001297218526820',5,14);
INSERT INTO map_monsters VALUES ('MAP_00000000001296788648248','MONS_00000000001297218526820',6,1);
INSERT INTO map_monsters VALUES ('MAP_00000000001296788648248','MONS_00000000001297218526820',6,3);
INSERT INTO map_monsters VALUES ('MAP_00000000001296788648248','MONS_00000000001297218526820',6,4);
INSERT INTO map_monsters VALUES ('MAP_00000000001296788648248','MONS_00000000001297218526820',6,5);
INSERT INTO map_monsters VALUES ('MAP_00000000001296788648248','MONS_00000000001297218526820',6,6);
INSERT INTO map_monsters VALUES ('MAP_00000000001296788648248','MONS_00000000001297218526820',6,8);
INSERT INTO map_monsters VALUES ('MAP_00000000001296788648248','MONS_00000000001297218526820',7,1);
INSERT INTO map_monsters VALUES ('MAP_00000000001296788648248','MONS_00000000001297218526820',7,3);
INSERT INTO map_monsters VALUES ('MAP_00000000001296788648248','MONS_00000000001297218526820',7,4);
INSERT INTO map_monsters VALUES ('MAP_00000000001296788648248','MONS_00000000001297218526820',7,5);
INSERT INTO map_monsters VALUES ('MAP_00000000001296788648248','MONS_00000000001297218526820',7,6);
INSERT INTO map_monsters VALUES ('MAP_00000000001296788648248','MONS_00000000001297218526820',7,8);
INSERT INTO map_monsters VALUES ('MAP_00000000001296788648248','MONS_00000000001297218526820',8,1);
INSERT INTO map_monsters VALUES ('MAP_00000000001296788648248','MONS_00000000001297218526820',8,6);
INSERT INTO map_monsters VALUES ('MAP_00000000001296788648248','MONS_00000000001297218526820',8,8);
INSERT INTO map_monsters VALUES ('MAP_00000000001296788648248','MONS_00000000001297218526820',9,6);
INSERT INTO map_monsters VALUES ('MAP_00000000001296788648248','MONS_00000000001297218526820',9,8);
INSERT INTO map_monsters VALUES ('MAP_00000000001296788648248','MONS_00000000001297218526820',10,6);
INSERT INTO map_monsters VALUES ('MAP_00000000001296788648248','MONS_00000000001297218526820',10,8);
INSERT INTO map_monsters VALUES ('MAP_00000000001296788648248','MONS_00000000001297218526820',11,8);
INSERT INTO map_monsters VALUES ('MAP_00000000001296788648248','MONS_00000000001297218526820',12,5);
INSERT INTO map_monsters VALUES ('MAP_00000000001296788648248','MONS_00000000001297218526820',12,6);
INSERT INTO map_monsters VALUES ('MAP_00000000001296788648248','MONS_00000000001297218526820',13,5);
INSERT INTO map_monsters VALUES ('MAP_00000000001296788648248','MONS_00000000001297218526820',13,6);
INSERT INTO map_monsters VALUES ('MAP_00000000001296788648248','MONS_00000000001297218526820',13,8);
INSERT INTO map_monsters VALUES ('MAP_00000000001296788648248','MONS_00000000001297218526820',18,5);
INSERT INTO map_monsters VALUES ('MAP_00000000001296788648248','MONS_00000000001297218526820',18,6);
INSERT INTO map_monsters VALUES ('MAP_00000000001296788648248','MONS_00000000001297218526820',18,8);
INSERT INTO map_monsters VALUES ('MAP_00000000001296788648248','MONS_00000000001297218526820',19,5);
INSERT INTO map_monsters VALUES ('MAP_00000000001296788648248','MONS_00000000001297218526820',19,6);
INSERT INTO map_monsters VALUES ('MAP_00000000001296788648248','MONS_00000000001297218526820',20,8);
INSERT INTO map_monsters VALUES ('MAP_00000000001296788648248','MONS_00000000001297218526820',21,6);
INSERT INTO map_monsters VALUES ('MAP_00000000001296788648248','MONS_00000000001297218526820',21,8);
INSERT INTO map_monsters VALUES ('MAP_00000000001296788648248','MONS_00000000001297218526820',22,6);
INSERT INTO map_monsters VALUES ('MAP_00000000001296788648248','MONS_00000000001297218526820',22,8);
INSERT INTO map_monsters VALUES ('MAP_00000000001296788648248','MONS_00000000001297218526820',23,1);
INSERT INTO map_monsters VALUES ('MAP_00000000001296788648248','MONS_00000000001297218526820',23,6);
INSERT INTO map_monsters VALUES ('MAP_00000000001296788648248','MONS_00000000001297218526820',23,8);
INSERT INTO map_monsters VALUES ('MAP_00000000001296788648248','MONS_00000000001297218526820',24,1);
INSERT INTO map_monsters VALUES ('MAP_00000000001296788648248','MONS_00000000001297218526820',24,3);
INSERT INTO map_monsters VALUES ('MAP_00000000001296788648248','MONS_00000000001297218526820',24,4);
INSERT INTO map_monsters VALUES ('MAP_00000000001296788648248','MONS_00000000001297218526820',24,5);
INSERT INTO map_monsters VALUES ('MAP_00000000001296788648248','MONS_00000000001297218526820',24,6);
INSERT INTO map_monsters VALUES ('MAP_00000000001296788648248','MONS_00000000001297218526820',24,8);
INSERT INTO map_monsters VALUES ('MAP_00000000001296788648248','MONS_00000000001297218526820',25,1);
INSERT INTO map_monsters VALUES ('MAP_00000000001296788648248','MONS_00000000001297218526820',25,3);
INSERT INTO map_monsters VALUES ('MAP_00000000001296788648248','MONS_00000000001297218526820',25,4);
INSERT INTO map_monsters VALUES ('MAP_00000000001296788648248','MONS_00000000001297218526820',25,5);
INSERT INTO map_monsters VALUES ('MAP_00000000001296788648248','MONS_00000000001297218526820',25,6);
INSERT INTO map_monsters VALUES ('MAP_00000000001296788648248','MONS_00000000001297218526820',25,8);
INSERT INTO map_monsters VALUES ('MAP_00000000001296788648248','MONS_00000000001297218526820',26,1);
INSERT INTO map_monsters VALUES ('MAP_00000000001296788648248','MONS_00000000001297218526820',26,6);
INSERT INTO map_monsters VALUES ('MAP_00000000001296788648248','MONS_00000000001297218526820',26,8);
INSERT INTO map_monsters VALUES ('MAP_00000000001296788648248','MONS_00000000001297218526820',26,9);
INSERT INTO map_monsters VALUES ('MAP_00000000001296788648248','MONS_00000000001297218526820',26,10);
INSERT INTO map_monsters VALUES ('MAP_00000000001296788648248','MONS_00000000001297218526820',26,11);
INSERT INTO map_monsters VALUES ('MAP_00000000001296788648248','MONS_00000000001297218526820',26,12);
INSERT INTO map_monsters VALUES ('MAP_00000000001296788648248','MONS_00000000001297218526820',26,13);
INSERT INTO map_monsters VALUES ('MAP_00000000001296788648248','MONS_00000000001297218526820',26,14);
INSERT INTO monsters VALUES ('MONS_00000000001297218526834','Corrupted Lord',91,0.9,1.1,1,1,13,13,13,0,0);
INSERT INTO map_monsters VALUES ('MAP_00000000001296788648248','MONS_00000000001297218526834',5,1);
INSERT INTO map_monsters VALUES ('MAP_00000000001296788648248','MONS_00000000001297218526834',5,6);
INSERT INTO map_monsters VALUES ('MAP_00000000001296788648248','MONS_00000000001297218526834',5,8);
INSERT INTO map_monsters VALUES ('MAP_00000000001296788648248','MONS_00000000001297218526834',5,9);
INSERT INTO map_monsters VALUES ('MAP_00000000001296788648248','MONS_00000000001297218526834',5,10);
INSERT INTO map_monsters VALUES ('MAP_00000000001296788648248','MONS_00000000001297218526834',5,11);
INSERT INTO map_monsters VALUES ('MAP_00000000001296788648248','MONS_00000000001297218526834',5,12);
INSERT INTO map_monsters VALUES ('MAP_00000000001296788648248','MONS_00000000001297218526834',5,13);
INSERT INTO map_monsters VALUES ('MAP_00000000001296788648248','MONS_00000000001297218526834',5,14);
INSERT INTO map_monsters VALUES ('MAP_00000000001296788648248','MONS_00000000001297218526834',6,1);
INSERT INTO map_monsters VALUES ('MAP_00000000001296788648248','MONS_00000000001297218526834',6,3);
INSERT INTO map_monsters VALUES ('MAP_00000000001296788648248','MONS_00000000001297218526834',6,4);
INSERT INTO map_monsters VALUES ('MAP_00000000001296788648248','MONS_00000000001297218526834',6,5);
INSERT INTO map_monsters VALUES ('MAP_00000000001296788648248','MONS_00000000001297218526834',6,6);
INSERT INTO map_monsters VALUES ('MAP_00000000001296788648248','MONS_00000000001297218526834',6,8);
INSERT INTO map_monsters VALUES ('MAP_00000000001296788648248','MONS_00000000001297218526834',7,1);
INSERT INTO map_monsters VALUES ('MAP_00000000001296788648248','MONS_00000000001297218526834',7,3);
INSERT INTO map_monsters VALUES ('MAP_00000000001296788648248','MONS_00000000001297218526834',7,4);
INSERT INTO map_monsters VALUES ('MAP_00000000001296788648248','MONS_00000000001297218526834',7,5);
INSERT INTO map_monsters VALUES ('MAP_00000000001296788648248','MONS_00000000001297218526834',7,6);
INSERT INTO map_monsters VALUES ('MAP_00000000001296788648248','MONS_00000000001297218526834',7,8);
INSERT INTO map_monsters VALUES ('MAP_00000000001296788648248','MONS_00000000001297218526834',8,1);
INSERT INTO map_monsters VALUES ('MAP_00000000001296788648248','MONS_00000000001297218526834',8,6);
INSERT INTO map_monsters VALUES ('MAP_00000000001296788648248','MONS_00000000001297218526834',8,8);
INSERT INTO map_monsters VALUES ('MAP_00000000001296788648248','MONS_00000000001297218526834',9,6);
INSERT INTO map_monsters VALUES ('MAP_00000000001296788648248','MONS_00000000001297218526834',9,8);
INSERT INTO map_monsters VALUES ('MAP_00000000001296788648248','MONS_00000000001297218526834',10,6);
INSERT INTO map_monsters VALUES ('MAP_00000000001296788648248','MONS_00000000001297218526834',10,8);
INSERT INTO map_monsters VALUES ('MAP_00000000001296788648248','MONS_00000000001297218526834',11,8);
INSERT INTO map_monsters VALUES ('MAP_00000000001296788648248','MONS_00000000001297218526834',12,5);
INSERT INTO map_monsters VALUES ('MAP_00000000001296788648248','MONS_00000000001297218526834',12,6);
INSERT INTO map_monsters VALUES ('MAP_00000000001296788648248','MONS_00000000001297218526834',13,5);
INSERT INTO map_monsters VALUES ('MAP_00000000001296788648248','MONS_00000000001297218526834',13,6);
INSERT INTO map_monsters VALUES ('MAP_00000000001296788648248','MONS_00000000001297218526834',13,8);
INSERT INTO map_monsters VALUES ('MAP_00000000001296788648248','MONS_00000000001297218526834',18,5);
INSERT INTO map_monsters VALUES ('MAP_00000000001296788648248','MONS_00000000001297218526834',18,6);
INSERT INTO map_monsters VALUES ('MAP_00000000001296788648248','MONS_00000000001297218526834',18,8);
INSERT INTO map_monsters VALUES ('MAP_00000000001296788648248','MONS_00000000001297218526834',19,5);
INSERT INTO map_monsters VALUES ('MAP_00000000001296788648248','MONS_00000000001297218526834',19,6);
INSERT INTO map_monsters VALUES ('MAP_00000000001296788648248','MONS_00000000001297218526834',20,8);
INSERT INTO map_monsters VALUES ('MAP_00000000001296788648248','MONS_00000000001297218526834',21,6);
INSERT INTO map_monsters VALUES ('MAP_00000000001296788648248','MONS_00000000001297218526834',21,8);
INSERT INTO map_monsters VALUES ('MAP_00000000001296788648248','MONS_00000000001297218526834',22,6);
INSERT INTO map_monsters VALUES ('MAP_00000000001296788648248','MONS_00000000001297218526834',22,8);
INSERT INTO map_monsters VALUES ('MAP_00000000001296788648248','MONS_00000000001297218526834',23,1);
INSERT INTO map_monsters VALUES ('MAP_00000000001296788648248','MONS_00000000001297218526834',23,6);
INSERT INTO map_monsters VALUES ('MAP_00000000001296788648248','MONS_00000000001297218526834',23,8);
INSERT INTO map_monsters VALUES ('MAP_00000000001296788648248','MONS_00000000001297218526834',24,1);
INSERT INTO map_monsters VALUES ('MAP_00000000001296788648248','MONS_00000000001297218526834',24,3);
INSERT INTO map_monsters VALUES ('MAP_00000000001296788648248','MONS_00000000001297218526834',24,4);
INSERT INTO map_monsters VALUES ('MAP_00000000001296788648248','MONS_00000000001297218526834',24,5);
INSERT INTO map_monsters VALUES ('MAP_00000000001296788648248','MONS_00000000001297218526834',24,6);
INSERT INTO map_monsters VALUES ('MAP_00000000001296788648248','MONS_00000000001297218526834',24,8);
INSERT INTO map_monsters VALUES ('MAP_00000000001296788648248','MONS_00000000001297218526834',25,1);
INSERT INTO map_monsters VALUES ('MAP_00000000001296788648248','MONS_00000000001297218526834',25,3);
INSERT INTO map_monsters VALUES ('MAP_00000000001296788648248','MONS_00000000001297218526834',25,4);
INSERT INTO map_monsters VALUES ('MAP_00000000001296788648248','MONS_00000000001297218526834',25,5);
INSERT INTO map_monsters VALUES ('MAP_00000000001296788648248','MONS_00000000001297218526834',25,6);
INSERT INTO map_monsters VALUES ('MAP_00000000001296788648248','MONS_00000000001297218526834',25,8);
INSERT INTO map_monsters VALUES ('MAP_00000000001296788648248','MONS_00000000001297218526834',26,1);
INSERT INTO map_monsters VALUES ('MAP_00000000001296788648248','MONS_00000000001297218526834',26,6);
INSERT INTO map_monsters VALUES ('MAP_00000000001296788648248','MONS_00000000001297218526834',26,8);
INSERT INTO map_monsters VALUES ('MAP_00000000001296788648248','MONS_00000000001297218526834',26,9);
INSERT INTO map_monsters VALUES ('MAP_00000000001296788648248','MONS_00000000001297218526834',26,10);
INSERT INTO map_monsters VALUES ('MAP_00000000001296788648248','MONS_00000000001297218526834',26,11);
INSERT INTO map_monsters VALUES ('MAP_00000000001296788648248','MONS_00000000001297218526834',26,12);
INSERT INTO map_monsters VALUES ('MAP_00000000001296788648248','MONS_00000000001297218526834',26,13);
INSERT INTO map_monsters VALUES ('MAP_00000000001296788648248','MONS_00000000001297218526834',26,14);
INSERT INTO monsters VALUES ('MONS_00000000001297218526849','Palaorian Guard',95,0.9,1.1,1,1,13,13,13,0,0);
INSERT INTO map_monsters VALUES ('MAP_00000000001296788648248','MONS_00000000001297218526849',5,1);
INSERT INTO map_monsters VALUES ('MAP_00000000001296788648248','MONS_00000000001297218526849',5,6);
INSERT INTO map_monsters VALUES ('MAP_00000000001296788648248','MONS_00000000001297218526849',5,8);
INSERT INTO map_monsters VALUES ('MAP_00000000001296788648248','MONS_00000000001297218526849',5,9);
INSERT INTO map_monsters VALUES ('MAP_00000000001296788648248','MONS_00000000001297218526849',5,10);
INSERT INTO map_monsters VALUES ('MAP_00000000001296788648248','MONS_00000000001297218526849',5,11);
INSERT INTO map_monsters VALUES ('MAP_00000000001296788648248','MONS_00000000001297218526849',5,12);
INSERT INTO map_monsters VALUES ('MAP_00000000001296788648248','MONS_00000000001297218526849',5,13);
INSERT INTO map_monsters VALUES ('MAP_00000000001296788648248','MONS_00000000001297218526849',5,14);
INSERT INTO map_monsters VALUES ('MAP_00000000001296788648248','MONS_00000000001297218526849',6,1);
INSERT INTO map_monsters VALUES ('MAP_00000000001296788648248','MONS_00000000001297218526849',6,3);
INSERT INTO map_monsters VALUES ('MAP_00000000001296788648248','MONS_00000000001297218526849',6,4);
INSERT INTO map_monsters VALUES ('MAP_00000000001296788648248','MONS_00000000001297218526849',6,5);
INSERT INTO map_monsters VALUES ('MAP_00000000001296788648248','MONS_00000000001297218526849',6,6);
INSERT INTO map_monsters VALUES ('MAP_00000000001296788648248','MONS_00000000001297218526849',6,8);
INSERT INTO map_monsters VALUES ('MAP_00000000001296788648248','MONS_00000000001297218526849',7,1);
INSERT INTO map_monsters VALUES ('MAP_00000000001296788648248','MONS_00000000001297218526849',7,3);
INSERT INTO map_monsters VALUES ('MAP_00000000001296788648248','MONS_00000000001297218526849',7,4);
INSERT INTO map_monsters VALUES ('MAP_00000000001296788648248','MONS_00000000001297218526849',7,5);
INSERT INTO map_monsters VALUES ('MAP_00000000001296788648248','MONS_00000000001297218526849',7,6);
INSERT INTO map_monsters VALUES ('MAP_00000000001296788648248','MONS_00000000001297218526849',7,8);
INSERT INTO map_monsters VALUES ('MAP_00000000001296788648248','MONS_00000000001297218526849',8,1);
INSERT INTO map_monsters VALUES ('MAP_00000000001296788648248','MONS_00000000001297218526849',8,6);
INSERT INTO map_monsters VALUES ('MAP_00000000001296788648248','MONS_00000000001297218526849',8,8);
INSERT INTO map_monsters VALUES ('MAP_00000000001296788648248','MONS_00000000001297218526849',9,6);
INSERT INTO map_monsters VALUES ('MAP_00000000001296788648248','MONS_00000000001297218526849',9,8);
INSERT INTO map_monsters VALUES ('MAP_00000000001296788648248','MONS_00000000001297218526849',10,6);
INSERT INTO map_monsters VALUES ('MAP_00000000001296788648248','MONS_00000000001297218526849',10,8);
INSERT INTO map_monsters VALUES ('MAP_00000000001296788648248','MONS_00000000001297218526849',11,8);
INSERT INTO map_monsters VALUES ('MAP_00000000001296788648248','MONS_00000000001297218526849',12,5);
INSERT INTO map_monsters VALUES ('MAP_00000000001296788648248','MONS_00000000001297218526849',12,6);
INSERT INTO map_monsters VALUES ('MAP_00000000001296788648248','MONS_00000000001297218526849',13,5);
INSERT INTO map_monsters VALUES ('MAP_00000000001296788648248','MONS_00000000001297218526849',13,6);
INSERT INTO map_monsters VALUES ('MAP_00000000001296788648248','MONS_00000000001297218526849',13,8);
INSERT INTO map_monsters VALUES ('MAP_00000000001296788648248','MONS_00000000001297218526849',18,5);
INSERT INTO map_monsters VALUES ('MAP_00000000001296788648248','MONS_00000000001297218526849',18,6);
INSERT INTO map_monsters VALUES ('MAP_00000000001296788648248','MONS_00000000001297218526849',18,8);
INSERT INTO map_monsters VALUES ('MAP_00000000001296788648248','MONS_00000000001297218526849',19,5);
INSERT INTO map_monsters VALUES ('MAP_00000000001296788648248','MONS_00000000001297218526849',19,6);
INSERT INTO map_monsters VALUES ('MAP_00000000001296788648248','MONS_00000000001297218526849',20,8);
INSERT INTO map_monsters VALUES ('MAP_00000000001296788648248','MONS_00000000001297218526849',21,6);
INSERT INTO map_monsters VALUES ('MAP_00000000001296788648248','MONS_00000000001297218526849',21,8);
INSERT INTO map_monsters VALUES ('MAP_00000000001296788648248','MONS_00000000001297218526849',22,6);
INSERT INTO map_monsters VALUES ('MAP_00000000001296788648248','MONS_00000000001297218526849',22,8);
INSERT INTO map_monsters VALUES ('MAP_00000000001296788648248','MONS_00000000001297218526849',23,1);
INSERT INTO map_monsters VALUES ('MAP_00000000001296788648248','MONS_00000000001297218526849',23,6);
INSERT INTO map_monsters VALUES ('MAP_00000000001296788648248','MONS_00000000001297218526849',23,8);
INSERT INTO map_monsters VALUES ('MAP_00000000001296788648248','MONS_00000000001297218526849',24,1);
INSERT INTO map_monsters VALUES ('MAP_00000000001296788648248','MONS_00000000001297218526849',24,3);
INSERT INTO map_monsters VALUES ('MAP_00000000001296788648248','MONS_00000000001297218526849',24,4);
INSERT INTO map_monsters VALUES ('MAP_00000000001296788648248','MONS_00000000001297218526849',24,5);
INSERT INTO map_monsters VALUES ('MAP_00000000001296788648248','MONS_00000000001297218526849',24,6);
INSERT INTO map_monsters VALUES ('MAP_00000000001296788648248','MONS_00000000001297218526849',24,8);
INSERT INTO map_monsters VALUES ('MAP_00000000001296788648248','MONS_00000000001297218526849',25,1);
INSERT INTO map_monsters VALUES ('MAP_00000000001296788648248','MONS_00000000001297218526849',25,3);
INSERT INTO map_monsters VALUES ('MAP_00000000001296788648248','MONS_00000000001297218526849',25,4);
INSERT INTO map_monsters VALUES ('MAP_00000000001296788648248','MONS_00000000001297218526849',25,5);
INSERT INTO map_monsters VALUES ('MAP_00000000001296788648248','MONS_00000000001297218526849',25,6);
INSERT INTO map_monsters VALUES ('MAP_00000000001296788648248','MONS_00000000001297218526849',25,8);
INSERT INTO map_monsters VALUES ('MAP_00000000001296788648248','MONS_00000000001297218526849',26,1);
INSERT INTO map_monsters VALUES ('MAP_00000000001296788648248','MONS_00000000001297218526849',26,6);
INSERT INTO map_monsters VALUES ('MAP_00000000001296788648248','MONS_00000000001297218526849',26,8);
INSERT INTO map_monsters VALUES ('MAP_00000000001296788648248','MONS_00000000001297218526849',26,9);
INSERT INTO map_monsters VALUES ('MAP_00000000001296788648248','MONS_00000000001297218526849',26,10);
INSERT INTO map_monsters VALUES ('MAP_00000000001296788648248','MONS_00000000001297218526849',26,11);
INSERT INTO map_monsters VALUES ('MAP_00000000001296788648248','MONS_00000000001297218526849',26,12);
INSERT INTO map_monsters VALUES ('MAP_00000000001296788648248','MONS_00000000001297218526849',26,13);
INSERT INTO map_monsters VALUES ('MAP_00000000001296788648248','MONS_00000000001297218526849',26,14);
INSERT INTO monsters VALUES ('MONS_00000000001297218526863','Wizard Apprentice',73,1.2,0.8,1,1,9,9,9,0,0);
INSERT INTO map_monsters VALUES ('MAP_00000000001296788648248','MONS_00000000001297218526863',1,25);
INSERT INTO map_monsters VALUES ('MAP_00000000001296788648248','MONS_00000000001297218526863',30,25);
INSERT INTO monsters VALUES ('MONS_00000000001297218526877','Summoned Elemental',75,1.2,0.8,1,1,9,9,9,0,0);
INSERT INTO map_monsters VALUES ('MAP_00000000001296788648248','MONS_00000000001297218526877',1,25);
INSERT INTO map_monsters VALUES ('MAP_00000000001296788648248','MONS_00000000001297218526877',30,25);
INSERT INTO monsters VALUES ('MONS_00000000001297218526891','Retired Wizard',78,1.2,0.8,1,1,9,9,9,0,0);
INSERT INTO map_monsters VALUES ('MAP_00000000001296788648248','MONS_00000000001297218526891',1,25);
INSERT INTO map_monsters VALUES ('MAP_00000000001296788648248','MONS_00000000001297218526891',30,25);
INSERT INTO monsters VALUES ('MONS_00000000001297218526905','Mercenary Soldier',80,1.3,0.7,1,1,10,10,10,0,0);
INSERT INTO map_monsters VALUES ('MAP_00000000001296788648248','MONS_00000000001297218526905',3,25);
INSERT INTO map_monsters VALUES ('MAP_00000000001296788648248','MONS_00000000001297218526905',28,25);
INSERT INTO monsters VALUES ('MONS_00000000001297218526919','Forge Apprentice',83,1.3,0.7,1,1,10,10,10,0,0);
INSERT INTO map_monsters VALUES ('MAP_00000000001296788648248','MONS_00000000001297218526919',3,25);
INSERT INTO map_monsters VALUES ('MAP_00000000001296788648248','MONS_00000000001297218526919',28,25);
INSERT INTO monsters VALUES ('MONS_00000000001297218526934','Master Smith',86,1.3,0.7,1,1,10,10,10,0,0);
INSERT INTO map_monsters VALUES ('MAP_00000000001296788648248','MONS_00000000001297218526934',3,25);
INSERT INTO map_monsters VALUES ('MAP_00000000001296788648248','MONS_00000000001297218526934',28,25);
INSERT INTO monsters VALUES ('MONS_00000000001297218526947','Mercenary Soldier',89,0.7,1.3,1,1,11,11,11,0,0);
INSERT INTO map_monsters VALUES ('MAP_00000000001296788648248','MONS_00000000001297218526947',4,25);
INSERT INTO map_monsters VALUES ('MAP_00000000001296788648248','MONS_00000000001297218526947',27,25);
INSERT INTO monsters VALUES ('MONS_00000000001297218526961','Vault Keeper',93,0.7,1.3,1,1,11,11,11,0,0);
INSERT INTO map_monsters VALUES ('MAP_00000000001296788648248','MONS_00000000001297218526961',4,25);
INSERT INTO map_monsters VALUES ('MAP_00000000001296788648248','MONS_00000000001297218526961',27,25);
INSERT INTO monsters VALUES ('MONS_00000000001297218526974','Palaorian Guard',97,0.7,1.3,1,1,11,11,11,0,0);
INSERT INTO map_monsters VALUES ('MAP_00000000001296788648248','MONS_00000000001297218526974',4,25);
INSERT INTO map_monsters VALUES ('MAP_00000000001296788648248','MONS_00000000001297218526974',27,25);
INSERT INTO monsters VALUES ('MONS_00000000001297218526987','Loaning Guild Initiate',83,1,1,1,1,7,7,7,0,0);
INSERT INTO map_monsters VALUES ('MAP_00000000001296788648248','MONS_00000000001297218526987',19,19);
INSERT INTO map_monsters VALUES ('MAP_00000000001296788648248','MONS_00000000001297218526987',20,20);
INSERT INTO map_monsters VALUES ('MAP_00000000001296788648248','MONS_00000000001297218526987',20,21);
INSERT INTO monsters VALUES ('MONS_00000000001297218527002','Loaning Guild Enforcer',87,1,1,1,1,8,8,8,0,0);
INSERT INTO map_monsters VALUES ('MAP_00000000001296788648248','MONS_00000000001297218527002',19,19);
INSERT INTO map_monsters VALUES ('MAP_00000000001296788648248','MONS_00000000001297218527002',20,20);
INSERT INTO map_monsters VALUES ('MAP_00000000001296788648248','MONS_00000000001297218527002',20,21);
INSERT INTO monsters VALUES ('MONS_00000000001297218527016','Bet Taker',91,1,1,1,1,9,9,9,0,0);
INSERT INTO map_monsters VALUES ('MAP_00000000001296788648248','MONS_00000000001297218527016',19,19);
INSERT INTO map_monsters VALUES ('MAP_00000000001296788648248','MONS_00000000001297218527016',20,20);
INSERT INTO map_monsters VALUES ('MAP_00000000001296788648248','MONS_00000000001297218527016',20,21);
INSERT INTO monsters VALUES ('MONS_00000000001297218527031','Assassination Guild Apprentice',95,1,1,1,1,10,10,10,0,0);
INSERT INTO map_monsters VALUES ('MAP_00000000001296788648248','MONS_00000000001297218527031',19,19);
INSERT INTO map_monsters VALUES ('MAP_00000000001296788648248','MONS_00000000001297218527031',20,20);
INSERT INTO map_monsters VALUES ('MAP_00000000001296788648248','MONS_00000000001297218527031',20,21);
INSERT INTO monsters VALUES ('MONS_00000000001297218527045','Agile Gladiator',99,1,1,1,1,11,11,11,0,0);
INSERT INTO map_monsters VALUES ('MAP_00000000001296788648248','MONS_00000000001297218527045',19,19);
INSERT INTO map_monsters VALUES ('MAP_00000000001296788648248','MONS_00000000001297218527045',20,20);
INSERT INTO map_monsters VALUES ('MAP_00000000001296788648248','MONS_00000000001297218527045',20,21);
INSERT INTO monsters VALUES ('MONS_00000000001297218527059','Assassination Guild Trainer',104,1,1,1,1,12,12,12,0,0);
INSERT INTO map_monsters VALUES ('MAP_00000000001296788648248','MONS_00000000001297218527059',19,19);
INSERT INTO map_monsters VALUES ('MAP_00000000001296788648248','MONS_00000000001297218527059',20,20);
INSERT INTO map_monsters VALUES ('MAP_00000000001296788648248','MONS_00000000001297218527059',20,21);
INSERT INTO monsters VALUES ('MONS_00000000001297218527074','Vigilant Archer',109,1,1,1,1,13,13,13,0,0);
INSERT INTO map_monsters VALUES ('MAP_00000000001296788648248','MONS_00000000001297218527074',19,19);
INSERT INTO map_monsters VALUES ('MAP_00000000001296788648248','MONS_00000000001297218527074',20,20);
INSERT INTO map_monsters VALUES ('MAP_00000000001296788648248','MONS_00000000001297218527074',20,21);
INSERT INTO monsters VALUES ('MONS_00000000001297218527088','Experienced Gladiator',128,1,1,1,1,14,14,14,0,0);
INSERT INTO map_monsters VALUES ('MAP_00000000001296788648248','MONS_00000000001297218527088',19,19);
INSERT INTO map_monsters VALUES ('MAP_00000000001296788648248','MONS_00000000001297218527088',20,20);
INSERT INTO map_monsters VALUES ('MAP_00000000001296788648248','MONS_00000000001297218527088',20,21);
INSERT INTO monsters VALUES ('MONS_00000000001297218527104','Elite Fighter',160,1,1,1,1,15,15,15,0,0);
INSERT INTO map_monsters VALUES ('MAP_00000000001296788648248','MONS_00000000001297218527104',19,19);
INSERT INTO map_monsters VALUES ('MAP_00000000001296788648248','MONS_00000000001297218527104',20,20);
INSERT INTO map_monsters VALUES ('MAP_00000000001296788648248','MONS_00000000001297218527104',20,21);
INSERT INTO monsters VALUES ('MONS_00000000001297218527118','Supreme Challenger',250,1,1,1,1,18,18,18,0,0);
INSERT INTO map_monsters VALUES ('MAP_00000000001296788648248','MONS_00000000001297218527118',19,19);
INSERT INTO map_monsters VALUES ('MAP_00000000001296788648248','MONS_00000000001297218527118',20,20);
INSERT INTO map_monsters VALUES ('MAP_00000000001296788648248','MONS_00000000001297218527118',20,21);
INSERT INTO monsters VALUES ('MONS_00000000001297218527132','Supreme Champion',325,1,1,1,1,21,21,21,0,0);
INSERT INTO map_monsters VALUES ('MAP_00000000001296788648248','MONS_00000000001297218527132',19,19);
INSERT INTO map_monsters VALUES ('MAP_00000000001296788648248','MONS_00000000001297218527132',20,20);
INSERT INTO map_monsters VALUES ('MAP_00000000001296788648248','MONS_00000000001297218527132',20,21);
INSERT INTO monsters VALUES ('MONS_00000000001297218527147','Clockwork Training Dummy',95,1,1,1,1,6,6,6,0,0);
INSERT INTO monsters VALUES ('MONS_00000000001297218527160','Hand-picked Guard',99,1,1,1,1,7,7,7,0,0);
INSERT INTO monsters VALUES ('MONS_00000000001297218527173','Training Cadet',104,1,1,1,1,8,8,8,0,0);
INSERT INTO monsters VALUES ('MONS_00000000001297218527186','Ornery Drill Master',110,1,1,1,1,9,9,9,0,0);
INSERT INTO monsters VALUES ('MONS_00000000001297218527200','Day-shift Guardsman',116,1,1,1,1,10,10,10,0,0);
INSERT INTO monsters VALUES ('MONS_00000000001297218527214','Veteran Guardsman',122,1,1,1,1,11,11,11,0,0);
INSERT INTO monsters VALUES ('MONS_00000000001297218527229','Elite Guardsman',128,1,1,1,1,12,12,12,0,0);
INSERT INTO monsters VALUES ('MONS_00000000001297218527242','Night-shift Guardsman',140,1,1,1,1,13,13,13,0,0);
INSERT INTO monsters VALUES ('MONS_00000000001297218527255','Night-shift Captain',150,1,1,1,1,14,14,14,0,0);
INSERT INTO monsters VALUES ('MONS_00000000001297218527268','Tower Captain',160,1,1,1,1,15,15,15,0,0);
INSERT INTO monsters VALUES ('MONS_00000000001297218527281','Wicked Concubine',180,1,1,1,1,16,16,16,0,0);
INSERT INTO map_monsters VALUES ('MAP_00000000001296788648248','MONS_00000000001297218527281',5,46);
INSERT INTO map_monsters VALUES ('MAP_00000000001296788648248','MONS_00000000001297218527281',5,47);
INSERT INTO map_monsters VALUES ('MAP_00000000001296788648248','MONS_00000000001297218527281',5,48);
INSERT INTO map_monsters VALUES ('MAP_00000000001296788648248','MONS_00000000001297218527281',5,49);
INSERT INTO map_monsters VALUES ('MAP_00000000001296788648248','MONS_00000000001297218527281',5,50);
INSERT INTO map_monsters VALUES ('MAP_00000000001296788648248','MONS_00000000001297218527281',5,51);
INSERT INTO map_monsters VALUES ('MAP_00000000001296788648248','MONS_00000000001297218527281',5,52);
INSERT INTO map_monsters VALUES ('MAP_00000000001296788648248','MONS_00000000001297218527281',5,53);
INSERT INTO map_monsters VALUES ('MAP_00000000001296788648248','MONS_00000000001297218527281',5,54);
INSERT INTO map_monsters VALUES ('MAP_00000000001296788648248','MONS_00000000001297218527281',5,55);
INSERT INTO map_monsters VALUES ('MAP_00000000001296788648248','MONS_00000000001297218527281',5,56);
INSERT INTO map_monsters VALUES ('MAP_00000000001296788648248','MONS_00000000001297218527281',5,57);
INSERT INTO map_monsters VALUES ('MAP_00000000001296788648248','MONS_00000000001297218527281',5,58);
INSERT INTO map_monsters VALUES ('MAP_00000000001296788648248','MONS_00000000001297218527281',5,59);
INSERT INTO map_monsters VALUES ('MAP_00000000001296788648248','MONS_00000000001297218527281',5,60);
INSERT INTO map_monsters VALUES ('MAP_00000000001296788648248','MONS_00000000001297218527281',5,61);
INSERT INTO map_monsters VALUES ('MAP_00000000001296788648248','MONS_00000000001297218527281',6,46);
INSERT INTO map_monsters VALUES ('MAP_00000000001296788648248','MONS_00000000001297218527281',7,46);
INSERT INTO map_monsters VALUES ('MAP_00000000001296788648248','MONS_00000000001297218527281',8,46);
INSERT INTO map_monsters VALUES ('MAP_00000000001296788648248','MONS_00000000001297218527281',9,46);
INSERT INTO map_monsters VALUES ('MAP_00000000001296788648248','MONS_00000000001297218527281',9,47);
INSERT INTO map_monsters VALUES ('MAP_00000000001296788648248','MONS_00000000001297218527281',9,48);
INSERT INTO map_monsters VALUES ('MAP_00000000001296788648248','MONS_00000000001297218527281',9,49);
INSERT INTO map_monsters VALUES ('MAP_00000000001296788648248','MONS_00000000001297218527281',9,50);
INSERT INTO map_monsters VALUES ('MAP_00000000001296788648248','MONS_00000000001297218527281',9,51);
INSERT INTO map_monsters VALUES ('MAP_00000000001296788648248','MONS_00000000001297218527281',9,52);
INSERT INTO map_monsters VALUES ('MAP_00000000001296788648248','MONS_00000000001297218527281',9,53);
INSERT INTO map_monsters VALUES ('MAP_00000000001296788648248','MONS_00000000001297218527281',9,54);
INSERT INTO map_monsters VALUES ('MAP_00000000001296788648248','MONS_00000000001297218527281',9,55);
INSERT INTO map_monsters VALUES ('MAP_00000000001296788648248','MONS_00000000001297218527281',9,56);
INSERT INTO map_monsters VALUES ('MAP_00000000001296788648248','MONS_00000000001297218527281',9,57);
INSERT INTO map_monsters VALUES ('MAP_00000000001296788648248','MONS_00000000001297218527281',9,58);
INSERT INTO map_monsters VALUES ('MAP_00000000001296788648248','MONS_00000000001297218527281',9,59);
INSERT INTO map_monsters VALUES ('MAP_00000000001296788648248','MONS_00000000001297218527281',9,60);
INSERT INTO map_monsters VALUES ('MAP_00000000001296788648248','MONS_00000000001297218527281',9,61);
INSERT INTO map_monsters VALUES ('MAP_00000000001296788648248','MONS_00000000001297218527281',9,62);
INSERT INTO map_monsters VALUES ('MAP_00000000001296788648248','MONS_00000000001297218527281',10,46);
INSERT INTO map_monsters VALUES ('MAP_00000000001296788648248','MONS_00000000001297218527281',10,47);
INSERT INTO map_monsters VALUES ('MAP_00000000001296788648248','MONS_00000000001297218527281',10,48);
INSERT INTO map_monsters VALUES ('MAP_00000000001296788648248','MONS_00000000001297218527281',10,49);
INSERT INTO map_monsters VALUES ('MAP_00000000001296788648248','MONS_00000000001297218527281',10,50);
INSERT INTO map_monsters VALUES ('MAP_00000000001296788648248','MONS_00000000001297218527281',11,48);
INSERT INTO map_monsters VALUES ('MAP_00000000001296788648248','MONS_00000000001297218527281',12,46);
INSERT INTO map_monsters VALUES ('MAP_00000000001296788648248','MONS_00000000001297218527281',12,50);
INSERT INTO map_monsters VALUES ('MAP_00000000001296788648248','MONS_00000000001297218527281',12,56);
INSERT INTO map_monsters VALUES ('MAP_00000000001296788648248','MONS_00000000001297218527281',12,57);
INSERT INTO map_monsters VALUES ('MAP_00000000001296788648248','MONS_00000000001297218527281',12,58);
INSERT INTO map_monsters VALUES ('MAP_00000000001296788648248','MONS_00000000001297218527281',12,59);
INSERT INTO map_monsters VALUES ('MAP_00000000001296788648248','MONS_00000000001297218527281',13,46);
INSERT INTO map_monsters VALUES ('MAP_00000000001296788648248','MONS_00000000001297218527281',13,50);
INSERT INTO map_monsters VALUES ('MAP_00000000001296788648248','MONS_00000000001297218527281',13,56);
INSERT INTO map_monsters VALUES ('MAP_00000000001296788648248','MONS_00000000001297218527281',13,58);
INSERT INTO map_monsters VALUES ('MAP_00000000001296788648248','MONS_00000000001297218527281',13,59);
INSERT INTO map_monsters VALUES ('MAP_00000000001296788648248','MONS_00000000001297218527281',13,60);
INSERT INTO map_monsters VALUES ('MAP_00000000001296788648248','MONS_00000000001297218527281',14,45);
INSERT INTO map_monsters VALUES ('MAP_00000000001296788648248','MONS_00000000001297218527281',14,46);
INSERT INTO map_monsters VALUES ('MAP_00000000001296788648248','MONS_00000000001297218527281',14,50);
INSERT INTO map_monsters VALUES ('MAP_00000000001296788648248','MONS_00000000001297218527281',14,54);
INSERT INTO map_monsters VALUES ('MAP_00000000001296788648248','MONS_00000000001297218527281',14,56);
INSERT INTO map_monsters VALUES ('MAP_00000000001296788648248','MONS_00000000001297218527281',14,58);
INSERT INTO map_monsters VALUES ('MAP_00000000001296788648248','MONS_00000000001297218527281',14,61);
INSERT INTO map_monsters VALUES ('MAP_00000000001296788648248','MONS_00000000001297218527281',15,44);
INSERT INTO map_monsters VALUES ('MAP_00000000001296788648248','MONS_00000000001297218527281',15,45);
INSERT INTO map_monsters VALUES ('MAP_00000000001296788648248','MONS_00000000001297218527281',15,46);
INSERT INTO map_monsters VALUES ('MAP_00000000001296788648248','MONS_00000000001297218527281',15,50);
INSERT INTO map_monsters VALUES ('MAP_00000000001296788648248','MONS_00000000001297218527281',15,51);
INSERT INTO map_monsters VALUES ('MAP_00000000001296788648248','MONS_00000000001297218527281',15,52);
INSERT INTO map_monsters VALUES ('MAP_00000000001296788648248','MONS_00000000001297218527281',15,53);
INSERT INTO map_monsters VALUES ('MAP_00000000001296788648248','MONS_00000000001297218527281',15,54);
INSERT INTO map_monsters VALUES ('MAP_00000000001296788648248','MONS_00000000001297218527281',15,55);
INSERT INTO map_monsters VALUES ('MAP_00000000001296788648248','MONS_00000000001297218527281',15,56);
INSERT INTO map_monsters VALUES ('MAP_00000000001296788648248','MONS_00000000001297218527281',16,44);
INSERT INTO map_monsters VALUES ('MAP_00000000001296788648248','MONS_00000000001297218527281',16,45);
INSERT INTO map_monsters VALUES ('MAP_00000000001296788648248','MONS_00000000001297218527281',16,46);
INSERT INTO map_monsters VALUES ('MAP_00000000001296788648248','MONS_00000000001297218527281',16,50);
INSERT INTO map_monsters VALUES ('MAP_00000000001296788648248','MONS_00000000001297218527281',16,51);
INSERT INTO map_monsters VALUES ('MAP_00000000001296788648248','MONS_00000000001297218527281',16,52);
INSERT INTO map_monsters VALUES ('MAP_00000000001296788648248','MONS_00000000001297218527281',16,53);
INSERT INTO map_monsters VALUES ('MAP_00000000001296788648248','MONS_00000000001297218527281',16,54);
INSERT INTO map_monsters VALUES ('MAP_00000000001296788648248','MONS_00000000001297218527281',16,55);
INSERT INTO map_monsters VALUES ('MAP_00000000001296788648248','MONS_00000000001297218527281',16,56);
INSERT INTO map_monsters VALUES ('MAP_00000000001296788648248','MONS_00000000001297218527281',17,45);
INSERT INTO map_monsters VALUES ('MAP_00000000001296788648248','MONS_00000000001297218527281',17,46);
INSERT INTO map_monsters VALUES ('MAP_00000000001296788648248','MONS_00000000001297218527281',17,50);
INSERT INTO map_monsters VALUES ('MAP_00000000001296788648248','MONS_00000000001297218527281',17,54);
INSERT INTO map_monsters VALUES ('MAP_00000000001296788648248','MONS_00000000001297218527281',17,56);
INSERT INTO map_monsters VALUES ('MAP_00000000001296788648248','MONS_00000000001297218527281',17,58);
INSERT INTO map_monsters VALUES ('MAP_00000000001296788648248','MONS_00000000001297218527281',17,61);
INSERT INTO map_monsters VALUES ('MAP_00000000001296788648248','MONS_00000000001297218527281',18,46);
INSERT INTO map_monsters VALUES ('MAP_00000000001296788648248','MONS_00000000001297218527281',18,50);
INSERT INTO map_monsters VALUES ('MAP_00000000001296788648248','MONS_00000000001297218527281',18,56);
INSERT INTO map_monsters VALUES ('MAP_00000000001296788648248','MONS_00000000001297218527281',18,58);
INSERT INTO map_monsters VALUES ('MAP_00000000001296788648248','MONS_00000000001297218527281',18,59);
INSERT INTO map_monsters VALUES ('MAP_00000000001296788648248','MONS_00000000001297218527281',18,60);
INSERT INTO map_monsters VALUES ('MAP_00000000001296788648248','MONS_00000000001297218527281',19,46);
INSERT INTO map_monsters VALUES ('MAP_00000000001296788648248','MONS_00000000001297218527281',19,50);
INSERT INTO map_monsters VALUES ('MAP_00000000001296788648248','MONS_00000000001297218527281',19,56);
INSERT INTO map_monsters VALUES ('MAP_00000000001296788648248','MONS_00000000001297218527281',19,57);
INSERT INTO map_monsters VALUES ('MAP_00000000001296788648248','MONS_00000000001297218527281',19,58);
INSERT INTO map_monsters VALUES ('MAP_00000000001296788648248','MONS_00000000001297218527281',19,59);
INSERT INTO map_monsters VALUES ('MAP_00000000001296788648248','MONS_00000000001297218527281',20,48);
INSERT INTO map_monsters VALUES ('MAP_00000000001296788648248','MONS_00000000001297218527281',21,46);
INSERT INTO map_monsters VALUES ('MAP_00000000001296788648248','MONS_00000000001297218527281',21,47);
INSERT INTO map_monsters VALUES ('MAP_00000000001296788648248','MONS_00000000001297218527281',21,48);
INSERT INTO map_monsters VALUES ('MAP_00000000001296788648248','MONS_00000000001297218527281',21,49);
INSERT INTO map_monsters VALUES ('MAP_00000000001296788648248','MONS_00000000001297218527281',21,50);
INSERT INTO map_monsters VALUES ('MAP_00000000001296788648248','MONS_00000000001297218527281',22,46);
INSERT INTO map_monsters VALUES ('MAP_00000000001296788648248','MONS_00000000001297218527281',22,47);
INSERT INTO map_monsters VALUES ('MAP_00000000001296788648248','MONS_00000000001297218527281',22,48);
INSERT INTO map_monsters VALUES ('MAP_00000000001296788648248','MONS_00000000001297218527281',22,49);
INSERT INTO map_monsters VALUES ('MAP_00000000001296788648248','MONS_00000000001297218527281',22,50);
INSERT INTO map_monsters VALUES ('MAP_00000000001296788648248','MONS_00000000001297218527281',22,51);
INSERT INTO map_monsters VALUES ('MAP_00000000001296788648248','MONS_00000000001297218527281',22,52);
INSERT INTO map_monsters VALUES ('MAP_00000000001296788648248','MONS_00000000001297218527281',22,53);
INSERT INTO map_monsters VALUES ('MAP_00000000001296788648248','MONS_00000000001297218527281',22,54);
INSERT INTO map_monsters VALUES ('MAP_00000000001296788648248','MONS_00000000001297218527281',22,55);
INSERT INTO map_monsters VALUES ('MAP_00000000001296788648248','MONS_00000000001297218527281',22,56);
INSERT INTO map_monsters VALUES ('MAP_00000000001296788648248','MONS_00000000001297218527281',22,57);
INSERT INTO map_monsters VALUES ('MAP_00000000001296788648248','MONS_00000000001297218527281',22,58);
INSERT INTO map_monsters VALUES ('MAP_00000000001296788648248','MONS_00000000001297218527281',22,59);
INSERT INTO map_monsters VALUES ('MAP_00000000001296788648248','MONS_00000000001297218527281',22,60);
INSERT INTO map_monsters VALUES ('MAP_00000000001296788648248','MONS_00000000001297218527281',22,61);
INSERT INTO map_monsters VALUES ('MAP_00000000001296788648248','MONS_00000000001297218527281',22,62);
INSERT INTO map_monsters VALUES ('MAP_00000000001296788648248','MONS_00000000001297218527281',23,46);
INSERT INTO map_monsters VALUES ('MAP_00000000001296788648248','MONS_00000000001297218527281',24,46);
INSERT INTO map_monsters VALUES ('MAP_00000000001296788648248','MONS_00000000001297218527281',25,46);
INSERT INTO map_monsters VALUES ('MAP_00000000001296788648248','MONS_00000000001297218527281',26,46);
INSERT INTO map_monsters VALUES ('MAP_00000000001296788648248','MONS_00000000001297218527281',26,47);
INSERT INTO map_monsters VALUES ('MAP_00000000001296788648248','MONS_00000000001297218527281',26,48);
INSERT INTO map_monsters VALUES ('MAP_00000000001296788648248','MONS_00000000001297218527281',26,49);
INSERT INTO map_monsters VALUES ('MAP_00000000001296788648248','MONS_00000000001297218527281',26,50);
INSERT INTO map_monsters VALUES ('MAP_00000000001296788648248','MONS_00000000001297218527281',26,51);
INSERT INTO map_monsters VALUES ('MAP_00000000001296788648248','MONS_00000000001297218527281',26,52);
INSERT INTO map_monsters VALUES ('MAP_00000000001296788648248','MONS_00000000001297218527281',26,53);
INSERT INTO map_monsters VALUES ('MAP_00000000001296788648248','MONS_00000000001297218527281',26,54);
INSERT INTO map_monsters VALUES ('MAP_00000000001296788648248','MONS_00000000001297218527281',26,55);
INSERT INTO map_monsters VALUES ('MAP_00000000001296788648248','MONS_00000000001297218527281',26,56);
INSERT INTO map_monsters VALUES ('MAP_00000000001296788648248','MONS_00000000001297218527281',26,57);
INSERT INTO map_monsters VALUES ('MAP_00000000001296788648248','MONS_00000000001297218527281',26,58);
INSERT INTO map_monsters VALUES ('MAP_00000000001296788648248','MONS_00000000001297218527281',26,59);
INSERT INTO map_monsters VALUES ('MAP_00000000001296788648248','MONS_00000000001297218527281',26,60);
INSERT INTO map_monsters VALUES ('MAP_00000000001296788648248','MONS_00000000001297218527281',26,61);
INSERT INTO monsters VALUES ('MONS_00000000001297218527296','Corrupted Cleric',190,1,1,1,1,17,17,17,0,0);
INSERT INTO map_monsters VALUES ('MAP_00000000001296788648248','MONS_00000000001297218527296',5,46);
INSERT INTO map_monsters VALUES ('MAP_00000000001296788648248','MONS_00000000001297218527296',5,47);
INSERT INTO map_monsters VALUES ('MAP_00000000001296788648248','MONS_00000000001297218527296',5,48);
INSERT INTO map_monsters VALUES ('MAP_00000000001296788648248','MONS_00000000001297218527296',5,49);
INSERT INTO map_monsters VALUES ('MAP_00000000001296788648248','MONS_00000000001297218527296',5,50);
INSERT INTO map_monsters VALUES ('MAP_00000000001296788648248','MONS_00000000001297218527296',5,51);
INSERT INTO map_monsters VALUES ('MAP_00000000001296788648248','MONS_00000000001297218527296',5,52);
INSERT INTO map_monsters VALUES ('MAP_00000000001296788648248','MONS_00000000001297218527296',5,53);
INSERT INTO map_monsters VALUES ('MAP_00000000001296788648248','MONS_00000000001297218527296',5,54);
INSERT INTO map_monsters VALUES ('MAP_00000000001296788648248','MONS_00000000001297218527296',5,55);
INSERT INTO map_monsters VALUES ('MAP_00000000001296788648248','MONS_00000000001297218527296',5,56);
INSERT INTO map_monsters VALUES ('MAP_00000000001296788648248','MONS_00000000001297218527296',5,57);
INSERT INTO map_monsters VALUES ('MAP_00000000001296788648248','MONS_00000000001297218527296',5,58);
INSERT INTO map_monsters VALUES ('MAP_00000000001296788648248','MONS_00000000001297218527296',5,59);
INSERT INTO map_monsters VALUES ('MAP_00000000001296788648248','MONS_00000000001297218527296',5,60);
INSERT INTO map_monsters VALUES ('MAP_00000000001296788648248','MONS_00000000001297218527296',5,61);
INSERT INTO map_monsters VALUES ('MAP_00000000001296788648248','MONS_00000000001297218527296',6,46);
INSERT INTO map_monsters VALUES ('MAP_00000000001296788648248','MONS_00000000001297218527296',7,46);
INSERT INTO map_monsters VALUES ('MAP_00000000001296788648248','MONS_00000000001297218527296',8,46);
INSERT INTO map_monsters VALUES ('MAP_00000000001296788648248','MONS_00000000001297218527296',9,46);
INSERT INTO map_monsters VALUES ('MAP_00000000001296788648248','MONS_00000000001297218527296',9,47);
INSERT INTO map_monsters VALUES ('MAP_00000000001296788648248','MONS_00000000001297218527296',9,48);
INSERT INTO map_monsters VALUES ('MAP_00000000001296788648248','MONS_00000000001297218527296',9,49);
INSERT INTO map_monsters VALUES ('MAP_00000000001296788648248','MONS_00000000001297218527296',9,50);
INSERT INTO map_monsters VALUES ('MAP_00000000001296788648248','MONS_00000000001297218527296',9,51);
INSERT INTO map_monsters VALUES ('MAP_00000000001296788648248','MONS_00000000001297218527296',9,52);
INSERT INTO map_monsters VALUES ('MAP_00000000001296788648248','MONS_00000000001297218527296',9,53);
INSERT INTO map_monsters VALUES ('MAP_00000000001296788648248','MONS_00000000001297218527296',9,54);
INSERT INTO map_monsters VALUES ('MAP_00000000001296788648248','MONS_00000000001297218527296',9,55);
INSERT INTO map_monsters VALUES ('MAP_00000000001296788648248','MONS_00000000001297218527296',9,56);
INSERT INTO map_monsters VALUES ('MAP_00000000001296788648248','MONS_00000000001297218527296',9,57);
INSERT INTO map_monsters VALUES ('MAP_00000000001296788648248','MONS_00000000001297218527296',9,58);
INSERT INTO map_monsters VALUES ('MAP_00000000001296788648248','MONS_00000000001297218527296',9,59);
INSERT INTO map_monsters VALUES ('MAP_00000000001296788648248','MONS_00000000001297218527296',9,60);
INSERT INTO map_monsters VALUES ('MAP_00000000001296788648248','MONS_00000000001297218527296',9,61);
INSERT INTO map_monsters VALUES ('MAP_00000000001296788648248','MONS_00000000001297218527296',9,62);
INSERT INTO map_monsters VALUES ('MAP_00000000001296788648248','MONS_00000000001297218527296',10,46);
INSERT INTO map_monsters VALUES ('MAP_00000000001296788648248','MONS_00000000001297218527296',10,47);
INSERT INTO map_monsters VALUES ('MAP_00000000001296788648248','MONS_00000000001297218527296',10,48);
INSERT INTO map_monsters VALUES ('MAP_00000000001296788648248','MONS_00000000001297218527296',10,49);
INSERT INTO map_monsters VALUES ('MAP_00000000001296788648248','MONS_00000000001297218527296',10,50);
INSERT INTO map_monsters VALUES ('MAP_00000000001296788648248','MONS_00000000001297218527296',11,48);
INSERT INTO map_monsters VALUES ('MAP_00000000001296788648248','MONS_00000000001297218527296',12,46);
INSERT INTO map_monsters VALUES ('MAP_00000000001296788648248','MONS_00000000001297218527296',12,50);
INSERT INTO map_monsters VALUES ('MAP_00000000001296788648248','MONS_00000000001297218527296',12,56);
INSERT INTO map_monsters VALUES ('MAP_00000000001296788648248','MONS_00000000001297218527296',12,57);
INSERT INTO map_monsters VALUES ('MAP_00000000001296788648248','MONS_00000000001297218527296',12,58);
INSERT INTO map_monsters VALUES ('MAP_00000000001296788648248','MONS_00000000001297218527296',12,59);
INSERT INTO map_monsters VALUES ('MAP_00000000001296788648248','MONS_00000000001297218527296',13,46);
INSERT INTO map_monsters VALUES ('MAP_00000000001296788648248','MONS_00000000001297218527296',13,50);
INSERT INTO map_monsters VALUES ('MAP_00000000001296788648248','MONS_00000000001297218527296',13,56);
INSERT INTO map_monsters VALUES ('MAP_00000000001296788648248','MONS_00000000001297218527296',13,58);
INSERT INTO map_monsters VALUES ('MAP_00000000001296788648248','MONS_00000000001297218527296',13,59);
INSERT INTO map_monsters VALUES ('MAP_00000000001296788648248','MONS_00000000001297218527296',13,60);
INSERT INTO map_monsters VALUES ('MAP_00000000001296788648248','MONS_00000000001297218527296',14,45);
INSERT INTO map_monsters VALUES ('MAP_00000000001296788648248','MONS_00000000001297218527296',14,46);
INSERT INTO map_monsters VALUES ('MAP_00000000001296788648248','MONS_00000000001297218527296',14,50);
INSERT INTO map_monsters VALUES ('MAP_00000000001296788648248','MONS_00000000001297218527296',14,54);
INSERT INTO map_monsters VALUES ('MAP_00000000001296788648248','MONS_00000000001297218527296',14,56);
INSERT INTO map_monsters VALUES ('MAP_00000000001296788648248','MONS_00000000001297218527296',14,58);
INSERT INTO map_monsters VALUES ('MAP_00000000001296788648248','MONS_00000000001297218527296',14,61);
INSERT INTO map_monsters VALUES ('MAP_00000000001296788648248','MONS_00000000001297218527296',15,44);
INSERT INTO map_monsters VALUES ('MAP_00000000001296788648248','MONS_00000000001297218527296',15,45);
INSERT INTO map_monsters VALUES ('MAP_00000000001296788648248','MONS_00000000001297218527296',15,46);
INSERT INTO map_monsters VALUES ('MAP_00000000001296788648248','MONS_00000000001297218527296',15,50);
INSERT INTO map_monsters VALUES ('MAP_00000000001296788648248','MONS_00000000001297218527296',15,51);
INSERT INTO map_monsters VALUES ('MAP_00000000001296788648248','MONS_00000000001297218527296',15,52);
INSERT INTO map_monsters VALUES ('MAP_00000000001296788648248','MONS_00000000001297218527296',15,53);
INSERT INTO map_monsters VALUES ('MAP_00000000001296788648248','MONS_00000000001297218527296',15,54);
INSERT INTO map_monsters VALUES ('MAP_00000000001296788648248','MONS_00000000001297218527296',15,55);
INSERT INTO map_monsters VALUES ('MAP_00000000001296788648248','MONS_00000000001297218527296',15,56);
INSERT INTO map_monsters VALUES ('MAP_00000000001296788648248','MONS_00000000001297218527296',16,44);
INSERT INTO map_monsters VALUES ('MAP_00000000001296788648248','MONS_00000000001297218527296',16,45);
INSERT INTO map_monsters VALUES ('MAP_00000000001296788648248','MONS_00000000001297218527296',16,46);
INSERT INTO map_monsters VALUES ('MAP_00000000001296788648248','MONS_00000000001297218527296',16,50);
INSERT INTO map_monsters VALUES ('MAP_00000000001296788648248','MONS_00000000001297218527296',16,51);
INSERT INTO map_monsters VALUES ('MAP_00000000001296788648248','MONS_00000000001297218527296',16,52);
INSERT INTO map_monsters VALUES ('MAP_00000000001296788648248','MONS_00000000001297218527296',16,53);
INSERT INTO map_monsters VALUES ('MAP_00000000001296788648248','MONS_00000000001297218527296',16,54);
INSERT INTO map_monsters VALUES ('MAP_00000000001296788648248','MONS_00000000001297218527296',16,55);
INSERT INTO map_monsters VALUES ('MAP_00000000001296788648248','MONS_00000000001297218527296',16,56);
INSERT INTO map_monsters VALUES ('MAP_00000000001296788648248','MONS_00000000001297218527296',17,45);
INSERT INTO map_monsters VALUES ('MAP_00000000001296788648248','MONS_00000000001297218527296',17,46);
INSERT INTO map_monsters VALUES ('MAP_00000000001296788648248','MONS_00000000001297218527296',17,50);
INSERT INTO map_monsters VALUES ('MAP_00000000001296788648248','MONS_00000000001297218527296',17,54);
INSERT INTO map_monsters VALUES ('MAP_00000000001296788648248','MONS_00000000001297218527296',17,56);
INSERT INTO map_monsters VALUES ('MAP_00000000001296788648248','MONS_00000000001297218527296',17,58);
INSERT INTO map_monsters VALUES ('MAP_00000000001296788648248','MONS_00000000001297218527296',17,61);
INSERT INTO map_monsters VALUES ('MAP_00000000001296788648248','MONS_00000000001297218527296',18,46);
INSERT INTO map_monsters VALUES ('MAP_00000000001296788648248','MONS_00000000001297218527296',18,50);
INSERT INTO map_monsters VALUES ('MAP_00000000001296788648248','MONS_00000000001297218527296',18,56);
INSERT INTO map_monsters VALUES ('MAP_00000000001296788648248','MONS_00000000001297218527296',18,58);
INSERT INTO map_monsters VALUES ('MAP_00000000001296788648248','MONS_00000000001297218527296',18,59);
INSERT INTO map_monsters VALUES ('MAP_00000000001296788648248','MONS_00000000001297218527296',18,60);
INSERT INTO map_monsters VALUES ('MAP_00000000001296788648248','MONS_00000000001297218527296',19,46);
INSERT INTO map_monsters VALUES ('MAP_00000000001296788648248','MONS_00000000001297218527296',19,50);
INSERT INTO map_monsters VALUES ('MAP_00000000001296788648248','MONS_00000000001297218527296',19,56);
INSERT INTO map_monsters VALUES ('MAP_00000000001296788648248','MONS_00000000001297218527296',19,57);
INSERT INTO map_monsters VALUES ('MAP_00000000001296788648248','MONS_00000000001297218527296',19,58);
INSERT INTO map_monsters VALUES ('MAP_00000000001296788648248','MONS_00000000001297218527296',19,59);
INSERT INTO map_monsters VALUES ('MAP_00000000001296788648248','MONS_00000000001297218527296',20,48);
INSERT INTO map_monsters VALUES ('MAP_00000000001296788648248','MONS_00000000001297218527296',21,46);
INSERT INTO map_monsters VALUES ('MAP_00000000001296788648248','MONS_00000000001297218527296',21,47);
INSERT INTO map_monsters VALUES ('MAP_00000000001296788648248','MONS_00000000001297218527296',21,48);
INSERT INTO map_monsters VALUES ('MAP_00000000001296788648248','MONS_00000000001297218527296',21,49);
INSERT INTO map_monsters VALUES ('MAP_00000000001296788648248','MONS_00000000001297218527296',21,50);
INSERT INTO map_monsters VALUES ('MAP_00000000001296788648248','MONS_00000000001297218527296',22,46);
INSERT INTO map_monsters VALUES ('MAP_00000000001296788648248','MONS_00000000001297218527296',22,47);
INSERT INTO map_monsters VALUES ('MAP_00000000001296788648248','MONS_00000000001297218527296',22,48);
INSERT INTO map_monsters VALUES ('MAP_00000000001296788648248','MONS_00000000001297218527296',22,49);
INSERT INTO map_monsters VALUES ('MAP_00000000001296788648248','MONS_00000000001297218527296',22,50);
INSERT INTO map_monsters VALUES ('MAP_00000000001296788648248','MONS_00000000001297218527296',22,51);
INSERT INTO map_monsters VALUES ('MAP_00000000001296788648248','MONS_00000000001297218527296',22,52);
INSERT INTO map_monsters VALUES ('MAP_00000000001296788648248','MONS_00000000001297218527296',22,53);
INSERT INTO map_monsters VALUES ('MAP_00000000001296788648248','MONS_00000000001297218527296',22,54);
INSERT INTO map_monsters VALUES ('MAP_00000000001296788648248','MONS_00000000001297218527296',22,55);
INSERT INTO map_monsters VALUES ('MAP_00000000001296788648248','MONS_00000000001297218527296',22,56);
INSERT INTO map_monsters VALUES ('MAP_00000000001296788648248','MONS_00000000001297218527296',22,57);
INSERT INTO map_monsters VALUES ('MAP_00000000001296788648248','MONS_00000000001297218527296',22,58);
INSERT INTO map_monsters VALUES ('MAP_00000000001296788648248','MONS_00000000001297218527296',22,59);
INSERT INTO map_monsters VALUES ('MAP_00000000001296788648248','MONS_00000000001297218527296',22,60);
INSERT INTO map_monsters VALUES ('MAP_00000000001296788648248','MONS_00000000001297218527296',22,61);
INSERT INTO map_monsters VALUES ('MAP_00000000001296788648248','MONS_00000000001297218527296',22,62);
INSERT INTO map_monsters VALUES ('MAP_00000000001296788648248','MONS_00000000001297218527296',23,46);
INSERT INTO map_monsters VALUES ('MAP_00000000001296788648248','MONS_00000000001297218527296',24,46);
INSERT INTO map_monsters VALUES ('MAP_00000000001296788648248','MONS_00000000001297218527296',25,46);
INSERT INTO map_monsters VALUES ('MAP_00000000001296788648248','MONS_00000000001297218527296',26,46);
INSERT INTO map_monsters VALUES ('MAP_00000000001296788648248','MONS_00000000001297218527296',26,47);
INSERT INTO map_monsters VALUES ('MAP_00000000001296788648248','MONS_00000000001297218527296',26,48);
INSERT INTO map_monsters VALUES ('MAP_00000000001296788648248','MONS_00000000001297218527296',26,49);
INSERT INTO map_monsters VALUES ('MAP_00000000001296788648248','MONS_00000000001297218527296',26,50);
INSERT INTO map_monsters VALUES ('MAP_00000000001296788648248','MONS_00000000001297218527296',26,51);
INSERT INTO map_monsters VALUES ('MAP_00000000001296788648248','MONS_00000000001297218527296',26,52);
INSERT INTO map_monsters VALUES ('MAP_00000000001296788648248','MONS_00000000001297218527296',26,53);
INSERT INTO map_monsters VALUES ('MAP_00000000001296788648248','MONS_00000000001297218527296',26,54);
INSERT INTO map_monsters VALUES ('MAP_00000000001296788648248','MONS_00000000001297218527296',26,55);
INSERT INTO map_monsters VALUES ('MAP_00000000001296788648248','MONS_00000000001297218527296',26,56);
INSERT INTO map_monsters VALUES ('MAP_00000000001296788648248','MONS_00000000001297218527296',26,57);
INSERT INTO map_monsters VALUES ('MAP_00000000001296788648248','MONS_00000000001297218527296',26,58);
INSERT INTO map_monsters VALUES ('MAP_00000000001296788648248','MONS_00000000001297218527296',26,59);
INSERT INTO map_monsters VALUES ('MAP_00000000001296788648248','MONS_00000000001297218527296',26,60);
INSERT INTO map_monsters VALUES ('MAP_00000000001296788648248','MONS_00000000001297218527296',26,61);
INSERT INTO monsters VALUES ('MONS_00000000001297218527309','Palace Guard',200,1,1,1,1,18,18,18,0,0);
INSERT INTO map_monsters VALUES ('MAP_00000000001296788648248','MONS_00000000001297218527309',5,46);
INSERT INTO map_monsters VALUES ('MAP_00000000001296788648248','MONS_00000000001297218527309',5,47);
INSERT INTO map_monsters VALUES ('MAP_00000000001296788648248','MONS_00000000001297218527309',5,48);
INSERT INTO map_monsters VALUES ('MAP_00000000001296788648248','MONS_00000000001297218527309',5,49);
INSERT INTO map_monsters VALUES ('MAP_00000000001296788648248','MONS_00000000001297218527309',5,50);
INSERT INTO map_monsters VALUES ('MAP_00000000001296788648248','MONS_00000000001297218527309',5,51);
INSERT INTO map_monsters VALUES ('MAP_00000000001296788648248','MONS_00000000001297218527309',5,52);
INSERT INTO map_monsters VALUES ('MAP_00000000001296788648248','MONS_00000000001297218527309',5,53);
INSERT INTO map_monsters VALUES ('MAP_00000000001296788648248','MONS_00000000001297218527309',5,54);
INSERT INTO map_monsters VALUES ('MAP_00000000001296788648248','MONS_00000000001297218527309',5,55);
INSERT INTO map_monsters VALUES ('MAP_00000000001296788648248','MONS_00000000001297218527309',5,56);
INSERT INTO map_monsters VALUES ('MAP_00000000001296788648248','MONS_00000000001297218527309',5,57);
INSERT INTO map_monsters VALUES ('MAP_00000000001296788648248','MONS_00000000001297218527309',5,58);
INSERT INTO map_monsters VALUES ('MAP_00000000001296788648248','MONS_00000000001297218527309',5,59);
INSERT INTO map_monsters VALUES ('MAP_00000000001296788648248','MONS_00000000001297218527309',5,60);
INSERT INTO map_monsters VALUES ('MAP_00000000001296788648248','MONS_00000000001297218527309',5,61);
INSERT INTO map_monsters VALUES ('MAP_00000000001296788648248','MONS_00000000001297218527309',6,46);
INSERT INTO map_monsters VALUES ('MAP_00000000001296788648248','MONS_00000000001297218527309',7,46);
INSERT INTO map_monsters VALUES ('MAP_00000000001296788648248','MONS_00000000001297218527309',8,46);
INSERT INTO map_monsters VALUES ('MAP_00000000001296788648248','MONS_00000000001297218527309',9,46);
INSERT INTO map_monsters VALUES ('MAP_00000000001296788648248','MONS_00000000001297218527309',9,47);
INSERT INTO map_monsters VALUES ('MAP_00000000001296788648248','MONS_00000000001297218527309',9,48);
INSERT INTO map_monsters VALUES ('MAP_00000000001296788648248','MONS_00000000001297218527309',9,49);
INSERT INTO map_monsters VALUES ('MAP_00000000001296788648248','MONS_00000000001297218527309',9,50);
INSERT INTO map_monsters VALUES ('MAP_00000000001296788648248','MONS_00000000001297218527309',9,51);
INSERT INTO map_monsters VALUES ('MAP_00000000001296788648248','MONS_00000000001297218527309',9,52);
INSERT INTO map_monsters VALUES ('MAP_00000000001296788648248','MONS_00000000001297218527309',9,53);
INSERT INTO map_monsters VALUES ('MAP_00000000001296788648248','MONS_00000000001297218527309',9,54);
INSERT INTO map_monsters VALUES ('MAP_00000000001296788648248','MONS_00000000001297218527309',9,55);
INSERT INTO map_monsters VALUES ('MAP_00000000001296788648248','MONS_00000000001297218527309',9,56);
INSERT INTO map_monsters VALUES ('MAP_00000000001296788648248','MONS_00000000001297218527309',9,57);
INSERT INTO map_monsters VALUES ('MAP_00000000001296788648248','MONS_00000000001297218527309',9,58);
INSERT INTO map_monsters VALUES ('MAP_00000000001296788648248','MONS_00000000001297218527309',9,59);
INSERT INTO map_monsters VALUES ('MAP_00000000001296788648248','MONS_00000000001297218527309',9,60);
INSERT INTO map_monsters VALUES ('MAP_00000000001296788648248','MONS_00000000001297218527309',9,61);
INSERT INTO map_monsters VALUES ('MAP_00000000001296788648248','MONS_00000000001297218527309',9,62);
INSERT INTO map_monsters VALUES ('MAP_00000000001296788648248','MONS_00000000001297218527309',10,46);
INSERT INTO map_monsters VALUES ('MAP_00000000001296788648248','MONS_00000000001297218527309',10,47);
INSERT INTO map_monsters VALUES ('MAP_00000000001296788648248','MONS_00000000001297218527309',10,48);
INSERT INTO map_monsters VALUES ('MAP_00000000001296788648248','MONS_00000000001297218527309',10,49);
INSERT INTO map_monsters VALUES ('MAP_00000000001296788648248','MONS_00000000001297218527309',10,50);
INSERT INTO map_monsters VALUES ('MAP_00000000001296788648248','MONS_00000000001297218527309',11,48);
INSERT INTO map_monsters VALUES ('MAP_00000000001296788648248','MONS_00000000001297218527309',12,46);
INSERT INTO map_monsters VALUES ('MAP_00000000001296788648248','MONS_00000000001297218527309',12,50);
INSERT INTO map_monsters VALUES ('MAP_00000000001296788648248','MONS_00000000001297218527309',12,56);
INSERT INTO map_monsters VALUES ('MAP_00000000001296788648248','MONS_00000000001297218527309',12,57);
INSERT INTO map_monsters VALUES ('MAP_00000000001296788648248','MONS_00000000001297218527309',12,58);
INSERT INTO map_monsters VALUES ('MAP_00000000001296788648248','MONS_00000000001297218527309',12,59);
INSERT INTO map_monsters VALUES ('MAP_00000000001296788648248','MONS_00000000001297218527309',13,46);
INSERT INTO map_monsters VALUES ('MAP_00000000001296788648248','MONS_00000000001297218527309',13,50);
INSERT INTO map_monsters VALUES ('MAP_00000000001296788648248','MONS_00000000001297218527309',13,56);
INSERT INTO map_monsters VALUES ('MAP_00000000001296788648248','MONS_00000000001297218527309',13,58);
INSERT INTO map_monsters VALUES ('MAP_00000000001296788648248','MONS_00000000001297218527309',13,59);
INSERT INTO map_monsters VALUES ('MAP_00000000001296788648248','MONS_00000000001297218527309',13,60);
INSERT INTO map_monsters VALUES ('MAP_00000000001296788648248','MONS_00000000001297218527309',14,45);
INSERT INTO map_monsters VALUES ('MAP_00000000001296788648248','MONS_00000000001297218527309',14,46);
INSERT INTO map_monsters VALUES ('MAP_00000000001296788648248','MONS_00000000001297218527309',14,50);
INSERT INTO map_monsters VALUES ('MAP_00000000001296788648248','MONS_00000000001297218527309',14,54);
INSERT INTO map_monsters VALUES ('MAP_00000000001296788648248','MONS_00000000001297218527309',14,56);
INSERT INTO map_monsters VALUES ('MAP_00000000001296788648248','MONS_00000000001297218527309',14,58);
INSERT INTO map_monsters VALUES ('MAP_00000000001296788648248','MONS_00000000001297218527309',14,61);
INSERT INTO map_monsters VALUES ('MAP_00000000001296788648248','MONS_00000000001297218527309',15,44);
INSERT INTO map_monsters VALUES ('MAP_00000000001296788648248','MONS_00000000001297218527309',15,45);
INSERT INTO map_monsters VALUES ('MAP_00000000001296788648248','MONS_00000000001297218527309',15,46);
INSERT INTO map_monsters VALUES ('MAP_00000000001296788648248','MONS_00000000001297218527309',15,50);
INSERT INTO map_monsters VALUES ('MAP_00000000001296788648248','MONS_00000000001297218527309',15,51);
INSERT INTO map_monsters VALUES ('MAP_00000000001296788648248','MONS_00000000001297218527309',15,52);
INSERT INTO map_monsters VALUES ('MAP_00000000001296788648248','MONS_00000000001297218527309',15,53);
INSERT INTO map_monsters VALUES ('MAP_00000000001296788648248','MONS_00000000001297218527309',15,54);
INSERT INTO map_monsters VALUES ('MAP_00000000001296788648248','MONS_00000000001297218527309',15,55);
INSERT INTO map_monsters VALUES ('MAP_00000000001296788648248','MONS_00000000001297218527309',15,56);
INSERT INTO map_monsters VALUES ('MAP_00000000001296788648248','MONS_00000000001297218527309',16,44);
INSERT INTO map_monsters VALUES ('MAP_00000000001296788648248','MONS_00000000001297218527309',16,45);
INSERT INTO map_monsters VALUES ('MAP_00000000001296788648248','MONS_00000000001297218527309',16,46);
INSERT INTO map_monsters VALUES ('MAP_00000000001296788648248','MONS_00000000001297218527309',16,50);
INSERT INTO map_monsters VALUES ('MAP_00000000001296788648248','MONS_00000000001297218527309',16,51);
INSERT INTO map_monsters VALUES ('MAP_00000000001296788648248','MONS_00000000001297218527309',16,52);
INSERT INTO map_monsters VALUES ('MAP_00000000001296788648248','MONS_00000000001297218527309',16,53);
INSERT INTO map_monsters VALUES ('MAP_00000000001296788648248','MONS_00000000001297218527309',16,54);
INSERT INTO map_monsters VALUES ('MAP_00000000001296788648248','MONS_00000000001297218527309',16,55);
INSERT INTO map_monsters VALUES ('MAP_00000000001296788648248','MONS_00000000001297218527309',16,56);
INSERT INTO map_monsters VALUES ('MAP_00000000001296788648248','MONS_00000000001297218527309',17,45);
INSERT INTO map_monsters VALUES ('MAP_00000000001296788648248','MONS_00000000001297218527309',17,46);
INSERT INTO map_monsters VALUES ('MAP_00000000001296788648248','MONS_00000000001297218527309',17,50);
INSERT INTO map_monsters VALUES ('MAP_00000000001296788648248','MONS_00000000001297218527309',17,54);
INSERT INTO map_monsters VALUES ('MAP_00000000001296788648248','MONS_00000000001297218527309',17,56);
INSERT INTO map_monsters VALUES ('MAP_00000000001296788648248','MONS_00000000001297218527309',17,58);
INSERT INTO map_monsters VALUES ('MAP_00000000001296788648248','MONS_00000000001297218527309',17,61);
INSERT INTO map_monsters VALUES ('MAP_00000000001296788648248','MONS_00000000001297218527309',18,46);
INSERT INTO map_monsters VALUES ('MAP_00000000001296788648248','MONS_00000000001297218527309',18,50);
INSERT INTO map_monsters VALUES ('MAP_00000000001296788648248','MONS_00000000001297218527309',18,56);
INSERT INTO map_monsters VALUES ('MAP_00000000001296788648248','MONS_00000000001297218527309',18,58);
INSERT INTO map_monsters VALUES ('MAP_00000000001296788648248','MONS_00000000001297218527309',18,59);
INSERT INTO map_monsters VALUES ('MAP_00000000001296788648248','MONS_00000000001297218527309',18,60);
INSERT INTO map_monsters VALUES ('MAP_00000000001296788648248','MONS_00000000001297218527309',19,46);
INSERT INTO map_monsters VALUES ('MAP_00000000001296788648248','MONS_00000000001297218527309',19,50);
INSERT INTO map_monsters VALUES ('MAP_00000000001296788648248','MONS_00000000001297218527309',19,56);
INSERT INTO map_monsters VALUES ('MAP_00000000001296788648248','MONS_00000000001297218527309',19,57);
INSERT INTO map_monsters VALUES ('MAP_00000000001296788648248','MONS_00000000001297218527309',19,58);
INSERT INTO map_monsters VALUES ('MAP_00000000001296788648248','MONS_00000000001297218527309',19,59);
INSERT INTO map_monsters VALUES ('MAP_00000000001296788648248','MONS_00000000001297218527309',20,48);
INSERT INTO map_monsters VALUES ('MAP_00000000001296788648248','MONS_00000000001297218527309',21,46);
INSERT INTO map_monsters VALUES ('MAP_00000000001296788648248','MONS_00000000001297218527309',21,47);
INSERT INTO map_monsters VALUES ('MAP_00000000001296788648248','MONS_00000000001297218527309',21,48);
INSERT INTO map_monsters VALUES ('MAP_00000000001296788648248','MONS_00000000001297218527309',21,49);
INSERT INTO map_monsters VALUES ('MAP_00000000001296788648248','MONS_00000000001297218527309',21,50);
INSERT INTO map_monsters VALUES ('MAP_00000000001296788648248','MONS_00000000001297218527309',22,46);
INSERT INTO map_monsters VALUES ('MAP_00000000001296788648248','MONS_00000000001297218527309',22,47);
INSERT INTO map_monsters VALUES ('MAP_00000000001296788648248','MONS_00000000001297218527309',22,48);
INSERT INTO map_monsters VALUES ('MAP_00000000001296788648248','MONS_00000000001297218527309',22,49);
INSERT INTO map_monsters VALUES ('MAP_00000000001296788648248','MONS_00000000001297218527309',22,50);
INSERT INTO map_monsters VALUES ('MAP_00000000001296788648248','MONS_00000000001297218527309',22,51);
INSERT INTO map_monsters VALUES ('MAP_00000000001296788648248','MONS_00000000001297218527309',22,52);
INSERT INTO map_monsters VALUES ('MAP_00000000001296788648248','MONS_00000000001297218527309',22,53);
INSERT INTO map_monsters VALUES ('MAP_00000000001296788648248','MONS_00000000001297218527309',22,54);
INSERT INTO map_monsters VALUES ('MAP_00000000001296788648248','MONS_00000000001297218527309',22,55);
INSERT INTO map_monsters VALUES ('MAP_00000000001296788648248','MONS_00000000001297218527309',22,56);
INSERT INTO map_monsters VALUES ('MAP_00000000001296788648248','MONS_00000000001297218527309',22,57);
INSERT INTO map_monsters VALUES ('MAP_00000000001296788648248','MONS_00000000001297218527309',22,58);
INSERT INTO map_monsters VALUES ('MAP_00000000001296788648248','MONS_00000000001297218527309',22,59);
INSERT INTO map_monsters VALUES ('MAP_00000000001296788648248','MONS_00000000001297218527309',22,60);
INSERT INTO map_monsters VALUES ('MAP_00000000001296788648248','MONS_00000000001297218527309',22,61);
INSERT INTO map_monsters VALUES ('MAP_00000000001296788648248','MONS_00000000001297218527309',22,62);
INSERT INTO map_monsters VALUES ('MAP_00000000001296788648248','MONS_00000000001297218527309',23,46);
INSERT INTO map_monsters VALUES ('MAP_00000000001296788648248','MONS_00000000001297218527309',24,46);
INSERT INTO map_monsters VALUES ('MAP_00000000001296788648248','MONS_00000000001297218527309',25,46);
INSERT INTO map_monsters VALUES ('MAP_00000000001296788648248','MONS_00000000001297218527309',26,46);
INSERT INTO map_monsters VALUES ('MAP_00000000001296788648248','MONS_00000000001297218527309',26,47);
INSERT INTO map_monsters VALUES ('MAP_00000000001296788648248','MONS_00000000001297218527309',26,48);
INSERT INTO map_monsters VALUES ('MAP_00000000001296788648248','MONS_00000000001297218527309',26,49);
INSERT INTO map_monsters VALUES ('MAP_00000000001296788648248','MONS_00000000001297218527309',26,50);
INSERT INTO map_monsters VALUES ('MAP_00000000001296788648248','MONS_00000000001297218527309',26,51);
INSERT INTO map_monsters VALUES ('MAP_00000000001296788648248','MONS_00000000001297218527309',26,52);
INSERT INTO map_monsters VALUES ('MAP_00000000001296788648248','MONS_00000000001297218527309',26,53);
INSERT INTO map_monsters VALUES ('MAP_00000000001296788648248','MONS_00000000001297218527309',26,54);
INSERT INTO map_monsters VALUES ('MAP_00000000001296788648248','MONS_00000000001297218527309',26,55);
INSERT INTO map_monsters VALUES ('MAP_00000000001296788648248','MONS_00000000001297218527309',26,56);
INSERT INTO map_monsters VALUES ('MAP_00000000001296788648248','MONS_00000000001297218527309',26,57);
INSERT INTO map_monsters VALUES ('MAP_00000000001296788648248','MONS_00000000001297218527309',26,58);
INSERT INTO map_monsters VALUES ('MAP_00000000001296788648248','MONS_00000000001297218527309',26,59);
INSERT INTO map_monsters VALUES ('MAP_00000000001296788648248','MONS_00000000001297218527309',26,60);
INSERT INTO map_monsters VALUES ('MAP_00000000001296788648248','MONS_00000000001297218527309',26,61);
INSERT INTO monsters VALUES ('MONS_00000000001297218527323','Palace Guard Captain',215,1,1,1,1,19,19,19,0,0);
INSERT INTO map_monsters VALUES ('MAP_00000000001296788648248','MONS_00000000001297218527323',5,46);
INSERT INTO map_monsters VALUES ('MAP_00000000001296788648248','MONS_00000000001297218527323',5,47);
INSERT INTO map_monsters VALUES ('MAP_00000000001296788648248','MONS_00000000001297218527323',5,48);
INSERT INTO map_monsters VALUES ('MAP_00000000001296788648248','MONS_00000000001297218527323',5,49);
INSERT INTO map_monsters VALUES ('MAP_00000000001296788648248','MONS_00000000001297218527323',5,50);
INSERT INTO map_monsters VALUES ('MAP_00000000001296788648248','MONS_00000000001297218527323',5,51);
INSERT INTO map_monsters VALUES ('MAP_00000000001296788648248','MONS_00000000001297218527323',5,52);
INSERT INTO map_monsters VALUES ('MAP_00000000001296788648248','MONS_00000000001297218527323',5,53);
INSERT INTO map_monsters VALUES ('MAP_00000000001296788648248','MONS_00000000001297218527323',5,54);
INSERT INTO map_monsters VALUES ('MAP_00000000001296788648248','MONS_00000000001297218527323',5,55);
INSERT INTO map_monsters VALUES ('MAP_00000000001296788648248','MONS_00000000001297218527323',5,56);
INSERT INTO map_monsters VALUES ('MAP_00000000001296788648248','MONS_00000000001297218527323',5,57);
INSERT INTO map_monsters VALUES ('MAP_00000000001296788648248','MONS_00000000001297218527323',5,58);
INSERT INTO map_monsters VALUES ('MAP_00000000001296788648248','MONS_00000000001297218527323',5,59);
INSERT INTO map_monsters VALUES ('MAP_00000000001296788648248','MONS_00000000001297218527323',5,60);
INSERT INTO map_monsters VALUES ('MAP_00000000001296788648248','MONS_00000000001297218527323',5,61);
INSERT INTO map_monsters VALUES ('MAP_00000000001296788648248','MONS_00000000001297218527323',6,46);
INSERT INTO map_monsters VALUES ('MAP_00000000001296788648248','MONS_00000000001297218527323',7,46);
INSERT INTO map_monsters VALUES ('MAP_00000000001296788648248','MONS_00000000001297218527323',8,46);
INSERT INTO map_monsters VALUES ('MAP_00000000001296788648248','MONS_00000000001297218527323',9,46);
INSERT INTO map_monsters VALUES ('MAP_00000000001296788648248','MONS_00000000001297218527323',9,47);
INSERT INTO map_monsters VALUES ('MAP_00000000001296788648248','MONS_00000000001297218527323',9,48);
INSERT INTO map_monsters VALUES ('MAP_00000000001296788648248','MONS_00000000001297218527323',9,49);
INSERT INTO map_monsters VALUES ('MAP_00000000001296788648248','MONS_00000000001297218527323',9,50);
INSERT INTO map_monsters VALUES ('MAP_00000000001296788648248','MONS_00000000001297218527323',9,51);
INSERT INTO map_monsters VALUES ('MAP_00000000001296788648248','MONS_00000000001297218527323',9,52);
INSERT INTO map_monsters VALUES ('MAP_00000000001296788648248','MONS_00000000001297218527323',9,53);
INSERT INTO map_monsters VALUES ('MAP_00000000001296788648248','MONS_00000000001297218527323',9,54);
INSERT INTO map_monsters VALUES ('MAP_00000000001296788648248','MONS_00000000001297218527323',9,55);
INSERT INTO map_monsters VALUES ('MAP_00000000001296788648248','MONS_00000000001297218527323',9,56);
INSERT INTO map_monsters VALUES ('MAP_00000000001296788648248','MONS_00000000001297218527323',9,57);
INSERT INTO map_monsters VALUES ('MAP_00000000001296788648248','MONS_00000000001297218527323',9,58);
INSERT INTO map_monsters VALUES ('MAP_00000000001296788648248','MONS_00000000001297218527323',9,59);
INSERT INTO map_monsters VALUES ('MAP_00000000001296788648248','MONS_00000000001297218527323',9,60);
INSERT INTO map_monsters VALUES ('MAP_00000000001296788648248','MONS_00000000001297218527323',9,61);
INSERT INTO map_monsters VALUES ('MAP_00000000001296788648248','MONS_00000000001297218527323',9,62);
INSERT INTO map_monsters VALUES ('MAP_00000000001296788648248','MONS_00000000001297218527323',10,46);
INSERT INTO map_monsters VALUES ('MAP_00000000001296788648248','MONS_00000000001297218527323',10,47);
INSERT INTO map_monsters VALUES ('MAP_00000000001296788648248','MONS_00000000001297218527323',10,48);
INSERT INTO map_monsters VALUES ('MAP_00000000001296788648248','MONS_00000000001297218527323',10,49);
INSERT INTO map_monsters VALUES ('MAP_00000000001296788648248','MONS_00000000001297218527323',10,50);
INSERT INTO map_monsters VALUES ('MAP_00000000001296788648248','MONS_00000000001297218527323',11,48);
INSERT INTO map_monsters VALUES ('MAP_00000000001296788648248','MONS_00000000001297218527323',12,46);
INSERT INTO map_monsters VALUES ('MAP_00000000001296788648248','MONS_00000000001297218527323',12,50);
INSERT INTO map_monsters VALUES ('MAP_00000000001296788648248','MONS_00000000001297218527323',12,56);
INSERT INTO map_monsters VALUES ('MAP_00000000001296788648248','MONS_00000000001297218527323',12,57);
INSERT INTO map_monsters VALUES ('MAP_00000000001296788648248','MONS_00000000001297218527323',12,58);
INSERT INTO map_monsters VALUES ('MAP_00000000001296788648248','MONS_00000000001297218527323',12,59);
INSERT INTO map_monsters VALUES ('MAP_00000000001296788648248','MONS_00000000001297218527323',13,46);
INSERT INTO map_monsters VALUES ('MAP_00000000001296788648248','MONS_00000000001297218527323',13,50);
INSERT INTO map_monsters VALUES ('MAP_00000000001296788648248','MONS_00000000001297218527323',13,56);
INSERT INTO map_monsters VALUES ('MAP_00000000001296788648248','MONS_00000000001297218527323',13,58);
INSERT INTO map_monsters VALUES ('MAP_00000000001296788648248','MONS_00000000001297218527323',13,59);
INSERT INTO map_monsters VALUES ('MAP_00000000001296788648248','MONS_00000000001297218527323',13,60);
INSERT INTO map_monsters VALUES ('MAP_00000000001296788648248','MONS_00000000001297218527323',14,45);
INSERT INTO map_monsters VALUES ('MAP_00000000001296788648248','MONS_00000000001297218527323',14,46);
INSERT INTO map_monsters VALUES ('MAP_00000000001296788648248','MONS_00000000001297218527323',14,50);
INSERT INTO map_monsters VALUES ('MAP_00000000001296788648248','MONS_00000000001297218527323',14,54);
INSERT INTO map_monsters VALUES ('MAP_00000000001296788648248','MONS_00000000001297218527323',14,56);
INSERT INTO map_monsters VALUES ('MAP_00000000001296788648248','MONS_00000000001297218527323',14,58);
INSERT INTO map_monsters VALUES ('MAP_00000000001296788648248','MONS_00000000001297218527323',14,61);
INSERT INTO map_monsters VALUES ('MAP_00000000001296788648248','MONS_00000000001297218527323',15,44);
INSERT INTO map_monsters VALUES ('MAP_00000000001296788648248','MONS_00000000001297218527323',15,45);
INSERT INTO map_monsters VALUES ('MAP_00000000001296788648248','MONS_00000000001297218527323',15,46);
INSERT INTO map_monsters VALUES ('MAP_00000000001296788648248','MONS_00000000001297218527323',15,50);
INSERT INTO map_monsters VALUES ('MAP_00000000001296788648248','MONS_00000000001297218527323',15,51);
INSERT INTO map_monsters VALUES ('MAP_00000000001296788648248','MONS_00000000001297218527323',15,52);
INSERT INTO map_monsters VALUES ('MAP_00000000001296788648248','MONS_00000000001297218527323',15,53);
INSERT INTO map_monsters VALUES ('MAP_00000000001296788648248','MONS_00000000001297218527323',15,54);
INSERT INTO map_monsters VALUES ('MAP_00000000001296788648248','MONS_00000000001297218527323',15,55);
INSERT INTO map_monsters VALUES ('MAP_00000000001296788648248','MONS_00000000001297218527323',15,56);
INSERT INTO map_monsters VALUES ('MAP_00000000001296788648248','MONS_00000000001297218527323',16,44);
INSERT INTO map_monsters VALUES ('MAP_00000000001296788648248','MONS_00000000001297218527323',16,45);
INSERT INTO map_monsters VALUES ('MAP_00000000001296788648248','MONS_00000000001297218527323',16,46);
INSERT INTO map_monsters VALUES ('MAP_00000000001296788648248','MONS_00000000001297218527323',16,50);
INSERT INTO map_monsters VALUES ('MAP_00000000001296788648248','MONS_00000000001297218527323',16,51);
INSERT INTO map_monsters VALUES ('MAP_00000000001296788648248','MONS_00000000001297218527323',16,52);
INSERT INTO map_monsters VALUES ('MAP_00000000001296788648248','MONS_00000000001297218527323',16,53);
INSERT INTO map_monsters VALUES ('MAP_00000000001296788648248','MONS_00000000001297218527323',16,54);
INSERT INTO map_monsters VALUES ('MAP_00000000001296788648248','MONS_00000000001297218527323',16,55);
INSERT INTO map_monsters VALUES ('MAP_00000000001296788648248','MONS_00000000001297218527323',16,56);
INSERT INTO map_monsters VALUES ('MAP_00000000001296788648248','MONS_00000000001297218527323',17,45);
INSERT INTO map_monsters VALUES ('MAP_00000000001296788648248','MONS_00000000001297218527323',17,46);
INSERT INTO map_monsters VALUES ('MAP_00000000001296788648248','MONS_00000000001297218527323',17,50);
INSERT INTO map_monsters VALUES ('MAP_00000000001296788648248','MONS_00000000001297218527323',17,54);
INSERT INTO map_monsters VALUES ('MAP_00000000001296788648248','MONS_00000000001297218527323',17,56);
INSERT INTO map_monsters VALUES ('MAP_00000000001296788648248','MONS_00000000001297218527323',17,58);
INSERT INTO map_monsters VALUES ('MAP_00000000001296788648248','MONS_00000000001297218527323',17,61);
INSERT INTO map_monsters VALUES ('MAP_00000000001296788648248','MONS_00000000001297218527323',18,46);
INSERT INTO map_monsters VALUES ('MAP_00000000001296788648248','MONS_00000000001297218527323',18,50);
INSERT INTO map_monsters VALUES ('MAP_00000000001296788648248','MONS_00000000001297218527323',18,56);
INSERT INTO map_monsters VALUES ('MAP_00000000001296788648248','MONS_00000000001297218527323',18,58);
INSERT INTO map_monsters VALUES ('MAP_00000000001296788648248','MONS_00000000001297218527323',18,59);
INSERT INTO map_monsters VALUES ('MAP_00000000001296788648248','MONS_00000000001297218527323',18,60);
INSERT INTO map_monsters VALUES ('MAP_00000000001296788648248','MONS_00000000001297218527323',19,46);
INSERT INTO map_monsters VALUES ('MAP_00000000001296788648248','MONS_00000000001297218527323',19,50);
INSERT INTO map_monsters VALUES ('MAP_00000000001296788648248','MONS_00000000001297218527323',19,56);
INSERT INTO map_monsters VALUES ('MAP_00000000001296788648248','MONS_00000000001297218527323',19,57);
INSERT INTO map_monsters VALUES ('MAP_00000000001296788648248','MONS_00000000001297218527323',19,58);
INSERT INTO map_monsters VALUES ('MAP_00000000001296788648248','MONS_00000000001297218527323',19,59);
INSERT INTO map_monsters VALUES ('MAP_00000000001296788648248','MONS_00000000001297218527323',20,48);
INSERT INTO map_monsters VALUES ('MAP_00000000001296788648248','MONS_00000000001297218527323',21,46);
INSERT INTO map_monsters VALUES ('MAP_00000000001296788648248','MONS_00000000001297218527323',21,47);
INSERT INTO map_monsters VALUES ('MAP_00000000001296788648248','MONS_00000000001297218527323',21,48);
INSERT INTO map_monsters VALUES ('MAP_00000000001296788648248','MONS_00000000001297218527323',21,49);
INSERT INTO map_monsters VALUES ('MAP_00000000001296788648248','MONS_00000000001297218527323',21,50);
INSERT INTO map_monsters VALUES ('MAP_00000000001296788648248','MONS_00000000001297218527323',22,46);
INSERT INTO map_monsters VALUES ('MAP_00000000001296788648248','MONS_00000000001297218527323',22,47);
INSERT INTO map_monsters VALUES ('MAP_00000000001296788648248','MONS_00000000001297218527323',22,48);
INSERT INTO map_monsters VALUES ('MAP_00000000001296788648248','MONS_00000000001297218527323',22,49);
INSERT INTO map_monsters VALUES ('MAP_00000000001296788648248','MONS_00000000001297218527323',22,50);
INSERT INTO map_monsters VALUES ('MAP_00000000001296788648248','MONS_00000000001297218527323',22,51);
INSERT INTO map_monsters VALUES ('MAP_00000000001296788648248','MONS_00000000001297218527323',22,52);
INSERT INTO map_monsters VALUES ('MAP_00000000001296788648248','MONS_00000000001297218527323',22,53);
INSERT INTO map_monsters VALUES ('MAP_00000000001296788648248','MONS_00000000001297218527323',22,54);
INSERT INTO map_monsters VALUES ('MAP_00000000001296788648248','MONS_00000000001297218527323',22,55);
INSERT INTO map_monsters VALUES ('MAP_00000000001296788648248','MONS_00000000001297218527323',22,56);
INSERT INTO map_monsters VALUES ('MAP_00000000001296788648248','MONS_00000000001297218527323',22,57);
INSERT INTO map_monsters VALUES ('MAP_00000000001296788648248','MONS_00000000001297218527323',22,58);
INSERT INTO map_monsters VALUES ('MAP_00000000001296788648248','MONS_00000000001297218527323',22,59);
INSERT INTO map_monsters VALUES ('MAP_00000000001296788648248','MONS_00000000001297218527323',22,60);
INSERT INTO map_monsters VALUES ('MAP_00000000001296788648248','MONS_00000000001297218527323',22,61);
INSERT INTO map_monsters VALUES ('MAP_00000000001296788648248','MONS_00000000001297218527323',22,62);
INSERT INTO map_monsters VALUES ('MAP_00000000001296788648248','MONS_00000000001297218527323',23,46);
INSERT INTO map_monsters VALUES ('MAP_00000000001296788648248','MONS_00000000001297218527323',24,46);
INSERT INTO map_monsters VALUES ('MAP_00000000001296788648248','MONS_00000000001297218527323',25,46);
INSERT INTO map_monsters VALUES ('MAP_00000000001296788648248','MONS_00000000001297218527323',26,46);
INSERT INTO map_monsters VALUES ('MAP_00000000001296788648248','MONS_00000000001297218527323',26,47);
INSERT INTO map_monsters VALUES ('MAP_00000000001296788648248','MONS_00000000001297218527323',26,48);
INSERT INTO map_monsters VALUES ('MAP_00000000001296788648248','MONS_00000000001297218527323',26,49);
INSERT INTO map_monsters VALUES ('MAP_00000000001296788648248','MONS_00000000001297218527323',26,50);
INSERT INTO map_monsters VALUES ('MAP_00000000001296788648248','MONS_00000000001297218527323',26,51);
INSERT INTO map_monsters VALUES ('MAP_00000000001296788648248','MONS_00000000001297218527323',26,52);
INSERT INTO map_monsters VALUES ('MAP_00000000001296788648248','MONS_00000000001297218527323',26,53);
INSERT INTO map_monsters VALUES ('MAP_00000000001296788648248','MONS_00000000001297218527323',26,54);
INSERT INTO map_monsters VALUES ('MAP_00000000001296788648248','MONS_00000000001297218527323',26,55);
INSERT INTO map_monsters VALUES ('MAP_00000000001296788648248','MONS_00000000001297218527323',26,56);
INSERT INTO map_monsters VALUES ('MAP_00000000001296788648248','MONS_00000000001297218527323',26,57);
INSERT INTO map_monsters VALUES ('MAP_00000000001296788648248','MONS_00000000001297218527323',26,58);
INSERT INTO map_monsters VALUES ('MAP_00000000001296788648248','MONS_00000000001297218527323',26,59);
INSERT INTO map_monsters VALUES ('MAP_00000000001296788648248','MONS_00000000001297218527323',26,60);
INSERT INTO map_monsters VALUES ('MAP_00000000001296788648248','MONS_00000000001297218527323',26,61);
INSERT INTO monsters VALUES ('MONS_00000000001297218527337','Royal Guardsman',250,1,1,1,1,19,19,19,0,0);
INSERT INTO map_monsters VALUES ('MAP_00000000001296788648248','MONS_00000000001297218527337',12,53);
INSERT INTO map_monsters VALUES ('MAP_00000000001296788648248','MONS_00000000001297218527337',12,54);
INSERT INTO map_monsters VALUES ('MAP_00000000001296788648248','MONS_00000000001297218527337',12,61);
INSERT INTO map_monsters VALUES ('MAP_00000000001296788648248','MONS_00000000001297218527337',12,62);
INSERT INTO map_monsters VALUES ('MAP_00000000001296788648248','MONS_00000000001297218527337',13,53);
INSERT INTO map_monsters VALUES ('MAP_00000000001296788648248','MONS_00000000001297218527337',13,54);
INSERT INTO map_monsters VALUES ('MAP_00000000001296788648248','MONS_00000000001297218527337',13,61);
INSERT INTO map_monsters VALUES ('MAP_00000000001296788648248','MONS_00000000001297218527337',13,62);
INSERT INTO map_monsters VALUES ('MAP_00000000001296788648248','MONS_00000000001297218527337',15,58);
INSERT INTO map_monsters VALUES ('MAP_00000000001296788648248','MONS_00000000001297218527337',15,59);
INSERT INTO map_monsters VALUES ('MAP_00000000001296788648248','MONS_00000000001297218527337',15,61);
INSERT INTO map_monsters VALUES ('MAP_00000000001296788648248','MONS_00000000001297218527337',15,62);
INSERT INTO map_monsters VALUES ('MAP_00000000001296788648248','MONS_00000000001297218527337',16,58);
INSERT INTO map_monsters VALUES ('MAP_00000000001296788648248','MONS_00000000001297218527337',16,59);
INSERT INTO map_monsters VALUES ('MAP_00000000001296788648248','MONS_00000000001297218527337',16,61);
INSERT INTO map_monsters VALUES ('MAP_00000000001296788648248','MONS_00000000001297218527337',16,62);
INSERT INTO map_monsters VALUES ('MAP_00000000001296788648248','MONS_00000000001297218527337',18,53);
INSERT INTO map_monsters VALUES ('MAP_00000000001296788648248','MONS_00000000001297218527337',18,54);
INSERT INTO map_monsters VALUES ('MAP_00000000001296788648248','MONS_00000000001297218527337',18,61);
INSERT INTO map_monsters VALUES ('MAP_00000000001296788648248','MONS_00000000001297218527337',18,62);
INSERT INTO map_monsters VALUES ('MAP_00000000001296788648248','MONS_00000000001297218527337',19,53);
INSERT INTO map_monsters VALUES ('MAP_00000000001296788648248','MONS_00000000001297218527337',19,54);
INSERT INTO map_monsters VALUES ('MAP_00000000001296788648248','MONS_00000000001297218527337',19,61);
INSERT INTO map_monsters VALUES ('MAP_00000000001296788648248','MONS_00000000001297218527337',19,62);
INSERT INTO monsters VALUES ('MONS_00000000001297218527350','Assassination Guild Master',325,1,1,1,1,22,22,22,0,0);
INSERT INTO map_monsters VALUES ('MAP_00000000001296788648248','MONS_00000000001297218527350',12,53);
INSERT INTO map_monsters VALUES ('MAP_00000000001296788648248','MONS_00000000001297218527350',12,54);
INSERT INTO map_monsters VALUES ('MAP_00000000001296788648248','MONS_00000000001297218527350',12,61);
INSERT INTO map_monsters VALUES ('MAP_00000000001296788648248','MONS_00000000001297218527350',12,62);
INSERT INTO map_monsters VALUES ('MAP_00000000001296788648248','MONS_00000000001297218527350',13,53);
INSERT INTO map_monsters VALUES ('MAP_00000000001296788648248','MONS_00000000001297218527350',13,54);
INSERT INTO map_monsters VALUES ('MAP_00000000001296788648248','MONS_00000000001297218527350',13,61);
INSERT INTO map_monsters VALUES ('MAP_00000000001296788648248','MONS_00000000001297218527350',13,62);
INSERT INTO map_monsters VALUES ('MAP_00000000001296788648248','MONS_00000000001297218527350',15,58);
INSERT INTO map_monsters VALUES ('MAP_00000000001296788648248','MONS_00000000001297218527350',15,59);
INSERT INTO map_monsters VALUES ('MAP_00000000001296788648248','MONS_00000000001297218527350',15,61);
INSERT INTO map_monsters VALUES ('MAP_00000000001296788648248','MONS_00000000001297218527350',15,62);
INSERT INTO map_monsters VALUES ('MAP_00000000001296788648248','MONS_00000000001297218527350',16,58);
INSERT INTO map_monsters VALUES ('MAP_00000000001296788648248','MONS_00000000001297218527350',16,59);
INSERT INTO map_monsters VALUES ('MAP_00000000001296788648248','MONS_00000000001297218527350',16,61);
INSERT INTO map_monsters VALUES ('MAP_00000000001296788648248','MONS_00000000001297218527350',16,62);
INSERT INTO map_monsters VALUES ('MAP_00000000001296788648248','MONS_00000000001297218527350',18,53);
INSERT INTO map_monsters VALUES ('MAP_00000000001296788648248','MONS_00000000001297218527350',18,54);
INSERT INTO map_monsters VALUES ('MAP_00000000001296788648248','MONS_00000000001297218527350',18,61);
INSERT INTO map_monsters VALUES ('MAP_00000000001296788648248','MONS_00000000001297218527350',18,62);
INSERT INTO map_monsters VALUES ('MAP_00000000001296788648248','MONS_00000000001297218527350',19,53);
INSERT INTO map_monsters VALUES ('MAP_00000000001296788648248','MONS_00000000001297218527350',19,54);
INSERT INTO map_monsters VALUES ('MAP_00000000001296788648248','MONS_00000000001297218527350',19,61);
INSERT INTO map_monsters VALUES ('MAP_00000000001296788648248','MONS_00000000001297218527350',19,62);
INSERT INTO monsters VALUES ('MONS_00000000001297218527367','Stoic General',500,1,1,1,1,24,24,24,0,0);
INSERT INTO map_monsters VALUES ('MAP_00000000001296788648248','MONS_00000000001297218527367',12,53);
INSERT INTO map_monsters VALUES ('MAP_00000000001296788648248','MONS_00000000001297218527367',12,54);
INSERT INTO map_monsters VALUES ('MAP_00000000001296788648248','MONS_00000000001297218527367',12,61);
INSERT INTO map_monsters VALUES ('MAP_00000000001296788648248','MONS_00000000001297218527367',12,62);
INSERT INTO map_monsters VALUES ('MAP_00000000001296788648248','MONS_00000000001297218527367',13,53);
INSERT INTO map_monsters VALUES ('MAP_00000000001296788648248','MONS_00000000001297218527367',13,54);
INSERT INTO map_monsters VALUES ('MAP_00000000001296788648248','MONS_00000000001297218527367',13,61);
INSERT INTO map_monsters VALUES ('MAP_00000000001296788648248','MONS_00000000001297218527367',13,62);
INSERT INTO map_monsters VALUES ('MAP_00000000001296788648248','MONS_00000000001297218527367',15,58);
INSERT INTO map_monsters VALUES ('MAP_00000000001296788648248','MONS_00000000001297218527367',15,59);
INSERT INTO map_monsters VALUES ('MAP_00000000001296788648248','MONS_00000000001297218527367',15,61);
INSERT INTO map_monsters VALUES ('MAP_00000000001296788648248','MONS_00000000001297218527367',15,62);
INSERT INTO map_monsters VALUES ('MAP_00000000001296788648248','MONS_00000000001297218527367',16,58);
INSERT INTO map_monsters VALUES ('MAP_00000000001296788648248','MONS_00000000001297218527367',16,59);
INSERT INTO map_monsters VALUES ('MAP_00000000001296788648248','MONS_00000000001297218527367',16,61);
INSERT INTO map_monsters VALUES ('MAP_00000000001296788648248','MONS_00000000001297218527367',16,62);
INSERT INTO map_monsters VALUES ('MAP_00000000001296788648248','MONS_00000000001297218527367',18,53);
INSERT INTO map_monsters VALUES ('MAP_00000000001296788648248','MONS_00000000001297218527367',18,54);
INSERT INTO map_monsters VALUES ('MAP_00000000001296788648248','MONS_00000000001297218527367',18,61);
INSERT INTO map_monsters VALUES ('MAP_00000000001296788648248','MONS_00000000001297218527367',18,62);
INSERT INTO map_monsters VALUES ('MAP_00000000001296788648248','MONS_00000000001297218527367',19,53);
INSERT INTO map_monsters VALUES ('MAP_00000000001296788648248','MONS_00000000001297218527367',19,54);
INSERT INTO map_monsters VALUES ('MAP_00000000001296788648248','MONS_00000000001297218527367',19,61);
INSERT INTO map_monsters VALUES ('MAP_00000000001296788648248','MONS_00000000001297218527367',19,62);
INSERT INTO monsters VALUES ('MONS_00000000001297218527381','Elite Bodyguard',700,1,1,1,1,27,27,27,0,0);
INSERT INTO map_monsters VALUES ('MAP_00000000001296788648248','MONS_00000000001297218527381',12,53);
INSERT INTO map_monsters VALUES ('MAP_00000000001296788648248','MONS_00000000001297218527381',12,54);
INSERT INTO map_monsters VALUES ('MAP_00000000001296788648248','MONS_00000000001297218527381',12,61);
INSERT INTO map_monsters VALUES ('MAP_00000000001296788648248','MONS_00000000001297218527381',12,62);
INSERT INTO map_monsters VALUES ('MAP_00000000001296788648248','MONS_00000000001297218527381',13,53);
INSERT INTO map_monsters VALUES ('MAP_00000000001296788648248','MONS_00000000001297218527381',13,54);
INSERT INTO map_monsters VALUES ('MAP_00000000001296788648248','MONS_00000000001297218527381',13,61);
INSERT INTO map_monsters VALUES ('MAP_00000000001296788648248','MONS_00000000001297218527381',13,62);
INSERT INTO map_monsters VALUES ('MAP_00000000001296788648248','MONS_00000000001297218527381',15,58);
INSERT INTO map_monsters VALUES ('MAP_00000000001296788648248','MONS_00000000001297218527381',15,59);
INSERT INTO map_monsters VALUES ('MAP_00000000001296788648248','MONS_00000000001297218527381',15,61);
INSERT INTO map_monsters VALUES ('MAP_00000000001296788648248','MONS_00000000001297218527381',15,62);
INSERT INTO map_monsters VALUES ('MAP_00000000001296788648248','MONS_00000000001297218527381',16,58);
INSERT INTO map_monsters VALUES ('MAP_00000000001296788648248','MONS_00000000001297218527381',16,59);
INSERT INTO map_monsters VALUES ('MAP_00000000001296788648248','MONS_00000000001297218527381',16,61);
INSERT INTO map_monsters VALUES ('MAP_00000000001296788648248','MONS_00000000001297218527381',16,62);
INSERT INTO map_monsters VALUES ('MAP_00000000001296788648248','MONS_00000000001297218527381',18,53);
INSERT INTO map_monsters VALUES ('MAP_00000000001296788648248','MONS_00000000001297218527381',18,54);
INSERT INTO map_monsters VALUES ('MAP_00000000001296788648248','MONS_00000000001297218527381',18,61);
INSERT INTO map_monsters VALUES ('MAP_00000000001296788648248','MONS_00000000001297218527381',18,62);
INSERT INTO map_monsters VALUES ('MAP_00000000001296788648248','MONS_00000000001297218527381',19,53);
INSERT INTO map_monsters VALUES ('MAP_00000000001296788648248','MONS_00000000001297218527381',19,54);
INSERT INTO map_monsters VALUES ('MAP_00000000001296788648248','MONS_00000000001297218527381',19,61);
INSERT INTO map_monsters VALUES ('MAP_00000000001296788648248','MONS_00000000001297218527381',19,62);
INSERT INTO monsters VALUES ('MONS_00000000001297218527394','King of Palaor',900,1,1,1,1,30,30,30,0,0);
INSERT INTO map_monsters VALUES ('MAP_00000000001296788648248','MONS_00000000001297218527394',12,53);
INSERT INTO map_monsters VALUES ('MAP_00000000001296788648248','MONS_00000000001297218527394',12,54);
INSERT INTO map_monsters VALUES ('MAP_00000000001296788648248','MONS_00000000001297218527394',12,61);
INSERT INTO map_monsters VALUES ('MAP_00000000001296788648248','MONS_00000000001297218527394',12,62);
INSERT INTO map_monsters VALUES ('MAP_00000000001296788648248','MONS_00000000001297218527394',13,53);
INSERT INTO map_monsters VALUES ('MAP_00000000001296788648248','MONS_00000000001297218527394',13,54);
INSERT INTO map_monsters VALUES ('MAP_00000000001296788648248','MONS_00000000001297218527394',13,61);
INSERT INTO map_monsters VALUES ('MAP_00000000001296788648248','MONS_00000000001297218527394',13,62);
INSERT INTO map_monsters VALUES ('MAP_00000000001296788648248','MONS_00000000001297218527394',15,58);
INSERT INTO map_monsters VALUES ('MAP_00000000001296788648248','MONS_00000000001297218527394',15,59);
INSERT INTO map_monsters VALUES ('MAP_00000000001296788648248','MONS_00000000001297218527394',15,61);
INSERT INTO map_monsters VALUES ('MAP_00000000001296788648248','MONS_00000000001297218527394',15,62);
INSERT INTO map_monsters VALUES ('MAP_00000000001296788648248','MONS_00000000001297218527394',16,58);
INSERT INTO map_monsters VALUES ('MAP_00000000001296788648248','MONS_00000000001297218527394',16,59);
INSERT INTO map_monsters VALUES ('MAP_00000000001296788648248','MONS_00000000001297218527394',16,61);
INSERT INTO map_monsters VALUES ('MAP_00000000001296788648248','MONS_00000000001297218527394',16,62);
INSERT INTO map_monsters VALUES ('MAP_00000000001296788648248','MONS_00000000001297218527394',18,53);
INSERT INTO map_monsters VALUES ('MAP_00000000001296788648248','MONS_00000000001297218527394',18,54);
INSERT INTO map_monsters VALUES ('MAP_00000000001296788648248','MONS_00000000001297218527394',18,61);
INSERT INTO map_monsters VALUES ('MAP_00000000001296788648248','MONS_00000000001297218527394',18,62);
INSERT INTO map_monsters VALUES ('MAP_00000000001296788648248','MONS_00000000001297218527394',19,53);
INSERT INTO map_monsters VALUES ('MAP_00000000001296788648248','MONS_00000000001297218527394',19,54);
INSERT INTO map_monsters VALUES ('MAP_00000000001296788648248','MONS_00000000001297218527394',19,61);
INSERT INTO map_monsters VALUES ('MAP_00000000001296788648248','MONS_00000000001297218527394',19,62);
UPDATE map_places set isBlocked=1 where mapID='MAP_00000000000000000000002' and positionX=129 and positionY=52;

UPDATE map_places set newMapID='MAP_00000000001296788648248', newPositionX=0 , newPositionY=23 where mapId='MAP_00000000000000000000002' and positionX=128 and positionY=52;
UPDATE map_places set newMapID='MAP_00000000001296788648248', newPositionX=15 , newPositionY=0 where mapId='MAP_00000000000000000000002' and positionX=129 and positionY=51;
UPDATE map_places set newMapID='MAP_00000000001296788648248', newPositionX=31 , newPositionY=23 where mapId='MAP_00000000000000000000002' and positionX=130 and positionY=52;